source_dataset,file_id,path_type,relative_path,exists
ORIGA,001,image,data/external/kaggle/glaucoma_fundus_imaging_bundle/ORIGA/Images/001.jpg,True
ORIGA,001,mask,data/external/kaggle/glaucoma_fundus_imaging_bundle/ORIGA/Masks/001.png,True
ORIGA,002,image,data/external/kaggle/glaucoma_fundus_imaging_bundle/ORIGA/Images/002.jpg,True
ORIGA,002,mask,data/external/kaggle/glaucoma_fundus_imaging_bundle/ORIGA/Masks/002.png,True
ORIGA,003,image,data/external/kaggle/glaucoma_fundus_imaging_bundle/ORIGA/Images/003.jpg,True
ORIGA,003,mask,data/external/kaggle/glaucoma_fundus_imaging_bundle/ORIGA/Masks/003.png,True
ORIGA,004,image,data/external/kaggle/glaucoma_fundus_imaging_bundle/ORIGA/Images/004.jpg,True
ORIGA,004,mask,data/external/kaggle/glaucoma_fundus_imaging_bundle/ORIGA/Masks/004.png,True
ORIGA,005,image,data/external/kaggle/glaucoma_fundus_imaging_bundle/ORIGA/Images/005.jpg,True
ORIGA,005,mask,data/external/kaggle/glaucoma_fundus_imaging_bundle/ORIGA/Masks/005.png,True
ORIGA,006,image,data/external/kaggle/glaucoma_fundus_imaging_bundle/ORIGA/Images/006.jpg,True
ORIGA,006,mask,data/external/kaggle/glaucoma_fundus_imaging_bundle/ORIGA/Masks/006.png,True
ORIGA,007,image,data/external/kaggle/glaucoma_fundus_imaging_bundle/ORIGA/Images/007.jpg,True
ORIGA,007,mask,data/external/kaggle/glaucoma_fundus_imaging_bundle/ORIGA/Masks/007.png,True
ORIGA,008,image,data/external/kaggle/glaucoma_fundus_imaging_bundle/ORIGA/Images/008.jpg,True
ORIGA,008,mask,data/external/kaggle/glaucoma_fundus_imaging_bundle/ORIGA/Masks/008.png,True
ORIGA,009,image,data/external/kaggle/glaucoma_fundus_imaging_bundle/ORIGA/Images/009.jpg,True
ORIGA,009,mask,data/external/kaggle/glaucoma_fundus_imaging_bundle/ORIGA/Masks/009.png,True
ORIGA,010,image,data/external/kaggle/glaucoma_fundus_imaging_bundle/ORIGA/Images/010.jpg,True
ORIGA,010,mask,data/external/kaggle/glaucoma_fundus_imaging_bundle/ORIGA/Masks/010.png,True
ORIGA,011,image,data/external/kaggle/glaucoma_fundus_imaging_bundle/ORIGA/Images/011.jpg,True
ORIGA,011,mask,data/external/kaggle/glaucoma_fundus_imaging_bundle/ORIGA/Masks/011.png,True
ORIGA,012,image,data/external/kaggle/glaucoma_fundus_imaging_bundle/ORIGA/Images/012.jpg,True
ORIGA,012,mask,data/external/kaggle/glaucoma_fundus_imaging_bundle/ORIGA/Masks/012.png,True
ORIGA,013,image,data/external/kaggle/glaucoma_fundus_imaging_bundle/ORIGA/Images/013.jpg,True
ORIGA,013,mask,data/external/kaggle/glaucoma_fundus_imaging_bundle/ORIGA/Masks/013.png,True
ORIGA,014,image,data/external/kaggle/glaucoma_fundus_imaging_bundle/ORIGA/Images/014.jpg,True
ORIGA,014,mask,data/external/kaggle/glaucoma_fundus_imaging_bundle/ORIGA/Masks/014.png,True
ORIGA,015,image,data/external/kaggle/glaucoma_fundus_imaging_bundle/ORIGA/Images/015.jpg,True
ORIGA,015,mask,data/external/kaggle/glaucoma_fundus_imaging_bundle/ORIGA/Masks/015.png,True
ORIGA,016,image,data/external/kaggle/glaucoma_fundus_imaging_bundle/ORIGA/Images/016.jpg,True
ORIGA,016,mask,data/external/kaggle/glaucoma_fundus_imaging_bundle/ORIGA/Masks/016.png,True
ORIGA,017,image,data/external/kaggle/glaucoma_fundus_imaging_bundle/ORIGA/Images/017.jpg,True
ORIGA,017,mask,data/external/kaggle/glaucoma_fundus_imaging_bundle/ORIGA/Masks/017.png,True
ORIGA,018,image,data/external/kaggle/glaucoma_fundus_imaging_bundle/ORIGA/Images/018.jpg,True
ORIGA,018,mask,data/external/kaggle/glaucoma_fundus_imaging_bundle/ORIGA/Masks/018.png,True
ORIGA,019,image,data/external/kaggle/glaucoma_fundus_imaging_bundle/ORIGA/Images/019.jpg,True
ORIGA,019,mask,data/external/kaggle/glaucoma_fundus_imaging_bundle/ORIGA/Masks/019.png,True
ORIGA,020,image,data/external/kaggle/glaucoma_fundus_imaging_bundle/ORIGA/Images/020.jpg,True
ORIGA,020,mask,data/external/kaggle/glaucoma_fundus_imaging_bundle/ORIGA/Masks/020.png,True
ORIGA,021,image,data/external/kaggle/glaucoma_fundus_imaging_bundle/ORIGA/Images/021.jpg,True
ORIGA,021,mask,data/external/kaggle/glaucoma_fundus_imaging_bundle/ORIGA/Masks/021.png,True
ORIGA,022,image,data/external/kaggle/glaucoma_fundus_imaging_bundle/ORIGA/Images/022.jpg,True
ORIGA,022,mask,data/external/kaggle/glaucoma_fundus_imaging_bundle/ORIGA/Masks/022.png,True
ORIGA,023,image,data/external/kaggle/glaucoma_fundus_imaging_bundle/ORIGA/Images/023.jpg,True
ORIGA,023,mask,data/external/kaggle/glaucoma_fundus_imaging_bundle/ORIGA/Masks/023.png,True
ORIGA,024,image,data/external/kaggle/glaucoma_fundus_imaging_bundle/ORIGA/Images/024.jpg,True
ORIGA,024,mask,data/external/kaggle/glaucoma_fundus_imaging_bundle/ORIGA/Masks/024.png,True
ORIGA,025,image,data/external/kaggle/glaucoma_fundus_imaging_bundle/ORIGA/Images/025.jpg,True
ORIGA,025,mask,data/external/kaggle/glaucoma_fundus_imaging_bundle/ORIGA/Masks/025.png,True
ORIGA,026,image,data/external/kaggle/glaucoma_fundus_imaging_bundle/ORIGA/Images/026.jpg,True
ORIGA,026,mask,data/external/kaggle/glaucoma_fundus_imaging_bundle/ORIGA/Masks/026.png,True
ORIGA,027,image,data/external/kaggle/glaucoma_fundus_imaging_bundle/ORIGA/Images/027.jpg,True
ORIGA,027,mask,data/external/kaggle/glaucoma_fundus_imaging_bundle/ORIGA/Masks/027.png,True
ORIGA,028,image,data/external/kaggle/glaucoma_fundus_imaging_bundle/ORIGA/Images/028.jpg,True
ORIGA,028,mask,data/external/kaggle/glaucoma_fundus_imaging_bundle/ORIGA/Masks/028.png,True
ORIGA,029,image,data/external/kaggle/glaucoma_fundus_imaging_bundle/ORIGA/Images/029.jpg,True
ORIGA,029,mask,data/external/kaggle/glaucoma_fundus_imaging_bundle/ORIGA/Masks/029.png,True
ORIGA,030,image,data/external/kaggle/glaucoma_fundus_imaging_bundle/ORIGA/Images/030.jpg,True
ORIGA,030,mask,data/external/kaggle/glaucoma_fundus_imaging_bundle/ORIGA/Masks/030.png,True
ORIGA,031,image,data/external/kaggle/glaucoma_fundus_imaging_bundle/ORIGA/Images/031.jpg,True
ORIGA,031,mask,data/external/kaggle/glaucoma_fundus_imaging_bundle/ORIGA/Masks/031.png,True
ORIGA,032,image,data/external/kaggle/glaucoma_fundus_imaging_bundle/ORIGA/Images/032.jpg,True
ORIGA,032,mask,data/external/kaggle/glaucoma_fundus_imaging_bundle/ORIGA/Masks/032.png,True
ORIGA,033,image,data/external/kaggle/glaucoma_fundus_imaging_bundle/ORIGA/Images/033.jpg,True
ORIGA,033,mask,data/external/kaggle/glaucoma_fundus_imaging_bundle/ORIGA/Masks/033.png,True
ORIGA,034,image,data/external/kaggle/glaucoma_fundus_imaging_bundle/ORIGA/Images/034.jpg,True
ORIGA,034,mask,data/external/kaggle/glaucoma_fundus_imaging_bundle/ORIGA/Masks/034.png,True
ORIGA,035,image,data/external/kaggle/glaucoma_fundus_imaging_bundle/ORIGA/Images/035.jpg,True
ORIGA,035,mask,data/external/kaggle/glaucoma_fundus_imaging_bundle/ORIGA/Masks/035.png,True
ORIGA,036,image,data/external/kaggle/glaucoma_fundus_imaging_bundle/ORIGA/Images/036.jpg,True
ORIGA,036,mask,data/external/kaggle/glaucoma_fundus_imaging_bundle/ORIGA/Masks/036.png,True
ORIGA,037,image,data/external/kaggle/glaucoma_fundus_imaging_bundle/ORIGA/Images/037.jpg,True
ORIGA,037,mask,data/external/kaggle/glaucoma_fundus_imaging_bundle/ORIGA/Masks/037.png,True
ORIGA,038,image,data/external/kaggle/glaucoma_fundus_imaging_bundle/ORIGA/Images/038.jpg,True
ORIGA,038,mask,data/external/kaggle/glaucoma_fundus_imaging_bundle/ORIGA/Masks/038.png,True
ORIGA,039,image,data/external/kaggle/glaucoma_fundus_imaging_bundle/ORIGA/Images/039.jpg,True
ORIGA,039,mask,data/external/kaggle/glaucoma_fundus_imaging_bundle/ORIGA/Masks/039.png,True
ORIGA,040,image,data/external/kaggle/glaucoma_fundus_imaging_bundle/ORIGA/Images/040.jpg,True
ORIGA,040,mask,data/external/kaggle/glaucoma_fundus_imaging_bundle/ORIGA/Masks/040.png,True
ORIGA,041,image,data/external/kaggle/glaucoma_fundus_imaging_bundle/ORIGA/Images/041.jpg,True
ORIGA,041,mask,data/external/kaggle/glaucoma_fundus_imaging_bundle/ORIGA/Masks/041.png,True
ORIGA,042,image,data/external/kaggle/glaucoma_fundus_imaging_bundle/ORIGA/Images/042.jpg,True
ORIGA,042,mask,data/external/kaggle/glaucoma_fundus_imaging_bundle/ORIGA/Masks/042.png,True
ORIGA,043,image,data/external/kaggle/glaucoma_fundus_imaging_bundle/ORIGA/Images/043.jpg,True
ORIGA,043,mask,data/external/kaggle/glaucoma_fundus_imaging_bundle/ORIGA/Masks/043.png,True
ORIGA,044,image,data/external/kaggle/glaucoma_fundus_imaging_bundle/ORIGA/Images/044.jpg,True
ORIGA,044,mask,data/external/kaggle/glaucoma_fundus_imaging_bundle/ORIGA/Masks/044.png,True
ORIGA,045,image,data/external/kaggle/glaucoma_fundus_imaging_bundle/ORIGA/Images/045.jpg,True
ORIGA,045,mask,data/external/kaggle/glaucoma_fundus_imaging_bundle/ORIGA/Masks/045.png,True
ORIGA,046,image,data/external/kaggle/glaucoma_fundus_imaging_bundle/ORIGA/Images/046.jpg,True
ORIGA,046,mask,data/external/kaggle/glaucoma_fundus_imaging_bundle/ORIGA/Masks/046.png,True
ORIGA,047,image,data/external/kaggle/glaucoma_fundus_imaging_bundle/ORIGA/Images/047.jpg,True
ORIGA,047,mask,data/external/kaggle/glaucoma_fundus_imaging_bundle/ORIGA/Masks/047.png,True
ORIGA,048,image,data/external/kaggle/glaucoma_fundus_imaging_bundle/ORIGA/Images/048.jpg,True
ORIGA,048,mask,data/external/kaggle/glaucoma_fundus_imaging_bundle/ORIGA/Masks/048.png,True
ORIGA,049,image,data/external/kaggle/glaucoma_fundus_imaging_bundle/ORIGA/Images/049.jpg,True
ORIGA,049,mask,data/external/kaggle/glaucoma_fundus_imaging_bundle/ORIGA/Masks/049.png,True
ORIGA,050,image,data/external/kaggle/glaucoma_fundus_imaging_bundle/ORIGA/Images/050.jpg,True
ORIGA,050,mask,data/external/kaggle/glaucoma_fundus_imaging_bundle/ORIGA/Masks/050.png,True
ORIGA,051,image,data/external/kaggle/glaucoma_fundus_imaging_bundle/ORIGA/Images/051.jpg,True
ORIGA,051,mask,data/external/kaggle/glaucoma_fundus_imaging_bundle/ORIGA/Masks/051.png,True
ORIGA,052,image,data/external/kaggle/glaucoma_fundus_imaging_bundle/ORIGA/Images/052.jpg,True
ORIGA,052,mask,data/external/kaggle/glaucoma_fundus_imaging_bundle/ORIGA/Masks/052.png,True
ORIGA,053,image,data/external/kaggle/glaucoma_fundus_imaging_bundle/ORIGA/Images/053.jpg,True
ORIGA,053,mask,data/external/kaggle/glaucoma_fundus_imaging_bundle/ORIGA/Masks/053.png,True
ORIGA,054,image,data/external/kaggle/glaucoma_fundus_imaging_bundle/ORIGA/Images/054.jpg,True
ORIGA,054,mask,data/external/kaggle/glaucoma_fundus_imaging_bundle/ORIGA/Masks/054.png,True
ORIGA,055,image,data/external/kaggle/glaucoma_fundus_imaging_bundle/ORIGA/Images/055.jpg,True
ORIGA,055,mask,data/external/kaggle/glaucoma_fundus_imaging_bundle/ORIGA/Masks/055.png,True
ORIGA,056,image,data/external/kaggle/glaucoma_fundus_imaging_bundle/ORIGA/Images/056.jpg,True
ORIGA,056,mask,data/external/kaggle/glaucoma_fundus_imaging_bundle/ORIGA/Masks/056.png,True
ORIGA,057,image,data/external/kaggle/glaucoma_fundus_imaging_bundle/ORIGA/Images/057.jpg,True
ORIGA,057,mask,data/external/kaggle/glaucoma_fundus_imaging_bundle/ORIGA/Masks/057.png,True
ORIGA,058,image,data/external/kaggle/glaucoma_fundus_imaging_bundle/ORIGA/Images/058.jpg,True
ORIGA,058,mask,data/external/kaggle/glaucoma_fundus_imaging_bundle/ORIGA/Masks/058.png,True
ORIGA,059,image,data/external/kaggle/glaucoma_fundus_imaging_bundle/ORIGA/Images/059.jpg,True
ORIGA,059,mask,data/external/kaggle/glaucoma_fundus_imaging_bundle/ORIGA/Masks/059.png,True
ORIGA,060,image,data/external/kaggle/glaucoma_fundus_imaging_bundle/ORIGA/Images/060.jpg,True
ORIGA,060,mask,data/external/kaggle/glaucoma_fundus_imaging_bundle/ORIGA/Masks/060.png,True
ORIGA,061,image,data/external/kaggle/glaucoma_fundus_imaging_bundle/ORIGA/Images/061.jpg,True
ORIGA,061,mask,data/external/kaggle/glaucoma_fundus_imaging_bundle/ORIGA/Masks/061.png,True
ORIGA,062,image,data/external/kaggle/glaucoma_fundus_imaging_bundle/ORIGA/Images/062.jpg,True
ORIGA,062,mask,data/external/kaggle/glaucoma_fundus_imaging_bundle/ORIGA/Masks/062.png,True
ORIGA,063,image,data/external/kaggle/glaucoma_fundus_imaging_bundle/ORIGA/Images/063.jpg,True
ORIGA,063,mask,data/external/kaggle/glaucoma_fundus_imaging_bundle/ORIGA/Masks/063.png,True
ORIGA,064,image,data/external/kaggle/glaucoma_fundus_imaging_bundle/ORIGA/Images/064.jpg,True
ORIGA,064,mask,data/external/kaggle/glaucoma_fundus_imaging_bundle/ORIGA/Masks/064.png,True
ORIGA,065,image,data/external/kaggle/glaucoma_fundus_imaging_bundle/ORIGA/Images/065.jpg,True
ORIGA,065,mask,data/external/kaggle/glaucoma_fundus_imaging_bundle/ORIGA/Masks/065.png,True
ORIGA,066,image,data/external/kaggle/glaucoma_fundus_imaging_bundle/ORIGA/Images/066.jpg,True
ORIGA,066,mask,data/external/kaggle/glaucoma_fundus_imaging_bundle/ORIGA/Masks/066.png,True
ORIGA,067,image,data/external/kaggle/glaucoma_fundus_imaging_bundle/ORIGA/Images/067.jpg,True
ORIGA,067,mask,data/external/kaggle/glaucoma_fundus_imaging_bundle/ORIGA/Masks/067.png,True
ORIGA,068,image,data/external/kaggle/glaucoma_fundus_imaging_bundle/ORIGA/Images/068.jpg,True
ORIGA,068,mask,data/external/kaggle/glaucoma_fundus_imaging_bundle/ORIGA/Masks/068.png,True
ORIGA,069,image,data/external/kaggle/glaucoma_fundus_imaging_bundle/ORIGA/Images/069.jpg,True
ORIGA,069,mask,data/external/kaggle/glaucoma_fundus_imaging_bundle/ORIGA/Masks/069.png,True
ORIGA,070,image,data/external/kaggle/glaucoma_fundus_imaging_bundle/ORIGA/Images/070.jpg,True
ORIGA,070,mask,data/external/kaggle/glaucoma_fundus_imaging_bundle/ORIGA/Masks/070.png,True
ORIGA,071,image,data/external/kaggle/glaucoma_fundus_imaging_bundle/ORIGA/Images/071.jpg,True
ORIGA,071,mask,data/external/kaggle/glaucoma_fundus_imaging_bundle/ORIGA/Masks/071.png,True
ORIGA,072,image,data/external/kaggle/glaucoma_fundus_imaging_bundle/ORIGA/Images/072.jpg,True
ORIGA,072,mask,data/external/kaggle/glaucoma_fundus_imaging_bundle/ORIGA/Masks/072.png,True
ORIGA,073,image,data/external/kaggle/glaucoma_fundus_imaging_bundle/ORIGA/Images/073.jpg,True
ORIGA,073,mask,data/external/kaggle/glaucoma_fundus_imaging_bundle/ORIGA/Masks/073.png,True
ORIGA,074,image,data/external/kaggle/glaucoma_fundus_imaging_bundle/ORIGA/Images/074.jpg,True
ORIGA,074,mask,data/external/kaggle/glaucoma_fundus_imaging_bundle/ORIGA/Masks/074.png,True
ORIGA,075,image,data/external/kaggle/glaucoma_fundus_imaging_bundle/ORIGA/Images/075.jpg,True
ORIGA,075,mask,data/external/kaggle/glaucoma_fundus_imaging_bundle/ORIGA/Masks/075.png,True
ORIGA,076,image,data/external/kaggle/glaucoma_fundus_imaging_bundle/ORIGA/Images/076.jpg,True
ORIGA,076,mask,data/external/kaggle/glaucoma_fundus_imaging_bundle/ORIGA/Masks/076.png,True
ORIGA,077,image,data/external/kaggle/glaucoma_fundus_imaging_bundle/ORIGA/Images/077.jpg,True
ORIGA,077,mask,data/external/kaggle/glaucoma_fundus_imaging_bundle/ORIGA/Masks/077.png,True
ORIGA,078,image,data/external/kaggle/glaucoma_fundus_imaging_bundle/ORIGA/Images/078.jpg,True
ORIGA,078,mask,data/external/kaggle/glaucoma_fundus_imaging_bundle/ORIGA/Masks/078.png,True
ORIGA,079,image,data/external/kaggle/glaucoma_fundus_imaging_bundle/ORIGA/Images/079.jpg,True
ORIGA,079,mask,data/external/kaggle/glaucoma_fundus_imaging_bundle/ORIGA/Masks/079.png,True
ORIGA,080,image,data/external/kaggle/glaucoma_fundus_imaging_bundle/ORIGA/Images/080.jpg,True
ORIGA,080,mask,data/external/kaggle/glaucoma_fundus_imaging_bundle/ORIGA/Masks/080.png,True
ORIGA,081,image,data/external/kaggle/glaucoma_fundus_imaging_bundle/ORIGA/Images/081.jpg,True
ORIGA,081,mask,data/external/kaggle/glaucoma_fundus_imaging_bundle/ORIGA/Masks/081.png,True
ORIGA,082,image,data/external/kaggle/glaucoma_fundus_imaging_bundle/ORIGA/Images/082.jpg,True
ORIGA,082,mask,data/external/kaggle/glaucoma_fundus_imaging_bundle/ORIGA/Masks/082.png,True
ORIGA,083,image,data/external/kaggle/glaucoma_fundus_imaging_bundle/ORIGA/Images/083.jpg,True
ORIGA,083,mask,data/external/kaggle/glaucoma_fundus_imaging_bundle/ORIGA/Masks/083.png,True
ORIGA,084,image,data/external/kaggle/glaucoma_fundus_imaging_bundle/ORIGA/Images/084.jpg,True
ORIGA,084,mask,data/external/kaggle/glaucoma_fundus_imaging_bundle/ORIGA/Masks/084.png,True
ORIGA,085,image,data/external/kaggle/glaucoma_fundus_imaging_bundle/ORIGA/Images/085.jpg,True
ORIGA,085,mask,data/external/kaggle/glaucoma_fundus_imaging_bundle/ORIGA/Masks/085.png,True
ORIGA,086,image,data/external/kaggle/glaucoma_fundus_imaging_bundle/ORIGA/Images/086.jpg,True
ORIGA,086,mask,data/external/kaggle/glaucoma_fundus_imaging_bundle/ORIGA/Masks/086.png,True
ORIGA,087,image,data/external/kaggle/glaucoma_fundus_imaging_bundle/ORIGA/Images/087.jpg,True
ORIGA,087,mask,data/external/kaggle/glaucoma_fundus_imaging_bundle/ORIGA/Masks/087.png,True
ORIGA,088,image,data/external/kaggle/glaucoma_fundus_imaging_bundle/ORIGA/Images/088.jpg,True
ORIGA,088,mask,data/external/kaggle/glaucoma_fundus_imaging_bundle/ORIGA/Masks/088.png,True
ORIGA,089,image,data/external/kaggle/glaucoma_fundus_imaging_bundle/ORIGA/Images/089.jpg,True
ORIGA,089,mask,data/external/kaggle/glaucoma_fundus_imaging_bundle/ORIGA/Masks/089.png,True
ORIGA,090,image,data/external/kaggle/glaucoma_fundus_imaging_bundle/ORIGA/Images/090.jpg,True
ORIGA,090,mask,data/external/kaggle/glaucoma_fundus_imaging_bundle/ORIGA/Masks/090.png,True
ORIGA,091,image,data/external/kaggle/glaucoma_fundus_imaging_bundle/ORIGA/Images/091.jpg,True
ORIGA,091,mask,data/external/kaggle/glaucoma_fundus_imaging_bundle/ORIGA/Masks/091.png,True
ORIGA,092,image,data/external/kaggle/glaucoma_fundus_imaging_bundle/ORIGA/Images/092.jpg,True
ORIGA,092,mask,data/external/kaggle/glaucoma_fundus_imaging_bundle/ORIGA/Masks/092.png,True
ORIGA,093,image,data/external/kaggle/glaucoma_fundus_imaging_bundle/ORIGA/Images/093.jpg,True
ORIGA,093,mask,data/external/kaggle/glaucoma_fundus_imaging_bundle/ORIGA/Masks/093.png,True
ORIGA,094,image,data/external/kaggle/glaucoma_fundus_imaging_bundle/ORIGA/Images/094.jpg,True
ORIGA,094,mask,data/external/kaggle/glaucoma_fundus_imaging_bundle/ORIGA/Masks/094.png,True
ORIGA,095,image,data/external/kaggle/glaucoma_fundus_imaging_bundle/ORIGA/Images/095.jpg,True
ORIGA,095,mask,data/external/kaggle/glaucoma_fundus_imaging_bundle/ORIGA/Masks/095.png,True
ORIGA,096,image,data/external/kaggle/glaucoma_fundus_imaging_bundle/ORIGA/Images/096.jpg,True
ORIGA,096,mask,data/external/kaggle/glaucoma_fundus_imaging_bundle/ORIGA/Masks/096.png,True
ORIGA,097,image,data/external/kaggle/glaucoma_fundus_imaging_bundle/ORIGA/Images/097.jpg,True
ORIGA,097,mask,data/external/kaggle/glaucoma_fundus_imaging_bundle/ORIGA/Masks/097.png,True
ORIGA,098,image,data/external/kaggle/glaucoma_fundus_imaging_bundle/ORIGA/Images/098.jpg,True
ORIGA,098,mask,data/external/kaggle/glaucoma_fundus_imaging_bundle/ORIGA/Masks/098.png,True
ORIGA,099,image,data/external/kaggle/glaucoma_fundus_imaging_bundle/ORIGA/Images/099.jpg,True
ORIGA,099,mask,data/external/kaggle/glaucoma_fundus_imaging_bundle/ORIGA/Masks/099.png,True
ORIGA,100,image,data/external/kaggle/glaucoma_fundus_imaging_bundle/ORIGA/Images/100.jpg,True
ORIGA,100,mask,data/external/kaggle/glaucoma_fundus_imaging_bundle/ORIGA/Masks/100.png,True
ORIGA,101,image,data/external/kaggle/glaucoma_fundus_imaging_bundle/ORIGA/Images/101.jpg,True
ORIGA,101,mask,data/external/kaggle/glaucoma_fundus_imaging_bundle/ORIGA/Masks/101.png,True
ORIGA,102,image,data/external/kaggle/glaucoma_fundus_imaging_bundle/ORIGA/Images/102.jpg,True
ORIGA,102,mask,data/external/kaggle/glaucoma_fundus_imaging_bundle/ORIGA/Masks/102.png,True
ORIGA,103,image,data/external/kaggle/glaucoma_fundus_imaging_bundle/ORIGA/Images/103.jpg,True
ORIGA,103,mask,data/external/kaggle/glaucoma_fundus_imaging_bundle/ORIGA/Masks/103.png,True
ORIGA,104,image,data/external/kaggle/glaucoma_fundus_imaging_bundle/ORIGA/Images/104.jpg,True
ORIGA,104,mask,data/external/kaggle/glaucoma_fundus_imaging_bundle/ORIGA/Masks/104.png,True
ORIGA,105,image,data/external/kaggle/glaucoma_fundus_imaging_bundle/ORIGA/Images/105.jpg,True
ORIGA,105,mask,data/external/kaggle/glaucoma_fundus_imaging_bundle/ORIGA/Masks/105.png,True
ORIGA,106,image,data/external/kaggle/glaucoma_fundus_imaging_bundle/ORIGA/Images/106.jpg,True
ORIGA,106,mask,data/external/kaggle/glaucoma_fundus_imaging_bundle/ORIGA/Masks/106.png,True
ORIGA,107,image,data/external/kaggle/glaucoma_fundus_imaging_bundle/ORIGA/Images/107.jpg,True
ORIGA,107,mask,data/external/kaggle/glaucoma_fundus_imaging_bundle/ORIGA/Masks/107.png,True
ORIGA,108,image,data/external/kaggle/glaucoma_fundus_imaging_bundle/ORIGA/Images/108.jpg,True
ORIGA,108,mask,data/external/kaggle/glaucoma_fundus_imaging_bundle/ORIGA/Masks/108.png,True
ORIGA,109,image,data/external/kaggle/glaucoma_fundus_imaging_bundle/ORIGA/Images/109.jpg,True
ORIGA,109,mask,data/external/kaggle/glaucoma_fundus_imaging_bundle/ORIGA/Masks/109.png,True
ORIGA,110,image,data/external/kaggle/glaucoma_fundus_imaging_bundle/ORIGA/Images/110.jpg,True
ORIGA,110,mask,data/external/kaggle/glaucoma_fundus_imaging_bundle/ORIGA/Masks/110.png,True
ORIGA,111,image,data/external/kaggle/glaucoma_fundus_imaging_bundle/ORIGA/Images/111.jpg,True
ORIGA,111,mask,data/external/kaggle/glaucoma_fundus_imaging_bundle/ORIGA/Masks/111.png,True
ORIGA,112,image,data/external/kaggle/glaucoma_fundus_imaging_bundle/ORIGA/Images/112.jpg,True
ORIGA,112,mask,data/external/kaggle/glaucoma_fundus_imaging_bundle/ORIGA/Masks/112.png,True
ORIGA,113,image,data/external/kaggle/glaucoma_fundus_imaging_bundle/ORIGA/Images/113.jpg,True
ORIGA,113,mask,data/external/kaggle/glaucoma_fundus_imaging_bundle/ORIGA/Masks/113.png,True
ORIGA,114,image,data/external/kaggle/glaucoma_fundus_imaging_bundle/ORIGA/Images/114.jpg,True
ORIGA,114,mask,data/external/kaggle/glaucoma_fundus_imaging_bundle/ORIGA/Masks/114.png,True
ORIGA,115,image,data/external/kaggle/glaucoma_fundus_imaging_bundle/ORIGA/Images/115.jpg,True
ORIGA,115,mask,data/external/kaggle/glaucoma_fundus_imaging_bundle/ORIGA/Masks/115.png,True
ORIGA,116,image,data/external/kaggle/glaucoma_fundus_imaging_bundle/ORIGA/Images/116.jpg,True
ORIGA,116,mask,data/external/kaggle/glaucoma_fundus_imaging_bundle/ORIGA/Masks/116.png,True
ORIGA,117,image,data/external/kaggle/glaucoma_fundus_imaging_bundle/ORIGA/Images/117.jpg,True
ORIGA,117,mask,data/external/kaggle/glaucoma_fundus_imaging_bundle/ORIGA/Masks/117.png,True
ORIGA,118,image,data/external/kaggle/glaucoma_fundus_imaging_bundle/ORIGA/Images/118.jpg,True
ORIGA,118,mask,data/external/kaggle/glaucoma_fundus_imaging_bundle/ORIGA/Masks/118.png,True
ORIGA,119,image,data/external/kaggle/glaucoma_fundus_imaging_bundle/ORIGA/Images/119.jpg,True
ORIGA,119,mask,data/external/kaggle/glaucoma_fundus_imaging_bundle/ORIGA/Masks/119.png,True
ORIGA,120,image,data/external/kaggle/glaucoma_fundus_imaging_bundle/ORIGA/Images/120.jpg,True
ORIGA,120,mask,data/external/kaggle/glaucoma_fundus_imaging_bundle/ORIGA/Masks/120.png,True
ORIGA,121,image,data/external/kaggle/glaucoma_fundus_imaging_bundle/ORIGA/Images/121.jpg,True
ORIGA,121,mask,data/external/kaggle/glaucoma_fundus_imaging_bundle/ORIGA/Masks/121.png,True
ORIGA,122,image,data/external/kaggle/glaucoma_fundus_imaging_bundle/ORIGA/Images/122.jpg,True
ORIGA,122,mask,data/external/kaggle/glaucoma_fundus_imaging_bundle/ORIGA/Masks/122.png,True
ORIGA,123,image,data/external/kaggle/glaucoma_fundus_imaging_bundle/ORIGA/Images/123.jpg,True
ORIGA,123,mask,data/external/kaggle/glaucoma_fundus_imaging_bundle/ORIGA/Masks/123.png,True
ORIGA,124,image,data/external/kaggle/glaucoma_fundus_imaging_bundle/ORIGA/Images/124.jpg,True
ORIGA,124,mask,data/external/kaggle/glaucoma_fundus_imaging_bundle/ORIGA/Masks/124.png,True
ORIGA,125,image,data/external/kaggle/glaucoma_fundus_imaging_bundle/ORIGA/Images/125.jpg,True
ORIGA,125,mask,data/external/kaggle/glaucoma_fundus_imaging_bundle/ORIGA/Masks/125.png,True
ORIGA,126,image,data/external/kaggle/glaucoma_fundus_imaging_bundle/ORIGA/Images/126.jpg,True
ORIGA,126,mask,data/external/kaggle/glaucoma_fundus_imaging_bundle/ORIGA/Masks/126.png,True
ORIGA,127,image,data/external/kaggle/glaucoma_fundus_imaging_bundle/ORIGA/Images/127.jpg,True
ORIGA,127,mask,data/external/kaggle/glaucoma_fundus_imaging_bundle/ORIGA/Masks/127.png,True
ORIGA,128,image,data/external/kaggle/glaucoma_fundus_imaging_bundle/ORIGA/Images/128.jpg,True
ORIGA,128,mask,data/external/kaggle/glaucoma_fundus_imaging_bundle/ORIGA/Masks/128.png,True
ORIGA,129,image,data/external/kaggle/glaucoma_fundus_imaging_bundle/ORIGA/Images/129.jpg,True
ORIGA,129,mask,data/external/kaggle/glaucoma_fundus_imaging_bundle/ORIGA/Masks/129.png,True
ORIGA,130,image,data/external/kaggle/glaucoma_fundus_imaging_bundle/ORIGA/Images/130.jpg,True
ORIGA,130,mask,data/external/kaggle/glaucoma_fundus_imaging_bundle/ORIGA/Masks/130.png,True
ORIGA,131,image,data/external/kaggle/glaucoma_fundus_imaging_bundle/ORIGA/Images/131.jpg,True
ORIGA,131,mask,data/external/kaggle/glaucoma_fundus_imaging_bundle/ORIGA/Masks/131.png,True
ORIGA,132,image,data/external/kaggle/glaucoma_fundus_imaging_bundle/ORIGA/Images/132.jpg,True
ORIGA,132,mask,data/external/kaggle/glaucoma_fundus_imaging_bundle/ORIGA/Masks/132.png,True
ORIGA,133,image,data/external/kaggle/glaucoma_fundus_imaging_bundle/ORIGA/Images/133.jpg,True
ORIGA,133,mask,data/external/kaggle/glaucoma_fundus_imaging_bundle/ORIGA/Masks/133.png,True
ORIGA,134,image,data/external/kaggle/glaucoma_fundus_imaging_bundle/ORIGA/Images/134.jpg,True
ORIGA,134,mask,data/external/kaggle/glaucoma_fundus_imaging_bundle/ORIGA/Masks/134.png,True
ORIGA,135,image,data/external/kaggle/glaucoma_fundus_imaging_bundle/ORIGA/Images/135.jpg,True
ORIGA,135,mask,data/external/kaggle/glaucoma_fundus_imaging_bundle/ORIGA/Masks/135.png,True
ORIGA,136,image,data/external/kaggle/glaucoma_fundus_imaging_bundle/ORIGA/Images/136.jpg,True
ORIGA,136,mask,data/external/kaggle/glaucoma_fundus_imaging_bundle/ORIGA/Masks/136.png,True
ORIGA,137,image,data/external/kaggle/glaucoma_fundus_imaging_bundle/ORIGA/Images/137.jpg,True
ORIGA,137,mask,data/external/kaggle/glaucoma_fundus_imaging_bundle/ORIGA/Masks/137.png,True
ORIGA,138,image,data/external/kaggle/glaucoma_fundus_imaging_bundle/ORIGA/Images/138.jpg,True
ORIGA,138,mask,data/external/kaggle/glaucoma_fundus_imaging_bundle/ORIGA/Masks/138.png,True
ORIGA,139,image,data/external/kaggle/glaucoma_fundus_imaging_bundle/ORIGA/Images/139.jpg,True
ORIGA,139,mask,data/external/kaggle/glaucoma_fundus_imaging_bundle/ORIGA/Masks/139.png,True
ORIGA,140,image,data/external/kaggle/glaucoma_fundus_imaging_bundle/ORIGA/Images/140.jpg,True
ORIGA,140,mask,data/external/kaggle/glaucoma_fundus_imaging_bundle/ORIGA/Masks/140.png,True
ORIGA,141,image,data/external/kaggle/glaucoma_fundus_imaging_bundle/ORIGA/Images/141.jpg,True
ORIGA,141,mask,data/external/kaggle/glaucoma_fundus_imaging_bundle/ORIGA/Masks/141.png,True
ORIGA,142,image,data/external/kaggle/glaucoma_fundus_imaging_bundle/ORIGA/Images/142.jpg,True
ORIGA,142,mask,data/external/kaggle/glaucoma_fundus_imaging_bundle/ORIGA/Masks/142.png,True
ORIGA,143,image,data/external/kaggle/glaucoma_fundus_imaging_bundle/ORIGA/Images/143.jpg,True
ORIGA,143,mask,data/external/kaggle/glaucoma_fundus_imaging_bundle/ORIGA/Masks/143.png,True
ORIGA,144,image,data/external/kaggle/glaucoma_fundus_imaging_bundle/ORIGA/Images/144.jpg,True
ORIGA,144,mask,data/external/kaggle/glaucoma_fundus_imaging_bundle/ORIGA/Masks/144.png,True
ORIGA,145,image,data/external/kaggle/glaucoma_fundus_imaging_bundle/ORIGA/Images/145.jpg,True
ORIGA,145,mask,data/external/kaggle/glaucoma_fundus_imaging_bundle/ORIGA/Masks/145.png,True
ORIGA,146,image,data/external/kaggle/glaucoma_fundus_imaging_bundle/ORIGA/Images/146.jpg,True
ORIGA,146,mask,data/external/kaggle/glaucoma_fundus_imaging_bundle/ORIGA/Masks/146.png,True
ORIGA,147,image,data/external/kaggle/glaucoma_fundus_imaging_bundle/ORIGA/Images/147.jpg,True
ORIGA,147,mask,data/external/kaggle/glaucoma_fundus_imaging_bundle/ORIGA/Masks/147.png,True
ORIGA,148,image,data/external/kaggle/glaucoma_fundus_imaging_bundle/ORIGA/Images/148.jpg,True
ORIGA,148,mask,data/external/kaggle/glaucoma_fundus_imaging_bundle/ORIGA/Masks/148.png,True
ORIGA,149,image,data/external/kaggle/glaucoma_fundus_imaging_bundle/ORIGA/Images/149.jpg,True
ORIGA,149,mask,data/external/kaggle/glaucoma_fundus_imaging_bundle/ORIGA/Masks/149.png,True
ORIGA,150,image,data/external/kaggle/glaucoma_fundus_imaging_bundle/ORIGA/Images/150.jpg,True
ORIGA,150,mask,data/external/kaggle/glaucoma_fundus_imaging_bundle/ORIGA/Masks/150.png,True
ORIGA,151,image,data/external/kaggle/glaucoma_fundus_imaging_bundle/ORIGA/Images/151.jpg,True
ORIGA,151,mask,data/external/kaggle/glaucoma_fundus_imaging_bundle/ORIGA/Masks/151.png,True
ORIGA,152,image,data/external/kaggle/glaucoma_fundus_imaging_bundle/ORIGA/Images/152.jpg,True
ORIGA,152,mask,data/external/kaggle/glaucoma_fundus_imaging_bundle/ORIGA/Masks/152.png,True
ORIGA,153,image,data/external/kaggle/glaucoma_fundus_imaging_bundle/ORIGA/Images/153.jpg,True
ORIGA,153,mask,data/external/kaggle/glaucoma_fundus_imaging_bundle/ORIGA/Masks/153.png,True
ORIGA,154,image,data/external/kaggle/glaucoma_fundus_imaging_bundle/ORIGA/Images/154.jpg,True
ORIGA,154,mask,data/external/kaggle/glaucoma_fundus_imaging_bundle/ORIGA/Masks/154.png,True
ORIGA,155,image,data/external/kaggle/glaucoma_fundus_imaging_bundle/ORIGA/Images/155.jpg,True
ORIGA,155,mask,data/external/kaggle/glaucoma_fundus_imaging_bundle/ORIGA/Masks/155.png,True
ORIGA,156,image,data/external/kaggle/glaucoma_fundus_imaging_bundle/ORIGA/Images/156.jpg,True
ORIGA,156,mask,data/external/kaggle/glaucoma_fundus_imaging_bundle/ORIGA/Masks/156.png,True
ORIGA,157,image,data/external/kaggle/glaucoma_fundus_imaging_bundle/ORIGA/Images/157.jpg,True
ORIGA,157,mask,data/external/kaggle/glaucoma_fundus_imaging_bundle/ORIGA/Masks/157.png,True
ORIGA,158,image,data/external/kaggle/glaucoma_fundus_imaging_bundle/ORIGA/Images/158.jpg,True
ORIGA,158,mask,data/external/kaggle/glaucoma_fundus_imaging_bundle/ORIGA/Masks/158.png,True
ORIGA,159,image,data/external/kaggle/glaucoma_fundus_imaging_bundle/ORIGA/Images/159.jpg,True
ORIGA,159,mask,data/external/kaggle/glaucoma_fundus_imaging_bundle/ORIGA/Masks/159.png,True
ORIGA,160,image,data/external/kaggle/glaucoma_fundus_imaging_bundle/ORIGA/Images/160.jpg,True
ORIGA,160,mask,data/external/kaggle/glaucoma_fundus_imaging_bundle/ORIGA/Masks/160.png,True
ORIGA,161,image,data/external/kaggle/glaucoma_fundus_imaging_bundle/ORIGA/Images/161.jpg,True
ORIGA,161,mask,data/external/kaggle/glaucoma_fundus_imaging_bundle/ORIGA/Masks/161.png,True
ORIGA,162,image,data/external/kaggle/glaucoma_fundus_imaging_bundle/ORIGA/Images/162.jpg,True
ORIGA,162,mask,data/external/kaggle/glaucoma_fundus_imaging_bundle/ORIGA/Masks/162.png,True
ORIGA,163,image,data/external/kaggle/glaucoma_fundus_imaging_bundle/ORIGA/Images/163.jpg,True
ORIGA,163,mask,data/external/kaggle/glaucoma_fundus_imaging_bundle/ORIGA/Masks/163.png,True
ORIGA,164,image,data/external/kaggle/glaucoma_fundus_imaging_bundle/ORIGA/Images/164.jpg,True
ORIGA,164,mask,data/external/kaggle/glaucoma_fundus_imaging_bundle/ORIGA/Masks/164.png,True
ORIGA,165,image,data/external/kaggle/glaucoma_fundus_imaging_bundle/ORIGA/Images/165.jpg,True
ORIGA,165,mask,data/external/kaggle/glaucoma_fundus_imaging_bundle/ORIGA/Masks/165.png,True
ORIGA,166,image,data/external/kaggle/glaucoma_fundus_imaging_bundle/ORIGA/Images/166.jpg,True
ORIGA,166,mask,data/external/kaggle/glaucoma_fundus_imaging_bundle/ORIGA/Masks/166.png,True
ORIGA,167,image,data/external/kaggle/glaucoma_fundus_imaging_bundle/ORIGA/Images/167.jpg,True
ORIGA,167,mask,data/external/kaggle/glaucoma_fundus_imaging_bundle/ORIGA/Masks/167.png,True
ORIGA,168,image,data/external/kaggle/glaucoma_fundus_imaging_bundle/ORIGA/Images/168.jpg,True
ORIGA,168,mask,data/external/kaggle/glaucoma_fundus_imaging_bundle/ORIGA/Masks/168.png,True
ORIGA,169,image,data/external/kaggle/glaucoma_fundus_imaging_bundle/ORIGA/Images/169.jpg,True
ORIGA,169,mask,data/external/kaggle/glaucoma_fundus_imaging_bundle/ORIGA/Masks/169.png,True
ORIGA,170,image,data/external/kaggle/glaucoma_fundus_imaging_bundle/ORIGA/Images/170.jpg,True
ORIGA,170,mask,data/external/kaggle/glaucoma_fundus_imaging_bundle/ORIGA/Masks/170.png,True
ORIGA,171,image,data/external/kaggle/glaucoma_fundus_imaging_bundle/ORIGA/Images/171.jpg,True
ORIGA,171,mask,data/external/kaggle/glaucoma_fundus_imaging_bundle/ORIGA/Masks/171.png,True
ORIGA,172,image,data/external/kaggle/glaucoma_fundus_imaging_bundle/ORIGA/Images/172.jpg,True
ORIGA,172,mask,data/external/kaggle/glaucoma_fundus_imaging_bundle/ORIGA/Masks/172.png,True
ORIGA,173,image,data/external/kaggle/glaucoma_fundus_imaging_bundle/ORIGA/Images/173.jpg,True
ORIGA,173,mask,data/external/kaggle/glaucoma_fundus_imaging_bundle/ORIGA/Masks/173.png,True
ORIGA,174,image,data/external/kaggle/glaucoma_fundus_imaging_bundle/ORIGA/Images/174.jpg,True
ORIGA,174,mask,data/external/kaggle/glaucoma_fundus_imaging_bundle/ORIGA/Masks/174.png,True
ORIGA,175,image,data/external/kaggle/glaucoma_fundus_imaging_bundle/ORIGA/Images/175.jpg,True
ORIGA,175,mask,data/external/kaggle/glaucoma_fundus_imaging_bundle/ORIGA/Masks/175.png,True
ORIGA,176,image,data/external/kaggle/glaucoma_fundus_imaging_bundle/ORIGA/Images/176.jpg,True
ORIGA,176,mask,data/external/kaggle/glaucoma_fundus_imaging_bundle/ORIGA/Masks/176.png,True
ORIGA,177,image,data/external/kaggle/glaucoma_fundus_imaging_bundle/ORIGA/Images/177.jpg,True
ORIGA,177,mask,data/external/kaggle/glaucoma_fundus_imaging_bundle/ORIGA/Masks/177.png,True
ORIGA,178,image,data/external/kaggle/glaucoma_fundus_imaging_bundle/ORIGA/Images/178.jpg,True
ORIGA,178,mask,data/external/kaggle/glaucoma_fundus_imaging_bundle/ORIGA/Masks/178.png,True
ORIGA,179,image,data/external/kaggle/glaucoma_fundus_imaging_bundle/ORIGA/Images/179.jpg,True
ORIGA,179,mask,data/external/kaggle/glaucoma_fundus_imaging_bundle/ORIGA/Masks/179.png,True
ORIGA,180,image,data/external/kaggle/glaucoma_fundus_imaging_bundle/ORIGA/Images/180.jpg,True
ORIGA,180,mask,data/external/kaggle/glaucoma_fundus_imaging_bundle/ORIGA/Masks/180.png,True
ORIGA,181,image,data/external/kaggle/glaucoma_fundus_imaging_bundle/ORIGA/Images/181.jpg,True
ORIGA,181,mask,data/external/kaggle/glaucoma_fundus_imaging_bundle/ORIGA/Masks/181.png,True
ORIGA,182,image,data/external/kaggle/glaucoma_fundus_imaging_bundle/ORIGA/Images/182.jpg,True
ORIGA,182,mask,data/external/kaggle/glaucoma_fundus_imaging_bundle/ORIGA/Masks/182.png,True
ORIGA,183,image,data/external/kaggle/glaucoma_fundus_imaging_bundle/ORIGA/Images/183.jpg,True
ORIGA,183,mask,data/external/kaggle/glaucoma_fundus_imaging_bundle/ORIGA/Masks/183.png,True
ORIGA,184,image,data/external/kaggle/glaucoma_fundus_imaging_bundle/ORIGA/Images/184.jpg,True
ORIGA,184,mask,data/external/kaggle/glaucoma_fundus_imaging_bundle/ORIGA/Masks/184.png,True
ORIGA,185,image,data/external/kaggle/glaucoma_fundus_imaging_bundle/ORIGA/Images/185.jpg,True
ORIGA,185,mask,data/external/kaggle/glaucoma_fundus_imaging_bundle/ORIGA/Masks/185.png,True
ORIGA,186,image,data/external/kaggle/glaucoma_fundus_imaging_bundle/ORIGA/Images/186.jpg,True
ORIGA,186,mask,data/external/kaggle/glaucoma_fundus_imaging_bundle/ORIGA/Masks/186.png,True
ORIGA,187,image,data/external/kaggle/glaucoma_fundus_imaging_bundle/ORIGA/Images/187.jpg,True
ORIGA,187,mask,data/external/kaggle/glaucoma_fundus_imaging_bundle/ORIGA/Masks/187.png,True
ORIGA,188,image,data/external/kaggle/glaucoma_fundus_imaging_bundle/ORIGA/Images/188.jpg,True
ORIGA,188,mask,data/external/kaggle/glaucoma_fundus_imaging_bundle/ORIGA/Masks/188.png,True
ORIGA,189,image,data/external/kaggle/glaucoma_fundus_imaging_bundle/ORIGA/Images/189.jpg,True
ORIGA,189,mask,data/external/kaggle/glaucoma_fundus_imaging_bundle/ORIGA/Masks/189.png,True
ORIGA,190,image,data/external/kaggle/glaucoma_fundus_imaging_bundle/ORIGA/Images/190.jpg,True
ORIGA,190,mask,data/external/kaggle/glaucoma_fundus_imaging_bundle/ORIGA/Masks/190.png,True
ORIGA,191,image,data/external/kaggle/glaucoma_fundus_imaging_bundle/ORIGA/Images/191.jpg,True
ORIGA,191,mask,data/external/kaggle/glaucoma_fundus_imaging_bundle/ORIGA/Masks/191.png,True
ORIGA,192,image,data/external/kaggle/glaucoma_fundus_imaging_bundle/ORIGA/Images/192.jpg,True
ORIGA,192,mask,data/external/kaggle/glaucoma_fundus_imaging_bundle/ORIGA/Masks/192.png,True
ORIGA,193,image,data/external/kaggle/glaucoma_fundus_imaging_bundle/ORIGA/Images/193.jpg,True
ORIGA,193,mask,data/external/kaggle/glaucoma_fundus_imaging_bundle/ORIGA/Masks/193.png,True
ORIGA,194,image,data/external/kaggle/glaucoma_fundus_imaging_bundle/ORIGA/Images/194.jpg,True
ORIGA,194,mask,data/external/kaggle/glaucoma_fundus_imaging_bundle/ORIGA/Masks/194.png,True
ORIGA,195,image,data/external/kaggle/glaucoma_fundus_imaging_bundle/ORIGA/Images/195.jpg,True
ORIGA,195,mask,data/external/kaggle/glaucoma_fundus_imaging_bundle/ORIGA/Masks/195.png,True
ORIGA,196,image,data/external/kaggle/glaucoma_fundus_imaging_bundle/ORIGA/Images/196.jpg,True
ORIGA,196,mask,data/external/kaggle/glaucoma_fundus_imaging_bundle/ORIGA/Masks/196.png,True
ORIGA,197,image,data/external/kaggle/glaucoma_fundus_imaging_bundle/ORIGA/Images/197.jpg,True
ORIGA,197,mask,data/external/kaggle/glaucoma_fundus_imaging_bundle/ORIGA/Masks/197.png,True
ORIGA,198,image,data/external/kaggle/glaucoma_fundus_imaging_bundle/ORIGA/Images/198.jpg,True
ORIGA,198,mask,data/external/kaggle/glaucoma_fundus_imaging_bundle/ORIGA/Masks/198.png,True
ORIGA,199,image,data/external/kaggle/glaucoma_fundus_imaging_bundle/ORIGA/Images/199.jpg,True
ORIGA,199,mask,data/external/kaggle/glaucoma_fundus_imaging_bundle/ORIGA/Masks/199.png,True
ORIGA,200,image,data/external/kaggle/glaucoma_fundus_imaging_bundle/ORIGA/Images/200.jpg,True
ORIGA,200,mask,data/external/kaggle/glaucoma_fundus_imaging_bundle/ORIGA/Masks/200.png,True
ORIGA,201,image,data/external/kaggle/glaucoma_fundus_imaging_bundle/ORIGA/Images/201.jpg,True
ORIGA,201,mask,data/external/kaggle/glaucoma_fundus_imaging_bundle/ORIGA/Masks/201.png,True
ORIGA,202,image,data/external/kaggle/glaucoma_fundus_imaging_bundle/ORIGA/Images/202.jpg,True
ORIGA,202,mask,data/external/kaggle/glaucoma_fundus_imaging_bundle/ORIGA/Masks/202.png,True
ORIGA,203,image,data/external/kaggle/glaucoma_fundus_imaging_bundle/ORIGA/Images/203.jpg,True
ORIGA,203,mask,data/external/kaggle/glaucoma_fundus_imaging_bundle/ORIGA/Masks/203.png,True
ORIGA,204,image,data/external/kaggle/glaucoma_fundus_imaging_bundle/ORIGA/Images/204.jpg,True
ORIGA,204,mask,data/external/kaggle/glaucoma_fundus_imaging_bundle/ORIGA/Masks/204.png,True
ORIGA,205,image,data/external/kaggle/glaucoma_fundus_imaging_bundle/ORIGA/Images/205.jpg,True
ORIGA,205,mask,data/external/kaggle/glaucoma_fundus_imaging_bundle/ORIGA/Masks/205.png,True
ORIGA,206,image,data/external/kaggle/glaucoma_fundus_imaging_bundle/ORIGA/Images/206.jpg,True
ORIGA,206,mask,data/external/kaggle/glaucoma_fundus_imaging_bundle/ORIGA/Masks/206.png,True
ORIGA,207,image,data/external/kaggle/glaucoma_fundus_imaging_bundle/ORIGA/Images/207.jpg,True
ORIGA,207,mask,data/external/kaggle/glaucoma_fundus_imaging_bundle/ORIGA/Masks/207.png,True
ORIGA,208,image,data/external/kaggle/glaucoma_fundus_imaging_bundle/ORIGA/Images/208.jpg,True
ORIGA,208,mask,data/external/kaggle/glaucoma_fundus_imaging_bundle/ORIGA/Masks/208.png,True
ORIGA,209,image,data/external/kaggle/glaucoma_fundus_imaging_bundle/ORIGA/Images/209.jpg,True
ORIGA,209,mask,data/external/kaggle/glaucoma_fundus_imaging_bundle/ORIGA/Masks/209.png,True
ORIGA,210,image,data/external/kaggle/glaucoma_fundus_imaging_bundle/ORIGA/Images/210.jpg,True
ORIGA,210,mask,data/external/kaggle/glaucoma_fundus_imaging_bundle/ORIGA/Masks/210.png,True
ORIGA,211,image,data/external/kaggle/glaucoma_fundus_imaging_bundle/ORIGA/Images/211.jpg,True
ORIGA,211,mask,data/external/kaggle/glaucoma_fundus_imaging_bundle/ORIGA/Masks/211.png,True
ORIGA,212,image,data/external/kaggle/glaucoma_fundus_imaging_bundle/ORIGA/Images/212.jpg,True
ORIGA,212,mask,data/external/kaggle/glaucoma_fundus_imaging_bundle/ORIGA/Masks/212.png,True
ORIGA,213,image,data/external/kaggle/glaucoma_fundus_imaging_bundle/ORIGA/Images/213.jpg,True
ORIGA,213,mask,data/external/kaggle/glaucoma_fundus_imaging_bundle/ORIGA/Masks/213.png,True
ORIGA,214,image,data/external/kaggle/glaucoma_fundus_imaging_bundle/ORIGA/Images/214.jpg,True
ORIGA,214,mask,data/external/kaggle/glaucoma_fundus_imaging_bundle/ORIGA/Masks/214.png,True
ORIGA,215,image,data/external/kaggle/glaucoma_fundus_imaging_bundle/ORIGA/Images/215.jpg,True
ORIGA,215,mask,data/external/kaggle/glaucoma_fundus_imaging_bundle/ORIGA/Masks/215.png,True
ORIGA,216,image,data/external/kaggle/glaucoma_fundus_imaging_bundle/ORIGA/Images/216.jpg,True
ORIGA,216,mask,data/external/kaggle/glaucoma_fundus_imaging_bundle/ORIGA/Masks/216.png,True
ORIGA,217,image,data/external/kaggle/glaucoma_fundus_imaging_bundle/ORIGA/Images/217.jpg,True
ORIGA,217,mask,data/external/kaggle/glaucoma_fundus_imaging_bundle/ORIGA/Masks/217.png,True
ORIGA,218,image,data/external/kaggle/glaucoma_fundus_imaging_bundle/ORIGA/Images/218.jpg,True
ORIGA,218,mask,data/external/kaggle/glaucoma_fundus_imaging_bundle/ORIGA/Masks/218.png,True
ORIGA,219,image,data/external/kaggle/glaucoma_fundus_imaging_bundle/ORIGA/Images/219.jpg,True
ORIGA,219,mask,data/external/kaggle/glaucoma_fundus_imaging_bundle/ORIGA/Masks/219.png,True
ORIGA,220,image,data/external/kaggle/glaucoma_fundus_imaging_bundle/ORIGA/Images/220.jpg,True
ORIGA,220,mask,data/external/kaggle/glaucoma_fundus_imaging_bundle/ORIGA/Masks/220.png,True
ORIGA,221,image,data/external/kaggle/glaucoma_fundus_imaging_bundle/ORIGA/Images/221.jpg,True
ORIGA,221,mask,data/external/kaggle/glaucoma_fundus_imaging_bundle/ORIGA/Masks/221.png,True
ORIGA,222,image,data/external/kaggle/glaucoma_fundus_imaging_bundle/ORIGA/Images/222.jpg,True
ORIGA,222,mask,data/external/kaggle/glaucoma_fundus_imaging_bundle/ORIGA/Masks/222.png,True
ORIGA,223,image,data/external/kaggle/glaucoma_fundus_imaging_bundle/ORIGA/Images/223.jpg,True
ORIGA,223,mask,data/external/kaggle/glaucoma_fundus_imaging_bundle/ORIGA/Masks/223.png,True
ORIGA,224,image,data/external/kaggle/glaucoma_fundus_imaging_bundle/ORIGA/Images/224.jpg,True
ORIGA,224,mask,data/external/kaggle/glaucoma_fundus_imaging_bundle/ORIGA/Masks/224.png,True
ORIGA,225,image,data/external/kaggle/glaucoma_fundus_imaging_bundle/ORIGA/Images/225.jpg,True
ORIGA,225,mask,data/external/kaggle/glaucoma_fundus_imaging_bundle/ORIGA/Masks/225.png,True
ORIGA,226,image,data/external/kaggle/glaucoma_fundus_imaging_bundle/ORIGA/Images/226.jpg,True
ORIGA,226,mask,data/external/kaggle/glaucoma_fundus_imaging_bundle/ORIGA/Masks/226.png,True
ORIGA,227,image,data/external/kaggle/glaucoma_fundus_imaging_bundle/ORIGA/Images/227.jpg,True
ORIGA,227,mask,data/external/kaggle/glaucoma_fundus_imaging_bundle/ORIGA/Masks/227.png,True
ORIGA,228,image,data/external/kaggle/glaucoma_fundus_imaging_bundle/ORIGA/Images/228.jpg,True
ORIGA,228,mask,data/external/kaggle/glaucoma_fundus_imaging_bundle/ORIGA/Masks/228.png,True
ORIGA,229,image,data/external/kaggle/glaucoma_fundus_imaging_bundle/ORIGA/Images/229.jpg,True
ORIGA,229,mask,data/external/kaggle/glaucoma_fundus_imaging_bundle/ORIGA/Masks/229.png,True
ORIGA,230,image,data/external/kaggle/glaucoma_fundus_imaging_bundle/ORIGA/Images/230.jpg,True
ORIGA,230,mask,data/external/kaggle/glaucoma_fundus_imaging_bundle/ORIGA/Masks/230.png,True
ORIGA,231,image,data/external/kaggle/glaucoma_fundus_imaging_bundle/ORIGA/Images/231.jpg,True
ORIGA,231,mask,data/external/kaggle/glaucoma_fundus_imaging_bundle/ORIGA/Masks/231.png,True
ORIGA,232,image,data/external/kaggle/glaucoma_fundus_imaging_bundle/ORIGA/Images/232.jpg,True
ORIGA,232,mask,data/external/kaggle/glaucoma_fundus_imaging_bundle/ORIGA/Masks/232.png,True
ORIGA,233,image,data/external/kaggle/glaucoma_fundus_imaging_bundle/ORIGA/Images/233.jpg,True
ORIGA,233,mask,data/external/kaggle/glaucoma_fundus_imaging_bundle/ORIGA/Masks/233.png,True
ORIGA,234,image,data/external/kaggle/glaucoma_fundus_imaging_bundle/ORIGA/Images/234.jpg,True
ORIGA,234,mask,data/external/kaggle/glaucoma_fundus_imaging_bundle/ORIGA/Masks/234.png,True
ORIGA,235,image,data/external/kaggle/glaucoma_fundus_imaging_bundle/ORIGA/Images/235.jpg,True
ORIGA,235,mask,data/external/kaggle/glaucoma_fundus_imaging_bundle/ORIGA/Masks/235.png,True
ORIGA,236,image,data/external/kaggle/glaucoma_fundus_imaging_bundle/ORIGA/Images/236.jpg,True
ORIGA,236,mask,data/external/kaggle/glaucoma_fundus_imaging_bundle/ORIGA/Masks/236.png,True
ORIGA,237,image,data/external/kaggle/glaucoma_fundus_imaging_bundle/ORIGA/Images/237.jpg,True
ORIGA,237,mask,data/external/kaggle/glaucoma_fundus_imaging_bundle/ORIGA/Masks/237.png,True
ORIGA,238,image,data/external/kaggle/glaucoma_fundus_imaging_bundle/ORIGA/Images/238.jpg,True
ORIGA,238,mask,data/external/kaggle/glaucoma_fundus_imaging_bundle/ORIGA/Masks/238.png,True
ORIGA,239,image,data/external/kaggle/glaucoma_fundus_imaging_bundle/ORIGA/Images/239.jpg,True
ORIGA,239,mask,data/external/kaggle/glaucoma_fundus_imaging_bundle/ORIGA/Masks/239.png,True
ORIGA,240,image,data/external/kaggle/glaucoma_fundus_imaging_bundle/ORIGA/Images/240.jpg,True
ORIGA,240,mask,data/external/kaggle/glaucoma_fundus_imaging_bundle/ORIGA/Masks/240.png,True
ORIGA,241,image,data/external/kaggle/glaucoma_fundus_imaging_bundle/ORIGA/Images/241.jpg,True
ORIGA,241,mask,data/external/kaggle/glaucoma_fundus_imaging_bundle/ORIGA/Masks/241.png,True
ORIGA,242,image,data/external/kaggle/glaucoma_fundus_imaging_bundle/ORIGA/Images/242.jpg,True
ORIGA,242,mask,data/external/kaggle/glaucoma_fundus_imaging_bundle/ORIGA/Masks/242.png,True
ORIGA,243,image,data/external/kaggle/glaucoma_fundus_imaging_bundle/ORIGA/Images/243.jpg,True
ORIGA,243,mask,data/external/kaggle/glaucoma_fundus_imaging_bundle/ORIGA/Masks/243.png,True
ORIGA,244,image,data/external/kaggle/glaucoma_fundus_imaging_bundle/ORIGA/Images/244.jpg,True
ORIGA,244,mask,data/external/kaggle/glaucoma_fundus_imaging_bundle/ORIGA/Masks/244.png,True
ORIGA,245,image,data/external/kaggle/glaucoma_fundus_imaging_bundle/ORIGA/Images/245.jpg,True
ORIGA,245,mask,data/external/kaggle/glaucoma_fundus_imaging_bundle/ORIGA/Masks/245.png,True
ORIGA,246,image,data/external/kaggle/glaucoma_fundus_imaging_bundle/ORIGA/Images/246.jpg,True
ORIGA,246,mask,data/external/kaggle/glaucoma_fundus_imaging_bundle/ORIGA/Masks/246.png,True
ORIGA,247,image,data/external/kaggle/glaucoma_fundus_imaging_bundle/ORIGA/Images/247.jpg,True
ORIGA,247,mask,data/external/kaggle/glaucoma_fundus_imaging_bundle/ORIGA/Masks/247.png,True
ORIGA,248,image,data/external/kaggle/glaucoma_fundus_imaging_bundle/ORIGA/Images/248.jpg,True
ORIGA,248,mask,data/external/kaggle/glaucoma_fundus_imaging_bundle/ORIGA/Masks/248.png,True
ORIGA,249,image,data/external/kaggle/glaucoma_fundus_imaging_bundle/ORIGA/Images/249.jpg,True
ORIGA,249,mask,data/external/kaggle/glaucoma_fundus_imaging_bundle/ORIGA/Masks/249.png,True
ORIGA,250,image,data/external/kaggle/glaucoma_fundus_imaging_bundle/ORIGA/Images/250.jpg,True
ORIGA,250,mask,data/external/kaggle/glaucoma_fundus_imaging_bundle/ORIGA/Masks/250.png,True
ORIGA,251,image,data/external/kaggle/glaucoma_fundus_imaging_bundle/ORIGA/Images/251.jpg,True
ORIGA,251,mask,data/external/kaggle/glaucoma_fundus_imaging_bundle/ORIGA/Masks/251.png,True
ORIGA,252,image,data/external/kaggle/glaucoma_fundus_imaging_bundle/ORIGA/Images/252.jpg,True
ORIGA,252,mask,data/external/kaggle/glaucoma_fundus_imaging_bundle/ORIGA/Masks/252.png,True
ORIGA,253,image,data/external/kaggle/glaucoma_fundus_imaging_bundle/ORIGA/Images/253.jpg,True
ORIGA,253,mask,data/external/kaggle/glaucoma_fundus_imaging_bundle/ORIGA/Masks/253.png,True
ORIGA,254,image,data/external/kaggle/glaucoma_fundus_imaging_bundle/ORIGA/Images/254.jpg,True
ORIGA,254,mask,data/external/kaggle/glaucoma_fundus_imaging_bundle/ORIGA/Masks/254.png,True
ORIGA,255,image,data/external/kaggle/glaucoma_fundus_imaging_bundle/ORIGA/Images/255.jpg,True
ORIGA,255,mask,data/external/kaggle/glaucoma_fundus_imaging_bundle/ORIGA/Masks/255.png,True
ORIGA,256,image,data/external/kaggle/glaucoma_fundus_imaging_bundle/ORIGA/Images/256.jpg,True
ORIGA,256,mask,data/external/kaggle/glaucoma_fundus_imaging_bundle/ORIGA/Masks/256.png,True
ORIGA,257,image,data/external/kaggle/glaucoma_fundus_imaging_bundle/ORIGA/Images/257.jpg,True
ORIGA,257,mask,data/external/kaggle/glaucoma_fundus_imaging_bundle/ORIGA/Masks/257.png,True
ORIGA,258,image,data/external/kaggle/glaucoma_fundus_imaging_bundle/ORIGA/Images/258.jpg,True
ORIGA,258,mask,data/external/kaggle/glaucoma_fundus_imaging_bundle/ORIGA/Masks/258.png,True
ORIGA,259,image,data/external/kaggle/glaucoma_fundus_imaging_bundle/ORIGA/Images/259.jpg,True
ORIGA,259,mask,data/external/kaggle/glaucoma_fundus_imaging_bundle/ORIGA/Masks/259.png,True
ORIGA,260,image,data/external/kaggle/glaucoma_fundus_imaging_bundle/ORIGA/Images/260.jpg,True
ORIGA,260,mask,data/external/kaggle/glaucoma_fundus_imaging_bundle/ORIGA/Masks/260.png,True
ORIGA,261,image,data/external/kaggle/glaucoma_fundus_imaging_bundle/ORIGA/Images/261.jpg,True
ORIGA,261,mask,data/external/kaggle/glaucoma_fundus_imaging_bundle/ORIGA/Masks/261.png,True
ORIGA,262,image,data/external/kaggle/glaucoma_fundus_imaging_bundle/ORIGA/Images/262.jpg,True
ORIGA,262,mask,data/external/kaggle/glaucoma_fundus_imaging_bundle/ORIGA/Masks/262.png,True
ORIGA,263,image,data/external/kaggle/glaucoma_fundus_imaging_bundle/ORIGA/Images/263.jpg,True
ORIGA,263,mask,data/external/kaggle/glaucoma_fundus_imaging_bundle/ORIGA/Masks/263.png,True
ORIGA,264,image,data/external/kaggle/glaucoma_fundus_imaging_bundle/ORIGA/Images/264.jpg,True
ORIGA,264,mask,data/external/kaggle/glaucoma_fundus_imaging_bundle/ORIGA/Masks/264.png,True
ORIGA,265,image,data/external/kaggle/glaucoma_fundus_imaging_bundle/ORIGA/Images/265.jpg,True
ORIGA,265,mask,data/external/kaggle/glaucoma_fundus_imaging_bundle/ORIGA/Masks/265.png,True
ORIGA,266,image,data/external/kaggle/glaucoma_fundus_imaging_bundle/ORIGA/Images/266.jpg,True
ORIGA,266,mask,data/external/kaggle/glaucoma_fundus_imaging_bundle/ORIGA/Masks/266.png,True
ORIGA,267,image,data/external/kaggle/glaucoma_fundus_imaging_bundle/ORIGA/Images/267.jpg,True
ORIGA,267,mask,data/external/kaggle/glaucoma_fundus_imaging_bundle/ORIGA/Masks/267.png,True
ORIGA,268,image,data/external/kaggle/glaucoma_fundus_imaging_bundle/ORIGA/Images/268.jpg,True
ORIGA,268,mask,data/external/kaggle/glaucoma_fundus_imaging_bundle/ORIGA/Masks/268.png,True
ORIGA,269,image,data/external/kaggle/glaucoma_fundus_imaging_bundle/ORIGA/Images/269.jpg,True
ORIGA,269,mask,data/external/kaggle/glaucoma_fundus_imaging_bundle/ORIGA/Masks/269.png,True
ORIGA,270,image,data/external/kaggle/glaucoma_fundus_imaging_bundle/ORIGA/Images/270.jpg,True
ORIGA,270,mask,data/external/kaggle/glaucoma_fundus_imaging_bundle/ORIGA/Masks/270.png,True
ORIGA,271,image,data/external/kaggle/glaucoma_fundus_imaging_bundle/ORIGA/Images/271.jpg,True
ORIGA,271,mask,data/external/kaggle/glaucoma_fundus_imaging_bundle/ORIGA/Masks/271.png,True
ORIGA,272,image,data/external/kaggle/glaucoma_fundus_imaging_bundle/ORIGA/Images/272.jpg,True
ORIGA,272,mask,data/external/kaggle/glaucoma_fundus_imaging_bundle/ORIGA/Masks/272.png,True
ORIGA,273,image,data/external/kaggle/glaucoma_fundus_imaging_bundle/ORIGA/Images/273.jpg,True
ORIGA,273,mask,data/external/kaggle/glaucoma_fundus_imaging_bundle/ORIGA/Masks/273.png,True
ORIGA,274,image,data/external/kaggle/glaucoma_fundus_imaging_bundle/ORIGA/Images/274.jpg,True
ORIGA,274,mask,data/external/kaggle/glaucoma_fundus_imaging_bundle/ORIGA/Masks/274.png,True
ORIGA,275,image,data/external/kaggle/glaucoma_fundus_imaging_bundle/ORIGA/Images/275.jpg,True
ORIGA,275,mask,data/external/kaggle/glaucoma_fundus_imaging_bundle/ORIGA/Masks/275.png,True
ORIGA,276,image,data/external/kaggle/glaucoma_fundus_imaging_bundle/ORIGA/Images/276.jpg,True
ORIGA,276,mask,data/external/kaggle/glaucoma_fundus_imaging_bundle/ORIGA/Masks/276.png,True
ORIGA,277,image,data/external/kaggle/glaucoma_fundus_imaging_bundle/ORIGA/Images/277.jpg,True
ORIGA,277,mask,data/external/kaggle/glaucoma_fundus_imaging_bundle/ORIGA/Masks/277.png,True
ORIGA,278,image,data/external/kaggle/glaucoma_fundus_imaging_bundle/ORIGA/Images/278.jpg,True
ORIGA,278,mask,data/external/kaggle/glaucoma_fundus_imaging_bundle/ORIGA/Masks/278.png,True
ORIGA,279,image,data/external/kaggle/glaucoma_fundus_imaging_bundle/ORIGA/Images/279.jpg,True
ORIGA,279,mask,data/external/kaggle/glaucoma_fundus_imaging_bundle/ORIGA/Masks/279.png,True
ORIGA,280,image,data/external/kaggle/glaucoma_fundus_imaging_bundle/ORIGA/Images/280.jpg,True
ORIGA,280,mask,data/external/kaggle/glaucoma_fundus_imaging_bundle/ORIGA/Masks/280.png,True
ORIGA,281,image,data/external/kaggle/glaucoma_fundus_imaging_bundle/ORIGA/Images/281.jpg,True
ORIGA,281,mask,data/external/kaggle/glaucoma_fundus_imaging_bundle/ORIGA/Masks/281.png,True
ORIGA,282,image,data/external/kaggle/glaucoma_fundus_imaging_bundle/ORIGA/Images/282.jpg,True
ORIGA,282,mask,data/external/kaggle/glaucoma_fundus_imaging_bundle/ORIGA/Masks/282.png,True
ORIGA,283,image,data/external/kaggle/glaucoma_fundus_imaging_bundle/ORIGA/Images/283.jpg,True
ORIGA,283,mask,data/external/kaggle/glaucoma_fundus_imaging_bundle/ORIGA/Masks/283.png,True
ORIGA,284,image,data/external/kaggle/glaucoma_fundus_imaging_bundle/ORIGA/Images/284.jpg,True
ORIGA,284,mask,data/external/kaggle/glaucoma_fundus_imaging_bundle/ORIGA/Masks/284.png,True
ORIGA,285,image,data/external/kaggle/glaucoma_fundus_imaging_bundle/ORIGA/Images/285.jpg,True
ORIGA,285,mask,data/external/kaggle/glaucoma_fundus_imaging_bundle/ORIGA/Masks/285.png,True
ORIGA,286,image,data/external/kaggle/glaucoma_fundus_imaging_bundle/ORIGA/Images/286.jpg,True
ORIGA,286,mask,data/external/kaggle/glaucoma_fundus_imaging_bundle/ORIGA/Masks/286.png,True
ORIGA,287,image,data/external/kaggle/glaucoma_fundus_imaging_bundle/ORIGA/Images/287.jpg,True
ORIGA,287,mask,data/external/kaggle/glaucoma_fundus_imaging_bundle/ORIGA/Masks/287.png,True
ORIGA,288,image,data/external/kaggle/glaucoma_fundus_imaging_bundle/ORIGA/Images/288.jpg,True
ORIGA,288,mask,data/external/kaggle/glaucoma_fundus_imaging_bundle/ORIGA/Masks/288.png,True
ORIGA,289,image,data/external/kaggle/glaucoma_fundus_imaging_bundle/ORIGA/Images/289.jpg,True
ORIGA,289,mask,data/external/kaggle/glaucoma_fundus_imaging_bundle/ORIGA/Masks/289.png,True
ORIGA,290,image,data/external/kaggle/glaucoma_fundus_imaging_bundle/ORIGA/Images/290.jpg,True
ORIGA,290,mask,data/external/kaggle/glaucoma_fundus_imaging_bundle/ORIGA/Masks/290.png,True
ORIGA,291,image,data/external/kaggle/glaucoma_fundus_imaging_bundle/ORIGA/Images/291.jpg,True
ORIGA,291,mask,data/external/kaggle/glaucoma_fundus_imaging_bundle/ORIGA/Masks/291.png,True
ORIGA,292,image,data/external/kaggle/glaucoma_fundus_imaging_bundle/ORIGA/Images/292.jpg,True
ORIGA,292,mask,data/external/kaggle/glaucoma_fundus_imaging_bundle/ORIGA/Masks/292.png,True
ORIGA,293,image,data/external/kaggle/glaucoma_fundus_imaging_bundle/ORIGA/Images/293.jpg,True
ORIGA,293,mask,data/external/kaggle/glaucoma_fundus_imaging_bundle/ORIGA/Masks/293.png,True
ORIGA,294,image,data/external/kaggle/glaucoma_fundus_imaging_bundle/ORIGA/Images/294.jpg,True
ORIGA,294,mask,data/external/kaggle/glaucoma_fundus_imaging_bundle/ORIGA/Masks/294.png,True
ORIGA,295,image,data/external/kaggle/glaucoma_fundus_imaging_bundle/ORIGA/Images/295.jpg,True
ORIGA,295,mask,data/external/kaggle/glaucoma_fundus_imaging_bundle/ORIGA/Masks/295.png,True
ORIGA,296,image,data/external/kaggle/glaucoma_fundus_imaging_bundle/ORIGA/Images/296.jpg,True
ORIGA,296,mask,data/external/kaggle/glaucoma_fundus_imaging_bundle/ORIGA/Masks/296.png,True
ORIGA,297,image,data/external/kaggle/glaucoma_fundus_imaging_bundle/ORIGA/Images/297.jpg,True
ORIGA,297,mask,data/external/kaggle/glaucoma_fundus_imaging_bundle/ORIGA/Masks/297.png,True
ORIGA,298,image,data/external/kaggle/glaucoma_fundus_imaging_bundle/ORIGA/Images/298.jpg,True
ORIGA,298,mask,data/external/kaggle/glaucoma_fundus_imaging_bundle/ORIGA/Masks/298.png,True
ORIGA,299,image,data/external/kaggle/glaucoma_fundus_imaging_bundle/ORIGA/Images/299.jpg,True
ORIGA,299,mask,data/external/kaggle/glaucoma_fundus_imaging_bundle/ORIGA/Masks/299.png,True
ORIGA,300,image,data/external/kaggle/glaucoma_fundus_imaging_bundle/ORIGA/Images/300.jpg,True
ORIGA,300,mask,data/external/kaggle/glaucoma_fundus_imaging_bundle/ORIGA/Masks/300.png,True
ORIGA,301,image,data/external/kaggle/glaucoma_fundus_imaging_bundle/ORIGA/Images/301.jpg,True
ORIGA,301,mask,data/external/kaggle/glaucoma_fundus_imaging_bundle/ORIGA/Masks/301.png,True
ORIGA,302,image,data/external/kaggle/glaucoma_fundus_imaging_bundle/ORIGA/Images/302.jpg,True
ORIGA,302,mask,data/external/kaggle/glaucoma_fundus_imaging_bundle/ORIGA/Masks/302.png,True
ORIGA,303,image,data/external/kaggle/glaucoma_fundus_imaging_bundle/ORIGA/Images/303.jpg,True
ORIGA,303,mask,data/external/kaggle/glaucoma_fundus_imaging_bundle/ORIGA/Masks/303.png,True
ORIGA,304,image,data/external/kaggle/glaucoma_fundus_imaging_bundle/ORIGA/Images/304.jpg,True
ORIGA,304,mask,data/external/kaggle/glaucoma_fundus_imaging_bundle/ORIGA/Masks/304.png,True
ORIGA,305,image,data/external/kaggle/glaucoma_fundus_imaging_bundle/ORIGA/Images/305.jpg,True
ORIGA,305,mask,data/external/kaggle/glaucoma_fundus_imaging_bundle/ORIGA/Masks/305.png,True
ORIGA,306,image,data/external/kaggle/glaucoma_fundus_imaging_bundle/ORIGA/Images/306.jpg,True
ORIGA,306,mask,data/external/kaggle/glaucoma_fundus_imaging_bundle/ORIGA/Masks/306.png,True
ORIGA,307,image,data/external/kaggle/glaucoma_fundus_imaging_bundle/ORIGA/Images/307.jpg,True
ORIGA,307,mask,data/external/kaggle/glaucoma_fundus_imaging_bundle/ORIGA/Masks/307.png,True
ORIGA,308,image,data/external/kaggle/glaucoma_fundus_imaging_bundle/ORIGA/Images/308.jpg,True
ORIGA,308,mask,data/external/kaggle/glaucoma_fundus_imaging_bundle/ORIGA/Masks/308.png,True
ORIGA,309,image,data/external/kaggle/glaucoma_fundus_imaging_bundle/ORIGA/Images/309.jpg,True
ORIGA,309,mask,data/external/kaggle/glaucoma_fundus_imaging_bundle/ORIGA/Masks/309.png,True
ORIGA,310,image,data/external/kaggle/glaucoma_fundus_imaging_bundle/ORIGA/Images/310.jpg,True
ORIGA,310,mask,data/external/kaggle/glaucoma_fundus_imaging_bundle/ORIGA/Masks/310.png,True
ORIGA,311,image,data/external/kaggle/glaucoma_fundus_imaging_bundle/ORIGA/Images/311.jpg,True
ORIGA,311,mask,data/external/kaggle/glaucoma_fundus_imaging_bundle/ORIGA/Masks/311.png,True
ORIGA,312,image,data/external/kaggle/glaucoma_fundus_imaging_bundle/ORIGA/Images/312.jpg,True
ORIGA,312,mask,data/external/kaggle/glaucoma_fundus_imaging_bundle/ORIGA/Masks/312.png,True
ORIGA,313,image,data/external/kaggle/glaucoma_fundus_imaging_bundle/ORIGA/Images/313.jpg,True
ORIGA,313,mask,data/external/kaggle/glaucoma_fundus_imaging_bundle/ORIGA/Masks/313.png,True
ORIGA,314,image,data/external/kaggle/glaucoma_fundus_imaging_bundle/ORIGA/Images/314.jpg,True
ORIGA,314,mask,data/external/kaggle/glaucoma_fundus_imaging_bundle/ORIGA/Masks/314.png,True
ORIGA,315,image,data/external/kaggle/glaucoma_fundus_imaging_bundle/ORIGA/Images/315.jpg,True
ORIGA,315,mask,data/external/kaggle/glaucoma_fundus_imaging_bundle/ORIGA/Masks/315.png,True
ORIGA,316,image,data/external/kaggle/glaucoma_fundus_imaging_bundle/ORIGA/Images/316.jpg,True
ORIGA,316,mask,data/external/kaggle/glaucoma_fundus_imaging_bundle/ORIGA/Masks/316.png,True
ORIGA,317,image,data/external/kaggle/glaucoma_fundus_imaging_bundle/ORIGA/Images/317.jpg,True
ORIGA,317,mask,data/external/kaggle/glaucoma_fundus_imaging_bundle/ORIGA/Masks/317.png,True
ORIGA,318,image,data/external/kaggle/glaucoma_fundus_imaging_bundle/ORIGA/Images/318.jpg,True
ORIGA,318,mask,data/external/kaggle/glaucoma_fundus_imaging_bundle/ORIGA/Masks/318.png,True
ORIGA,319,image,data/external/kaggle/glaucoma_fundus_imaging_bundle/ORIGA/Images/319.jpg,True
ORIGA,319,mask,data/external/kaggle/glaucoma_fundus_imaging_bundle/ORIGA/Masks/319.png,True
ORIGA,320,image,data/external/kaggle/glaucoma_fundus_imaging_bundle/ORIGA/Images/320.jpg,True
ORIGA,320,mask,data/external/kaggle/glaucoma_fundus_imaging_bundle/ORIGA/Masks/320.png,True
ORIGA,321,image,data/external/kaggle/glaucoma_fundus_imaging_bundle/ORIGA/Images/321.jpg,True
ORIGA,321,mask,data/external/kaggle/glaucoma_fundus_imaging_bundle/ORIGA/Masks/321.png,True
ORIGA,322,image,data/external/kaggle/glaucoma_fundus_imaging_bundle/ORIGA/Images/322.jpg,True
ORIGA,322,mask,data/external/kaggle/glaucoma_fundus_imaging_bundle/ORIGA/Masks/322.png,True
ORIGA,323,image,data/external/kaggle/glaucoma_fundus_imaging_bundle/ORIGA/Images/323.jpg,True
ORIGA,323,mask,data/external/kaggle/glaucoma_fundus_imaging_bundle/ORIGA/Masks/323.png,True
ORIGA,324,image,data/external/kaggle/glaucoma_fundus_imaging_bundle/ORIGA/Images/324.jpg,True
ORIGA,324,mask,data/external/kaggle/glaucoma_fundus_imaging_bundle/ORIGA/Masks/324.png,True
ORIGA,325,image,data/external/kaggle/glaucoma_fundus_imaging_bundle/ORIGA/Images/325.jpg,True
ORIGA,325,mask,data/external/kaggle/glaucoma_fundus_imaging_bundle/ORIGA/Masks/325.png,True
ORIGA,326,image,data/external/kaggle/glaucoma_fundus_imaging_bundle/ORIGA/Images/326.jpg,True
ORIGA,326,mask,data/external/kaggle/glaucoma_fundus_imaging_bundle/ORIGA/Masks/326.png,True
ORIGA,327,image,data/external/kaggle/glaucoma_fundus_imaging_bundle/ORIGA/Images/327.jpg,True
ORIGA,327,mask,data/external/kaggle/glaucoma_fundus_imaging_bundle/ORIGA/Masks/327.png,True
ORIGA,328,image,data/external/kaggle/glaucoma_fundus_imaging_bundle/ORIGA/Images/328.jpg,True
ORIGA,328,mask,data/external/kaggle/glaucoma_fundus_imaging_bundle/ORIGA/Masks/328.png,True
ORIGA,329,image,data/external/kaggle/glaucoma_fundus_imaging_bundle/ORIGA/Images/329.jpg,True
ORIGA,329,mask,data/external/kaggle/glaucoma_fundus_imaging_bundle/ORIGA/Masks/329.png,True
ORIGA,330,image,data/external/kaggle/glaucoma_fundus_imaging_bundle/ORIGA/Images/330.jpg,True
ORIGA,330,mask,data/external/kaggle/glaucoma_fundus_imaging_bundle/ORIGA/Masks/330.png,True
ORIGA,331,image,data/external/kaggle/glaucoma_fundus_imaging_bundle/ORIGA/Images/331.jpg,True
ORIGA,331,mask,data/external/kaggle/glaucoma_fundus_imaging_bundle/ORIGA/Masks/331.png,True
ORIGA,332,image,data/external/kaggle/glaucoma_fundus_imaging_bundle/ORIGA/Images/332.jpg,True
ORIGA,332,mask,data/external/kaggle/glaucoma_fundus_imaging_bundle/ORIGA/Masks/332.png,True
ORIGA,333,image,data/external/kaggle/glaucoma_fundus_imaging_bundle/ORIGA/Images/333.jpg,True
ORIGA,333,mask,data/external/kaggle/glaucoma_fundus_imaging_bundle/ORIGA/Masks/333.png,True
ORIGA,334,image,data/external/kaggle/glaucoma_fundus_imaging_bundle/ORIGA/Images/334.jpg,True
ORIGA,334,mask,data/external/kaggle/glaucoma_fundus_imaging_bundle/ORIGA/Masks/334.png,True
ORIGA,335,image,data/external/kaggle/glaucoma_fundus_imaging_bundle/ORIGA/Images/335.jpg,True
ORIGA,335,mask,data/external/kaggle/glaucoma_fundus_imaging_bundle/ORIGA/Masks/335.png,True
ORIGA,336,image,data/external/kaggle/glaucoma_fundus_imaging_bundle/ORIGA/Images/336.jpg,True
ORIGA,336,mask,data/external/kaggle/glaucoma_fundus_imaging_bundle/ORIGA/Masks/336.png,True
ORIGA,337,image,data/external/kaggle/glaucoma_fundus_imaging_bundle/ORIGA/Images/337.jpg,True
ORIGA,337,mask,data/external/kaggle/glaucoma_fundus_imaging_bundle/ORIGA/Masks/337.png,True
ORIGA,338,image,data/external/kaggle/glaucoma_fundus_imaging_bundle/ORIGA/Images/338.jpg,True
ORIGA,338,mask,data/external/kaggle/glaucoma_fundus_imaging_bundle/ORIGA/Masks/338.png,True
ORIGA,339,image,data/external/kaggle/glaucoma_fundus_imaging_bundle/ORIGA/Images/339.jpg,True
ORIGA,339,mask,data/external/kaggle/glaucoma_fundus_imaging_bundle/ORIGA/Masks/339.png,True
ORIGA,340,image,data/external/kaggle/glaucoma_fundus_imaging_bundle/ORIGA/Images/340.jpg,True
ORIGA,340,mask,data/external/kaggle/glaucoma_fundus_imaging_bundle/ORIGA/Masks/340.png,True
ORIGA,341,image,data/external/kaggle/glaucoma_fundus_imaging_bundle/ORIGA/Images/341.jpg,True
ORIGA,341,mask,data/external/kaggle/glaucoma_fundus_imaging_bundle/ORIGA/Masks/341.png,True
ORIGA,342,image,data/external/kaggle/glaucoma_fundus_imaging_bundle/ORIGA/Images/342.jpg,True
ORIGA,342,mask,data/external/kaggle/glaucoma_fundus_imaging_bundle/ORIGA/Masks/342.png,True
ORIGA,343,image,data/external/kaggle/glaucoma_fundus_imaging_bundle/ORIGA/Images/343.jpg,True
ORIGA,343,mask,data/external/kaggle/glaucoma_fundus_imaging_bundle/ORIGA/Masks/343.png,True
ORIGA,344,image,data/external/kaggle/glaucoma_fundus_imaging_bundle/ORIGA/Images/344.jpg,True
ORIGA,344,mask,data/external/kaggle/glaucoma_fundus_imaging_bundle/ORIGA/Masks/344.png,True
ORIGA,345,image,data/external/kaggle/glaucoma_fundus_imaging_bundle/ORIGA/Images/345.jpg,True
ORIGA,345,mask,data/external/kaggle/glaucoma_fundus_imaging_bundle/ORIGA/Masks/345.png,True
ORIGA,346,image,data/external/kaggle/glaucoma_fundus_imaging_bundle/ORIGA/Images/346.jpg,True
ORIGA,346,mask,data/external/kaggle/glaucoma_fundus_imaging_bundle/ORIGA/Masks/346.png,True
ORIGA,347,image,data/external/kaggle/glaucoma_fundus_imaging_bundle/ORIGA/Images/347.jpg,True
ORIGA,347,mask,data/external/kaggle/glaucoma_fundus_imaging_bundle/ORIGA/Masks/347.png,True
ORIGA,348,image,data/external/kaggle/glaucoma_fundus_imaging_bundle/ORIGA/Images/348.jpg,True
ORIGA,348,mask,data/external/kaggle/glaucoma_fundus_imaging_bundle/ORIGA/Masks/348.png,True
ORIGA,349,image,data/external/kaggle/glaucoma_fundus_imaging_bundle/ORIGA/Images/349.jpg,True
ORIGA,349,mask,data/external/kaggle/glaucoma_fundus_imaging_bundle/ORIGA/Masks/349.png,True
ORIGA,350,image,data/external/kaggle/glaucoma_fundus_imaging_bundle/ORIGA/Images/350.jpg,True
ORIGA,350,mask,data/external/kaggle/glaucoma_fundus_imaging_bundle/ORIGA/Masks/350.png,True
ORIGA,351,image,data/external/kaggle/glaucoma_fundus_imaging_bundle/ORIGA/Images/351.jpg,True
ORIGA,351,mask,data/external/kaggle/glaucoma_fundus_imaging_bundle/ORIGA/Masks/351.png,True
ORIGA,352,image,data/external/kaggle/glaucoma_fundus_imaging_bundle/ORIGA/Images/352.jpg,True
ORIGA,352,mask,data/external/kaggle/glaucoma_fundus_imaging_bundle/ORIGA/Masks/352.png,True
ORIGA,353,image,data/external/kaggle/glaucoma_fundus_imaging_bundle/ORIGA/Images/353.jpg,True
ORIGA,353,mask,data/external/kaggle/glaucoma_fundus_imaging_bundle/ORIGA/Masks/353.png,True
ORIGA,354,image,data/external/kaggle/glaucoma_fundus_imaging_bundle/ORIGA/Images/354.jpg,True
ORIGA,354,mask,data/external/kaggle/glaucoma_fundus_imaging_bundle/ORIGA/Masks/354.png,True
ORIGA,355,image,data/external/kaggle/glaucoma_fundus_imaging_bundle/ORIGA/Images/355.jpg,True
ORIGA,355,mask,data/external/kaggle/glaucoma_fundus_imaging_bundle/ORIGA/Masks/355.png,True
ORIGA,356,image,data/external/kaggle/glaucoma_fundus_imaging_bundle/ORIGA/Images/356.jpg,True
ORIGA,356,mask,data/external/kaggle/glaucoma_fundus_imaging_bundle/ORIGA/Masks/356.png,True
ORIGA,357,image,data/external/kaggle/glaucoma_fundus_imaging_bundle/ORIGA/Images/357.jpg,True
ORIGA,357,mask,data/external/kaggle/glaucoma_fundus_imaging_bundle/ORIGA/Masks/357.png,True
ORIGA,358,image,data/external/kaggle/glaucoma_fundus_imaging_bundle/ORIGA/Images/358.jpg,True
ORIGA,358,mask,data/external/kaggle/glaucoma_fundus_imaging_bundle/ORIGA/Masks/358.png,True
ORIGA,359,image,data/external/kaggle/glaucoma_fundus_imaging_bundle/ORIGA/Images/359.jpg,True
ORIGA,359,mask,data/external/kaggle/glaucoma_fundus_imaging_bundle/ORIGA/Masks/359.png,True
ORIGA,360,image,data/external/kaggle/glaucoma_fundus_imaging_bundle/ORIGA/Images/360.jpg,True
ORIGA,360,mask,data/external/kaggle/glaucoma_fundus_imaging_bundle/ORIGA/Masks/360.png,True
ORIGA,361,image,data/external/kaggle/glaucoma_fundus_imaging_bundle/ORIGA/Images/361.jpg,True
ORIGA,361,mask,data/external/kaggle/glaucoma_fundus_imaging_bundle/ORIGA/Masks/361.png,True
ORIGA,362,image,data/external/kaggle/glaucoma_fundus_imaging_bundle/ORIGA/Images/362.jpg,True
ORIGA,362,mask,data/external/kaggle/glaucoma_fundus_imaging_bundle/ORIGA/Masks/362.png,True
ORIGA,363,image,data/external/kaggle/glaucoma_fundus_imaging_bundle/ORIGA/Images/363.jpg,True
ORIGA,363,mask,data/external/kaggle/glaucoma_fundus_imaging_bundle/ORIGA/Masks/363.png,True
ORIGA,364,image,data/external/kaggle/glaucoma_fundus_imaging_bundle/ORIGA/Images/364.jpg,True
ORIGA,364,mask,data/external/kaggle/glaucoma_fundus_imaging_bundle/ORIGA/Masks/364.png,True
ORIGA,365,image,data/external/kaggle/glaucoma_fundus_imaging_bundle/ORIGA/Images/365.jpg,True
ORIGA,365,mask,data/external/kaggle/glaucoma_fundus_imaging_bundle/ORIGA/Masks/365.png,True
ORIGA,366,image,data/external/kaggle/glaucoma_fundus_imaging_bundle/ORIGA/Images/366.jpg,True
ORIGA,366,mask,data/external/kaggle/glaucoma_fundus_imaging_bundle/ORIGA/Masks/366.png,True
ORIGA,367,image,data/external/kaggle/glaucoma_fundus_imaging_bundle/ORIGA/Images/367.jpg,True
ORIGA,367,mask,data/external/kaggle/glaucoma_fundus_imaging_bundle/ORIGA/Masks/367.png,True
ORIGA,368,image,data/external/kaggle/glaucoma_fundus_imaging_bundle/ORIGA/Images/368.jpg,True
ORIGA,368,mask,data/external/kaggle/glaucoma_fundus_imaging_bundle/ORIGA/Masks/368.png,True
ORIGA,369,image,data/external/kaggle/glaucoma_fundus_imaging_bundle/ORIGA/Images/369.jpg,True
ORIGA,369,mask,data/external/kaggle/glaucoma_fundus_imaging_bundle/ORIGA/Masks/369.png,True
ORIGA,370,image,data/external/kaggle/glaucoma_fundus_imaging_bundle/ORIGA/Images/370.jpg,True
ORIGA,370,mask,data/external/kaggle/glaucoma_fundus_imaging_bundle/ORIGA/Masks/370.png,True
ORIGA,371,image,data/external/kaggle/glaucoma_fundus_imaging_bundle/ORIGA/Images/371.jpg,True
ORIGA,371,mask,data/external/kaggle/glaucoma_fundus_imaging_bundle/ORIGA/Masks/371.png,True
ORIGA,372,image,data/external/kaggle/glaucoma_fundus_imaging_bundle/ORIGA/Images/372.jpg,True
ORIGA,372,mask,data/external/kaggle/glaucoma_fundus_imaging_bundle/ORIGA/Masks/372.png,True
ORIGA,373,image,data/external/kaggle/glaucoma_fundus_imaging_bundle/ORIGA/Images/373.jpg,True
ORIGA,373,mask,data/external/kaggle/glaucoma_fundus_imaging_bundle/ORIGA/Masks/373.png,True
ORIGA,374,image,data/external/kaggle/glaucoma_fundus_imaging_bundle/ORIGA/Images/374.jpg,True
ORIGA,374,mask,data/external/kaggle/glaucoma_fundus_imaging_bundle/ORIGA/Masks/374.png,True
ORIGA,375,image,data/external/kaggle/glaucoma_fundus_imaging_bundle/ORIGA/Images/375.jpg,True
ORIGA,375,mask,data/external/kaggle/glaucoma_fundus_imaging_bundle/ORIGA/Masks/375.png,True
ORIGA,376,image,data/external/kaggle/glaucoma_fundus_imaging_bundle/ORIGA/Images/376.jpg,True
ORIGA,376,mask,data/external/kaggle/glaucoma_fundus_imaging_bundle/ORIGA/Masks/376.png,True
ORIGA,377,image,data/external/kaggle/glaucoma_fundus_imaging_bundle/ORIGA/Images/377.jpg,True
ORIGA,377,mask,data/external/kaggle/glaucoma_fundus_imaging_bundle/ORIGA/Masks/377.png,True
ORIGA,378,image,data/external/kaggle/glaucoma_fundus_imaging_bundle/ORIGA/Images/378.jpg,True
ORIGA,378,mask,data/external/kaggle/glaucoma_fundus_imaging_bundle/ORIGA/Masks/378.png,True
ORIGA,379,image,data/external/kaggle/glaucoma_fundus_imaging_bundle/ORIGA/Images/379.jpg,True
ORIGA,379,mask,data/external/kaggle/glaucoma_fundus_imaging_bundle/ORIGA/Masks/379.png,True
ORIGA,380,image,data/external/kaggle/glaucoma_fundus_imaging_bundle/ORIGA/Images/380.jpg,True
ORIGA,380,mask,data/external/kaggle/glaucoma_fundus_imaging_bundle/ORIGA/Masks/380.png,True
ORIGA,381,image,data/external/kaggle/glaucoma_fundus_imaging_bundle/ORIGA/Images/381.jpg,True
ORIGA,381,mask,data/external/kaggle/glaucoma_fundus_imaging_bundle/ORIGA/Masks/381.png,True
ORIGA,382,image,data/external/kaggle/glaucoma_fundus_imaging_bundle/ORIGA/Images/382.jpg,True
ORIGA,382,mask,data/external/kaggle/glaucoma_fundus_imaging_bundle/ORIGA/Masks/382.png,True
ORIGA,383,image,data/external/kaggle/glaucoma_fundus_imaging_bundle/ORIGA/Images/383.jpg,True
ORIGA,383,mask,data/external/kaggle/glaucoma_fundus_imaging_bundle/ORIGA/Masks/383.png,True
ORIGA,384,image,data/external/kaggle/glaucoma_fundus_imaging_bundle/ORIGA/Images/384.jpg,True
ORIGA,384,mask,data/external/kaggle/glaucoma_fundus_imaging_bundle/ORIGA/Masks/384.png,True
ORIGA,385,image,data/external/kaggle/glaucoma_fundus_imaging_bundle/ORIGA/Images/385.jpg,True
ORIGA,385,mask,data/external/kaggle/glaucoma_fundus_imaging_bundle/ORIGA/Masks/385.png,True
ORIGA,386,image,data/external/kaggle/glaucoma_fundus_imaging_bundle/ORIGA/Images/386.jpg,True
ORIGA,386,mask,data/external/kaggle/glaucoma_fundus_imaging_bundle/ORIGA/Masks/386.png,True
ORIGA,387,image,data/external/kaggle/glaucoma_fundus_imaging_bundle/ORIGA/Images/387.jpg,True
ORIGA,387,mask,data/external/kaggle/glaucoma_fundus_imaging_bundle/ORIGA/Masks/387.png,True
ORIGA,388,image,data/external/kaggle/glaucoma_fundus_imaging_bundle/ORIGA/Images/388.jpg,True
ORIGA,388,mask,data/external/kaggle/glaucoma_fundus_imaging_bundle/ORIGA/Masks/388.png,True
ORIGA,389,image,data/external/kaggle/glaucoma_fundus_imaging_bundle/ORIGA/Images/389.jpg,True
ORIGA,389,mask,data/external/kaggle/glaucoma_fundus_imaging_bundle/ORIGA/Masks/389.png,True
ORIGA,390,image,data/external/kaggle/glaucoma_fundus_imaging_bundle/ORIGA/Images/390.jpg,True
ORIGA,390,mask,data/external/kaggle/glaucoma_fundus_imaging_bundle/ORIGA/Masks/390.png,True
ORIGA,391,image,data/external/kaggle/glaucoma_fundus_imaging_bundle/ORIGA/Images/391.jpg,True
ORIGA,391,mask,data/external/kaggle/glaucoma_fundus_imaging_bundle/ORIGA/Masks/391.png,True
ORIGA,392,image,data/external/kaggle/glaucoma_fundus_imaging_bundle/ORIGA/Images/392.jpg,True
ORIGA,392,mask,data/external/kaggle/glaucoma_fundus_imaging_bundle/ORIGA/Masks/392.png,True
ORIGA,393,image,data/external/kaggle/glaucoma_fundus_imaging_bundle/ORIGA/Images/393.jpg,True
ORIGA,393,mask,data/external/kaggle/glaucoma_fundus_imaging_bundle/ORIGA/Masks/393.png,True
ORIGA,394,image,data/external/kaggle/glaucoma_fundus_imaging_bundle/ORIGA/Images/394.jpg,True
ORIGA,394,mask,data/external/kaggle/glaucoma_fundus_imaging_bundle/ORIGA/Masks/394.png,True
ORIGA,395,image,data/external/kaggle/glaucoma_fundus_imaging_bundle/ORIGA/Images/395.jpg,True
ORIGA,395,mask,data/external/kaggle/glaucoma_fundus_imaging_bundle/ORIGA/Masks/395.png,True
ORIGA,396,image,data/external/kaggle/glaucoma_fundus_imaging_bundle/ORIGA/Images/396.jpg,True
ORIGA,396,mask,data/external/kaggle/glaucoma_fundus_imaging_bundle/ORIGA/Masks/396.png,True
ORIGA,397,image,data/external/kaggle/glaucoma_fundus_imaging_bundle/ORIGA/Images/397.jpg,True
ORIGA,397,mask,data/external/kaggle/glaucoma_fundus_imaging_bundle/ORIGA/Masks/397.png,True
ORIGA,398,image,data/external/kaggle/glaucoma_fundus_imaging_bundle/ORIGA/Images/398.jpg,True
ORIGA,398,mask,data/external/kaggle/glaucoma_fundus_imaging_bundle/ORIGA/Masks/398.png,True
ORIGA,399,image,data/external/kaggle/glaucoma_fundus_imaging_bundle/ORIGA/Images/399.jpg,True
ORIGA,399,mask,data/external/kaggle/glaucoma_fundus_imaging_bundle/ORIGA/Masks/399.png,True
ORIGA,400,image,data/external/kaggle/glaucoma_fundus_imaging_bundle/ORIGA/Images/400.jpg,True
ORIGA,400,mask,data/external/kaggle/glaucoma_fundus_imaging_bundle/ORIGA/Masks/400.png,True
ORIGA,401,image,data/external/kaggle/glaucoma_fundus_imaging_bundle/ORIGA/Images/401.jpg,True
ORIGA,401,mask,data/external/kaggle/glaucoma_fundus_imaging_bundle/ORIGA/Masks/401.png,True
ORIGA,402,image,data/external/kaggle/glaucoma_fundus_imaging_bundle/ORIGA/Images/402.jpg,True
ORIGA,402,mask,data/external/kaggle/glaucoma_fundus_imaging_bundle/ORIGA/Masks/402.png,True
ORIGA,403,image,data/external/kaggle/glaucoma_fundus_imaging_bundle/ORIGA/Images/403.jpg,True
ORIGA,403,mask,data/external/kaggle/glaucoma_fundus_imaging_bundle/ORIGA/Masks/403.png,True
ORIGA,404,image,data/external/kaggle/glaucoma_fundus_imaging_bundle/ORIGA/Images/404.jpg,True
ORIGA,404,mask,data/external/kaggle/glaucoma_fundus_imaging_bundle/ORIGA/Masks/404.png,True
ORIGA,405,image,data/external/kaggle/glaucoma_fundus_imaging_bundle/ORIGA/Images/405.jpg,True
ORIGA,405,mask,data/external/kaggle/glaucoma_fundus_imaging_bundle/ORIGA/Masks/405.png,True
ORIGA,406,image,data/external/kaggle/glaucoma_fundus_imaging_bundle/ORIGA/Images/406.jpg,True
ORIGA,406,mask,data/external/kaggle/glaucoma_fundus_imaging_bundle/ORIGA/Masks/406.png,True
ORIGA,407,image,data/external/kaggle/glaucoma_fundus_imaging_bundle/ORIGA/Images/407.jpg,True
ORIGA,407,mask,data/external/kaggle/glaucoma_fundus_imaging_bundle/ORIGA/Masks/407.png,True
ORIGA,408,image,data/external/kaggle/glaucoma_fundus_imaging_bundle/ORIGA/Images/408.jpg,True
ORIGA,408,mask,data/external/kaggle/glaucoma_fundus_imaging_bundle/ORIGA/Masks/408.png,True
ORIGA,409,image,data/external/kaggle/glaucoma_fundus_imaging_bundle/ORIGA/Images/409.jpg,True
ORIGA,409,mask,data/external/kaggle/glaucoma_fundus_imaging_bundle/ORIGA/Masks/409.png,True
ORIGA,410,image,data/external/kaggle/glaucoma_fundus_imaging_bundle/ORIGA/Images/410.jpg,True
ORIGA,410,mask,data/external/kaggle/glaucoma_fundus_imaging_bundle/ORIGA/Masks/410.png,True
ORIGA,411,image,data/external/kaggle/glaucoma_fundus_imaging_bundle/ORIGA/Images/411.jpg,True
ORIGA,411,mask,data/external/kaggle/glaucoma_fundus_imaging_bundle/ORIGA/Masks/411.png,True
ORIGA,412,image,data/external/kaggle/glaucoma_fundus_imaging_bundle/ORIGA/Images/412.jpg,True
ORIGA,412,mask,data/external/kaggle/glaucoma_fundus_imaging_bundle/ORIGA/Masks/412.png,True
ORIGA,413,image,data/external/kaggle/glaucoma_fundus_imaging_bundle/ORIGA/Images/413.jpg,True
ORIGA,413,mask,data/external/kaggle/glaucoma_fundus_imaging_bundle/ORIGA/Masks/413.png,True
ORIGA,414,image,data/external/kaggle/glaucoma_fundus_imaging_bundle/ORIGA/Images/414.jpg,True
ORIGA,414,mask,data/external/kaggle/glaucoma_fundus_imaging_bundle/ORIGA/Masks/414.png,True
ORIGA,415,image,data/external/kaggle/glaucoma_fundus_imaging_bundle/ORIGA/Images/415.jpg,True
ORIGA,415,mask,data/external/kaggle/glaucoma_fundus_imaging_bundle/ORIGA/Masks/415.png,True
ORIGA,416,image,data/external/kaggle/glaucoma_fundus_imaging_bundle/ORIGA/Images/416.jpg,True
ORIGA,416,mask,data/external/kaggle/glaucoma_fundus_imaging_bundle/ORIGA/Masks/416.png,True
ORIGA,417,image,data/external/kaggle/glaucoma_fundus_imaging_bundle/ORIGA/Images/417.jpg,True
ORIGA,417,mask,data/external/kaggle/glaucoma_fundus_imaging_bundle/ORIGA/Masks/417.png,True
ORIGA,418,image,data/external/kaggle/glaucoma_fundus_imaging_bundle/ORIGA/Images/418.jpg,True
ORIGA,418,mask,data/external/kaggle/glaucoma_fundus_imaging_bundle/ORIGA/Masks/418.png,True
ORIGA,419,image,data/external/kaggle/glaucoma_fundus_imaging_bundle/ORIGA/Images/419.jpg,True
ORIGA,419,mask,data/external/kaggle/glaucoma_fundus_imaging_bundle/ORIGA/Masks/419.png,True
ORIGA,420,image,data/external/kaggle/glaucoma_fundus_imaging_bundle/ORIGA/Images/420.jpg,True
ORIGA,420,mask,data/external/kaggle/glaucoma_fundus_imaging_bundle/ORIGA/Masks/420.png,True
ORIGA,421,image,data/external/kaggle/glaucoma_fundus_imaging_bundle/ORIGA/Images/421.jpg,True
ORIGA,421,mask,data/external/kaggle/glaucoma_fundus_imaging_bundle/ORIGA/Masks/421.png,True
ORIGA,422,image,data/external/kaggle/glaucoma_fundus_imaging_bundle/ORIGA/Images/422.jpg,True
ORIGA,422,mask,data/external/kaggle/glaucoma_fundus_imaging_bundle/ORIGA/Masks/422.png,True
ORIGA,423,image,data/external/kaggle/glaucoma_fundus_imaging_bundle/ORIGA/Images/423.jpg,True
ORIGA,423,mask,data/external/kaggle/glaucoma_fundus_imaging_bundle/ORIGA/Masks/423.png,True
ORIGA,424,image,data/external/kaggle/glaucoma_fundus_imaging_bundle/ORIGA/Images/424.jpg,True
ORIGA,424,mask,data/external/kaggle/glaucoma_fundus_imaging_bundle/ORIGA/Masks/424.png,True
ORIGA,425,image,data/external/kaggle/glaucoma_fundus_imaging_bundle/ORIGA/Images/425.jpg,True
ORIGA,425,mask,data/external/kaggle/glaucoma_fundus_imaging_bundle/ORIGA/Masks/425.png,True
ORIGA,426,image,data/external/kaggle/glaucoma_fundus_imaging_bundle/ORIGA/Images/426.jpg,True
ORIGA,426,mask,data/external/kaggle/glaucoma_fundus_imaging_bundle/ORIGA/Masks/426.png,True
ORIGA,427,image,data/external/kaggle/glaucoma_fundus_imaging_bundle/ORIGA/Images/427.jpg,True
ORIGA,427,mask,data/external/kaggle/glaucoma_fundus_imaging_bundle/ORIGA/Masks/427.png,True
ORIGA,428,image,data/external/kaggle/glaucoma_fundus_imaging_bundle/ORIGA/Images/428.jpg,True
ORIGA,428,mask,data/external/kaggle/glaucoma_fundus_imaging_bundle/ORIGA/Masks/428.png,True
ORIGA,429,image,data/external/kaggle/glaucoma_fundus_imaging_bundle/ORIGA/Images/429.jpg,True
ORIGA,429,mask,data/external/kaggle/glaucoma_fundus_imaging_bundle/ORIGA/Masks/429.png,True
ORIGA,430,image,data/external/kaggle/glaucoma_fundus_imaging_bundle/ORIGA/Images/430.jpg,True
ORIGA,430,mask,data/external/kaggle/glaucoma_fundus_imaging_bundle/ORIGA/Masks/430.png,True
ORIGA,431,image,data/external/kaggle/glaucoma_fundus_imaging_bundle/ORIGA/Images/431.jpg,True
ORIGA,431,mask,data/external/kaggle/glaucoma_fundus_imaging_bundle/ORIGA/Masks/431.png,True
ORIGA,432,image,data/external/kaggle/glaucoma_fundus_imaging_bundle/ORIGA/Images/432.jpg,True
ORIGA,432,mask,data/external/kaggle/glaucoma_fundus_imaging_bundle/ORIGA/Masks/432.png,True
ORIGA,433,image,data/external/kaggle/glaucoma_fundus_imaging_bundle/ORIGA/Images/433.jpg,True
ORIGA,433,mask,data/external/kaggle/glaucoma_fundus_imaging_bundle/ORIGA/Masks/433.png,True
ORIGA,434,image,data/external/kaggle/glaucoma_fundus_imaging_bundle/ORIGA/Images/434.jpg,True
ORIGA,434,mask,data/external/kaggle/glaucoma_fundus_imaging_bundle/ORIGA/Masks/434.png,True
ORIGA,435,image,data/external/kaggle/glaucoma_fundus_imaging_bundle/ORIGA/Images/435.jpg,True
ORIGA,435,mask,data/external/kaggle/glaucoma_fundus_imaging_bundle/ORIGA/Masks/435.png,True
ORIGA,436,image,data/external/kaggle/glaucoma_fundus_imaging_bundle/ORIGA/Images/436.jpg,True
ORIGA,436,mask,data/external/kaggle/glaucoma_fundus_imaging_bundle/ORIGA/Masks/436.png,True
ORIGA,437,image,data/external/kaggle/glaucoma_fundus_imaging_bundle/ORIGA/Images/437.jpg,True
ORIGA,437,mask,data/external/kaggle/glaucoma_fundus_imaging_bundle/ORIGA/Masks/437.png,True
ORIGA,438,image,data/external/kaggle/glaucoma_fundus_imaging_bundle/ORIGA/Images/438.jpg,True
ORIGA,438,mask,data/external/kaggle/glaucoma_fundus_imaging_bundle/ORIGA/Masks/438.png,True
ORIGA,439,image,data/external/kaggle/glaucoma_fundus_imaging_bundle/ORIGA/Images/439.jpg,True
ORIGA,439,mask,data/external/kaggle/glaucoma_fundus_imaging_bundle/ORIGA/Masks/439.png,True
ORIGA,440,image,data/external/kaggle/glaucoma_fundus_imaging_bundle/ORIGA/Images/440.jpg,True
ORIGA,440,mask,data/external/kaggle/glaucoma_fundus_imaging_bundle/ORIGA/Masks/440.png,True
ORIGA,441,image,data/external/kaggle/glaucoma_fundus_imaging_bundle/ORIGA/Images/441.jpg,True
ORIGA,441,mask,data/external/kaggle/glaucoma_fundus_imaging_bundle/ORIGA/Masks/441.png,True
ORIGA,442,image,data/external/kaggle/glaucoma_fundus_imaging_bundle/ORIGA/Images/442.jpg,True
ORIGA,442,mask,data/external/kaggle/glaucoma_fundus_imaging_bundle/ORIGA/Masks/442.png,True
ORIGA,443,image,data/external/kaggle/glaucoma_fundus_imaging_bundle/ORIGA/Images/443.jpg,True
ORIGA,443,mask,data/external/kaggle/glaucoma_fundus_imaging_bundle/ORIGA/Masks/443.png,True
ORIGA,444,image,data/external/kaggle/glaucoma_fundus_imaging_bundle/ORIGA/Images/444.jpg,True
ORIGA,444,mask,data/external/kaggle/glaucoma_fundus_imaging_bundle/ORIGA/Masks/444.png,True
ORIGA,445,image,data/external/kaggle/glaucoma_fundus_imaging_bundle/ORIGA/Images/445.jpg,True
ORIGA,445,mask,data/external/kaggle/glaucoma_fundus_imaging_bundle/ORIGA/Masks/445.png,True
ORIGA,446,image,data/external/kaggle/glaucoma_fundus_imaging_bundle/ORIGA/Images/446.jpg,True
ORIGA,446,mask,data/external/kaggle/glaucoma_fundus_imaging_bundle/ORIGA/Masks/446.png,True
ORIGA,447,image,data/external/kaggle/glaucoma_fundus_imaging_bundle/ORIGA/Images/447.jpg,True
ORIGA,447,mask,data/external/kaggle/glaucoma_fundus_imaging_bundle/ORIGA/Masks/447.png,True
ORIGA,448,image,data/external/kaggle/glaucoma_fundus_imaging_bundle/ORIGA/Images/448.jpg,True
ORIGA,448,mask,data/external/kaggle/glaucoma_fundus_imaging_bundle/ORIGA/Masks/448.png,True
ORIGA,449,image,data/external/kaggle/glaucoma_fundus_imaging_bundle/ORIGA/Images/449.jpg,True
ORIGA,449,mask,data/external/kaggle/glaucoma_fundus_imaging_bundle/ORIGA/Masks/449.png,True
ORIGA,450,image,data/external/kaggle/glaucoma_fundus_imaging_bundle/ORIGA/Images/450.jpg,True
ORIGA,450,mask,data/external/kaggle/glaucoma_fundus_imaging_bundle/ORIGA/Masks/450.png,True
ORIGA,451,image,data/external/kaggle/glaucoma_fundus_imaging_bundle/ORIGA/Images/451.jpg,True
ORIGA,451,mask,data/external/kaggle/glaucoma_fundus_imaging_bundle/ORIGA/Masks/451.png,True
ORIGA,452,image,data/external/kaggle/glaucoma_fundus_imaging_bundle/ORIGA/Images/452.jpg,True
ORIGA,452,mask,data/external/kaggle/glaucoma_fundus_imaging_bundle/ORIGA/Masks/452.png,True
ORIGA,453,image,data/external/kaggle/glaucoma_fundus_imaging_bundle/ORIGA/Images/453.jpg,True
ORIGA,453,mask,data/external/kaggle/glaucoma_fundus_imaging_bundle/ORIGA/Masks/453.png,True
ORIGA,454,image,data/external/kaggle/glaucoma_fundus_imaging_bundle/ORIGA/Images/454.jpg,True
ORIGA,454,mask,data/external/kaggle/glaucoma_fundus_imaging_bundle/ORIGA/Masks/454.png,True
ORIGA,455,image,data/external/kaggle/glaucoma_fundus_imaging_bundle/ORIGA/Images/455.jpg,True
ORIGA,455,mask,data/external/kaggle/glaucoma_fundus_imaging_bundle/ORIGA/Masks/455.png,True
ORIGA,456,image,data/external/kaggle/glaucoma_fundus_imaging_bundle/ORIGA/Images/456.jpg,True
ORIGA,456,mask,data/external/kaggle/glaucoma_fundus_imaging_bundle/ORIGA/Masks/456.png,True
ORIGA,457,image,data/external/kaggle/glaucoma_fundus_imaging_bundle/ORIGA/Images/457.jpg,True
ORIGA,457,mask,data/external/kaggle/glaucoma_fundus_imaging_bundle/ORIGA/Masks/457.png,True
ORIGA,458,image,data/external/kaggle/glaucoma_fundus_imaging_bundle/ORIGA/Images/458.jpg,True
ORIGA,458,mask,data/external/kaggle/glaucoma_fundus_imaging_bundle/ORIGA/Masks/458.png,True
ORIGA,459,image,data/external/kaggle/glaucoma_fundus_imaging_bundle/ORIGA/Images/459.jpg,True
ORIGA,459,mask,data/external/kaggle/glaucoma_fundus_imaging_bundle/ORIGA/Masks/459.png,True
ORIGA,460,image,data/external/kaggle/glaucoma_fundus_imaging_bundle/ORIGA/Images/460.jpg,True
ORIGA,460,mask,data/external/kaggle/glaucoma_fundus_imaging_bundle/ORIGA/Masks/460.png,True
ORIGA,461,image,data/external/kaggle/glaucoma_fundus_imaging_bundle/ORIGA/Images/461.jpg,True
ORIGA,461,mask,data/external/kaggle/glaucoma_fundus_imaging_bundle/ORIGA/Masks/461.png,True
ORIGA,462,image,data/external/kaggle/glaucoma_fundus_imaging_bundle/ORIGA/Images/462.jpg,True
ORIGA,462,mask,data/external/kaggle/glaucoma_fundus_imaging_bundle/ORIGA/Masks/462.png,True
ORIGA,463,image,data/external/kaggle/glaucoma_fundus_imaging_bundle/ORIGA/Images/463.jpg,True
ORIGA,463,mask,data/external/kaggle/glaucoma_fundus_imaging_bundle/ORIGA/Masks/463.png,True
ORIGA,464,image,data/external/kaggle/glaucoma_fundus_imaging_bundle/ORIGA/Images/464.jpg,True
ORIGA,464,mask,data/external/kaggle/glaucoma_fundus_imaging_bundle/ORIGA/Masks/464.png,True
ORIGA,465,image,data/external/kaggle/glaucoma_fundus_imaging_bundle/ORIGA/Images/465.jpg,True
ORIGA,465,mask,data/external/kaggle/glaucoma_fundus_imaging_bundle/ORIGA/Masks/465.png,True
ORIGA,466,image,data/external/kaggle/glaucoma_fundus_imaging_bundle/ORIGA/Images/466.jpg,True
ORIGA,466,mask,data/external/kaggle/glaucoma_fundus_imaging_bundle/ORIGA/Masks/466.png,True
ORIGA,467,image,data/external/kaggle/glaucoma_fundus_imaging_bundle/ORIGA/Images/467.jpg,True
ORIGA,467,mask,data/external/kaggle/glaucoma_fundus_imaging_bundle/ORIGA/Masks/467.png,True
ORIGA,468,image,data/external/kaggle/glaucoma_fundus_imaging_bundle/ORIGA/Images/468.jpg,True
ORIGA,468,mask,data/external/kaggle/glaucoma_fundus_imaging_bundle/ORIGA/Masks/468.png,True
ORIGA,469,image,data/external/kaggle/glaucoma_fundus_imaging_bundle/ORIGA/Images/469.jpg,True
ORIGA,469,mask,data/external/kaggle/glaucoma_fundus_imaging_bundle/ORIGA/Masks/469.png,True
ORIGA,470,image,data/external/kaggle/glaucoma_fundus_imaging_bundle/ORIGA/Images/470.jpg,True
ORIGA,470,mask,data/external/kaggle/glaucoma_fundus_imaging_bundle/ORIGA/Masks/470.png,True
ORIGA,471,image,data/external/kaggle/glaucoma_fundus_imaging_bundle/ORIGA/Images/471.jpg,True
ORIGA,471,mask,data/external/kaggle/glaucoma_fundus_imaging_bundle/ORIGA/Masks/471.png,True
ORIGA,472,image,data/external/kaggle/glaucoma_fundus_imaging_bundle/ORIGA/Images/472.jpg,True
ORIGA,472,mask,data/external/kaggle/glaucoma_fundus_imaging_bundle/ORIGA/Masks/472.png,True
ORIGA,473,image,data/external/kaggle/glaucoma_fundus_imaging_bundle/ORIGA/Images/473.jpg,True
ORIGA,473,mask,data/external/kaggle/glaucoma_fundus_imaging_bundle/ORIGA/Masks/473.png,True
ORIGA,474,image,data/external/kaggle/glaucoma_fundus_imaging_bundle/ORIGA/Images/474.jpg,True
ORIGA,474,mask,data/external/kaggle/glaucoma_fundus_imaging_bundle/ORIGA/Masks/474.png,True
ORIGA,475,image,data/external/kaggle/glaucoma_fundus_imaging_bundle/ORIGA/Images/475.jpg,True
ORIGA,475,mask,data/external/kaggle/glaucoma_fundus_imaging_bundle/ORIGA/Masks/475.png,True
ORIGA,476,image,data/external/kaggle/glaucoma_fundus_imaging_bundle/ORIGA/Images/476.jpg,True
ORIGA,476,mask,data/external/kaggle/glaucoma_fundus_imaging_bundle/ORIGA/Masks/476.png,True
ORIGA,477,image,data/external/kaggle/glaucoma_fundus_imaging_bundle/ORIGA/Images/477.jpg,True
ORIGA,477,mask,data/external/kaggle/glaucoma_fundus_imaging_bundle/ORIGA/Masks/477.png,True
ORIGA,478,image,data/external/kaggle/glaucoma_fundus_imaging_bundle/ORIGA/Images/478.jpg,True
ORIGA,478,mask,data/external/kaggle/glaucoma_fundus_imaging_bundle/ORIGA/Masks/478.png,True
ORIGA,479,image,data/external/kaggle/glaucoma_fundus_imaging_bundle/ORIGA/Images/479.jpg,True
ORIGA,479,mask,data/external/kaggle/glaucoma_fundus_imaging_bundle/ORIGA/Masks/479.png,True
ORIGA,480,image,data/external/kaggle/glaucoma_fundus_imaging_bundle/ORIGA/Images/480.jpg,True
ORIGA,480,mask,data/external/kaggle/glaucoma_fundus_imaging_bundle/ORIGA/Masks/480.png,True
ORIGA,481,image,data/external/kaggle/glaucoma_fundus_imaging_bundle/ORIGA/Images/481.jpg,True
ORIGA,481,mask,data/external/kaggle/glaucoma_fundus_imaging_bundle/ORIGA/Masks/481.png,True
ORIGA,482,image,data/external/kaggle/glaucoma_fundus_imaging_bundle/ORIGA/Images/482.jpg,True
ORIGA,482,mask,data/external/kaggle/glaucoma_fundus_imaging_bundle/ORIGA/Masks/482.png,True
ORIGA,483,image,data/external/kaggle/glaucoma_fundus_imaging_bundle/ORIGA/Images/483.jpg,True
ORIGA,483,mask,data/external/kaggle/glaucoma_fundus_imaging_bundle/ORIGA/Masks/483.png,True
ORIGA,484,image,data/external/kaggle/glaucoma_fundus_imaging_bundle/ORIGA/Images/484.jpg,True
ORIGA,484,mask,data/external/kaggle/glaucoma_fundus_imaging_bundle/ORIGA/Masks/484.png,True
ORIGA,485,image,data/external/kaggle/glaucoma_fundus_imaging_bundle/ORIGA/Images/485.jpg,True
ORIGA,485,mask,data/external/kaggle/glaucoma_fundus_imaging_bundle/ORIGA/Masks/485.png,True
ORIGA,486,image,data/external/kaggle/glaucoma_fundus_imaging_bundle/ORIGA/Images/486.jpg,True
ORIGA,486,mask,data/external/kaggle/glaucoma_fundus_imaging_bundle/ORIGA/Masks/486.png,True
ORIGA,487,image,data/external/kaggle/glaucoma_fundus_imaging_bundle/ORIGA/Images/487.jpg,True
ORIGA,487,mask,data/external/kaggle/glaucoma_fundus_imaging_bundle/ORIGA/Masks/487.png,True
ORIGA,488,image,data/external/kaggle/glaucoma_fundus_imaging_bundle/ORIGA/Images/488.jpg,True
ORIGA,488,mask,data/external/kaggle/glaucoma_fundus_imaging_bundle/ORIGA/Masks/488.png,True
ORIGA,489,image,data/external/kaggle/glaucoma_fundus_imaging_bundle/ORIGA/Images/489.jpg,True
ORIGA,489,mask,data/external/kaggle/glaucoma_fundus_imaging_bundle/ORIGA/Masks/489.png,True
ORIGA,490,image,data/external/kaggle/glaucoma_fundus_imaging_bundle/ORIGA/Images/490.jpg,True
ORIGA,490,mask,data/external/kaggle/glaucoma_fundus_imaging_bundle/ORIGA/Masks/490.png,True
ORIGA,491,image,data/external/kaggle/glaucoma_fundus_imaging_bundle/ORIGA/Images/491.jpg,True
ORIGA,491,mask,data/external/kaggle/glaucoma_fundus_imaging_bundle/ORIGA/Masks/491.png,True
ORIGA,492,image,data/external/kaggle/glaucoma_fundus_imaging_bundle/ORIGA/Images/492.jpg,True
ORIGA,492,mask,data/external/kaggle/glaucoma_fundus_imaging_bundle/ORIGA/Masks/492.png,True
ORIGA,493,image,data/external/kaggle/glaucoma_fundus_imaging_bundle/ORIGA/Images/493.jpg,True
ORIGA,493,mask,data/external/kaggle/glaucoma_fundus_imaging_bundle/ORIGA/Masks/493.png,True
ORIGA,494,image,data/external/kaggle/glaucoma_fundus_imaging_bundle/ORIGA/Images/494.jpg,True
ORIGA,494,mask,data/external/kaggle/glaucoma_fundus_imaging_bundle/ORIGA/Masks/494.png,True
ORIGA,495,image,data/external/kaggle/glaucoma_fundus_imaging_bundle/ORIGA/Images/495.jpg,True
ORIGA,495,mask,data/external/kaggle/glaucoma_fundus_imaging_bundle/ORIGA/Masks/495.png,True
ORIGA,496,image,data/external/kaggle/glaucoma_fundus_imaging_bundle/ORIGA/Images/496.jpg,True
ORIGA,496,mask,data/external/kaggle/glaucoma_fundus_imaging_bundle/ORIGA/Masks/496.png,True
ORIGA,497,image,data/external/kaggle/glaucoma_fundus_imaging_bundle/ORIGA/Images/497.jpg,True
ORIGA,497,mask,data/external/kaggle/glaucoma_fundus_imaging_bundle/ORIGA/Masks/497.png,True
ORIGA,498,image,data/external/kaggle/glaucoma_fundus_imaging_bundle/ORIGA/Images/498.jpg,True
ORIGA,498,mask,data/external/kaggle/glaucoma_fundus_imaging_bundle/ORIGA/Masks/498.png,True
ORIGA,499,image,data/external/kaggle/glaucoma_fundus_imaging_bundle/ORIGA/Images/499.jpg,True
ORIGA,499,mask,data/external/kaggle/glaucoma_fundus_imaging_bundle/ORIGA/Masks/499.png,True
ORIGA,500,image,data/external/kaggle/glaucoma_fundus_imaging_bundle/ORIGA/Images/500.jpg,True
ORIGA,500,mask,data/external/kaggle/glaucoma_fundus_imaging_bundle/ORIGA/Masks/500.png,True
ORIGA,501,image,data/external/kaggle/glaucoma_fundus_imaging_bundle/ORIGA/Images/501.jpg,True
ORIGA,501,mask,data/external/kaggle/glaucoma_fundus_imaging_bundle/ORIGA/Masks/501.png,True
ORIGA,502,image,data/external/kaggle/glaucoma_fundus_imaging_bundle/ORIGA/Images/502.jpg,True
ORIGA,502,mask,data/external/kaggle/glaucoma_fundus_imaging_bundle/ORIGA/Masks/502.png,True
ORIGA,503,image,data/external/kaggle/glaucoma_fundus_imaging_bundle/ORIGA/Images/503.jpg,True
ORIGA,503,mask,data/external/kaggle/glaucoma_fundus_imaging_bundle/ORIGA/Masks/503.png,True
ORIGA,504,image,data/external/kaggle/glaucoma_fundus_imaging_bundle/ORIGA/Images/504.jpg,True
ORIGA,504,mask,data/external/kaggle/glaucoma_fundus_imaging_bundle/ORIGA/Masks/504.png,True
ORIGA,505,image,data/external/kaggle/glaucoma_fundus_imaging_bundle/ORIGA/Images/505.jpg,True
ORIGA,505,mask,data/external/kaggle/glaucoma_fundus_imaging_bundle/ORIGA/Masks/505.png,True
ORIGA,506,image,data/external/kaggle/glaucoma_fundus_imaging_bundle/ORIGA/Images/506.jpg,True
ORIGA,506,mask,data/external/kaggle/glaucoma_fundus_imaging_bundle/ORIGA/Masks/506.png,True
ORIGA,507,image,data/external/kaggle/glaucoma_fundus_imaging_bundle/ORIGA/Images/507.jpg,True
ORIGA,507,mask,data/external/kaggle/glaucoma_fundus_imaging_bundle/ORIGA/Masks/507.png,True
ORIGA,508,image,data/external/kaggle/glaucoma_fundus_imaging_bundle/ORIGA/Images/508.jpg,True
ORIGA,508,mask,data/external/kaggle/glaucoma_fundus_imaging_bundle/ORIGA/Masks/508.png,True
ORIGA,509,image,data/external/kaggle/glaucoma_fundus_imaging_bundle/ORIGA/Images/509.jpg,True
ORIGA,509,mask,data/external/kaggle/glaucoma_fundus_imaging_bundle/ORIGA/Masks/509.png,True
ORIGA,510,image,data/external/kaggle/glaucoma_fundus_imaging_bundle/ORIGA/Images/510.jpg,True
ORIGA,510,mask,data/external/kaggle/glaucoma_fundus_imaging_bundle/ORIGA/Masks/510.png,True
ORIGA,511,image,data/external/kaggle/glaucoma_fundus_imaging_bundle/ORIGA/Images/511.jpg,True
ORIGA,511,mask,data/external/kaggle/glaucoma_fundus_imaging_bundle/ORIGA/Masks/511.png,True
ORIGA,512,image,data/external/kaggle/glaucoma_fundus_imaging_bundle/ORIGA/Images/512.jpg,True
ORIGA,512,mask,data/external/kaggle/glaucoma_fundus_imaging_bundle/ORIGA/Masks/512.png,True
ORIGA,513,image,data/external/kaggle/glaucoma_fundus_imaging_bundle/ORIGA/Images/513.jpg,True
ORIGA,513,mask,data/external/kaggle/glaucoma_fundus_imaging_bundle/ORIGA/Masks/513.png,True
ORIGA,514,image,data/external/kaggle/glaucoma_fundus_imaging_bundle/ORIGA/Images/514.jpg,True
ORIGA,514,mask,data/external/kaggle/glaucoma_fundus_imaging_bundle/ORIGA/Masks/514.png,True
ORIGA,515,image,data/external/kaggle/glaucoma_fundus_imaging_bundle/ORIGA/Images/515.jpg,True
ORIGA,515,mask,data/external/kaggle/glaucoma_fundus_imaging_bundle/ORIGA/Masks/515.png,True
ORIGA,516,image,data/external/kaggle/glaucoma_fundus_imaging_bundle/ORIGA/Images/516.jpg,True
ORIGA,516,mask,data/external/kaggle/glaucoma_fundus_imaging_bundle/ORIGA/Masks/516.png,True
ORIGA,517,image,data/external/kaggle/glaucoma_fundus_imaging_bundle/ORIGA/Images/517.jpg,True
ORIGA,517,mask,data/external/kaggle/glaucoma_fundus_imaging_bundle/ORIGA/Masks/517.png,True
ORIGA,518,image,data/external/kaggle/glaucoma_fundus_imaging_bundle/ORIGA/Images/518.jpg,True
ORIGA,518,mask,data/external/kaggle/glaucoma_fundus_imaging_bundle/ORIGA/Masks/518.png,True
ORIGA,519,image,data/external/kaggle/glaucoma_fundus_imaging_bundle/ORIGA/Images/519.jpg,True
ORIGA,519,mask,data/external/kaggle/glaucoma_fundus_imaging_bundle/ORIGA/Masks/519.png,True
ORIGA,520,image,data/external/kaggle/glaucoma_fundus_imaging_bundle/ORIGA/Images/520.jpg,True
ORIGA,520,mask,data/external/kaggle/glaucoma_fundus_imaging_bundle/ORIGA/Masks/520.png,True
ORIGA,521,image,data/external/kaggle/glaucoma_fundus_imaging_bundle/ORIGA/Images/521.jpg,True
ORIGA,521,mask,data/external/kaggle/glaucoma_fundus_imaging_bundle/ORIGA/Masks/521.png,True
ORIGA,522,image,data/external/kaggle/glaucoma_fundus_imaging_bundle/ORIGA/Images/522.jpg,True
ORIGA,522,mask,data/external/kaggle/glaucoma_fundus_imaging_bundle/ORIGA/Masks/522.png,True
ORIGA,523,image,data/external/kaggle/glaucoma_fundus_imaging_bundle/ORIGA/Images/523.jpg,True
ORIGA,523,mask,data/external/kaggle/glaucoma_fundus_imaging_bundle/ORIGA/Masks/523.png,True
ORIGA,524,image,data/external/kaggle/glaucoma_fundus_imaging_bundle/ORIGA/Images/524.jpg,True
ORIGA,524,mask,data/external/kaggle/glaucoma_fundus_imaging_bundle/ORIGA/Masks/524.png,True
ORIGA,525,image,data/external/kaggle/glaucoma_fundus_imaging_bundle/ORIGA/Images/525.jpg,True
ORIGA,525,mask,data/external/kaggle/glaucoma_fundus_imaging_bundle/ORIGA/Masks/525.png,True
ORIGA,526,image,data/external/kaggle/glaucoma_fundus_imaging_bundle/ORIGA/Images/526.jpg,True
ORIGA,526,mask,data/external/kaggle/glaucoma_fundus_imaging_bundle/ORIGA/Masks/526.png,True
ORIGA,527,image,data/external/kaggle/glaucoma_fundus_imaging_bundle/ORIGA/Images/527.jpg,True
ORIGA,527,mask,data/external/kaggle/glaucoma_fundus_imaging_bundle/ORIGA/Masks/527.png,True
ORIGA,528,image,data/external/kaggle/glaucoma_fundus_imaging_bundle/ORIGA/Images/528.jpg,True
ORIGA,528,mask,data/external/kaggle/glaucoma_fundus_imaging_bundle/ORIGA/Masks/528.png,True
ORIGA,529,image,data/external/kaggle/glaucoma_fundus_imaging_bundle/ORIGA/Images/529.jpg,True
ORIGA,529,mask,data/external/kaggle/glaucoma_fundus_imaging_bundle/ORIGA/Masks/529.png,True
ORIGA,530,image,data/external/kaggle/glaucoma_fundus_imaging_bundle/ORIGA/Images/530.jpg,True
ORIGA,530,mask,data/external/kaggle/glaucoma_fundus_imaging_bundle/ORIGA/Masks/530.png,True
ORIGA,531,image,data/external/kaggle/glaucoma_fundus_imaging_bundle/ORIGA/Images/531.jpg,True
ORIGA,531,mask,data/external/kaggle/glaucoma_fundus_imaging_bundle/ORIGA/Masks/531.png,True
ORIGA,532,image,data/external/kaggle/glaucoma_fundus_imaging_bundle/ORIGA/Images/532.jpg,True
ORIGA,532,mask,data/external/kaggle/glaucoma_fundus_imaging_bundle/ORIGA/Masks/532.png,True
ORIGA,533,image,data/external/kaggle/glaucoma_fundus_imaging_bundle/ORIGA/Images/533.jpg,True
ORIGA,533,mask,data/external/kaggle/glaucoma_fundus_imaging_bundle/ORIGA/Masks/533.png,True
ORIGA,534,image,data/external/kaggle/glaucoma_fundus_imaging_bundle/ORIGA/Images/534.jpg,True
ORIGA,534,mask,data/external/kaggle/glaucoma_fundus_imaging_bundle/ORIGA/Masks/534.png,True
ORIGA,535,image,data/external/kaggle/glaucoma_fundus_imaging_bundle/ORIGA/Images/535.jpg,True
ORIGA,535,mask,data/external/kaggle/glaucoma_fundus_imaging_bundle/ORIGA/Masks/535.png,True
ORIGA,536,image,data/external/kaggle/glaucoma_fundus_imaging_bundle/ORIGA/Images/536.jpg,True
ORIGA,536,mask,data/external/kaggle/glaucoma_fundus_imaging_bundle/ORIGA/Masks/536.png,True
ORIGA,537,image,data/external/kaggle/glaucoma_fundus_imaging_bundle/ORIGA/Images/537.jpg,True
ORIGA,537,mask,data/external/kaggle/glaucoma_fundus_imaging_bundle/ORIGA/Masks/537.png,True
ORIGA,538,image,data/external/kaggle/glaucoma_fundus_imaging_bundle/ORIGA/Images/538.jpg,True
ORIGA,538,mask,data/external/kaggle/glaucoma_fundus_imaging_bundle/ORIGA/Masks/538.png,True
ORIGA,539,image,data/external/kaggle/glaucoma_fundus_imaging_bundle/ORIGA/Images/539.jpg,True
ORIGA,539,mask,data/external/kaggle/glaucoma_fundus_imaging_bundle/ORIGA/Masks/539.png,True
ORIGA,540,image,data/external/kaggle/glaucoma_fundus_imaging_bundle/ORIGA/Images/540.jpg,True
ORIGA,540,mask,data/external/kaggle/glaucoma_fundus_imaging_bundle/ORIGA/Masks/540.png,True
ORIGA,541,image,data/external/kaggle/glaucoma_fundus_imaging_bundle/ORIGA/Images/541.jpg,True
ORIGA,541,mask,data/external/kaggle/glaucoma_fundus_imaging_bundle/ORIGA/Masks/541.png,True
ORIGA,542,image,data/external/kaggle/glaucoma_fundus_imaging_bundle/ORIGA/Images/542.jpg,True
ORIGA,542,mask,data/external/kaggle/glaucoma_fundus_imaging_bundle/ORIGA/Masks/542.png,True
ORIGA,543,image,data/external/kaggle/glaucoma_fundus_imaging_bundle/ORIGA/Images/543.jpg,True
ORIGA,543,mask,data/external/kaggle/glaucoma_fundus_imaging_bundle/ORIGA/Masks/543.png,True
ORIGA,544,image,data/external/kaggle/glaucoma_fundus_imaging_bundle/ORIGA/Images/544.jpg,True
ORIGA,544,mask,data/external/kaggle/glaucoma_fundus_imaging_bundle/ORIGA/Masks/544.png,True
ORIGA,545,image,data/external/kaggle/glaucoma_fundus_imaging_bundle/ORIGA/Images/545.jpg,True
ORIGA,545,mask,data/external/kaggle/glaucoma_fundus_imaging_bundle/ORIGA/Masks/545.png,True
ORIGA,546,image,data/external/kaggle/glaucoma_fundus_imaging_bundle/ORIGA/Images/546.jpg,True
ORIGA,546,mask,data/external/kaggle/glaucoma_fundus_imaging_bundle/ORIGA/Masks/546.png,True
ORIGA,547,image,data/external/kaggle/glaucoma_fundus_imaging_bundle/ORIGA/Images/547.jpg,True
ORIGA,547,mask,data/external/kaggle/glaucoma_fundus_imaging_bundle/ORIGA/Masks/547.png,True
ORIGA,548,image,data/external/kaggle/glaucoma_fundus_imaging_bundle/ORIGA/Images/548.jpg,True
ORIGA,548,mask,data/external/kaggle/glaucoma_fundus_imaging_bundle/ORIGA/Masks/548.png,True
ORIGA,549,image,data/external/kaggle/glaucoma_fundus_imaging_bundle/ORIGA/Images/549.jpg,True
ORIGA,549,mask,data/external/kaggle/glaucoma_fundus_imaging_bundle/ORIGA/Masks/549.png,True
ORIGA,550,image,data/external/kaggle/glaucoma_fundus_imaging_bundle/ORIGA/Images/550.jpg,True
ORIGA,550,mask,data/external/kaggle/glaucoma_fundus_imaging_bundle/ORIGA/Masks/550.png,True
ORIGA,551,image,data/external/kaggle/glaucoma_fundus_imaging_bundle/ORIGA/Images/551.jpg,True
ORIGA,551,mask,data/external/kaggle/glaucoma_fundus_imaging_bundle/ORIGA/Masks/551.png,True
ORIGA,552,image,data/external/kaggle/glaucoma_fundus_imaging_bundle/ORIGA/Images/552.jpg,True
ORIGA,552,mask,data/external/kaggle/glaucoma_fundus_imaging_bundle/ORIGA/Masks/552.png,True
ORIGA,553,image,data/external/kaggle/glaucoma_fundus_imaging_bundle/ORIGA/Images/553.jpg,True
ORIGA,553,mask,data/external/kaggle/glaucoma_fundus_imaging_bundle/ORIGA/Masks/553.png,True
ORIGA,554,image,data/external/kaggle/glaucoma_fundus_imaging_bundle/ORIGA/Images/554.jpg,True
ORIGA,554,mask,data/external/kaggle/glaucoma_fundus_imaging_bundle/ORIGA/Masks/554.png,True
ORIGA,555,image,data/external/kaggle/glaucoma_fundus_imaging_bundle/ORIGA/Images/555.jpg,True
ORIGA,555,mask,data/external/kaggle/glaucoma_fundus_imaging_bundle/ORIGA/Masks/555.png,True
ORIGA,556,image,data/external/kaggle/glaucoma_fundus_imaging_bundle/ORIGA/Images/556.jpg,True
ORIGA,556,mask,data/external/kaggle/glaucoma_fundus_imaging_bundle/ORIGA/Masks/556.png,True
ORIGA,557,image,data/external/kaggle/glaucoma_fundus_imaging_bundle/ORIGA/Images/557.jpg,True
ORIGA,557,mask,data/external/kaggle/glaucoma_fundus_imaging_bundle/ORIGA/Masks/557.png,True
ORIGA,558,image,data/external/kaggle/glaucoma_fundus_imaging_bundle/ORIGA/Images/558.jpg,True
ORIGA,558,mask,data/external/kaggle/glaucoma_fundus_imaging_bundle/ORIGA/Masks/558.png,True
ORIGA,559,image,data/external/kaggle/glaucoma_fundus_imaging_bundle/ORIGA/Images/559.jpg,True
ORIGA,559,mask,data/external/kaggle/glaucoma_fundus_imaging_bundle/ORIGA/Masks/559.png,True
ORIGA,560,image,data/external/kaggle/glaucoma_fundus_imaging_bundle/ORIGA/Images/560.jpg,True
ORIGA,560,mask,data/external/kaggle/glaucoma_fundus_imaging_bundle/ORIGA/Masks/560.png,True
ORIGA,561,image,data/external/kaggle/glaucoma_fundus_imaging_bundle/ORIGA/Images/561.jpg,True
ORIGA,561,mask,data/external/kaggle/glaucoma_fundus_imaging_bundle/ORIGA/Masks/561.png,True
ORIGA,562,image,data/external/kaggle/glaucoma_fundus_imaging_bundle/ORIGA/Images/562.jpg,True
ORIGA,562,mask,data/external/kaggle/glaucoma_fundus_imaging_bundle/ORIGA/Masks/562.png,True
ORIGA,563,image,data/external/kaggle/glaucoma_fundus_imaging_bundle/ORIGA/Images/563.jpg,True
ORIGA,563,mask,data/external/kaggle/glaucoma_fundus_imaging_bundle/ORIGA/Masks/563.png,True
ORIGA,564,image,data/external/kaggle/glaucoma_fundus_imaging_bundle/ORIGA/Images/564.jpg,True
ORIGA,564,mask,data/external/kaggle/glaucoma_fundus_imaging_bundle/ORIGA/Masks/564.png,True
ORIGA,565,image,data/external/kaggle/glaucoma_fundus_imaging_bundle/ORIGA/Images/565.jpg,True
ORIGA,565,mask,data/external/kaggle/glaucoma_fundus_imaging_bundle/ORIGA/Masks/565.png,True
ORIGA,566,image,data/external/kaggle/glaucoma_fundus_imaging_bundle/ORIGA/Images/566.jpg,True
ORIGA,566,mask,data/external/kaggle/glaucoma_fundus_imaging_bundle/ORIGA/Masks/566.png,True
ORIGA,567,image,data/external/kaggle/glaucoma_fundus_imaging_bundle/ORIGA/Images/567.jpg,True
ORIGA,567,mask,data/external/kaggle/glaucoma_fundus_imaging_bundle/ORIGA/Masks/567.png,True
ORIGA,568,image,data/external/kaggle/glaucoma_fundus_imaging_bundle/ORIGA/Images/568.jpg,True
ORIGA,568,mask,data/external/kaggle/glaucoma_fundus_imaging_bundle/ORIGA/Masks/568.png,True
ORIGA,569,image,data/external/kaggle/glaucoma_fundus_imaging_bundle/ORIGA/Images/569.jpg,True
ORIGA,569,mask,data/external/kaggle/glaucoma_fundus_imaging_bundle/ORIGA/Masks/569.png,True
ORIGA,570,image,data/external/kaggle/glaucoma_fundus_imaging_bundle/ORIGA/Images/570.jpg,True
ORIGA,570,mask,data/external/kaggle/glaucoma_fundus_imaging_bundle/ORIGA/Masks/570.png,True
ORIGA,571,image,data/external/kaggle/glaucoma_fundus_imaging_bundle/ORIGA/Images/571.jpg,True
ORIGA,571,mask,data/external/kaggle/glaucoma_fundus_imaging_bundle/ORIGA/Masks/571.png,True
ORIGA,572,image,data/external/kaggle/glaucoma_fundus_imaging_bundle/ORIGA/Images/572.jpg,True
ORIGA,572,mask,data/external/kaggle/glaucoma_fundus_imaging_bundle/ORIGA/Masks/572.png,True
ORIGA,573,image,data/external/kaggle/glaucoma_fundus_imaging_bundle/ORIGA/Images/573.jpg,True
ORIGA,573,mask,data/external/kaggle/glaucoma_fundus_imaging_bundle/ORIGA/Masks/573.png,True
ORIGA,574,image,data/external/kaggle/glaucoma_fundus_imaging_bundle/ORIGA/Images/574.jpg,True
ORIGA,574,mask,data/external/kaggle/glaucoma_fundus_imaging_bundle/ORIGA/Masks/574.png,True
ORIGA,575,image,data/external/kaggle/glaucoma_fundus_imaging_bundle/ORIGA/Images/575.jpg,True
ORIGA,575,mask,data/external/kaggle/glaucoma_fundus_imaging_bundle/ORIGA/Masks/575.png,True
ORIGA,576,image,data/external/kaggle/glaucoma_fundus_imaging_bundle/ORIGA/Images/576.jpg,True
ORIGA,576,mask,data/external/kaggle/glaucoma_fundus_imaging_bundle/ORIGA/Masks/576.png,True
ORIGA,577,image,data/external/kaggle/glaucoma_fundus_imaging_bundle/ORIGA/Images/577.jpg,True
ORIGA,577,mask,data/external/kaggle/glaucoma_fundus_imaging_bundle/ORIGA/Masks/577.png,True
ORIGA,578,image,data/external/kaggle/glaucoma_fundus_imaging_bundle/ORIGA/Images/578.jpg,True
ORIGA,578,mask,data/external/kaggle/glaucoma_fundus_imaging_bundle/ORIGA/Masks/578.png,True
ORIGA,579,image,data/external/kaggle/glaucoma_fundus_imaging_bundle/ORIGA/Images/579.jpg,True
ORIGA,579,mask,data/external/kaggle/glaucoma_fundus_imaging_bundle/ORIGA/Masks/579.png,True
ORIGA,580,image,data/external/kaggle/glaucoma_fundus_imaging_bundle/ORIGA/Images/580.jpg,True
ORIGA,580,mask,data/external/kaggle/glaucoma_fundus_imaging_bundle/ORIGA/Masks/580.png,True
ORIGA,581,image,data/external/kaggle/glaucoma_fundus_imaging_bundle/ORIGA/Images/581.jpg,True
ORIGA,581,mask,data/external/kaggle/glaucoma_fundus_imaging_bundle/ORIGA/Masks/581.png,True
ORIGA,582,image,data/external/kaggle/glaucoma_fundus_imaging_bundle/ORIGA/Images/582.jpg,True
ORIGA,582,mask,data/external/kaggle/glaucoma_fundus_imaging_bundle/ORIGA/Masks/582.png,True
ORIGA,583,image,data/external/kaggle/glaucoma_fundus_imaging_bundle/ORIGA/Images/583.jpg,True
ORIGA,583,mask,data/external/kaggle/glaucoma_fundus_imaging_bundle/ORIGA/Masks/583.png,True
ORIGA,584,image,data/external/kaggle/glaucoma_fundus_imaging_bundle/ORIGA/Images/584.jpg,True
ORIGA,584,mask,data/external/kaggle/glaucoma_fundus_imaging_bundle/ORIGA/Masks/584.png,True
ORIGA,585,image,data/external/kaggle/glaucoma_fundus_imaging_bundle/ORIGA/Images/585.jpg,True
ORIGA,585,mask,data/external/kaggle/glaucoma_fundus_imaging_bundle/ORIGA/Masks/585.png,True
ORIGA,586,image,data/external/kaggle/glaucoma_fundus_imaging_bundle/ORIGA/Images/586.jpg,True
ORIGA,586,mask,data/external/kaggle/glaucoma_fundus_imaging_bundle/ORIGA/Masks/586.png,True
ORIGA,587,image,data/external/kaggle/glaucoma_fundus_imaging_bundle/ORIGA/Images/587.jpg,True
ORIGA,587,mask,data/external/kaggle/glaucoma_fundus_imaging_bundle/ORIGA/Masks/587.png,True
ORIGA,588,image,data/external/kaggle/glaucoma_fundus_imaging_bundle/ORIGA/Images/588.jpg,True
ORIGA,588,mask,data/external/kaggle/glaucoma_fundus_imaging_bundle/ORIGA/Masks/588.png,True
ORIGA,589,image,data/external/kaggle/glaucoma_fundus_imaging_bundle/ORIGA/Images/589.jpg,True
ORIGA,589,mask,data/external/kaggle/glaucoma_fundus_imaging_bundle/ORIGA/Masks/589.png,True
ORIGA,590,image,data/external/kaggle/glaucoma_fundus_imaging_bundle/ORIGA/Images/590.jpg,True
ORIGA,590,mask,data/external/kaggle/glaucoma_fundus_imaging_bundle/ORIGA/Masks/590.png,True
ORIGA,591,image,data/external/kaggle/glaucoma_fundus_imaging_bundle/ORIGA/Images/591.jpg,True
ORIGA,591,mask,data/external/kaggle/glaucoma_fundus_imaging_bundle/ORIGA/Masks/591.png,True
ORIGA,592,image,data/external/kaggle/glaucoma_fundus_imaging_bundle/ORIGA/Images/592.jpg,True
ORIGA,592,mask,data/external/kaggle/glaucoma_fundus_imaging_bundle/ORIGA/Masks/592.png,True
ORIGA,593,image,data/external/kaggle/glaucoma_fundus_imaging_bundle/ORIGA/Images/593.jpg,True
ORIGA,593,mask,data/external/kaggle/glaucoma_fundus_imaging_bundle/ORIGA/Masks/593.png,True
ORIGA,594,image,data/external/kaggle/glaucoma_fundus_imaging_bundle/ORIGA/Images/594.jpg,True
ORIGA,594,mask,data/external/kaggle/glaucoma_fundus_imaging_bundle/ORIGA/Masks/594.png,True
ORIGA,595,image,data/external/kaggle/glaucoma_fundus_imaging_bundle/ORIGA/Images/595.jpg,True
ORIGA,595,mask,data/external/kaggle/glaucoma_fundus_imaging_bundle/ORIGA/Masks/595.png,True
ORIGA,596,image,data/external/kaggle/glaucoma_fundus_imaging_bundle/ORIGA/Images/596.jpg,True
ORIGA,596,mask,data/external/kaggle/glaucoma_fundus_imaging_bundle/ORIGA/Masks/596.png,True
ORIGA,597,image,data/external/kaggle/glaucoma_fundus_imaging_bundle/ORIGA/Images/597.jpg,True
ORIGA,597,mask,data/external/kaggle/glaucoma_fundus_imaging_bundle/ORIGA/Masks/597.png,True
ORIGA,598,image,data/external/kaggle/glaucoma_fundus_imaging_bundle/ORIGA/Images/598.jpg,True
ORIGA,598,mask,data/external/kaggle/glaucoma_fundus_imaging_bundle/ORIGA/Masks/598.png,True
ORIGA,599,image,data/external/kaggle/glaucoma_fundus_imaging_bundle/ORIGA/Images/599.jpg,True
ORIGA,599,mask,data/external/kaggle/glaucoma_fundus_imaging_bundle/ORIGA/Masks/599.png,True
ORIGA,600,image,data/external/kaggle/glaucoma_fundus_imaging_bundle/ORIGA/Images/600.jpg,True
ORIGA,600,mask,data/external/kaggle/glaucoma_fundus_imaging_bundle/ORIGA/Masks/600.png,True
ORIGA,601,image,data/external/kaggle/glaucoma_fundus_imaging_bundle/ORIGA/Images/601.jpg,True
ORIGA,601,mask,data/external/kaggle/glaucoma_fundus_imaging_bundle/ORIGA/Masks/601.png,True
ORIGA,602,image,data/external/kaggle/glaucoma_fundus_imaging_bundle/ORIGA/Images/602.jpg,True
ORIGA,602,mask,data/external/kaggle/glaucoma_fundus_imaging_bundle/ORIGA/Masks/602.png,True
ORIGA,603,image,data/external/kaggle/glaucoma_fundus_imaging_bundle/ORIGA/Images/603.jpg,True
ORIGA,603,mask,data/external/kaggle/glaucoma_fundus_imaging_bundle/ORIGA/Masks/603.png,True
ORIGA,604,image,data/external/kaggle/glaucoma_fundus_imaging_bundle/ORIGA/Images/604.jpg,True
ORIGA,604,mask,data/external/kaggle/glaucoma_fundus_imaging_bundle/ORIGA/Masks/604.png,True
ORIGA,605,image,data/external/kaggle/glaucoma_fundus_imaging_bundle/ORIGA/Images/605.jpg,True
ORIGA,605,mask,data/external/kaggle/glaucoma_fundus_imaging_bundle/ORIGA/Masks/605.png,True
ORIGA,606,image,data/external/kaggle/glaucoma_fundus_imaging_bundle/ORIGA/Images/606.jpg,True
ORIGA,606,mask,data/external/kaggle/glaucoma_fundus_imaging_bundle/ORIGA/Masks/606.png,True
ORIGA,607,image,data/external/kaggle/glaucoma_fundus_imaging_bundle/ORIGA/Images/607.jpg,True
ORIGA,607,mask,data/external/kaggle/glaucoma_fundus_imaging_bundle/ORIGA/Masks/607.png,True
ORIGA,608,image,data/external/kaggle/glaucoma_fundus_imaging_bundle/ORIGA/Images/608.jpg,True
ORIGA,608,mask,data/external/kaggle/glaucoma_fundus_imaging_bundle/ORIGA/Masks/608.png,True
ORIGA,609,image,data/external/kaggle/glaucoma_fundus_imaging_bundle/ORIGA/Images/609.jpg,True
ORIGA,609,mask,data/external/kaggle/glaucoma_fundus_imaging_bundle/ORIGA/Masks/609.png,True
ORIGA,610,image,data/external/kaggle/glaucoma_fundus_imaging_bundle/ORIGA/Images/610.jpg,True
ORIGA,610,mask,data/external/kaggle/glaucoma_fundus_imaging_bundle/ORIGA/Masks/610.png,True
ORIGA,611,image,data/external/kaggle/glaucoma_fundus_imaging_bundle/ORIGA/Images/611.jpg,True
ORIGA,611,mask,data/external/kaggle/glaucoma_fundus_imaging_bundle/ORIGA/Masks/611.png,True
ORIGA,612,image,data/external/kaggle/glaucoma_fundus_imaging_bundle/ORIGA/Images/612.jpg,True
ORIGA,612,mask,data/external/kaggle/glaucoma_fundus_imaging_bundle/ORIGA/Masks/612.png,True
ORIGA,613,image,data/external/kaggle/glaucoma_fundus_imaging_bundle/ORIGA/Images/613.jpg,True
ORIGA,613,mask,data/external/kaggle/glaucoma_fundus_imaging_bundle/ORIGA/Masks/613.png,True
ORIGA,614,image,data/external/kaggle/glaucoma_fundus_imaging_bundle/ORIGA/Images/614.jpg,True
ORIGA,614,mask,data/external/kaggle/glaucoma_fundus_imaging_bundle/ORIGA/Masks/614.png,True
ORIGA,615,image,data/external/kaggle/glaucoma_fundus_imaging_bundle/ORIGA/Images/615.jpg,True
ORIGA,615,mask,data/external/kaggle/glaucoma_fundus_imaging_bundle/ORIGA/Masks/615.png,True
ORIGA,616,image,data/external/kaggle/glaucoma_fundus_imaging_bundle/ORIGA/Images/616.jpg,True
ORIGA,616,mask,data/external/kaggle/glaucoma_fundus_imaging_bundle/ORIGA/Masks/616.png,True
ORIGA,617,image,data/external/kaggle/glaucoma_fundus_imaging_bundle/ORIGA/Images/617.jpg,True
ORIGA,617,mask,data/external/kaggle/glaucoma_fundus_imaging_bundle/ORIGA/Masks/617.png,True
ORIGA,618,image,data/external/kaggle/glaucoma_fundus_imaging_bundle/ORIGA/Images/618.jpg,True
ORIGA,618,mask,data/external/kaggle/glaucoma_fundus_imaging_bundle/ORIGA/Masks/618.png,True
ORIGA,619,image,data/external/kaggle/glaucoma_fundus_imaging_bundle/ORIGA/Images/619.jpg,True
ORIGA,619,mask,data/external/kaggle/glaucoma_fundus_imaging_bundle/ORIGA/Masks/619.png,True
ORIGA,620,image,data/external/kaggle/glaucoma_fundus_imaging_bundle/ORIGA/Images/620.jpg,True
ORIGA,620,mask,data/external/kaggle/glaucoma_fundus_imaging_bundle/ORIGA/Masks/620.png,True
ORIGA,621,image,data/external/kaggle/glaucoma_fundus_imaging_bundle/ORIGA/Images/621.jpg,True
ORIGA,621,mask,data/external/kaggle/glaucoma_fundus_imaging_bundle/ORIGA/Masks/621.png,True
ORIGA,622,image,data/external/kaggle/glaucoma_fundus_imaging_bundle/ORIGA/Images/622.jpg,True
ORIGA,622,mask,data/external/kaggle/glaucoma_fundus_imaging_bundle/ORIGA/Masks/622.png,True
ORIGA,623,image,data/external/kaggle/glaucoma_fundus_imaging_bundle/ORIGA/Images/623.jpg,True
ORIGA,623,mask,data/external/kaggle/glaucoma_fundus_imaging_bundle/ORIGA/Masks/623.png,True
ORIGA,624,image,data/external/kaggle/glaucoma_fundus_imaging_bundle/ORIGA/Images/624.jpg,True
ORIGA,624,mask,data/external/kaggle/glaucoma_fundus_imaging_bundle/ORIGA/Masks/624.png,True
ORIGA,625,image,data/external/kaggle/glaucoma_fundus_imaging_bundle/ORIGA/Images/625.jpg,True
ORIGA,625,mask,data/external/kaggle/glaucoma_fundus_imaging_bundle/ORIGA/Masks/625.png,True
ORIGA,626,image,data/external/kaggle/glaucoma_fundus_imaging_bundle/ORIGA/Images/626.jpg,True
ORIGA,626,mask,data/external/kaggle/glaucoma_fundus_imaging_bundle/ORIGA/Masks/626.png,True
ORIGA,627,image,data/external/kaggle/glaucoma_fundus_imaging_bundle/ORIGA/Images/627.jpg,True
ORIGA,627,mask,data/external/kaggle/glaucoma_fundus_imaging_bundle/ORIGA/Masks/627.png,True
ORIGA,628,image,data/external/kaggle/glaucoma_fundus_imaging_bundle/ORIGA/Images/628.jpg,True
ORIGA,628,mask,data/external/kaggle/glaucoma_fundus_imaging_bundle/ORIGA/Masks/628.png,True
ORIGA,629,image,data/external/kaggle/glaucoma_fundus_imaging_bundle/ORIGA/Images/629.jpg,True
ORIGA,629,mask,data/external/kaggle/glaucoma_fundus_imaging_bundle/ORIGA/Masks/629.png,True
ORIGA,630,image,data/external/kaggle/glaucoma_fundus_imaging_bundle/ORIGA/Images/630.jpg,True
ORIGA,630,mask,data/external/kaggle/glaucoma_fundus_imaging_bundle/ORIGA/Masks/630.png,True
ORIGA,631,image,data/external/kaggle/glaucoma_fundus_imaging_bundle/ORIGA/Images/631.jpg,True
ORIGA,631,mask,data/external/kaggle/glaucoma_fundus_imaging_bundle/ORIGA/Masks/631.png,True
ORIGA,632,image,data/external/kaggle/glaucoma_fundus_imaging_bundle/ORIGA/Images/632.jpg,True
ORIGA,632,mask,data/external/kaggle/glaucoma_fundus_imaging_bundle/ORIGA/Masks/632.png,True
ORIGA,633,image,data/external/kaggle/glaucoma_fundus_imaging_bundle/ORIGA/Images/633.jpg,True
ORIGA,633,mask,data/external/kaggle/glaucoma_fundus_imaging_bundle/ORIGA/Masks/633.png,True
ORIGA,634,image,data/external/kaggle/glaucoma_fundus_imaging_bundle/ORIGA/Images/634.jpg,True
ORIGA,634,mask,data/external/kaggle/glaucoma_fundus_imaging_bundle/ORIGA/Masks/634.png,True
ORIGA,635,image,data/external/kaggle/glaucoma_fundus_imaging_bundle/ORIGA/Images/635.jpg,True
ORIGA,635,mask,data/external/kaggle/glaucoma_fundus_imaging_bundle/ORIGA/Masks/635.png,True
ORIGA,636,image,data/external/kaggle/glaucoma_fundus_imaging_bundle/ORIGA/Images/636.jpg,True
ORIGA,636,mask,data/external/kaggle/glaucoma_fundus_imaging_bundle/ORIGA/Masks/636.png,True
ORIGA,637,image,data/external/kaggle/glaucoma_fundus_imaging_bundle/ORIGA/Images/637.jpg,True
ORIGA,637,mask,data/external/kaggle/glaucoma_fundus_imaging_bundle/ORIGA/Masks/637.png,True
ORIGA,638,image,data/external/kaggle/glaucoma_fundus_imaging_bundle/ORIGA/Images/638.jpg,True
ORIGA,638,mask,data/external/kaggle/glaucoma_fundus_imaging_bundle/ORIGA/Masks/638.png,True
ORIGA,639,image,data/external/kaggle/glaucoma_fundus_imaging_bundle/ORIGA/Images/639.jpg,True
ORIGA,639,mask,data/external/kaggle/glaucoma_fundus_imaging_bundle/ORIGA/Masks/639.png,True
ORIGA,640,image,data/external/kaggle/glaucoma_fundus_imaging_bundle/ORIGA/Images/640.jpg,True
ORIGA,640,mask,data/external/kaggle/glaucoma_fundus_imaging_bundle/ORIGA/Masks/640.png,True
ORIGA,641,image,data/external/kaggle/glaucoma_fundus_imaging_bundle/ORIGA/Images/641.jpg,True
ORIGA,641,mask,data/external/kaggle/glaucoma_fundus_imaging_bundle/ORIGA/Masks/641.png,True
ORIGA,642,image,data/external/kaggle/glaucoma_fundus_imaging_bundle/ORIGA/Images/642.jpg,True
ORIGA,642,mask,data/external/kaggle/glaucoma_fundus_imaging_bundle/ORIGA/Masks/642.png,True
ORIGA,643,image,data/external/kaggle/glaucoma_fundus_imaging_bundle/ORIGA/Images/643.jpg,True
ORIGA,643,mask,data/external/kaggle/glaucoma_fundus_imaging_bundle/ORIGA/Masks/643.png,True
ORIGA,644,image,data/external/kaggle/glaucoma_fundus_imaging_bundle/ORIGA/Images/644.jpg,True
ORIGA,644,mask,data/external/kaggle/glaucoma_fundus_imaging_bundle/ORIGA/Masks/644.png,True
ORIGA,645,image,data/external/kaggle/glaucoma_fundus_imaging_bundle/ORIGA/Images/645.jpg,True
ORIGA,645,mask,data/external/kaggle/glaucoma_fundus_imaging_bundle/ORIGA/Masks/645.png,True
ORIGA,646,image,data/external/kaggle/glaucoma_fundus_imaging_bundle/ORIGA/Images/646.jpg,True
ORIGA,646,mask,data/external/kaggle/glaucoma_fundus_imaging_bundle/ORIGA/Masks/646.png,True
ORIGA,647,image,data/external/kaggle/glaucoma_fundus_imaging_bundle/ORIGA/Images/647.jpg,True
ORIGA,647,mask,data/external/kaggle/glaucoma_fundus_imaging_bundle/ORIGA/Masks/647.png,True
ORIGA,648,image,data/external/kaggle/glaucoma_fundus_imaging_bundle/ORIGA/Images/648.jpg,True
ORIGA,648,mask,data/external/kaggle/glaucoma_fundus_imaging_bundle/ORIGA/Masks/648.png,True
ORIGA,649,image,data/external/kaggle/glaucoma_fundus_imaging_bundle/ORIGA/Images/649.jpg,True
ORIGA,649,mask,data/external/kaggle/glaucoma_fundus_imaging_bundle/ORIGA/Masks/649.png,True
ORIGA,650,image,data/external/kaggle/glaucoma_fundus_imaging_bundle/ORIGA/Images/650.jpg,True
ORIGA,650,mask,data/external/kaggle/glaucoma_fundus_imaging_bundle/ORIGA/Masks/650.png,True
G1020,image_0,image,data/external/kaggle/glaucoma_fundus_imaging_bundle/G1020/Images/image_0.jpg,True
G1020,image_0,mask,data/processed/standardized_masks/g1020/image_0.png,True
G1020,image_1,image,data/external/kaggle/glaucoma_fundus_imaging_bundle/G1020/Images/image_1.jpg,True
G1020,image_1,mask,data/processed/standardized_masks/g1020/image_1.png,True
G1020,image_10,image,data/external/kaggle/glaucoma_fundus_imaging_bundle/G1020/Images/image_10.jpg,True
G1020,image_10,mask,data/processed/standardized_masks/g1020/image_10.png,True
G1020,image_1000,image,data/external/kaggle/glaucoma_fundus_imaging_bundle/G1020/Images/image_1000.jpg,True
G1020,image_1000,mask,data/processed/standardized_masks/g1020/image_1000.png,True
G1020,image_1001,image,data/external/kaggle/glaucoma_fundus_imaging_bundle/G1020/Images/image_1001.jpg,True
G1020,image_1001,mask,data/processed/standardized_masks/g1020/image_1001.png,True
G1020,image_1002,image,data/external/kaggle/glaucoma_fundus_imaging_bundle/G1020/Images/image_1002.jpg,True
G1020,image_1002,mask,data/processed/standardized_masks/g1020/image_1002.png,True
G1020,image_1003,image,data/external/kaggle/glaucoma_fundus_imaging_bundle/G1020/Images/image_1003.jpg,True
G1020,image_1003,mask,data/processed/standardized_masks/g1020/image_1003.png,True
G1020,image_1004,image,data/external/kaggle/glaucoma_fundus_imaging_bundle/G1020/Images/image_1004.jpg,True
G1020,image_1004,mask,data/processed/standardized_masks/g1020/image_1004.png,True
G1020,image_103,image,data/external/kaggle/glaucoma_fundus_imaging_bundle/G1020/Images/image_103.jpg,True
G1020,image_103,mask,data/processed/standardized_masks/g1020/image_103.png,True
G1020,image_1032,image,data/external/kaggle/glaucoma_fundus_imaging_bundle/G1020/Images/image_1032.jpg,True
G1020,image_1032,mask,data/processed/standardized_masks/g1020/image_1032.png,True
G1020,image_1033,image,data/external/kaggle/glaucoma_fundus_imaging_bundle/G1020/Images/image_1033.jpg,True
G1020,image_1033,mask,data/processed/standardized_masks/g1020/image_1033.png,True
G1020,image_1034,image,data/external/kaggle/glaucoma_fundus_imaging_bundle/G1020/Images/image_1034.jpg,True
G1020,image_1034,mask,data/processed/standardized_masks/g1020/image_1034.png,True
G1020,image_1035,image,data/external/kaggle/glaucoma_fundus_imaging_bundle/G1020/Images/image_1035.jpg,True
G1020,image_1035,mask,data/processed/standardized_masks/g1020/image_1035.png,True
G1020,image_104,image,data/external/kaggle/glaucoma_fundus_imaging_bundle/G1020/Images/image_104.jpg,True
G1020,image_104,mask,data/processed/standardized_masks/g1020/image_104.png,True
G1020,image_105,image,data/external/kaggle/glaucoma_fundus_imaging_bundle/G1020/Images/image_105.jpg,True
G1020,image_105,mask,data/processed/standardized_masks/g1020/image_105.png,True
G1020,image_106,image,data/external/kaggle/glaucoma_fundus_imaging_bundle/G1020/Images/image_106.jpg,True
G1020,image_106,mask,data/processed/standardized_masks/g1020/image_106.png,True
G1020,image_107,image,data/external/kaggle/glaucoma_fundus_imaging_bundle/G1020/Images/image_107.jpg,True
G1020,image_107,mask,data/processed/standardized_masks/g1020/image_107.png,True
G1020,image_1076,image,data/external/kaggle/glaucoma_fundus_imaging_bundle/G1020/Images/image_1076.jpg,True
G1020,image_1076,mask,data/processed/standardized_masks/g1020/image_1076.png,True
G1020,image_1077,image,data/external/kaggle/glaucoma_fundus_imaging_bundle/G1020/Images/image_1077.jpg,True
G1020,image_1077,mask,data/processed/standardized_masks/g1020/image_1077.png,True
G1020,image_1080,image,data/external/kaggle/glaucoma_fundus_imaging_bundle/G1020/Images/image_1080.jpg,True
G1020,image_1080,mask,data/processed/standardized_masks/g1020/image_1080.png,True
G1020,image_1081,image,data/external/kaggle/glaucoma_fundus_imaging_bundle/G1020/Images/image_1081.jpg,True
G1020,image_1081,mask,data/processed/standardized_masks/g1020/image_1081.png,True
G1020,image_1087,image,data/external/kaggle/glaucoma_fundus_imaging_bundle/G1020/Images/image_1087.jpg,True
G1020,image_1087,mask,data/processed/standardized_masks/g1020/image_1087.png,True
G1020,image_1088,image,data/external/kaggle/glaucoma_fundus_imaging_bundle/G1020/Images/image_1088.jpg,True
G1020,image_1088,mask,data/processed/standardized_masks/g1020/image_1088.png,True
G1020,image_1092,image,data/external/kaggle/glaucoma_fundus_imaging_bundle/G1020/Images/image_1092.jpg,True
G1020,image_1092,mask,data/processed/standardized_masks/g1020/image_1092.png,True
G1020,image_1093,image,data/external/kaggle/glaucoma_fundus_imaging_bundle/G1020/Images/image_1093.jpg,True
G1020,image_1093,mask,data/processed/standardized_masks/g1020/image_1093.png,True
G1020,image_1094,image,data/external/kaggle/glaucoma_fundus_imaging_bundle/G1020/Images/image_1094.jpg,True
G1020,image_1094,mask,data/processed/standardized_masks/g1020/image_1094.png,True
G1020,image_1095,image,data/external/kaggle/glaucoma_fundus_imaging_bundle/G1020/Images/image_1095.jpg,True
G1020,image_1095,mask,data/processed/standardized_masks/g1020/image_1095.png,True
G1020,image_1096,image,data/external/kaggle/glaucoma_fundus_imaging_bundle/G1020/Images/image_1096.jpg,True
G1020,image_1096,mask,data/processed/standardized_masks/g1020/image_1096.png,True
G1020,image_11,image,data/external/kaggle/glaucoma_fundus_imaging_bundle/G1020/Images/image_11.jpg,True
G1020,image_11,mask,data/processed/standardized_masks/g1020/image_11.png,True
G1020,image_110,image,data/external/kaggle/glaucoma_fundus_imaging_bundle/G1020/Images/image_110.jpg,True
G1020,image_110,mask,data/processed/standardized_masks/g1020/image_110.png,True
G1020,image_111,image,data/external/kaggle/glaucoma_fundus_imaging_bundle/G1020/Images/image_111.jpg,True
G1020,image_111,mask,data/processed/standardized_masks/g1020/image_111.png,True
G1020,image_1112,image,data/external/kaggle/glaucoma_fundus_imaging_bundle/G1020/Images/image_1112.jpg,True
G1020,image_1112,mask,data/processed/standardized_masks/g1020/image_1112.png,True
G1020,image_1113,image,data/external/kaggle/glaucoma_fundus_imaging_bundle/G1020/Images/image_1113.jpg,True
G1020,image_1113,mask,data/processed/standardized_masks/g1020/image_1113.png,True
G1020,image_112,image,data/external/kaggle/glaucoma_fundus_imaging_bundle/G1020/Images/image_112.jpg,True
G1020,image_112,mask,data/processed/standardized_masks/g1020/image_112.png,True
G1020,image_113,image,data/external/kaggle/glaucoma_fundus_imaging_bundle/G1020/Images/image_113.jpg,True
G1020,image_113,mask,data/processed/standardized_masks/g1020/image_113.png,True
G1020,image_1136,image,data/external/kaggle/glaucoma_fundus_imaging_bundle/G1020/Images/image_1136.jpg,True
G1020,image_1136,mask,data/processed/standardized_masks/g1020/image_1136.png,True
G1020,image_1137,image,data/external/kaggle/glaucoma_fundus_imaging_bundle/G1020/Images/image_1137.jpg,True
G1020,image_1137,mask,data/processed/standardized_masks/g1020/image_1137.png,True
G1020,image_1138,image,data/external/kaggle/glaucoma_fundus_imaging_bundle/G1020/Images/image_1138.jpg,True
G1020,image_1138,mask,data/processed/standardized_masks/g1020/image_1138.png,True
G1020,image_1139,image,data/external/kaggle/glaucoma_fundus_imaging_bundle/G1020/Images/image_1139.jpg,True
G1020,image_1139,mask,data/processed/standardized_masks/g1020/image_1139.png,True
G1020,image_114,image,data/external/kaggle/glaucoma_fundus_imaging_bundle/G1020/Images/image_114.jpg,True
G1020,image_114,mask,data/processed/standardized_masks/g1020/image_114.png,True
G1020,image_1140,image,data/external/kaggle/glaucoma_fundus_imaging_bundle/G1020/Images/image_1140.jpg,True
G1020,image_1140,mask,data/processed/standardized_masks/g1020/image_1140.png,True
G1020,image_1141,image,data/external/kaggle/glaucoma_fundus_imaging_bundle/G1020/Images/image_1141.jpg,True
G1020,image_1141,mask,data/processed/standardized_masks/g1020/image_1141.png,True
G1020,image_1142,image,data/external/kaggle/glaucoma_fundus_imaging_bundle/G1020/Images/image_1142.jpg,True
G1020,image_1142,mask,data/processed/standardized_masks/g1020/image_1142.png,True
G1020,image_1143,image,data/external/kaggle/glaucoma_fundus_imaging_bundle/G1020/Images/image_1143.jpg,True
G1020,image_1143,mask,data/processed/standardized_masks/g1020/image_1143.png,True
G1020,image_1144,image,data/external/kaggle/glaucoma_fundus_imaging_bundle/G1020/Images/image_1144.jpg,True
G1020,image_1144,mask,data/processed/standardized_masks/g1020/image_1144.png,True
G1020,image_115,image,data/external/kaggle/glaucoma_fundus_imaging_bundle/G1020/Images/image_115.jpg,True
G1020,image_115,mask,data/processed/standardized_masks/g1020/image_115.png,True
G1020,image_1160,image,data/external/kaggle/glaucoma_fundus_imaging_bundle/G1020/Images/image_1160.jpg,True
G1020,image_1160,mask,data/processed/standardized_masks/g1020/image_1160.png,True
G1020,image_1161,image,data/external/kaggle/glaucoma_fundus_imaging_bundle/G1020/Images/image_1161.jpg,True
G1020,image_1161,mask,data/processed/standardized_masks/g1020/image_1161.png,True
G1020,image_1164,image,data/external/kaggle/glaucoma_fundus_imaging_bundle/G1020/Images/image_1164.jpg,True
G1020,image_1164,mask,data/processed/standardized_masks/g1020/image_1164.png,True
G1020,image_1165,image,data/external/kaggle/glaucoma_fundus_imaging_bundle/G1020/Images/image_1165.jpg,True
G1020,image_1165,mask,data/processed/standardized_masks/g1020/image_1165.png,True
G1020,image_1187,image,data/external/kaggle/glaucoma_fundus_imaging_bundle/G1020/Images/image_1187.jpg,True
G1020,image_1187,mask,data/processed/standardized_masks/g1020/image_1187.png,True
G1020,image_1188,image,data/external/kaggle/glaucoma_fundus_imaging_bundle/G1020/Images/image_1188.jpg,True
G1020,image_1188,mask,data/processed/standardized_masks/g1020/image_1188.png,True
G1020,image_1189,image,data/external/kaggle/glaucoma_fundus_imaging_bundle/G1020/Images/image_1189.jpg,True
G1020,image_1189,mask,data/processed/standardized_masks/g1020/image_1189.png,True
G1020,image_1190,image,data/external/kaggle/glaucoma_fundus_imaging_bundle/G1020/Images/image_1190.jpg,True
G1020,image_1190,mask,data/processed/standardized_masks/g1020/image_1190.png,True
G1020,image_1197,image,data/external/kaggle/glaucoma_fundus_imaging_bundle/G1020/Images/image_1197.jpg,True
G1020,image_1197,mask,data/processed/standardized_masks/g1020/image_1197.png,True
G1020,image_1198,image,data/external/kaggle/glaucoma_fundus_imaging_bundle/G1020/Images/image_1198.jpg,True
G1020,image_1198,mask,data/processed/standardized_masks/g1020/image_1198.png,True
G1020,image_1199,image,data/external/kaggle/glaucoma_fundus_imaging_bundle/G1020/Images/image_1199.jpg,True
G1020,image_1199,mask,data/processed/standardized_masks/g1020/image_1199.png,True
G1020,image_12,image,data/external/kaggle/glaucoma_fundus_imaging_bundle/G1020/Images/image_12.jpg,True
G1020,image_12,mask,data/processed/standardized_masks/g1020/image_12.png,True
G1020,image_120,image,data/external/kaggle/glaucoma_fundus_imaging_bundle/G1020/Images/image_120.jpg,True
G1020,image_120,mask,data/processed/standardized_masks/g1020/image_120.png,True
G1020,image_1201,image,data/external/kaggle/glaucoma_fundus_imaging_bundle/G1020/Images/image_1201.jpg,True
G1020,image_1201,mask,data/processed/standardized_masks/g1020/image_1201.png,True
G1020,image_1202,image,data/external/kaggle/glaucoma_fundus_imaging_bundle/G1020/Images/image_1202.jpg,True
G1020,image_1202,mask,data/processed/standardized_masks/g1020/image_1202.png,True
G1020,image_1203,image,data/external/kaggle/glaucoma_fundus_imaging_bundle/G1020/Images/image_1203.jpg,True
G1020,image_1203,mask,data/processed/standardized_masks/g1020/image_1203.png,True
G1020,image_1204,image,data/external/kaggle/glaucoma_fundus_imaging_bundle/G1020/Images/image_1204.jpg,True
G1020,image_1204,mask,data/processed/standardized_masks/g1020/image_1204.png,True
G1020,image_121,image,data/external/kaggle/glaucoma_fundus_imaging_bundle/G1020/Images/image_121.jpg,True
G1020,image_121,mask,data/processed/standardized_masks/g1020/image_121.png,True
G1020,image_1213,image,data/external/kaggle/glaucoma_fundus_imaging_bundle/G1020/Images/image_1213.jpg,True
G1020,image_1213,mask,data/processed/standardized_masks/g1020/image_1213.png,True
G1020,image_1214,image,data/external/kaggle/glaucoma_fundus_imaging_bundle/G1020/Images/image_1214.jpg,True
G1020,image_1214,mask,data/processed/standardized_masks/g1020/image_1214.png,True
G1020,image_1215,image,data/external/kaggle/glaucoma_fundus_imaging_bundle/G1020/Images/image_1215.jpg,True
G1020,image_1215,mask,data/processed/standardized_masks/g1020/image_1215.png,True
G1020,image_1216,image,data/external/kaggle/glaucoma_fundus_imaging_bundle/G1020/Images/image_1216.jpg,True
G1020,image_1216,mask,data/processed/standardized_masks/g1020/image_1216.png,True
G1020,image_1217,image,data/external/kaggle/glaucoma_fundus_imaging_bundle/G1020/Images/image_1217.jpg,True
G1020,image_1217,mask,data/processed/standardized_masks/g1020/image_1217.png,True
G1020,image_1218,image,data/external/kaggle/glaucoma_fundus_imaging_bundle/G1020/Images/image_1218.jpg,True
G1020,image_1218,mask,data/processed/standardized_masks/g1020/image_1218.png,True
G1020,image_122,image,data/external/kaggle/glaucoma_fundus_imaging_bundle/G1020/Images/image_122.jpg,True
G1020,image_122,mask,data/processed/standardized_masks/g1020/image_122.png,True
G1020,image_1225,image,data/external/kaggle/glaucoma_fundus_imaging_bundle/G1020/Images/image_1225.jpg,True
G1020,image_1225,mask,data/processed/standardized_masks/g1020/image_1225.png,True
G1020,image_1226,image,data/external/kaggle/glaucoma_fundus_imaging_bundle/G1020/Images/image_1226.jpg,True
G1020,image_1226,mask,data/processed/standardized_masks/g1020/image_1226.png,True
G1020,image_1227,image,data/external/kaggle/glaucoma_fundus_imaging_bundle/G1020/Images/image_1227.jpg,True
G1020,image_1227,mask,data/processed/standardized_masks/g1020/image_1227.png,True
G1020,image_123,image,data/external/kaggle/glaucoma_fundus_imaging_bundle/G1020/Images/image_123.jpg,True
G1020,image_123,mask,data/processed/standardized_masks/g1020/image_123.png,True
G1020,image_1230,image,data/external/kaggle/glaucoma_fundus_imaging_bundle/G1020/Images/image_1230.jpg,True
G1020,image_1230,mask,data/processed/standardized_masks/g1020/image_1230.png,True
G1020,image_1231,image,data/external/kaggle/glaucoma_fundus_imaging_bundle/G1020/Images/image_1231.jpg,True
G1020,image_1231,mask,data/processed/standardized_masks/g1020/image_1231.png,True
G1020,image_1232,image,data/external/kaggle/glaucoma_fundus_imaging_bundle/G1020/Images/image_1232.jpg,True
G1020,image_1232,mask,data/processed/standardized_masks/g1020/image_1232.png,True
G1020,image_1233,image,data/external/kaggle/glaucoma_fundus_imaging_bundle/G1020/Images/image_1233.jpg,True
G1020,image_1233,mask,data/processed/standardized_masks/g1020/image_1233.png,True
G1020,image_1234,image,data/external/kaggle/glaucoma_fundus_imaging_bundle/G1020/Images/image_1234.jpg,True
G1020,image_1234,mask,data/processed/standardized_masks/g1020/image_1234.png,True
G1020,image_1238,image,data/external/kaggle/glaucoma_fundus_imaging_bundle/G1020/Images/image_1238.jpg,True
G1020,image_1238,mask,data/processed/standardized_masks/g1020/image_1238.png,True
G1020,image_124,image,data/external/kaggle/glaucoma_fundus_imaging_bundle/G1020/Images/image_124.jpg,True
G1020,image_124,mask,data/processed/standardized_masks/g1020/image_124.png,True
G1020,image_1240,image,data/external/kaggle/glaucoma_fundus_imaging_bundle/G1020/Images/image_1240.jpg,True
G1020,image_1240,mask,data/processed/standardized_masks/g1020/image_1240.png,True
G1020,image_1241,image,data/external/kaggle/glaucoma_fundus_imaging_bundle/G1020/Images/image_1241.jpg,True
G1020,image_1241,mask,data/processed/standardized_masks/g1020/image_1241.png,True
G1020,image_1242,image,data/external/kaggle/glaucoma_fundus_imaging_bundle/G1020/Images/image_1242.jpg,True
G1020,image_1242,mask,data/processed/standardized_masks/g1020/image_1242.png,True
G1020,image_1243,image,data/external/kaggle/glaucoma_fundus_imaging_bundle/G1020/Images/image_1243.jpg,True
G1020,image_1243,mask,data/processed/standardized_masks/g1020/image_1243.png,True
G1020,image_1246,image,data/external/kaggle/glaucoma_fundus_imaging_bundle/G1020/Images/image_1246.jpg,True
G1020,image_1246,mask,data/processed/standardized_masks/g1020/image_1246.png,True
G1020,image_1247,image,data/external/kaggle/glaucoma_fundus_imaging_bundle/G1020/Images/image_1247.jpg,True
G1020,image_1247,mask,data/processed/standardized_masks/g1020/image_1247.png,True
G1020,image_1248,image,data/external/kaggle/glaucoma_fundus_imaging_bundle/G1020/Images/image_1248.jpg,True
G1020,image_1248,mask,data/processed/standardized_masks/g1020/image_1248.png,True
G1020,image_125,image,data/external/kaggle/glaucoma_fundus_imaging_bundle/G1020/Images/image_125.jpg,True
G1020,image_125,mask,data/processed/standardized_masks/g1020/image_125.png,True
G1020,image_1250,image,data/external/kaggle/glaucoma_fundus_imaging_bundle/G1020/Images/image_1250.jpg,True
G1020,image_1250,mask,data/processed/standardized_masks/g1020/image_1250.png,True
G1020,image_1254,image,data/external/kaggle/glaucoma_fundus_imaging_bundle/G1020/Images/image_1254.jpg,True
G1020,image_1254,mask,data/processed/standardized_masks/g1020/image_1254.png,True
G1020,image_1255,image,data/external/kaggle/glaucoma_fundus_imaging_bundle/G1020/Images/image_1255.jpg,True
G1020,image_1255,mask,data/processed/standardized_masks/g1020/image_1255.png,True
G1020,image_126,image,data/external/kaggle/glaucoma_fundus_imaging_bundle/G1020/Images/image_126.jpg,True
G1020,image_126,mask,data/processed/standardized_masks/g1020/image_126.png,True
G1020,image_1260,image,data/external/kaggle/glaucoma_fundus_imaging_bundle/G1020/Images/image_1260.jpg,True
G1020,image_1260,mask,data/processed/standardized_masks/g1020/image_1260.png,True
G1020,image_1261,image,data/external/kaggle/glaucoma_fundus_imaging_bundle/G1020/Images/image_1261.jpg,True
G1020,image_1261,mask,data/processed/standardized_masks/g1020/image_1261.png,True
G1020,image_1270,image,data/external/kaggle/glaucoma_fundus_imaging_bundle/G1020/Images/image_1270.jpg,True
G1020,image_1270,mask,data/processed/standardized_masks/g1020/image_1270.png,True
G1020,image_1271,image,data/external/kaggle/glaucoma_fundus_imaging_bundle/G1020/Images/image_1271.jpg,True
G1020,image_1271,mask,data/processed/standardized_masks/g1020/image_1271.png,True
G1020,image_1285,image,data/external/kaggle/glaucoma_fundus_imaging_bundle/G1020/Images/image_1285.jpg,True
G1020,image_1285,mask,data/processed/standardized_masks/g1020/image_1285.png,True
G1020,image_13,image,data/external/kaggle/glaucoma_fundus_imaging_bundle/G1020/Images/image_13.jpg,True
G1020,image_13,mask,data/processed/standardized_masks/g1020/image_13.png,True
G1020,image_1303,image,data/external/kaggle/glaucoma_fundus_imaging_bundle/G1020/Images/image_1303.jpg,True
G1020,image_1303,mask,data/processed/standardized_masks/g1020/image_1303.png,True
G1020,image_1304,image,data/external/kaggle/glaucoma_fundus_imaging_bundle/G1020/Images/image_1304.jpg,True
G1020,image_1304,mask,data/processed/standardized_masks/g1020/image_1304.png,True
G1020,image_1317,image,data/external/kaggle/glaucoma_fundus_imaging_bundle/G1020/Images/image_1317.jpg,True
G1020,image_1317,mask,data/processed/standardized_masks/g1020/image_1317.png,True
G1020,image_1318,image,data/external/kaggle/glaucoma_fundus_imaging_bundle/G1020/Images/image_1318.jpg,True
G1020,image_1318,mask,data/processed/standardized_masks/g1020/image_1318.png,True
G1020,image_1319,image,data/external/kaggle/glaucoma_fundus_imaging_bundle/G1020/Images/image_1319.jpg,True
G1020,image_1319,mask,data/processed/standardized_masks/g1020/image_1319.png,True
G1020,image_1321,image,data/external/kaggle/glaucoma_fundus_imaging_bundle/G1020/Images/image_1321.jpg,True
G1020,image_1321,mask,data/processed/standardized_masks/g1020/image_1321.png,True
G1020,image_1322,image,data/external/kaggle/glaucoma_fundus_imaging_bundle/G1020/Images/image_1322.jpg,True
G1020,image_1322,mask,data/processed/standardized_masks/g1020/image_1322.png,True
G1020,image_1325,image,data/external/kaggle/glaucoma_fundus_imaging_bundle/G1020/Images/image_1325.jpg,True
G1020,image_1325,mask,data/processed/standardized_masks/g1020/image_1325.png,True
G1020,image_1326,image,data/external/kaggle/glaucoma_fundus_imaging_bundle/G1020/Images/image_1326.jpg,True
G1020,image_1326,mask,data/processed/standardized_masks/g1020/image_1326.png,True
G1020,image_1327,image,data/external/kaggle/glaucoma_fundus_imaging_bundle/G1020/Images/image_1327.jpg,True
G1020,image_1327,mask,data/processed/standardized_masks/g1020/image_1327.png,True
G1020,image_1328,image,data/external/kaggle/glaucoma_fundus_imaging_bundle/G1020/Images/image_1328.jpg,True
G1020,image_1328,mask,data/processed/standardized_masks/g1020/image_1328.png,True
G1020,image_1329,image,data/external/kaggle/glaucoma_fundus_imaging_bundle/G1020/Images/image_1329.jpg,True
G1020,image_1329,mask,data/processed/standardized_masks/g1020/image_1329.png,True
G1020,image_1330,image,data/external/kaggle/glaucoma_fundus_imaging_bundle/G1020/Images/image_1330.jpg,True
G1020,image_1330,mask,data/processed/standardized_masks/g1020/image_1330.png,True
G1020,image_1331,image,data/external/kaggle/glaucoma_fundus_imaging_bundle/G1020/Images/image_1331.jpg,True
G1020,image_1331,mask,data/processed/standardized_masks/g1020/image_1331.png,True
G1020,image_1332,image,data/external/kaggle/glaucoma_fundus_imaging_bundle/G1020/Images/image_1332.jpg,True
G1020,image_1332,mask,data/processed/standardized_masks/g1020/image_1332.png,True
G1020,image_1333,image,data/external/kaggle/glaucoma_fundus_imaging_bundle/G1020/Images/image_1333.jpg,True
G1020,image_1333,mask,data/processed/standardized_masks/g1020/image_1333.png,True
G1020,image_1334,image,data/external/kaggle/glaucoma_fundus_imaging_bundle/G1020/Images/image_1334.jpg,True
G1020,image_1334,mask,data/processed/standardized_masks/g1020/image_1334.png,True
G1020,image_1335,image,data/external/kaggle/glaucoma_fundus_imaging_bundle/G1020/Images/image_1335.jpg,True
G1020,image_1335,mask,data/processed/standardized_masks/g1020/image_1335.png,True
G1020,image_1336,image,data/external/kaggle/glaucoma_fundus_imaging_bundle/G1020/Images/image_1336.jpg,True
G1020,image_1336,mask,data/processed/standardized_masks/g1020/image_1336.png,True
G1020,image_1337,image,data/external/kaggle/glaucoma_fundus_imaging_bundle/G1020/Images/image_1337.jpg,True
G1020,image_1337,mask,data/processed/standardized_masks/g1020/image_1337.png,True
G1020,image_1338,image,data/external/kaggle/glaucoma_fundus_imaging_bundle/G1020/Images/image_1338.jpg,True
G1020,image_1338,mask,data/processed/standardized_masks/g1020/image_1338.png,True
G1020,image_1339,image,data/external/kaggle/glaucoma_fundus_imaging_bundle/G1020/Images/image_1339.jpg,True
G1020,image_1339,mask,data/processed/standardized_masks/g1020/image_1339.png,True
G1020,image_1344,image,data/external/kaggle/glaucoma_fundus_imaging_bundle/G1020/Images/image_1344.jpg,True
G1020,image_1344,mask,data/processed/standardized_masks/g1020/image_1344.png,True
G1020,image_1348,image,data/external/kaggle/glaucoma_fundus_imaging_bundle/G1020/Images/image_1348.jpg,True
G1020,image_1348,mask,data/processed/standardized_masks/g1020/image_1348.png,True
G1020,image_1349,image,data/external/kaggle/glaucoma_fundus_imaging_bundle/G1020/Images/image_1349.jpg,True
G1020,image_1349,mask,data/processed/standardized_masks/g1020/image_1349.png,True
G1020,image_1350,image,data/external/kaggle/glaucoma_fundus_imaging_bundle/G1020/Images/image_1350.jpg,True
G1020,image_1350,mask,data/processed/standardized_masks/g1020/image_1350.png,True
G1020,image_1351,image,data/external/kaggle/glaucoma_fundus_imaging_bundle/G1020/Images/image_1351.jpg,True
G1020,image_1351,mask,data/processed/standardized_masks/g1020/image_1351.png,True
G1020,image_1352,image,data/external/kaggle/glaucoma_fundus_imaging_bundle/G1020/Images/image_1352.jpg,True
G1020,image_1352,mask,data/processed/standardized_masks/g1020/image_1352.png,True
G1020,image_1355,image,data/external/kaggle/glaucoma_fundus_imaging_bundle/G1020/Images/image_1355.jpg,True
G1020,image_1355,mask,data/processed/standardized_masks/g1020/image_1355.png,True
G1020,image_1356,image,data/external/kaggle/glaucoma_fundus_imaging_bundle/G1020/Images/image_1356.jpg,True
G1020,image_1356,mask,data/processed/standardized_masks/g1020/image_1356.png,True
G1020,image_1359,image,data/external/kaggle/glaucoma_fundus_imaging_bundle/G1020/Images/image_1359.jpg,True
G1020,image_1359,mask,data/processed/standardized_masks/g1020/image_1359.png,True
G1020,image_1360,image,data/external/kaggle/glaucoma_fundus_imaging_bundle/G1020/Images/image_1360.jpg,True
G1020,image_1360,mask,data/processed/standardized_masks/g1020/image_1360.png,True
G1020,image_1361,image,data/external/kaggle/glaucoma_fundus_imaging_bundle/G1020/Images/image_1361.jpg,True
G1020,image_1361,mask,data/processed/standardized_masks/g1020/image_1361.png,True
G1020,image_1362,image,data/external/kaggle/glaucoma_fundus_imaging_bundle/G1020/Images/image_1362.jpg,True
G1020,image_1362,mask,data/processed/standardized_masks/g1020/image_1362.png,True
G1020,image_1366,image,data/external/kaggle/glaucoma_fundus_imaging_bundle/G1020/Images/image_1366.jpg,True
G1020,image_1366,mask,data/processed/standardized_masks/g1020/image_1366.png,True
G1020,image_1367,image,data/external/kaggle/glaucoma_fundus_imaging_bundle/G1020/Images/image_1367.jpg,True
G1020,image_1367,mask,data/processed/standardized_masks/g1020/image_1367.png,True
G1020,image_1368,image,data/external/kaggle/glaucoma_fundus_imaging_bundle/G1020/Images/image_1368.jpg,True
G1020,image_1368,mask,data/processed/standardized_masks/g1020/image_1368.png,True
G1020,image_1377,image,data/external/kaggle/glaucoma_fundus_imaging_bundle/G1020/Images/image_1377.jpg,True
G1020,image_1377,mask,data/processed/standardized_masks/g1020/image_1377.png,True
G1020,image_1378,image,data/external/kaggle/glaucoma_fundus_imaging_bundle/G1020/Images/image_1378.jpg,True
G1020,image_1378,mask,data/processed/standardized_masks/g1020/image_1378.png,True
G1020,image_1384,image,data/external/kaggle/glaucoma_fundus_imaging_bundle/G1020/Images/image_1384.jpg,True
G1020,image_1384,mask,data/processed/standardized_masks/g1020/image_1384.png,True
G1020,image_1386,image,data/external/kaggle/glaucoma_fundus_imaging_bundle/G1020/Images/image_1386.jpg,True
G1020,image_1386,mask,data/processed/standardized_masks/g1020/image_1386.png,True
G1020,image_1387,image,data/external/kaggle/glaucoma_fundus_imaging_bundle/G1020/Images/image_1387.jpg,True
G1020,image_1387,mask,data/processed/standardized_masks/g1020/image_1387.png,True
G1020,image_1388,image,data/external/kaggle/glaucoma_fundus_imaging_bundle/G1020/Images/image_1388.jpg,True
G1020,image_1388,mask,data/processed/standardized_masks/g1020/image_1388.png,True
G1020,image_1389,image,data/external/kaggle/glaucoma_fundus_imaging_bundle/G1020/Images/image_1389.jpg,True
G1020,image_1389,mask,data/processed/standardized_masks/g1020/image_1389.png,True
G1020,image_1391,image,data/external/kaggle/glaucoma_fundus_imaging_bundle/G1020/Images/image_1391.jpg,True
G1020,image_1391,mask,data/processed/standardized_masks/g1020/image_1391.png,True
G1020,image_1392,image,data/external/kaggle/glaucoma_fundus_imaging_bundle/G1020/Images/image_1392.jpg,True
G1020,image_1392,mask,data/processed/standardized_masks/g1020/image_1392.png,True
G1020,image_1401,image,data/external/kaggle/glaucoma_fundus_imaging_bundle/G1020/Images/image_1401.jpg,True
G1020,image_1401,mask,data/processed/standardized_masks/g1020/image_1401.png,True
G1020,image_1402,image,data/external/kaggle/glaucoma_fundus_imaging_bundle/G1020/Images/image_1402.jpg,True
G1020,image_1402,mask,data/processed/standardized_masks/g1020/image_1402.png,True
G1020,image_1403,image,data/external/kaggle/glaucoma_fundus_imaging_bundle/G1020/Images/image_1403.jpg,True
G1020,image_1403,mask,data/processed/standardized_masks/g1020/image_1403.png,True
G1020,image_1404,image,data/external/kaggle/glaucoma_fundus_imaging_bundle/G1020/Images/image_1404.jpg,True
G1020,image_1404,mask,data/processed/standardized_masks/g1020/image_1404.png,True
G1020,image_1413,image,data/external/kaggle/glaucoma_fundus_imaging_bundle/G1020/Images/image_1413.jpg,True
G1020,image_1413,mask,data/processed/standardized_masks/g1020/image_1413.png,True
G1020,image_1414,image,data/external/kaggle/glaucoma_fundus_imaging_bundle/G1020/Images/image_1414.jpg,True
G1020,image_1414,mask,data/processed/standardized_masks/g1020/image_1414.png,True
G1020,image_1415,image,data/external/kaggle/glaucoma_fundus_imaging_bundle/G1020/Images/image_1415.jpg,True
G1020,image_1415,mask,data/processed/standardized_masks/g1020/image_1415.png,True
G1020,image_1416,image,data/external/kaggle/glaucoma_fundus_imaging_bundle/G1020/Images/image_1416.jpg,True
G1020,image_1416,mask,data/processed/standardized_masks/g1020/image_1416.png,True
G1020,image_1421,image,data/external/kaggle/glaucoma_fundus_imaging_bundle/G1020/Images/image_1421.jpg,True
G1020,image_1421,mask,data/processed/standardized_masks/g1020/image_1421.png,True
G1020,image_1422,image,data/external/kaggle/glaucoma_fundus_imaging_bundle/G1020/Images/image_1422.jpg,True
G1020,image_1422,mask,data/processed/standardized_masks/g1020/image_1422.png,True
G1020,image_1426,image,data/external/kaggle/glaucoma_fundus_imaging_bundle/G1020/Images/image_1426.jpg,True
G1020,image_1426,mask,data/processed/standardized_masks/g1020/image_1426.png,True
G1020,image_143,image,data/external/kaggle/glaucoma_fundus_imaging_bundle/G1020/Images/image_143.jpg,True
G1020,image_143,mask,data/processed/standardized_masks/g1020/image_143.png,True
G1020,image_1431,image,data/external/kaggle/glaucoma_fundus_imaging_bundle/G1020/Images/image_1431.jpg,True
G1020,image_1431,mask,data/processed/standardized_masks/g1020/image_1431.png,True
G1020,image_1432,image,data/external/kaggle/glaucoma_fundus_imaging_bundle/G1020/Images/image_1432.jpg,True
G1020,image_1432,mask,data/processed/standardized_masks/g1020/image_1432.png,True
G1020,image_144,image,data/external/kaggle/glaucoma_fundus_imaging_bundle/G1020/Images/image_144.jpg,True
G1020,image_144,mask,data/processed/standardized_masks/g1020/image_144.png,True
G1020,image_1452,image,data/external/kaggle/glaucoma_fundus_imaging_bundle/G1020/Images/image_1452.jpg,True
G1020,image_1452,mask,data/processed/standardized_masks/g1020/image_1452.png,True
G1020,image_1453,image,data/external/kaggle/glaucoma_fundus_imaging_bundle/G1020/Images/image_1453.jpg,True
G1020,image_1453,mask,data/processed/standardized_masks/g1020/image_1453.png,True
G1020,image_1462,image,data/external/kaggle/glaucoma_fundus_imaging_bundle/G1020/Images/image_1462.jpg,True
G1020,image_1462,mask,data/processed/standardized_masks/g1020/image_1462.png,True
G1020,image_1463,image,data/external/kaggle/glaucoma_fundus_imaging_bundle/G1020/Images/image_1463.jpg,True
G1020,image_1463,mask,data/processed/standardized_masks/g1020/image_1463.png,True
G1020,image_1470,image,data/external/kaggle/glaucoma_fundus_imaging_bundle/G1020/Images/image_1470.jpg,True
G1020,image_1470,mask,data/processed/standardized_masks/g1020/image_1470.png,True
G1020,image_1471,image,data/external/kaggle/glaucoma_fundus_imaging_bundle/G1020/Images/image_1471.jpg,True
G1020,image_1471,mask,data/processed/standardized_masks/g1020/image_1471.png,True
G1020,image_1478,image,data/external/kaggle/glaucoma_fundus_imaging_bundle/G1020/Images/image_1478.jpg,True
G1020,image_1478,mask,data/processed/standardized_masks/g1020/image_1478.png,True
G1020,image_1479,image,data/external/kaggle/glaucoma_fundus_imaging_bundle/G1020/Images/image_1479.jpg,True
G1020,image_1479,mask,data/processed/standardized_masks/g1020/image_1479.png,True
G1020,image_1480,image,data/external/kaggle/glaucoma_fundus_imaging_bundle/G1020/Images/image_1480.jpg,True
G1020,image_1480,mask,data/processed/standardized_masks/g1020/image_1480.png,True
G1020,image_1481,image,data/external/kaggle/glaucoma_fundus_imaging_bundle/G1020/Images/image_1481.jpg,True
G1020,image_1481,mask,data/processed/standardized_masks/g1020/image_1481.png,True
G1020,image_1495,image,data/external/kaggle/glaucoma_fundus_imaging_bundle/G1020/Images/image_1495.jpg,True
G1020,image_1495,mask,data/processed/standardized_masks/g1020/image_1495.png,True
G1020,image_1496,image,data/external/kaggle/glaucoma_fundus_imaging_bundle/G1020/Images/image_1496.jpg,True
G1020,image_1496,mask,data/processed/standardized_masks/g1020/image_1496.png,True
G1020,image_1497,image,data/external/kaggle/glaucoma_fundus_imaging_bundle/G1020/Images/image_1497.jpg,True
G1020,image_1497,mask,data/processed/standardized_masks/g1020/image_1497.png,True
G1020,image_1498,image,data/external/kaggle/glaucoma_fundus_imaging_bundle/G1020/Images/image_1498.jpg,True
G1020,image_1498,mask,data/processed/standardized_masks/g1020/image_1498.png,True
G1020,image_150,image,data/external/kaggle/glaucoma_fundus_imaging_bundle/G1020/Images/image_150.jpg,True
G1020,image_150,mask,data/processed/standardized_masks/g1020/image_150.png,True
G1020,image_1504,image,data/external/kaggle/glaucoma_fundus_imaging_bundle/G1020/Images/image_1504.jpg,True
G1020,image_1504,mask,data/processed/standardized_masks/g1020/image_1504.png,True
G1020,image_1507,image,data/external/kaggle/glaucoma_fundus_imaging_bundle/G1020/Images/image_1507.jpg,True
G1020,image_1507,mask,data/processed/standardized_masks/g1020/image_1507.png,True
G1020,image_1508,image,data/external/kaggle/glaucoma_fundus_imaging_bundle/G1020/Images/image_1508.jpg,True
G1020,image_1508,mask,data/processed/standardized_masks/g1020/image_1508.png,True
G1020,image_151,image,data/external/kaggle/glaucoma_fundus_imaging_bundle/G1020/Images/image_151.jpg,True
G1020,image_151,mask,data/processed/standardized_masks/g1020/image_151.png,True
G1020,image_1515,image,data/external/kaggle/glaucoma_fundus_imaging_bundle/G1020/Images/image_1515.jpg,True
G1020,image_1515,mask,data/processed/standardized_masks/g1020/image_1515.png,True
G1020,image_1516,image,data/external/kaggle/glaucoma_fundus_imaging_bundle/G1020/Images/image_1516.jpg,True
G1020,image_1516,mask,data/processed/standardized_masks/g1020/image_1516.png,True
G1020,image_1519,image,data/external/kaggle/glaucoma_fundus_imaging_bundle/G1020/Images/image_1519.jpg,True
G1020,image_1519,mask,data/processed/standardized_masks/g1020/image_1519.png,True
G1020,image_152,image,data/external/kaggle/glaucoma_fundus_imaging_bundle/G1020/Images/image_152.jpg,True
G1020,image_152,mask,data/processed/standardized_masks/g1020/image_152.png,True
G1020,image_1520,image,data/external/kaggle/glaucoma_fundus_imaging_bundle/G1020/Images/image_1520.jpg,True
G1020,image_1520,mask,data/processed/standardized_masks/g1020/image_1520.png,True
G1020,image_1521,image,data/external/kaggle/glaucoma_fundus_imaging_bundle/G1020/Images/image_1521.jpg,True
G1020,image_1521,mask,data/processed/standardized_masks/g1020/image_1521.png,True
G1020,image_1522,image,data/external/kaggle/glaucoma_fundus_imaging_bundle/G1020/Images/image_1522.jpg,True
G1020,image_1522,mask,data/processed/standardized_masks/g1020/image_1522.png,True
G1020,image_1524,image,data/external/kaggle/glaucoma_fundus_imaging_bundle/G1020/Images/image_1524.jpg,True
G1020,image_1524,mask,data/processed/standardized_masks/g1020/image_1524.png,True
G1020,image_1525,image,data/external/kaggle/glaucoma_fundus_imaging_bundle/G1020/Images/image_1525.jpg,True
G1020,image_1525,mask,data/processed/standardized_masks/g1020/image_1525.png,True
G1020,image_1526,image,data/external/kaggle/glaucoma_fundus_imaging_bundle/G1020/Images/image_1526.jpg,True
G1020,image_1526,mask,data/processed/standardized_masks/g1020/image_1526.png,True
G1020,image_153,image,data/external/kaggle/glaucoma_fundus_imaging_bundle/G1020/Images/image_153.jpg,True
G1020,image_153,mask,data/processed/standardized_masks/g1020/image_153.png,True
G1020,image_154,image,data/external/kaggle/glaucoma_fundus_imaging_bundle/G1020/Images/image_154.jpg,True
G1020,image_154,mask,data/processed/standardized_masks/g1020/image_154.png,True
G1020,image_1543,image,data/external/kaggle/glaucoma_fundus_imaging_bundle/G1020/Images/image_1543.jpg,True
G1020,image_1543,mask,data/processed/standardized_masks/g1020/image_1543.png,True
G1020,image_1544,image,data/external/kaggle/glaucoma_fundus_imaging_bundle/G1020/Images/image_1544.jpg,True
G1020,image_1544,mask,data/processed/standardized_masks/g1020/image_1544.png,True
G1020,image_1553,image,data/external/kaggle/glaucoma_fundus_imaging_bundle/G1020/Images/image_1553.jpg,True
G1020,image_1553,mask,data/processed/standardized_masks/g1020/image_1553.png,True
G1020,image_1554,image,data/external/kaggle/glaucoma_fundus_imaging_bundle/G1020/Images/image_1554.jpg,True
G1020,image_1554,mask,data/processed/standardized_masks/g1020/image_1554.png,True
G1020,image_1575,image,data/external/kaggle/glaucoma_fundus_imaging_bundle/G1020/Images/image_1575.jpg,True
G1020,image_1575,mask,data/processed/standardized_masks/g1020/image_1575.png,True
G1020,image_1576,image,data/external/kaggle/glaucoma_fundus_imaging_bundle/G1020/Images/image_1576.jpg,True
G1020,image_1576,mask,data/processed/standardized_masks/g1020/image_1576.png,True
G1020,image_1579,image,data/external/kaggle/glaucoma_fundus_imaging_bundle/G1020/Images/image_1579.jpg,True
G1020,image_1579,mask,data/processed/standardized_masks/g1020/image_1579.png,True
G1020,image_1580,image,data/external/kaggle/glaucoma_fundus_imaging_bundle/G1020/Images/image_1580.jpg,True
G1020,image_1580,mask,data/processed/standardized_masks/g1020/image_1580.png,True
G1020,image_1589,image,data/external/kaggle/glaucoma_fundus_imaging_bundle/G1020/Images/image_1589.jpg,True
G1020,image_1589,mask,data/processed/standardized_masks/g1020/image_1589.png,True
G1020,image_1590,image,data/external/kaggle/glaucoma_fundus_imaging_bundle/G1020/Images/image_1590.jpg,True
G1020,image_1590,mask,data/processed/standardized_masks/g1020/image_1590.png,True
G1020,image_1591,image,data/external/kaggle/glaucoma_fundus_imaging_bundle/G1020/Images/image_1591.jpg,True
G1020,image_1591,mask,data/processed/standardized_masks/g1020/image_1591.png,True
G1020,image_1592,image,data/external/kaggle/glaucoma_fundus_imaging_bundle/G1020/Images/image_1592.jpg,True
G1020,image_1592,mask,data/processed/standardized_masks/g1020/image_1592.png,True
G1020,image_1594,image,data/external/kaggle/glaucoma_fundus_imaging_bundle/G1020/Images/image_1594.jpg,True
G1020,image_1594,mask,data/processed/standardized_masks/g1020/image_1594.png,True
G1020,image_1595,image,data/external/kaggle/glaucoma_fundus_imaging_bundle/G1020/Images/image_1595.jpg,True
G1020,image_1595,mask,data/processed/standardized_masks/g1020/image_1595.png,True
G1020,image_1598,image,data/external/kaggle/glaucoma_fundus_imaging_bundle/G1020/Images/image_1598.jpg,True
G1020,image_1598,mask,data/processed/standardized_masks/g1020/image_1598.png,True
G1020,image_1599,image,data/external/kaggle/glaucoma_fundus_imaging_bundle/G1020/Images/image_1599.jpg,True
G1020,image_1599,mask,data/processed/standardized_masks/g1020/image_1599.png,True
G1020,image_1607,image,data/external/kaggle/glaucoma_fundus_imaging_bundle/G1020/Images/image_1607.jpg,True
G1020,image_1607,mask,data/processed/standardized_masks/g1020/image_1607.png,True
G1020,image_1608,image,data/external/kaggle/glaucoma_fundus_imaging_bundle/G1020/Images/image_1608.jpg,True
G1020,image_1608,mask,data/processed/standardized_masks/g1020/image_1608.png,True
G1020,image_1609,image,data/external/kaggle/glaucoma_fundus_imaging_bundle/G1020/Images/image_1609.jpg,True
G1020,image_1609,mask,data/processed/standardized_masks/g1020/image_1609.png,True
G1020,image_1610,image,data/external/kaggle/glaucoma_fundus_imaging_bundle/G1020/Images/image_1610.jpg,True
G1020,image_1610,mask,data/processed/standardized_masks/g1020/image_1610.png,True
G1020,image_1616,image,data/external/kaggle/glaucoma_fundus_imaging_bundle/G1020/Images/image_1616.jpg,True
G1020,image_1616,mask,data/processed/standardized_masks/g1020/image_1616.png,True
G1020,image_1623,image,data/external/kaggle/glaucoma_fundus_imaging_bundle/G1020/Images/image_1623.jpg,True
G1020,image_1623,mask,data/processed/standardized_masks/g1020/image_1623.png,True
G1020,image_1624,image,data/external/kaggle/glaucoma_fundus_imaging_bundle/G1020/Images/image_1624.jpg,True
G1020,image_1624,mask,data/processed/standardized_masks/g1020/image_1624.png,True
G1020,image_1625,image,data/external/kaggle/glaucoma_fundus_imaging_bundle/G1020/Images/image_1625.jpg,True
G1020,image_1625,mask,data/processed/standardized_masks/g1020/image_1625.png,True
G1020,image_1626,image,data/external/kaggle/glaucoma_fundus_imaging_bundle/G1020/Images/image_1626.jpg,True
G1020,image_1626,mask,data/processed/standardized_masks/g1020/image_1626.png,True
G1020,image_163,image,data/external/kaggle/glaucoma_fundus_imaging_bundle/G1020/Images/image_163.jpg,True
G1020,image_163,mask,data/processed/standardized_masks/g1020/image_163.png,True
G1020,image_164,image,data/external/kaggle/glaucoma_fundus_imaging_bundle/G1020/Images/image_164.jpg,True
G1020,image_164,mask,data/processed/standardized_masks/g1020/image_164.png,True
G1020,image_1644,image,data/external/kaggle/glaucoma_fundus_imaging_bundle/G1020/Images/image_1644.jpg,True
G1020,image_1644,mask,data/processed/standardized_masks/g1020/image_1644.png,True
G1020,image_1645,image,data/external/kaggle/glaucoma_fundus_imaging_bundle/G1020/Images/image_1645.jpg,True
G1020,image_1645,mask,data/processed/standardized_masks/g1020/image_1645.png,True
G1020,image_1652,image,data/external/kaggle/glaucoma_fundus_imaging_bundle/G1020/Images/image_1652.jpg,True
G1020,image_1652,mask,data/processed/standardized_masks/g1020/image_1652.png,True
G1020,image_1653,image,data/external/kaggle/glaucoma_fundus_imaging_bundle/G1020/Images/image_1653.jpg,True
G1020,image_1653,mask,data/processed/standardized_masks/g1020/image_1653.png,True
G1020,image_1686,image,data/external/kaggle/glaucoma_fundus_imaging_bundle/G1020/Images/image_1686.jpg,True
G1020,image_1686,mask,data/processed/standardized_masks/g1020/image_1686.png,True
G1020,image_1687,image,data/external/kaggle/glaucoma_fundus_imaging_bundle/G1020/Images/image_1687.jpg,True
G1020,image_1687,mask,data/processed/standardized_masks/g1020/image_1687.png,True
G1020,image_1691,image,data/external/kaggle/glaucoma_fundus_imaging_bundle/G1020/Images/image_1691.jpg,True
G1020,image_1691,mask,data/processed/standardized_masks/g1020/image_1691.png,True
G1020,image_1692,image,data/external/kaggle/glaucoma_fundus_imaging_bundle/G1020/Images/image_1692.jpg,True
G1020,image_1692,mask,data/processed/standardized_masks/g1020/image_1692.png,True
G1020,image_1693,image,data/external/kaggle/glaucoma_fundus_imaging_bundle/G1020/Images/image_1693.jpg,True
G1020,image_1693,mask,data/processed/standardized_masks/g1020/image_1693.png,True
G1020,image_1694,image,data/external/kaggle/glaucoma_fundus_imaging_bundle/G1020/Images/image_1694.jpg,True
G1020,image_1694,mask,data/processed/standardized_masks/g1020/image_1694.png,True
G1020,image_1695,image,data/external/kaggle/glaucoma_fundus_imaging_bundle/G1020/Images/image_1695.jpg,True
G1020,image_1695,mask,data/processed/standardized_masks/g1020/image_1695.png,True
G1020,image_1696,image,data/external/kaggle/glaucoma_fundus_imaging_bundle/G1020/Images/image_1696.jpg,True
G1020,image_1696,mask,data/processed/standardized_masks/g1020/image_1696.png,True
G1020,image_1697,image,data/external/kaggle/glaucoma_fundus_imaging_bundle/G1020/Images/image_1697.jpg,True
G1020,image_1697,mask,data/processed/standardized_masks/g1020/image_1697.png,True
G1020,image_1698,image,data/external/kaggle/glaucoma_fundus_imaging_bundle/G1020/Images/image_1698.jpg,True
G1020,image_1698,mask,data/processed/standardized_masks/g1020/image_1698.png,True
G1020,image_1699,image,data/external/kaggle/glaucoma_fundus_imaging_bundle/G1020/Images/image_1699.jpg,True
G1020,image_1699,mask,data/processed/standardized_masks/g1020/image_1699.png,True
G1020,image_170,image,data/external/kaggle/glaucoma_fundus_imaging_bundle/G1020/Images/image_170.jpg,True
G1020,image_170,mask,data/processed/standardized_masks/g1020/image_170.png,True
G1020,image_1700,image,data/external/kaggle/glaucoma_fundus_imaging_bundle/G1020/Images/image_1700.jpg,True
G1020,image_1700,mask,data/processed/standardized_masks/g1020/image_1700.png,True
G1020,image_1701,image,data/external/kaggle/glaucoma_fundus_imaging_bundle/G1020/Images/image_1701.jpg,True
G1020,image_1701,mask,data/processed/standardized_masks/g1020/image_1701.png,True
G1020,image_1702,image,data/external/kaggle/glaucoma_fundus_imaging_bundle/G1020/Images/image_1702.jpg,True
G1020,image_1702,mask,data/processed/standardized_masks/g1020/image_1702.png,True
G1020,image_1703,image,data/external/kaggle/glaucoma_fundus_imaging_bundle/G1020/Images/image_1703.jpg,True
G1020,image_1703,mask,data/processed/standardized_masks/g1020/image_1703.png,True
G1020,image_1704,image,data/external/kaggle/glaucoma_fundus_imaging_bundle/G1020/Images/image_1704.jpg,True
G1020,image_1704,mask,data/processed/standardized_masks/g1020/image_1704.png,True
G1020,image_171,image,data/external/kaggle/glaucoma_fundus_imaging_bundle/G1020/Images/image_171.jpg,True
G1020,image_171,mask,data/processed/standardized_masks/g1020/image_171.png,True
G1020,image_1710,image,data/external/kaggle/glaucoma_fundus_imaging_bundle/G1020/Images/image_1710.jpg,True
G1020,image_1710,mask,data/processed/standardized_masks/g1020/image_1710.png,True
G1020,image_1711,image,data/external/kaggle/glaucoma_fundus_imaging_bundle/G1020/Images/image_1711.jpg,True
G1020,image_1711,mask,data/processed/standardized_masks/g1020/image_1711.png,True
G1020,image_1712,image,data/external/kaggle/glaucoma_fundus_imaging_bundle/G1020/Images/image_1712.jpg,True
G1020,image_1712,mask,data/processed/standardized_masks/g1020/image_1712.png,True
G1020,image_1713,image,data/external/kaggle/glaucoma_fundus_imaging_bundle/G1020/Images/image_1713.jpg,True
G1020,image_1713,mask,data/processed/standardized_masks/g1020/image_1713.png,True
G1020,image_1714,image,data/external/kaggle/glaucoma_fundus_imaging_bundle/G1020/Images/image_1714.jpg,True
G1020,image_1714,mask,data/processed/standardized_masks/g1020/image_1714.png,True
G1020,image_1715,image,data/external/kaggle/glaucoma_fundus_imaging_bundle/G1020/Images/image_1715.jpg,True
G1020,image_1715,mask,data/processed/standardized_masks/g1020/image_1715.png,True
G1020,image_1716,image,data/external/kaggle/glaucoma_fundus_imaging_bundle/G1020/Images/image_1716.jpg,True
G1020,image_1716,mask,data/processed/standardized_masks/g1020/image_1716.png,True
G1020,image_1717,image,data/external/kaggle/glaucoma_fundus_imaging_bundle/G1020/Images/image_1717.jpg,True
G1020,image_1717,mask,data/processed/standardized_masks/g1020/image_1717.png,True
G1020,image_1722,image,data/external/kaggle/glaucoma_fundus_imaging_bundle/G1020/Images/image_1722.jpg,True
G1020,image_1722,mask,data/processed/standardized_masks/g1020/image_1722.png,True
G1020,image_1723,image,data/external/kaggle/glaucoma_fundus_imaging_bundle/G1020/Images/image_1723.jpg,True
G1020,image_1723,mask,data/processed/standardized_masks/g1020/image_1723.png,True
G1020,image_1724,image,data/external/kaggle/glaucoma_fundus_imaging_bundle/G1020/Images/image_1724.jpg,True
G1020,image_1724,mask,data/processed/standardized_masks/g1020/image_1724.png,True
G1020,image_1742,image,data/external/kaggle/glaucoma_fundus_imaging_bundle/G1020/Images/image_1742.jpg,True
G1020,image_1742,mask,data/processed/standardized_masks/g1020/image_1742.png,True
G1020,image_1745,image,data/external/kaggle/glaucoma_fundus_imaging_bundle/G1020/Images/image_1745.jpg,True
G1020,image_1745,mask,data/processed/standardized_masks/g1020/image_1745.png,True
G1020,image_1746,image,data/external/kaggle/glaucoma_fundus_imaging_bundle/G1020/Images/image_1746.jpg,True
G1020,image_1746,mask,data/processed/standardized_masks/g1020/image_1746.png,True
G1020,image_1747,image,data/external/kaggle/glaucoma_fundus_imaging_bundle/G1020/Images/image_1747.jpg,True
G1020,image_1747,mask,data/processed/standardized_masks/g1020/image_1747.png,True
G1020,image_1748,image,data/external/kaggle/glaucoma_fundus_imaging_bundle/G1020/Images/image_1748.jpg,True
G1020,image_1748,mask,data/processed/standardized_masks/g1020/image_1748.png,True
G1020,image_1759,image,data/external/kaggle/glaucoma_fundus_imaging_bundle/G1020/Images/image_1759.jpg,True
G1020,image_1759,mask,data/processed/standardized_masks/g1020/image_1759.png,True
G1020,image_1760,image,data/external/kaggle/glaucoma_fundus_imaging_bundle/G1020/Images/image_1760.jpg,True
G1020,image_1760,mask,data/processed/standardized_masks/g1020/image_1760.png,True
G1020,image_1765,image,data/external/kaggle/glaucoma_fundus_imaging_bundle/G1020/Images/image_1765.jpg,True
G1020,image_1765,mask,data/processed/standardized_masks/g1020/image_1765.png,True
G1020,image_1766,image,data/external/kaggle/glaucoma_fundus_imaging_bundle/G1020/Images/image_1766.jpg,True
G1020,image_1766,mask,data/processed/standardized_masks/g1020/image_1766.png,True
G1020,image_1767,image,data/external/kaggle/glaucoma_fundus_imaging_bundle/G1020/Images/image_1767.jpg,True
G1020,image_1767,mask,data/processed/standardized_masks/g1020/image_1767.png,True
G1020,image_1768,image,data/external/kaggle/glaucoma_fundus_imaging_bundle/G1020/Images/image_1768.jpg,True
G1020,image_1768,mask,data/processed/standardized_masks/g1020/image_1768.png,True
G1020,image_1786,image,data/external/kaggle/glaucoma_fundus_imaging_bundle/G1020/Images/image_1786.jpg,True
G1020,image_1786,mask,data/processed/standardized_masks/g1020/image_1786.png,True
G1020,image_1787,image,data/external/kaggle/glaucoma_fundus_imaging_bundle/G1020/Images/image_1787.jpg,True
G1020,image_1787,mask,data/processed/standardized_masks/g1020/image_1787.png,True
G1020,image_1788,image,data/external/kaggle/glaucoma_fundus_imaging_bundle/G1020/Images/image_1788.jpg,True
G1020,image_1788,mask,data/processed/standardized_masks/g1020/image_1788.png,True
G1020,image_1789,image,data/external/kaggle/glaucoma_fundus_imaging_bundle/G1020/Images/image_1789.jpg,True
G1020,image_1789,mask,data/processed/standardized_masks/g1020/image_1789.png,True
G1020,image_1790,image,data/external/kaggle/glaucoma_fundus_imaging_bundle/G1020/Images/image_1790.jpg,True
G1020,image_1790,mask,data/processed/standardized_masks/g1020/image_1790.png,True
G1020,image_1791,image,data/external/kaggle/glaucoma_fundus_imaging_bundle/G1020/Images/image_1791.jpg,True
G1020,image_1791,mask,data/processed/standardized_masks/g1020/image_1791.png,True
G1020,image_1796,image,data/external/kaggle/glaucoma_fundus_imaging_bundle/G1020/Images/image_1796.jpg,True
G1020,image_1796,mask,data/processed/standardized_masks/g1020/image_1796.png,True
G1020,image_1797,image,data/external/kaggle/glaucoma_fundus_imaging_bundle/G1020/Images/image_1797.jpg,True
G1020,image_1797,mask,data/processed/standardized_masks/g1020/image_1797.png,True
G1020,image_1798,image,data/external/kaggle/glaucoma_fundus_imaging_bundle/G1020/Images/image_1798.jpg,True
G1020,image_1798,mask,data/processed/standardized_masks/g1020/image_1798.png,True
G1020,image_1799,image,data/external/kaggle/glaucoma_fundus_imaging_bundle/G1020/Images/image_1799.jpg,True
G1020,image_1799,mask,data/processed/standardized_masks/g1020/image_1799.png,True
G1020,image_18,image,data/external/kaggle/glaucoma_fundus_imaging_bundle/G1020/Images/image_18.jpg,True
G1020,image_18,mask,data/processed/standardized_masks/g1020/image_18.png,True
G1020,image_1824,image,data/external/kaggle/glaucoma_fundus_imaging_bundle/G1020/Images/image_1824.jpg,True
G1020,image_1824,mask,data/processed/standardized_masks/g1020/image_1824.png,True
G1020,image_1825,image,data/external/kaggle/glaucoma_fundus_imaging_bundle/G1020/Images/image_1825.jpg,True
G1020,image_1825,mask,data/processed/standardized_masks/g1020/image_1825.png,True
G1020,image_1842,image,data/external/kaggle/glaucoma_fundus_imaging_bundle/G1020/Images/image_1842.jpg,True
G1020,image_1842,mask,data/processed/standardized_masks/g1020/image_1842.png,True
G1020,image_1843,image,data/external/kaggle/glaucoma_fundus_imaging_bundle/G1020/Images/image_1843.jpg,True
G1020,image_1843,mask,data/processed/standardized_masks/g1020/image_1843.png,True
G1020,image_1844,image,data/external/kaggle/glaucoma_fundus_imaging_bundle/G1020/Images/image_1844.jpg,True
G1020,image_1844,mask,data/processed/standardized_masks/g1020/image_1844.png,True
G1020,image_1845,image,data/external/kaggle/glaucoma_fundus_imaging_bundle/G1020/Images/image_1845.jpg,True
G1020,image_1845,mask,data/processed/standardized_masks/g1020/image_1845.png,True
G1020,image_1847,image,data/external/kaggle/glaucoma_fundus_imaging_bundle/G1020/Images/image_1847.jpg,True
G1020,image_1847,mask,data/processed/standardized_masks/g1020/image_1847.png,True
G1020,image_1860,image,data/external/kaggle/glaucoma_fundus_imaging_bundle/G1020/Images/image_1860.jpg,True
G1020,image_1860,mask,data/processed/standardized_masks/g1020/image_1860.png,True
G1020,image_1861,image,data/external/kaggle/glaucoma_fundus_imaging_bundle/G1020/Images/image_1861.jpg,True
G1020,image_1861,mask,data/processed/standardized_masks/g1020/image_1861.png,True
G1020,image_1862,image,data/external/kaggle/glaucoma_fundus_imaging_bundle/G1020/Images/image_1862.jpg,True
G1020,image_1862,mask,data/processed/standardized_masks/g1020/image_1862.png,True
G1020,image_1865,image,data/external/kaggle/glaucoma_fundus_imaging_bundle/G1020/Images/image_1865.jpg,True
G1020,image_1865,mask,data/processed/standardized_masks/g1020/image_1865.png,True
G1020,image_1866,image,data/external/kaggle/glaucoma_fundus_imaging_bundle/G1020/Images/image_1866.jpg,True
G1020,image_1866,mask,data/processed/standardized_masks/g1020/image_1866.png,True
G1020,image_1874,image,data/external/kaggle/glaucoma_fundus_imaging_bundle/G1020/Images/image_1874.jpg,True
G1020,image_1874,mask,data/processed/standardized_masks/g1020/image_1874.png,True
G1020,image_1875,image,data/external/kaggle/glaucoma_fundus_imaging_bundle/G1020/Images/image_1875.jpg,True
G1020,image_1875,mask,data/processed/standardized_masks/g1020/image_1875.png,True
G1020,image_1876,image,data/external/kaggle/glaucoma_fundus_imaging_bundle/G1020/Images/image_1876.jpg,True
G1020,image_1876,mask,data/processed/standardized_masks/g1020/image_1876.png,True
G1020,image_1877,image,data/external/kaggle/glaucoma_fundus_imaging_bundle/G1020/Images/image_1877.jpg,True
G1020,image_1877,mask,data/processed/standardized_masks/g1020/image_1877.png,True
G1020,image_1892,image,data/external/kaggle/glaucoma_fundus_imaging_bundle/G1020/Images/image_1892.jpg,True
G1020,image_1892,mask,data/processed/standardized_masks/g1020/image_1892.png,True
G1020,image_1893,image,data/external/kaggle/glaucoma_fundus_imaging_bundle/G1020/Images/image_1893.jpg,True
G1020,image_1893,mask,data/processed/standardized_masks/g1020/image_1893.png,True
G1020,image_1894,image,data/external/kaggle/glaucoma_fundus_imaging_bundle/G1020/Images/image_1894.jpg,True
G1020,image_1894,mask,data/processed/standardized_masks/g1020/image_1894.png,True
G1020,image_1895,image,data/external/kaggle/glaucoma_fundus_imaging_bundle/G1020/Images/image_1895.jpg,True
G1020,image_1895,mask,data/processed/standardized_masks/g1020/image_1895.png,True
G1020,image_1896,image,data/external/kaggle/glaucoma_fundus_imaging_bundle/G1020/Images/image_1896.jpg,True
G1020,image_1896,mask,data/processed/standardized_masks/g1020/image_1896.png,True
G1020,image_1897,image,data/external/kaggle/glaucoma_fundus_imaging_bundle/G1020/Images/image_1897.jpg,True
G1020,image_1897,mask,data/processed/standardized_masks/g1020/image_1897.png,True
G1020,image_1898,image,data/external/kaggle/glaucoma_fundus_imaging_bundle/G1020/Images/image_1898.jpg,True
G1020,image_1898,mask,data/processed/standardized_masks/g1020/image_1898.png,True
G1020,image_1899,image,data/external/kaggle/glaucoma_fundus_imaging_bundle/G1020/Images/image_1899.jpg,True
G1020,image_1899,mask,data/processed/standardized_masks/g1020/image_1899.png,True
G1020,image_19,image,data/external/kaggle/glaucoma_fundus_imaging_bundle/G1020/Images/image_19.jpg,True
G1020,image_19,mask,data/processed/standardized_masks/g1020/image_19.png,True
G1020,image_1901,image,data/external/kaggle/glaucoma_fundus_imaging_bundle/G1020/Images/image_1901.jpg,True
G1020,image_1901,mask,data/processed/standardized_masks/g1020/image_1901.png,True
G1020,image_1902,image,data/external/kaggle/glaucoma_fundus_imaging_bundle/G1020/Images/image_1902.jpg,True
G1020,image_1902,mask,data/processed/standardized_masks/g1020/image_1902.png,True
G1020,image_1903,image,data/external/kaggle/glaucoma_fundus_imaging_bundle/G1020/Images/image_1903.jpg,True
G1020,image_1903,mask,data/processed/standardized_masks/g1020/image_1903.png,True
G1020,image_1904,image,data/external/kaggle/glaucoma_fundus_imaging_bundle/G1020/Images/image_1904.jpg,True
G1020,image_1904,mask,data/processed/standardized_masks/g1020/image_1904.png,True
G1020,image_1912,image,data/external/kaggle/glaucoma_fundus_imaging_bundle/G1020/Images/image_1912.jpg,True
G1020,image_1912,mask,data/processed/standardized_masks/g1020/image_1912.png,True
G1020,image_1913,image,data/external/kaggle/glaucoma_fundus_imaging_bundle/G1020/Images/image_1913.jpg,True
G1020,image_1913,mask,data/processed/standardized_masks/g1020/image_1913.png,True
G1020,image_1914,image,data/external/kaggle/glaucoma_fundus_imaging_bundle/G1020/Images/image_1914.jpg,True
G1020,image_1914,mask,data/processed/standardized_masks/g1020/image_1914.png,True
G1020,image_1915,image,data/external/kaggle/glaucoma_fundus_imaging_bundle/G1020/Images/image_1915.jpg,True
G1020,image_1915,mask,data/processed/standardized_masks/g1020/image_1915.png,True
G1020,image_1916,image,data/external/kaggle/glaucoma_fundus_imaging_bundle/G1020/Images/image_1916.jpg,True
G1020,image_1916,mask,data/processed/standardized_masks/g1020/image_1916.png,True
G1020,image_1917,image,data/external/kaggle/glaucoma_fundus_imaging_bundle/G1020/Images/image_1917.jpg,True
G1020,image_1917,mask,data/processed/standardized_masks/g1020/image_1917.png,True
G1020,image_1922,image,data/external/kaggle/glaucoma_fundus_imaging_bundle/G1020/Images/image_1922.jpg,True
G1020,image_1922,mask,data/processed/standardized_masks/g1020/image_1922.png,True
G1020,image_1923,image,data/external/kaggle/glaucoma_fundus_imaging_bundle/G1020/Images/image_1923.jpg,True
G1020,image_1923,mask,data/processed/standardized_masks/g1020/image_1923.png,True
G1020,image_1924,image,data/external/kaggle/glaucoma_fundus_imaging_bundle/G1020/Images/image_1924.jpg,True
G1020,image_1924,mask,data/processed/standardized_masks/g1020/image_1924.png,True
G1020,image_1925,image,data/external/kaggle/glaucoma_fundus_imaging_bundle/G1020/Images/image_1925.jpg,True
G1020,image_1925,mask,data/processed/standardized_masks/g1020/image_1925.png,True
G1020,image_1926,image,data/external/kaggle/glaucoma_fundus_imaging_bundle/G1020/Images/image_1926.jpg,True
G1020,image_1926,mask,data/processed/standardized_masks/g1020/image_1926.png,True
G1020,image_1927,image,data/external/kaggle/glaucoma_fundus_imaging_bundle/G1020/Images/image_1927.jpg,True
G1020,image_1927,mask,data/processed/standardized_masks/g1020/image_1927.png,True
G1020,image_193,image,data/external/kaggle/glaucoma_fundus_imaging_bundle/G1020/Images/image_193.jpg,True
G1020,image_193,mask,data/processed/standardized_masks/g1020/image_193.png,True
G1020,image_1931,image,data/external/kaggle/glaucoma_fundus_imaging_bundle/G1020/Images/image_1931.jpg,True
G1020,image_1931,mask,data/processed/standardized_masks/g1020/image_1931.png,True
G1020,image_1932,image,data/external/kaggle/glaucoma_fundus_imaging_bundle/G1020/Images/image_1932.jpg,True
G1020,image_1932,mask,data/processed/standardized_masks/g1020/image_1932.png,True
G1020,image_1933,image,data/external/kaggle/glaucoma_fundus_imaging_bundle/G1020/Images/image_1933.jpg,True
G1020,image_1933,mask,data/processed/standardized_masks/g1020/image_1933.png,True
G1020,image_1934,image,data/external/kaggle/glaucoma_fundus_imaging_bundle/G1020/Images/image_1934.jpg,True
G1020,image_1934,mask,data/processed/standardized_masks/g1020/image_1934.png,True
G1020,image_1935,image,data/external/kaggle/glaucoma_fundus_imaging_bundle/G1020/Images/image_1935.jpg,True
G1020,image_1935,mask,data/processed/standardized_masks/g1020/image_1935.png,True
G1020,image_1938,image,data/external/kaggle/glaucoma_fundus_imaging_bundle/G1020/Images/image_1938.jpg,True
G1020,image_1938,mask,data/processed/standardized_masks/g1020/image_1938.png,True
G1020,image_1939,image,data/external/kaggle/glaucoma_fundus_imaging_bundle/G1020/Images/image_1939.jpg,True
G1020,image_1939,mask,data/processed/standardized_masks/g1020/image_1939.png,True
G1020,image_194,image,data/external/kaggle/glaucoma_fundus_imaging_bundle/G1020/Images/image_194.jpg,True
G1020,image_194,mask,data/processed/standardized_masks/g1020/image_194.png,True
G1020,image_1940,image,data/external/kaggle/glaucoma_fundus_imaging_bundle/G1020/Images/image_1940.jpg,True
G1020,image_1940,mask,data/processed/standardized_masks/g1020/image_1940.png,True
G1020,image_1941,image,data/external/kaggle/glaucoma_fundus_imaging_bundle/G1020/Images/image_1941.jpg,True
G1020,image_1941,mask,data/processed/standardized_masks/g1020/image_1941.png,True
G1020,image_1956,image,data/external/kaggle/glaucoma_fundus_imaging_bundle/G1020/Images/image_1956.jpg,True
G1020,image_1956,mask,data/processed/standardized_masks/g1020/image_1956.png,True
G1020,image_1957,image,data/external/kaggle/glaucoma_fundus_imaging_bundle/G1020/Images/image_1957.jpg,True
G1020,image_1957,mask,data/processed/standardized_masks/g1020/image_1957.png,True
G1020,image_1958,image,data/external/kaggle/glaucoma_fundus_imaging_bundle/G1020/Images/image_1958.jpg,True
G1020,image_1958,mask,data/processed/standardized_masks/g1020/image_1958.png,True
G1020,image_1959,image,data/external/kaggle/glaucoma_fundus_imaging_bundle/G1020/Images/image_1959.jpg,True
G1020,image_1959,mask,data/processed/standardized_masks/g1020/image_1959.png,True
G1020,image_1960,image,data/external/kaggle/glaucoma_fundus_imaging_bundle/G1020/Images/image_1960.jpg,True
G1020,image_1960,mask,data/processed/standardized_masks/g1020/image_1960.png,True
G1020,image_1961,image,data/external/kaggle/glaucoma_fundus_imaging_bundle/G1020/Images/image_1961.jpg,True
G1020,image_1961,mask,data/processed/standardized_masks/g1020/image_1961.png,True
G1020,image_1977,image,data/external/kaggle/glaucoma_fundus_imaging_bundle/G1020/Images/image_1977.jpg,True
G1020,image_1977,mask,data/processed/standardized_masks/g1020/image_1977.png,True
G1020,image_1978,image,data/external/kaggle/glaucoma_fundus_imaging_bundle/G1020/Images/image_1978.jpg,True
G1020,image_1978,mask,data/processed/standardized_masks/g1020/image_1978.png,True
G1020,image_1981,image,data/external/kaggle/glaucoma_fundus_imaging_bundle/G1020/Images/image_1981.jpg,True
G1020,image_1981,mask,data/processed/standardized_masks/g1020/image_1981.png,True
G1020,image_1982,image,data/external/kaggle/glaucoma_fundus_imaging_bundle/G1020/Images/image_1982.jpg,True
G1020,image_1982,mask,data/processed/standardized_masks/g1020/image_1982.png,True
G1020,image_199,image,data/external/kaggle/glaucoma_fundus_imaging_bundle/G1020/Images/image_199.jpg,True
G1020,image_199,mask,data/processed/standardized_masks/g1020/image_199.png,True
G1020,image_1999,image,data/external/kaggle/glaucoma_fundus_imaging_bundle/G1020/Images/image_1999.jpg,True
G1020,image_1999,mask,data/processed/standardized_masks/g1020/image_1999.png,True
G1020,image_20,image,data/external/kaggle/glaucoma_fundus_imaging_bundle/G1020/Images/image_20.jpg,True
G1020,image_20,mask,data/processed/standardized_masks/g1020/image_20.png,True
G1020,image_200,image,data/external/kaggle/glaucoma_fundus_imaging_bundle/G1020/Images/image_200.jpg,True
G1020,image_200,mask,data/processed/standardized_masks/g1020/image_200.png,True
G1020,image_2000,image,data/external/kaggle/glaucoma_fundus_imaging_bundle/G1020/Images/image_2000.jpg,True
G1020,image_2000,mask,data/processed/standardized_masks/g1020/image_2000.png,True
G1020,image_2001,image,data/external/kaggle/glaucoma_fundus_imaging_bundle/G1020/Images/image_2001.jpg,True
G1020,image_2001,mask,data/processed/standardized_masks/g1020/image_2001.png,True
G1020,image_2002,image,data/external/kaggle/glaucoma_fundus_imaging_bundle/G1020/Images/image_2002.jpg,True
G1020,image_2002,mask,data/processed/standardized_masks/g1020/image_2002.png,True
G1020,image_201,image,data/external/kaggle/glaucoma_fundus_imaging_bundle/G1020/Images/image_201.jpg,True
G1020,image_201,mask,data/processed/standardized_masks/g1020/image_201.png,True
G1020,image_2019,image,data/external/kaggle/glaucoma_fundus_imaging_bundle/G1020/Images/image_2019.jpg,True
G1020,image_2019,mask,data/processed/standardized_masks/g1020/image_2019.png,True
G1020,image_202,image,data/external/kaggle/glaucoma_fundus_imaging_bundle/G1020/Images/image_202.jpg,True
G1020,image_202,mask,data/processed/standardized_masks/g1020/image_202.png,True
G1020,image_2020,image,data/external/kaggle/glaucoma_fundus_imaging_bundle/G1020/Images/image_2020.jpg,True
G1020,image_2020,mask,data/processed/standardized_masks/g1020/image_2020.png,True
G1020,image_2022,image,data/external/kaggle/glaucoma_fundus_imaging_bundle/G1020/Images/image_2022.jpg,True
G1020,image_2022,mask,data/processed/standardized_masks/g1020/image_2022.png,True
G1020,image_2028,image,data/external/kaggle/glaucoma_fundus_imaging_bundle/G1020/Images/image_2028.jpg,True
G1020,image_2028,mask,data/processed/standardized_masks/g1020/image_2028.png,True
G1020,image_2030,image,data/external/kaggle/glaucoma_fundus_imaging_bundle/G1020/Images/image_2030.jpg,True
G1020,image_2030,mask,data/processed/standardized_masks/g1020/image_2030.png,True
G1020,image_2031,image,data/external/kaggle/glaucoma_fundus_imaging_bundle/G1020/Images/image_2031.jpg,True
G1020,image_2031,mask,data/processed/standardized_masks/g1020/image_2031.png,True
G1020,image_2032,image,data/external/kaggle/glaucoma_fundus_imaging_bundle/G1020/Images/image_2032.jpg,True
G1020,image_2032,mask,data/processed/standardized_masks/g1020/image_2032.png,True
G1020,image_2033,image,data/external/kaggle/glaucoma_fundus_imaging_bundle/G1020/Images/image_2033.jpg,True
G1020,image_2033,mask,data/processed/standardized_masks/g1020/image_2033.png,True
G1020,image_2034,image,data/external/kaggle/glaucoma_fundus_imaging_bundle/G1020/Images/image_2034.jpg,True
G1020,image_2034,mask,data/processed/standardized_masks/g1020/image_2034.png,True
G1020,image_2035,image,data/external/kaggle/glaucoma_fundus_imaging_bundle/G1020/Images/image_2035.jpg,True
G1020,image_2035,mask,data/processed/standardized_masks/g1020/image_2035.png,True
G1020,image_2036,image,data/external/kaggle/glaucoma_fundus_imaging_bundle/G1020/Images/image_2036.jpg,True
G1020,image_2036,mask,data/processed/standardized_masks/g1020/image_2036.png,True
G1020,image_2037,image,data/external/kaggle/glaucoma_fundus_imaging_bundle/G1020/Images/image_2037.jpg,True
G1020,image_2037,mask,data/processed/standardized_masks/g1020/image_2037.png,True
G1020,image_2039,image,data/external/kaggle/glaucoma_fundus_imaging_bundle/G1020/Images/image_2039.jpg,True
G1020,image_2039,mask,data/processed/standardized_masks/g1020/image_2039.png,True
G1020,image_2041,image,data/external/kaggle/glaucoma_fundus_imaging_bundle/G1020/Images/image_2041.jpg,True
G1020,image_2041,mask,data/processed/standardized_masks/g1020/image_2041.png,True
G1020,image_2042,image,data/external/kaggle/glaucoma_fundus_imaging_bundle/G1020/Images/image_2042.jpg,True
G1020,image_2042,mask,data/processed/standardized_masks/g1020/image_2042.png,True
G1020,image_2045,image,data/external/kaggle/glaucoma_fundus_imaging_bundle/G1020/Images/image_2045.jpg,True
G1020,image_2045,mask,data/processed/standardized_masks/g1020/image_2045.png,True
G1020,image_2046,image,data/external/kaggle/glaucoma_fundus_imaging_bundle/G1020/Images/image_2046.jpg,True
G1020,image_2046,mask,data/processed/standardized_masks/g1020/image_2046.png,True
G1020,image_2047,image,data/external/kaggle/glaucoma_fundus_imaging_bundle/G1020/Images/image_2047.jpg,True
G1020,image_2047,mask,data/processed/standardized_masks/g1020/image_2047.png,True
G1020,image_2048,image,data/external/kaggle/glaucoma_fundus_imaging_bundle/G1020/Images/image_2048.jpg,True
G1020,image_2048,mask,data/processed/standardized_masks/g1020/image_2048.png,True
G1020,image_2049,image,data/external/kaggle/glaucoma_fundus_imaging_bundle/G1020/Images/image_2049.jpg,True
G1020,image_2049,mask,data/processed/standardized_masks/g1020/image_2049.png,True
G1020,image_2050,image,data/external/kaggle/glaucoma_fundus_imaging_bundle/G1020/Images/image_2050.jpg,True
G1020,image_2050,mask,data/processed/standardized_masks/g1020/image_2050.png,True
G1020,image_2064,image,data/external/kaggle/glaucoma_fundus_imaging_bundle/G1020/Images/image_2064.jpg,True
G1020,image_2064,mask,data/processed/standardized_masks/g1020/image_2064.png,True
G1020,image_2065,image,data/external/kaggle/glaucoma_fundus_imaging_bundle/G1020/Images/image_2065.jpg,True
G1020,image_2065,mask,data/processed/standardized_masks/g1020/image_2065.png,True
G1020,image_2078,image,data/external/kaggle/glaucoma_fundus_imaging_bundle/G1020/Images/image_2078.jpg,True
G1020,image_2078,mask,data/processed/standardized_masks/g1020/image_2078.png,True
G1020,image_2084,image,data/external/kaggle/glaucoma_fundus_imaging_bundle/G1020/Images/image_2084.jpg,True
G1020,image_2084,mask,data/processed/standardized_masks/g1020/image_2084.png,True
G1020,image_2085,image,data/external/kaggle/glaucoma_fundus_imaging_bundle/G1020/Images/image_2085.jpg,True
G1020,image_2085,mask,data/processed/standardized_masks/g1020/image_2085.png,True
G1020,image_2097,image,data/external/kaggle/glaucoma_fundus_imaging_bundle/G1020/Images/image_2097.jpg,True
G1020,image_2097,mask,data/processed/standardized_masks/g1020/image_2097.png,True
G1020,image_21,image,data/external/kaggle/glaucoma_fundus_imaging_bundle/G1020/Images/image_21.jpg,True
G1020,image_21,mask,data/processed/standardized_masks/g1020/image_21.png,True
G1020,image_2101,image,data/external/kaggle/glaucoma_fundus_imaging_bundle/G1020/Images/image_2101.jpg,True
G1020,image_2101,mask,data/processed/standardized_masks/g1020/image_2101.png,True
G1020,image_2102,image,data/external/kaggle/glaucoma_fundus_imaging_bundle/G1020/Images/image_2102.jpg,True
G1020,image_2102,mask,data/processed/standardized_masks/g1020/image_2102.png,True
G1020,image_2110,image,data/external/kaggle/glaucoma_fundus_imaging_bundle/G1020/Images/image_2110.jpg,True
G1020,image_2110,mask,data/processed/standardized_masks/g1020/image_2110.png,True
G1020,image_2111,image,data/external/kaggle/glaucoma_fundus_imaging_bundle/G1020/Images/image_2111.jpg,True
G1020,image_2111,mask,data/processed/standardized_masks/g1020/image_2111.png,True
G1020,image_2116,image,data/external/kaggle/glaucoma_fundus_imaging_bundle/G1020/Images/image_2116.jpg,True
G1020,image_2116,mask,data/processed/standardized_masks/g1020/image_2116.png,True
G1020,image_2117,image,data/external/kaggle/glaucoma_fundus_imaging_bundle/G1020/Images/image_2117.jpg,True
G1020,image_2117,mask,data/processed/standardized_masks/g1020/image_2117.png,True
G1020,image_2124,image,data/external/kaggle/glaucoma_fundus_imaging_bundle/G1020/Images/image_2124.jpg,True
G1020,image_2124,mask,data/processed/standardized_masks/g1020/image_2124.png,True
G1020,image_2125,image,data/external/kaggle/glaucoma_fundus_imaging_bundle/G1020/Images/image_2125.jpg,True
G1020,image_2125,mask,data/processed/standardized_masks/g1020/image_2125.png,True
G1020,image_2139,image,data/external/kaggle/glaucoma_fundus_imaging_bundle/G1020/Images/image_2139.jpg,True
G1020,image_2139,mask,data/processed/standardized_masks/g1020/image_2139.png,True
G1020,image_214,image,data/external/kaggle/glaucoma_fundus_imaging_bundle/G1020/Images/image_214.jpg,True
G1020,image_214,mask,data/processed/standardized_masks/g1020/image_214.png,True
G1020,image_2140,image,data/external/kaggle/glaucoma_fundus_imaging_bundle/G1020/Images/image_2140.jpg,True
G1020,image_2140,mask,data/processed/standardized_masks/g1020/image_2140.png,True
G1020,image_2141,image,data/external/kaggle/glaucoma_fundus_imaging_bundle/G1020/Images/image_2141.jpg,True
G1020,image_2141,mask,data/processed/standardized_masks/g1020/image_2141.png,True
G1020,image_2142,image,data/external/kaggle/glaucoma_fundus_imaging_bundle/G1020/Images/image_2142.jpg,True
G1020,image_2142,mask,data/processed/standardized_masks/g1020/image_2142.png,True
G1020,image_2143,image,data/external/kaggle/glaucoma_fundus_imaging_bundle/G1020/Images/image_2143.jpg,True
G1020,image_2143,mask,data/processed/standardized_masks/g1020/image_2143.png,True
G1020,image_2144,image,data/external/kaggle/glaucoma_fundus_imaging_bundle/G1020/Images/image_2144.jpg,True
G1020,image_2144,mask,data/processed/standardized_masks/g1020/image_2144.png,True
G1020,image_2146,image,data/external/kaggle/glaucoma_fundus_imaging_bundle/G1020/Images/image_2146.jpg,True
G1020,image_2146,mask,data/processed/standardized_masks/g1020/image_2146.png,True
G1020,image_2147,image,data/external/kaggle/glaucoma_fundus_imaging_bundle/G1020/Images/image_2147.jpg,True
G1020,image_2147,mask,data/processed/standardized_masks/g1020/image_2147.png,True
G1020,image_2148,image,data/external/kaggle/glaucoma_fundus_imaging_bundle/G1020/Images/image_2148.jpg,True
G1020,image_2148,mask,data/processed/standardized_masks/g1020/image_2148.png,True
G1020,image_2149,image,data/external/kaggle/glaucoma_fundus_imaging_bundle/G1020/Images/image_2149.jpg,True
G1020,image_2149,mask,data/processed/standardized_masks/g1020/image_2149.png,True
G1020,image_215,image,data/external/kaggle/glaucoma_fundus_imaging_bundle/G1020/Images/image_215.jpg,True
G1020,image_215,mask,data/processed/standardized_masks/g1020/image_215.png,True
G1020,image_2151,image,data/external/kaggle/glaucoma_fundus_imaging_bundle/G1020/Images/image_2151.jpg,True
G1020,image_2151,mask,data/processed/standardized_masks/g1020/image_2151.png,True
G1020,image_2152,image,data/external/kaggle/glaucoma_fundus_imaging_bundle/G1020/Images/image_2152.jpg,True
G1020,image_2152,mask,data/processed/standardized_masks/g1020/image_2152.png,True
G1020,image_2154,image,data/external/kaggle/glaucoma_fundus_imaging_bundle/G1020/Images/image_2154.jpg,True
G1020,image_2154,mask,data/processed/standardized_masks/g1020/image_2154.png,True
G1020,image_2155,image,data/external/kaggle/glaucoma_fundus_imaging_bundle/G1020/Images/image_2155.jpg,True
G1020,image_2155,mask,data/processed/standardized_masks/g1020/image_2155.png,True
G1020,image_2156,image,data/external/kaggle/glaucoma_fundus_imaging_bundle/G1020/Images/image_2156.jpg,True
G1020,image_2156,mask,data/processed/standardized_masks/g1020/image_2156.png,True
G1020,image_216,image,data/external/kaggle/glaucoma_fundus_imaging_bundle/G1020/Images/image_216.jpg,True
G1020,image_216,mask,data/processed/standardized_masks/g1020/image_216.png,True
G1020,image_2162,image,data/external/kaggle/glaucoma_fundus_imaging_bundle/G1020/Images/image_2162.jpg,True
G1020,image_2162,mask,data/processed/standardized_masks/g1020/image_2162.png,True
G1020,image_2163,image,data/external/kaggle/glaucoma_fundus_imaging_bundle/G1020/Images/image_2163.jpg,True
G1020,image_2163,mask,data/processed/standardized_masks/g1020/image_2163.png,True
G1020,image_2164,image,data/external/kaggle/glaucoma_fundus_imaging_bundle/G1020/Images/image_2164.jpg,True
G1020,image_2164,mask,data/processed/standardized_masks/g1020/image_2164.png,True
G1020,image_217,image,data/external/kaggle/glaucoma_fundus_imaging_bundle/G1020/Images/image_217.jpg,True
G1020,image_217,mask,data/processed/standardized_masks/g1020/image_217.png,True
G1020,image_2170,image,data/external/kaggle/glaucoma_fundus_imaging_bundle/G1020/Images/image_2170.jpg,True
G1020,image_2170,mask,data/processed/standardized_masks/g1020/image_2170.png,True
G1020,image_2171,image,data/external/kaggle/glaucoma_fundus_imaging_bundle/G1020/Images/image_2171.jpg,True
G1020,image_2171,mask,data/processed/standardized_masks/g1020/image_2171.png,True
G1020,image_2172,image,data/external/kaggle/glaucoma_fundus_imaging_bundle/G1020/Images/image_2172.jpg,True
G1020,image_2172,mask,data/processed/standardized_masks/g1020/image_2172.png,True
G1020,image_2173,image,data/external/kaggle/glaucoma_fundus_imaging_bundle/G1020/Images/image_2173.jpg,True
G1020,image_2173,mask,data/processed/standardized_masks/g1020/image_2173.png,True
G1020,image_218,image,data/external/kaggle/glaucoma_fundus_imaging_bundle/G1020/Images/image_218.jpg,True
G1020,image_218,mask,data/processed/standardized_masks/g1020/image_218.png,True
G1020,image_2188,image,data/external/kaggle/glaucoma_fundus_imaging_bundle/G1020/Images/image_2188.jpg,True
G1020,image_2188,mask,data/processed/standardized_masks/g1020/image_2188.png,True
G1020,image_2189,image,data/external/kaggle/glaucoma_fundus_imaging_bundle/G1020/Images/image_2189.jpg,True
G1020,image_2189,mask,data/processed/standardized_masks/g1020/image_2189.png,True
G1020,image_219,image,data/external/kaggle/glaucoma_fundus_imaging_bundle/G1020/Images/image_219.jpg,True
G1020,image_219,mask,data/processed/standardized_masks/g1020/image_219.png,True
G1020,image_2199,image,data/external/kaggle/glaucoma_fundus_imaging_bundle/G1020/Images/image_2199.jpg,True
G1020,image_2199,mask,data/processed/standardized_masks/g1020/image_2199.png,True
G1020,image_22,image,data/external/kaggle/glaucoma_fundus_imaging_bundle/G1020/Images/image_22.jpg,True
G1020,image_22,mask,data/processed/standardized_masks/g1020/image_22.png,True
G1020,image_2200,image,data/external/kaggle/glaucoma_fundus_imaging_bundle/G1020/Images/image_2200.jpg,True
G1020,image_2200,mask,data/processed/standardized_masks/g1020/image_2200.png,True
G1020,image_2201,image,data/external/kaggle/glaucoma_fundus_imaging_bundle/G1020/Images/image_2201.jpg,True
G1020,image_2201,mask,data/processed/standardized_masks/g1020/image_2201.png,True
G1020,image_2202,image,data/external/kaggle/glaucoma_fundus_imaging_bundle/G1020/Images/image_2202.jpg,True
G1020,image_2202,mask,data/processed/standardized_masks/g1020/image_2202.png,True
G1020,image_2209,image,data/external/kaggle/glaucoma_fundus_imaging_bundle/G1020/Images/image_2209.jpg,True
G1020,image_2209,mask,data/processed/standardized_masks/g1020/image_2209.png,True
G1020,image_2210,image,data/external/kaggle/glaucoma_fundus_imaging_bundle/G1020/Images/image_2210.jpg,True
G1020,image_2210,mask,data/processed/standardized_masks/g1020/image_2210.png,True
G1020,image_2211,image,data/external/kaggle/glaucoma_fundus_imaging_bundle/G1020/Images/image_2211.jpg,True
G1020,image_2211,mask,data/processed/standardized_masks/g1020/image_2211.png,True
G1020,image_2212,image,data/external/kaggle/glaucoma_fundus_imaging_bundle/G1020/Images/image_2212.jpg,True
G1020,image_2212,mask,data/processed/standardized_masks/g1020/image_2212.png,True
G1020,image_2215,image,data/external/kaggle/glaucoma_fundus_imaging_bundle/G1020/Images/image_2215.jpg,True
G1020,image_2215,mask,data/processed/standardized_masks/g1020/image_2215.png,True
G1020,image_2216,image,data/external/kaggle/glaucoma_fundus_imaging_bundle/G1020/Images/image_2216.jpg,True
G1020,image_2216,mask,data/processed/standardized_masks/g1020/image_2216.png,True
G1020,image_2217,image,data/external/kaggle/glaucoma_fundus_imaging_bundle/G1020/Images/image_2217.jpg,True
G1020,image_2217,mask,data/processed/standardized_masks/g1020/image_2217.png,True
G1020,image_2218,image,data/external/kaggle/glaucoma_fundus_imaging_bundle/G1020/Images/image_2218.jpg,True
G1020,image_2218,mask,data/processed/standardized_masks/g1020/image_2218.png,True
G1020,image_2219,image,data/external/kaggle/glaucoma_fundus_imaging_bundle/G1020/Images/image_2219.jpg,True
G1020,image_2219,mask,data/processed/standardized_masks/g1020/image_2219.png,True
G1020,image_222,image,data/external/kaggle/glaucoma_fundus_imaging_bundle/G1020/Images/image_222.jpg,True
G1020,image_222,mask,data/processed/standardized_masks/g1020/image_222.png,True
G1020,image_2220,image,data/external/kaggle/glaucoma_fundus_imaging_bundle/G1020/Images/image_2220.jpg,True
G1020,image_2220,mask,data/processed/standardized_masks/g1020/image_2220.png,True
G1020,image_2223,image,data/external/kaggle/glaucoma_fundus_imaging_bundle/G1020/Images/image_2223.jpg,True
G1020,image_2223,mask,data/processed/standardized_masks/g1020/image_2223.png,True
G1020,image_2225,image,data/external/kaggle/glaucoma_fundus_imaging_bundle/G1020/Images/image_2225.jpg,True
G1020,image_2225,mask,data/processed/standardized_masks/g1020/image_2225.png,True
G1020,image_2226,image,data/external/kaggle/glaucoma_fundus_imaging_bundle/G1020/Images/image_2226.jpg,True
G1020,image_2226,mask,data/processed/standardized_masks/g1020/image_2226.png,True
G1020,image_2229,image,data/external/kaggle/glaucoma_fundus_imaging_bundle/G1020/Images/image_2229.jpg,True
G1020,image_2229,mask,data/processed/standardized_masks/g1020/image_2229.png,True
G1020,image_223,image,data/external/kaggle/glaucoma_fundus_imaging_bundle/G1020/Images/image_223.jpg,True
G1020,image_223,mask,data/processed/standardized_masks/g1020/image_223.png,True
G1020,image_2230,image,data/external/kaggle/glaucoma_fundus_imaging_bundle/G1020/Images/image_2230.jpg,True
G1020,image_2230,mask,data/processed/standardized_masks/g1020/image_2230.png,True
G1020,image_2231,image,data/external/kaggle/glaucoma_fundus_imaging_bundle/G1020/Images/image_2231.jpg,True
G1020,image_2231,mask,data/processed/standardized_masks/g1020/image_2231.png,True
G1020,image_2232,image,data/external/kaggle/glaucoma_fundus_imaging_bundle/G1020/Images/image_2232.jpg,True
G1020,image_2232,mask,data/processed/standardized_masks/g1020/image_2232.png,True
G1020,image_2234,image,data/external/kaggle/glaucoma_fundus_imaging_bundle/G1020/Images/image_2234.jpg,True
G1020,image_2234,mask,data/processed/standardized_masks/g1020/image_2234.png,True
G1020,image_2244,image,data/external/kaggle/glaucoma_fundus_imaging_bundle/G1020/Images/image_2244.jpg,True
G1020,image_2244,mask,data/processed/standardized_masks/g1020/image_2244.png,True
G1020,image_2245,image,data/external/kaggle/glaucoma_fundus_imaging_bundle/G1020/Images/image_2245.jpg,True
G1020,image_2245,mask,data/processed/standardized_masks/g1020/image_2245.png,True
G1020,image_2246,image,data/external/kaggle/glaucoma_fundus_imaging_bundle/G1020/Images/image_2246.jpg,True
G1020,image_2246,mask,data/processed/standardized_masks/g1020/image_2246.png,True
G1020,image_2247,image,data/external/kaggle/glaucoma_fundus_imaging_bundle/G1020/Images/image_2247.jpg,True
G1020,image_2247,mask,data/processed/standardized_masks/g1020/image_2247.png,True
G1020,image_2248,image,data/external/kaggle/glaucoma_fundus_imaging_bundle/G1020/Images/image_2248.jpg,True
G1020,image_2248,mask,data/processed/standardized_masks/g1020/image_2248.png,True
G1020,image_2249,image,data/external/kaggle/glaucoma_fundus_imaging_bundle/G1020/Images/image_2249.jpg,True
G1020,image_2249,mask,data/processed/standardized_masks/g1020/image_2249.png,True
G1020,image_226,image,data/external/kaggle/glaucoma_fundus_imaging_bundle/G1020/Images/image_226.jpg,True
G1020,image_226,mask,data/processed/standardized_masks/g1020/image_226.png,True
G1020,image_227,image,data/external/kaggle/glaucoma_fundus_imaging_bundle/G1020/Images/image_227.jpg,True
G1020,image_227,mask,data/processed/standardized_masks/g1020/image_227.png,True
G1020,image_2276,image,data/external/kaggle/glaucoma_fundus_imaging_bundle/G1020/Images/image_2276.jpg,True
G1020,image_2276,mask,data/processed/standardized_masks/g1020/image_2276.png,True
G1020,image_2277,image,data/external/kaggle/glaucoma_fundus_imaging_bundle/G1020/Images/image_2277.jpg,True
G1020,image_2277,mask,data/processed/standardized_masks/g1020/image_2277.png,True
G1020,image_2278,image,data/external/kaggle/glaucoma_fundus_imaging_bundle/G1020/Images/image_2278.jpg,True
G1020,image_2278,mask,data/processed/standardized_masks/g1020/image_2278.png,True
G1020,image_2279,image,data/external/kaggle/glaucoma_fundus_imaging_bundle/G1020/Images/image_2279.jpg,True
G1020,image_2279,mask,data/processed/standardized_masks/g1020/image_2279.png,True
G1020,image_2289,image,data/external/kaggle/glaucoma_fundus_imaging_bundle/G1020/Images/image_2289.jpg,True
G1020,image_2289,mask,data/processed/standardized_masks/g1020/image_2289.png,True
G1020,image_2290,image,data/external/kaggle/glaucoma_fundus_imaging_bundle/G1020/Images/image_2290.jpg,True
G1020,image_2290,mask,data/processed/standardized_masks/g1020/image_2290.png,True
G1020,image_2291,image,data/external/kaggle/glaucoma_fundus_imaging_bundle/G1020/Images/image_2291.jpg,True
G1020,image_2291,mask,data/processed/standardized_masks/g1020/image_2291.png,True
G1020,image_2292,image,data/external/kaggle/glaucoma_fundus_imaging_bundle/G1020/Images/image_2292.jpg,True
G1020,image_2292,mask,data/processed/standardized_masks/g1020/image_2292.png,True
G1020,image_2299,image,data/external/kaggle/glaucoma_fundus_imaging_bundle/G1020/Images/image_2299.jpg,True
G1020,image_2299,mask,data/processed/standardized_masks/g1020/image_2299.png,True
G1020,image_230,image,data/external/kaggle/glaucoma_fundus_imaging_bundle/G1020/Images/image_230.jpg,True
G1020,image_230,mask,data/processed/standardized_masks/g1020/image_230.png,True
G1020,image_2300,image,data/external/kaggle/glaucoma_fundus_imaging_bundle/G1020/Images/image_2300.jpg,True
G1020,image_2300,mask,data/processed/standardized_masks/g1020/image_2300.png,True
G1020,image_2303,image,data/external/kaggle/glaucoma_fundus_imaging_bundle/G1020/Images/image_2303.jpg,True
G1020,image_2303,mask,data/processed/standardized_masks/g1020/image_2303.png,True
G1020,image_2304,image,data/external/kaggle/glaucoma_fundus_imaging_bundle/G1020/Images/image_2304.jpg,True
G1020,image_2304,mask,data/processed/standardized_masks/g1020/image_2304.png,True
G1020,image_2307,image,data/external/kaggle/glaucoma_fundus_imaging_bundle/G1020/Images/image_2307.jpg,True
G1020,image_2307,mask,data/processed/standardized_masks/g1020/image_2307.png,True
G1020,image_2308,image,data/external/kaggle/glaucoma_fundus_imaging_bundle/G1020/Images/image_2308.jpg,True
G1020,image_2308,mask,data/processed/standardized_masks/g1020/image_2308.png,True
G1020,image_2309,image,data/external/kaggle/glaucoma_fundus_imaging_bundle/G1020/Images/image_2309.jpg,True
G1020,image_2309,mask,data/processed/standardized_masks/g1020/image_2309.png,True
G1020,image_231,image,data/external/kaggle/glaucoma_fundus_imaging_bundle/G1020/Images/image_231.jpg,True
G1020,image_231,mask,data/processed/standardized_masks/g1020/image_231.png,True
G1020,image_2310,image,data/external/kaggle/glaucoma_fundus_imaging_bundle/G1020/Images/image_2310.jpg,True
G1020,image_2310,mask,data/processed/standardized_masks/g1020/image_2310.png,True
G1020,image_2313,image,data/external/kaggle/glaucoma_fundus_imaging_bundle/G1020/Images/image_2313.jpg,True
G1020,image_2313,mask,data/processed/standardized_masks/g1020/image_2313.png,True
G1020,image_2314,image,data/external/kaggle/glaucoma_fundus_imaging_bundle/G1020/Images/image_2314.jpg,True
G1020,image_2314,mask,data/processed/standardized_masks/g1020/image_2314.png,True
G1020,image_2315,image,data/external/kaggle/glaucoma_fundus_imaging_bundle/G1020/Images/image_2315.jpg,True
G1020,image_2315,mask,data/processed/standardized_masks/g1020/image_2315.png,True
G1020,image_2316,image,data/external/kaggle/glaucoma_fundus_imaging_bundle/G1020/Images/image_2316.jpg,True
G1020,image_2316,mask,data/processed/standardized_masks/g1020/image_2316.png,True
G1020,image_2319,image,data/external/kaggle/glaucoma_fundus_imaging_bundle/G1020/Images/image_2319.jpg,True
G1020,image_2319,mask,data/processed/standardized_masks/g1020/image_2319.png,True
G1020,image_232,image,data/external/kaggle/glaucoma_fundus_imaging_bundle/G1020/Images/image_232.jpg,True
G1020,image_232,mask,data/processed/standardized_masks/g1020/image_232.png,True
G1020,image_2320,image,data/external/kaggle/glaucoma_fundus_imaging_bundle/G1020/Images/image_2320.jpg,True
G1020,image_2320,mask,data/processed/standardized_masks/g1020/image_2320.png,True
G1020,image_2321,image,data/external/kaggle/glaucoma_fundus_imaging_bundle/G1020/Images/image_2321.jpg,True
G1020,image_2321,mask,data/processed/standardized_masks/g1020/image_2321.png,True
G1020,image_2322,image,data/external/kaggle/glaucoma_fundus_imaging_bundle/G1020/Images/image_2322.jpg,True
G1020,image_2322,mask,data/processed/standardized_masks/g1020/image_2322.png,True
G1020,image_2326,image,data/external/kaggle/glaucoma_fundus_imaging_bundle/G1020/Images/image_2326.jpg,True
G1020,image_2326,mask,data/processed/standardized_masks/g1020/image_2326.png,True
G1020,image_2327,image,data/external/kaggle/glaucoma_fundus_imaging_bundle/G1020/Images/image_2327.jpg,True
G1020,image_2327,mask,data/processed/standardized_masks/g1020/image_2327.png,True
G1020,image_233,image,data/external/kaggle/glaucoma_fundus_imaging_bundle/G1020/Images/image_233.jpg,True
G1020,image_233,mask,data/processed/standardized_masks/g1020/image_233.png,True
G1020,image_234,image,data/external/kaggle/glaucoma_fundus_imaging_bundle/G1020/Images/image_234.jpg,True
G1020,image_234,mask,data/processed/standardized_masks/g1020/image_234.png,True
G1020,image_2345,image,data/external/kaggle/glaucoma_fundus_imaging_bundle/G1020/Images/image_2345.jpg,True
G1020,image_2345,mask,data/processed/standardized_masks/g1020/image_2345.png,True
G1020,image_2346,image,data/external/kaggle/glaucoma_fundus_imaging_bundle/G1020/Images/image_2346.jpg,True
G1020,image_2346,mask,data/processed/standardized_masks/g1020/image_2346.png,True
G1020,image_235,image,data/external/kaggle/glaucoma_fundus_imaging_bundle/G1020/Images/image_235.jpg,True
G1020,image_235,mask,data/processed/standardized_masks/g1020/image_235.png,True
G1020,image_2354,image,data/external/kaggle/glaucoma_fundus_imaging_bundle/G1020/Images/image_2354.jpg,True
G1020,image_2354,mask,data/processed/standardized_masks/g1020/image_2354.png,True
G1020,image_2355,image,data/external/kaggle/glaucoma_fundus_imaging_bundle/G1020/Images/image_2355.jpg,True
G1020,image_2355,mask,data/processed/standardized_masks/g1020/image_2355.png,True
G1020,image_2359,image,data/external/kaggle/glaucoma_fundus_imaging_bundle/G1020/Images/image_2359.jpg,True
G1020,image_2359,mask,data/processed/standardized_masks/g1020/image_2359.png,True
G1020,image_236,image,data/external/kaggle/glaucoma_fundus_imaging_bundle/G1020/Images/image_236.jpg,True
G1020,image_236,mask,data/processed/standardized_masks/g1020/image_236.png,True
G1020,image_2360,image,data/external/kaggle/glaucoma_fundus_imaging_bundle/G1020/Images/image_2360.jpg,True
G1020,image_2360,mask,data/processed/standardized_masks/g1020/image_2360.png,True
G1020,image_2361,image,data/external/kaggle/glaucoma_fundus_imaging_bundle/G1020/Images/image_2361.jpg,True
G1020,image_2361,mask,data/processed/standardized_masks/g1020/image_2361.png,True
G1020,image_2362,image,data/external/kaggle/glaucoma_fundus_imaging_bundle/G1020/Images/image_2362.jpg,True
G1020,image_2362,mask,data/processed/standardized_masks/g1020/image_2362.png,True
G1020,image_2363,image,data/external/kaggle/glaucoma_fundus_imaging_bundle/G1020/Images/image_2363.jpg,True
G1020,image_2363,mask,data/processed/standardized_masks/g1020/image_2363.png,True
G1020,image_2364,image,data/external/kaggle/glaucoma_fundus_imaging_bundle/G1020/Images/image_2364.jpg,True
G1020,image_2364,mask,data/processed/standardized_masks/g1020/image_2364.png,True
G1020,image_2365,image,data/external/kaggle/glaucoma_fundus_imaging_bundle/G1020/Images/image_2365.jpg,True
G1020,image_2365,mask,data/processed/standardized_masks/g1020/image_2365.png,True
G1020,image_2366,image,data/external/kaggle/glaucoma_fundus_imaging_bundle/G1020/Images/image_2366.jpg,True
G1020,image_2366,mask,data/processed/standardized_masks/g1020/image_2366.png,True
G1020,image_2367,image,data/external/kaggle/glaucoma_fundus_imaging_bundle/G1020/Images/image_2367.jpg,True
G1020,image_2367,mask,data/processed/standardized_masks/g1020/image_2367.png,True
G1020,image_2368,image,data/external/kaggle/glaucoma_fundus_imaging_bundle/G1020/Images/image_2368.jpg,True
G1020,image_2368,mask,data/processed/standardized_masks/g1020/image_2368.png,True
G1020,image_237,image,data/external/kaggle/glaucoma_fundus_imaging_bundle/G1020/Images/image_237.jpg,True
G1020,image_237,mask,data/processed/standardized_masks/g1020/image_237.png,True
G1020,image_2375,image,data/external/kaggle/glaucoma_fundus_imaging_bundle/G1020/Images/image_2375.jpg,True
G1020,image_2375,mask,data/processed/standardized_masks/g1020/image_2375.png,True
G1020,image_2376,image,data/external/kaggle/glaucoma_fundus_imaging_bundle/G1020/Images/image_2376.jpg,True
G1020,image_2376,mask,data/processed/standardized_masks/g1020/image_2376.png,True
G1020,image_2402,image,data/external/kaggle/glaucoma_fundus_imaging_bundle/G1020/Images/image_2402.jpg,True
G1020,image_2402,mask,data/processed/standardized_masks/g1020/image_2402.png,True
G1020,image_2403,image,data/external/kaggle/glaucoma_fundus_imaging_bundle/G1020/Images/image_2403.jpg,True
G1020,image_2403,mask,data/processed/standardized_masks/g1020/image_2403.png,True
G1020,image_2404,image,data/external/kaggle/glaucoma_fundus_imaging_bundle/G1020/Images/image_2404.jpg,True
G1020,image_2404,mask,data/processed/standardized_masks/g1020/image_2404.png,True
G1020,image_2407,image,data/external/kaggle/glaucoma_fundus_imaging_bundle/G1020/Images/image_2407.jpg,True
G1020,image_2407,mask,data/processed/standardized_masks/g1020/image_2407.png,True
G1020,image_2408,image,data/external/kaggle/glaucoma_fundus_imaging_bundle/G1020/Images/image_2408.jpg,True
G1020,image_2408,mask,data/processed/standardized_masks/g1020/image_2408.png,True
G1020,image_2411,image,data/external/kaggle/glaucoma_fundus_imaging_bundle/G1020/Images/image_2411.jpg,True
G1020,image_2411,mask,data/processed/standardized_masks/g1020/image_2411.png,True
G1020,image_2412,image,data/external/kaggle/glaucoma_fundus_imaging_bundle/G1020/Images/image_2412.jpg,True
G1020,image_2412,mask,data/processed/standardized_masks/g1020/image_2412.png,True
G1020,image_2413,image,data/external/kaggle/glaucoma_fundus_imaging_bundle/G1020/Images/image_2413.jpg,True
G1020,image_2413,mask,data/processed/standardized_masks/g1020/image_2413.png,True
G1020,image_2414,image,data/external/kaggle/glaucoma_fundus_imaging_bundle/G1020/Images/image_2414.jpg,True
G1020,image_2414,mask,data/processed/standardized_masks/g1020/image_2414.png,True
G1020,image_2417,image,data/external/kaggle/glaucoma_fundus_imaging_bundle/G1020/Images/image_2417.jpg,True
G1020,image_2417,mask,data/processed/standardized_masks/g1020/image_2417.png,True
G1020,image_2418,image,data/external/kaggle/glaucoma_fundus_imaging_bundle/G1020/Images/image_2418.jpg,True
G1020,image_2418,mask,data/processed/standardized_masks/g1020/image_2418.png,True
G1020,image_2421,image,data/external/kaggle/glaucoma_fundus_imaging_bundle/G1020/Images/image_2421.jpg,True
G1020,image_2421,mask,data/processed/standardized_masks/g1020/image_2421.png,True
G1020,image_2423,image,data/external/kaggle/glaucoma_fundus_imaging_bundle/G1020/Images/image_2423.jpg,True
G1020,image_2423,mask,data/processed/standardized_masks/g1020/image_2423.png,True
G1020,image_2424,image,data/external/kaggle/glaucoma_fundus_imaging_bundle/G1020/Images/image_2424.jpg,True
G1020,image_2424,mask,data/processed/standardized_masks/g1020/image_2424.png,True
G1020,image_2425,image,data/external/kaggle/glaucoma_fundus_imaging_bundle/G1020/Images/image_2425.jpg,True
G1020,image_2425,mask,data/processed/standardized_masks/g1020/image_2425.png,True
G1020,image_2426,image,data/external/kaggle/glaucoma_fundus_imaging_bundle/G1020/Images/image_2426.jpg,True
G1020,image_2426,mask,data/processed/standardized_masks/g1020/image_2426.png,True
G1020,image_2430,image,data/external/kaggle/glaucoma_fundus_imaging_bundle/G1020/Images/image_2430.jpg,True
G1020,image_2430,mask,data/processed/standardized_masks/g1020/image_2430.png,True
G1020,image_2431,image,data/external/kaggle/glaucoma_fundus_imaging_bundle/G1020/Images/image_2431.jpg,True
G1020,image_2431,mask,data/processed/standardized_masks/g1020/image_2431.png,True
G1020,image_2434,image,data/external/kaggle/glaucoma_fundus_imaging_bundle/G1020/Images/image_2434.jpg,True
G1020,image_2434,mask,data/processed/standardized_masks/g1020/image_2434.png,True
G1020,image_2435,image,data/external/kaggle/glaucoma_fundus_imaging_bundle/G1020/Images/image_2435.jpg,True
G1020,image_2435,mask,data/processed/standardized_masks/g1020/image_2435.png,True
G1020,image_2436,image,data/external/kaggle/glaucoma_fundus_imaging_bundle/G1020/Images/image_2436.jpg,True
G1020,image_2436,mask,data/processed/standardized_masks/g1020/image_2436.png,True
G1020,image_2437,image,data/external/kaggle/glaucoma_fundus_imaging_bundle/G1020/Images/image_2437.jpg,True
G1020,image_2437,mask,data/processed/standardized_masks/g1020/image_2437.png,True
G1020,image_244,image,data/external/kaggle/glaucoma_fundus_imaging_bundle/G1020/Images/image_244.jpg,True
G1020,image_244,mask,data/processed/standardized_masks/g1020/image_244.png,True
G1020,image_245,image,data/external/kaggle/glaucoma_fundus_imaging_bundle/G1020/Images/image_245.jpg,True
G1020,image_245,mask,data/processed/standardized_masks/g1020/image_245.png,True
G1020,image_2455,image,data/external/kaggle/glaucoma_fundus_imaging_bundle/G1020/Images/image_2455.jpg,True
G1020,image_2455,mask,data/processed/standardized_masks/g1020/image_2455.png,True
G1020,image_2456,image,data/external/kaggle/glaucoma_fundus_imaging_bundle/G1020/Images/image_2456.jpg,True
G1020,image_2456,mask,data/processed/standardized_masks/g1020/image_2456.png,True
G1020,image_2457,image,data/external/kaggle/glaucoma_fundus_imaging_bundle/G1020/Images/image_2457.jpg,True
G1020,image_2457,mask,data/processed/standardized_masks/g1020/image_2457.png,True
G1020,image_2458,image,data/external/kaggle/glaucoma_fundus_imaging_bundle/G1020/Images/image_2458.jpg,True
G1020,image_2458,mask,data/processed/standardized_masks/g1020/image_2458.png,True
G1020,image_2459,image,data/external/kaggle/glaucoma_fundus_imaging_bundle/G1020/Images/image_2459.jpg,True
G1020,image_2459,mask,data/processed/standardized_masks/g1020/image_2459.png,True
G1020,image_246,image,data/external/kaggle/glaucoma_fundus_imaging_bundle/G1020/Images/image_246.jpg,True
G1020,image_246,mask,data/processed/standardized_masks/g1020/image_246.png,True
G1020,image_247,image,data/external/kaggle/glaucoma_fundus_imaging_bundle/G1020/Images/image_247.jpg,True
G1020,image_247,mask,data/processed/standardized_masks/g1020/image_247.png,True
G1020,image_2470,image,data/external/kaggle/glaucoma_fundus_imaging_bundle/G1020/Images/image_2470.jpg,True
G1020,image_2470,mask,data/processed/standardized_masks/g1020/image_2470.png,True
G1020,image_2471,image,data/external/kaggle/glaucoma_fundus_imaging_bundle/G1020/Images/image_2471.jpg,True
G1020,image_2471,mask,data/processed/standardized_masks/g1020/image_2471.png,True
G1020,image_2473,image,data/external/kaggle/glaucoma_fundus_imaging_bundle/G1020/Images/image_2473.jpg,True
G1020,image_2473,mask,data/processed/standardized_masks/g1020/image_2473.png,True
G1020,image_2474,image,data/external/kaggle/glaucoma_fundus_imaging_bundle/G1020/Images/image_2474.jpg,True
G1020,image_2474,mask,data/processed/standardized_masks/g1020/image_2474.png,True
G1020,image_2475,image,data/external/kaggle/glaucoma_fundus_imaging_bundle/G1020/Images/image_2475.jpg,True
G1020,image_2475,mask,data/processed/standardized_masks/g1020/image_2475.png,True
G1020,image_248,image,data/external/kaggle/glaucoma_fundus_imaging_bundle/G1020/Images/image_248.jpg,True
G1020,image_248,mask,data/processed/standardized_masks/g1020/image_248.png,True
G1020,image_2482,image,data/external/kaggle/glaucoma_fundus_imaging_bundle/G1020/Images/image_2482.jpg,True
G1020,image_2482,mask,data/processed/standardized_masks/g1020/image_2482.png,True
G1020,image_2483,image,data/external/kaggle/glaucoma_fundus_imaging_bundle/G1020/Images/image_2483.jpg,True
G1020,image_2483,mask,data/processed/standardized_masks/g1020/image_2483.png,True
G1020,image_249,image,data/external/kaggle/glaucoma_fundus_imaging_bundle/G1020/Images/image_249.jpg,True
G1020,image_249,mask,data/processed/standardized_masks/g1020/image_249.png,True
G1020,image_250,image,data/external/kaggle/glaucoma_fundus_imaging_bundle/G1020/Images/image_250.jpg,True
G1020,image_250,mask,data/processed/standardized_masks/g1020/image_250.png,True
G1020,image_2503,image,data/external/kaggle/glaucoma_fundus_imaging_bundle/G1020/Images/image_2503.jpg,True
G1020,image_2503,mask,data/processed/standardized_masks/g1020/image_2503.png,True
G1020,image_2504,image,data/external/kaggle/glaucoma_fundus_imaging_bundle/G1020/Images/image_2504.jpg,True
G1020,image_2504,mask,data/processed/standardized_masks/g1020/image_2504.png,True
G1020,image_2505,image,data/external/kaggle/glaucoma_fundus_imaging_bundle/G1020/Images/image_2505.jpg,True
G1020,image_2505,mask,data/processed/standardized_masks/g1020/image_2505.png,True
G1020,image_2507,image,data/external/kaggle/glaucoma_fundus_imaging_bundle/G1020/Images/image_2507.jpg,True
G1020,image_2507,mask,data/processed/standardized_masks/g1020/image_2507.png,True
G1020,image_2512,image,data/external/kaggle/glaucoma_fundus_imaging_bundle/G1020/Images/image_2512.jpg,True
G1020,image_2512,mask,data/processed/standardized_masks/g1020/image_2512.png,True
G1020,image_2513,image,data/external/kaggle/glaucoma_fundus_imaging_bundle/G1020/Images/image_2513.jpg,True
G1020,image_2513,mask,data/processed/standardized_masks/g1020/image_2513.png,True
G1020,image_2514,image,data/external/kaggle/glaucoma_fundus_imaging_bundle/G1020/Images/image_2514.jpg,True
G1020,image_2514,mask,data/processed/standardized_masks/g1020/image_2514.png,True
G1020,image_2515,image,data/external/kaggle/glaucoma_fundus_imaging_bundle/G1020/Images/image_2515.jpg,True
G1020,image_2515,mask,data/processed/standardized_masks/g1020/image_2515.png,True
G1020,image_2516,image,data/external/kaggle/glaucoma_fundus_imaging_bundle/G1020/Images/image_2516.jpg,True
G1020,image_2516,mask,data/processed/standardized_masks/g1020/image_2516.png,True
G1020,image_2523,image,data/external/kaggle/glaucoma_fundus_imaging_bundle/G1020/Images/image_2523.jpg,True
G1020,image_2523,mask,data/processed/standardized_masks/g1020/image_2523.png,True
G1020,image_2524,image,data/external/kaggle/glaucoma_fundus_imaging_bundle/G1020/Images/image_2524.jpg,True
G1020,image_2524,mask,data/processed/standardized_masks/g1020/image_2524.png,True
G1020,image_2525,image,data/external/kaggle/glaucoma_fundus_imaging_bundle/G1020/Images/image_2525.jpg,True
G1020,image_2525,mask,data/processed/standardized_masks/g1020/image_2525.png,True
G1020,image_2526,image,data/external/kaggle/glaucoma_fundus_imaging_bundle/G1020/Images/image_2526.jpg,True
G1020,image_2526,mask,data/processed/standardized_masks/g1020/image_2526.png,True
G1020,image_2527,image,data/external/kaggle/glaucoma_fundus_imaging_bundle/G1020/Images/image_2527.jpg,True
G1020,image_2527,mask,data/processed/standardized_masks/g1020/image_2527.png,True
G1020,image_2528,image,data/external/kaggle/glaucoma_fundus_imaging_bundle/G1020/Images/image_2528.jpg,True
G1020,image_2528,mask,data/processed/standardized_masks/g1020/image_2528.png,True
G1020,image_2529,image,data/external/kaggle/glaucoma_fundus_imaging_bundle/G1020/Images/image_2529.jpg,True
G1020,image_2529,mask,data/processed/standardized_masks/g1020/image_2529.png,True
G1020,image_2530,image,data/external/kaggle/glaucoma_fundus_imaging_bundle/G1020/Images/image_2530.jpg,True
G1020,image_2530,mask,data/processed/standardized_masks/g1020/image_2530.png,True
G1020,image_2531,image,data/external/kaggle/glaucoma_fundus_imaging_bundle/G1020/Images/image_2531.jpg,True
G1020,image_2531,mask,data/processed/standardized_masks/g1020/image_2531.png,True
G1020,image_2532,image,data/external/kaggle/glaucoma_fundus_imaging_bundle/G1020/Images/image_2532.jpg,True
G1020,image_2532,mask,data/processed/standardized_masks/g1020/image_2532.png,True
G1020,image_2533,image,data/external/kaggle/glaucoma_fundus_imaging_bundle/G1020/Images/image_2533.jpg,True
G1020,image_2533,mask,data/processed/standardized_masks/g1020/image_2533.png,True
G1020,image_2534,image,data/external/kaggle/glaucoma_fundus_imaging_bundle/G1020/Images/image_2534.jpg,True
G1020,image_2534,mask,data/processed/standardized_masks/g1020/image_2534.png,True
G1020,image_255,image,data/external/kaggle/glaucoma_fundus_imaging_bundle/G1020/Images/image_255.jpg,True
G1020,image_255,mask,data/processed/standardized_masks/g1020/image_255.png,True
G1020,image_2550,image,data/external/kaggle/glaucoma_fundus_imaging_bundle/G1020/Images/image_2550.jpg,True
G1020,image_2550,mask,data/processed/standardized_masks/g1020/image_2550.png,True
G1020,image_2551,image,data/external/kaggle/glaucoma_fundus_imaging_bundle/G1020/Images/image_2551.jpg,True
G1020,image_2551,mask,data/processed/standardized_masks/g1020/image_2551.png,True
G1020,image_2552,image,data/external/kaggle/glaucoma_fundus_imaging_bundle/G1020/Images/image_2552.jpg,True
G1020,image_2552,mask,data/processed/standardized_masks/g1020/image_2552.png,True
G1020,image_2553,image,data/external/kaggle/glaucoma_fundus_imaging_bundle/G1020/Images/image_2553.jpg,True
G1020,image_2553,mask,data/processed/standardized_masks/g1020/image_2553.png,True
G1020,image_2554,image,data/external/kaggle/glaucoma_fundus_imaging_bundle/G1020/Images/image_2554.jpg,True
G1020,image_2554,mask,data/processed/standardized_masks/g1020/image_2554.png,True
G1020,image_2555,image,data/external/kaggle/glaucoma_fundus_imaging_bundle/G1020/Images/image_2555.jpg,True
G1020,image_2555,mask,data/processed/standardized_masks/g1020/image_2555.png,True
G1020,image_2558,image,data/external/kaggle/glaucoma_fundus_imaging_bundle/G1020/Images/image_2558.jpg,True
G1020,image_2558,mask,data/processed/standardized_masks/g1020/image_2558.png,True
G1020,image_2559,image,data/external/kaggle/glaucoma_fundus_imaging_bundle/G1020/Images/image_2559.jpg,True
G1020,image_2559,mask,data/processed/standardized_masks/g1020/image_2559.png,True
G1020,image_256,image,data/external/kaggle/glaucoma_fundus_imaging_bundle/G1020/Images/image_256.jpg,True
G1020,image_256,mask,data/processed/standardized_masks/g1020/image_256.png,True
G1020,image_2562,image,data/external/kaggle/glaucoma_fundus_imaging_bundle/G1020/Images/image_2562.jpg,True
G1020,image_2562,mask,data/processed/standardized_masks/g1020/image_2562.png,True
G1020,image_2563,image,data/external/kaggle/glaucoma_fundus_imaging_bundle/G1020/Images/image_2563.jpg,True
G1020,image_2563,mask,data/processed/standardized_masks/g1020/image_2563.png,True
G1020,image_2564,image,data/external/kaggle/glaucoma_fundus_imaging_bundle/G1020/Images/image_2564.jpg,True
G1020,image_2564,mask,data/processed/standardized_masks/g1020/image_2564.png,True
G1020,image_2565,image,data/external/kaggle/glaucoma_fundus_imaging_bundle/G1020/Images/image_2565.jpg,True
G1020,image_2565,mask,data/processed/standardized_masks/g1020/image_2565.png,True
G1020,image_2566,image,data/external/kaggle/glaucoma_fundus_imaging_bundle/G1020/Images/image_2566.jpg,True
G1020,image_2566,mask,data/processed/standardized_masks/g1020/image_2566.png,True
G1020,image_2567,image,data/external/kaggle/glaucoma_fundus_imaging_bundle/G1020/Images/image_2567.jpg,True
G1020,image_2567,mask,data/processed/standardized_masks/g1020/image_2567.png,True
G1020,image_2568,image,data/external/kaggle/glaucoma_fundus_imaging_bundle/G1020/Images/image_2568.jpg,True
G1020,image_2568,mask,data/processed/standardized_masks/g1020/image_2568.png,True
G1020,image_2569,image,data/external/kaggle/glaucoma_fundus_imaging_bundle/G1020/Images/image_2569.jpg,True
G1020,image_2569,mask,data/processed/standardized_masks/g1020/image_2569.png,True
G1020,image_2570,image,data/external/kaggle/glaucoma_fundus_imaging_bundle/G1020/Images/image_2570.jpg,True
G1020,image_2570,mask,data/processed/standardized_masks/g1020/image_2570.png,True
G1020,image_2571,image,data/external/kaggle/glaucoma_fundus_imaging_bundle/G1020/Images/image_2571.jpg,True
G1020,image_2571,mask,data/processed/standardized_masks/g1020/image_2571.png,True
G1020,image_2572,image,data/external/kaggle/glaucoma_fundus_imaging_bundle/G1020/Images/image_2572.jpg,True
G1020,image_2572,mask,data/processed/standardized_masks/g1020/image_2572.png,True
G1020,image_2573,image,data/external/kaggle/glaucoma_fundus_imaging_bundle/G1020/Images/image_2573.jpg,True
G1020,image_2573,mask,data/processed/standardized_masks/g1020/image_2573.png,True
G1020,image_2574,image,data/external/kaggle/glaucoma_fundus_imaging_bundle/G1020/Images/image_2574.jpg,True
G1020,image_2574,mask,data/processed/standardized_masks/g1020/image_2574.png,True
G1020,image_2575,image,data/external/kaggle/glaucoma_fundus_imaging_bundle/G1020/Images/image_2575.jpg,True
G1020,image_2575,mask,data/processed/standardized_masks/g1020/image_2575.png,True
G1020,image_2576,image,data/external/kaggle/glaucoma_fundus_imaging_bundle/G1020/Images/image_2576.jpg,True
G1020,image_2576,mask,data/processed/standardized_masks/g1020/image_2576.png,True
G1020,image_2577,image,data/external/kaggle/glaucoma_fundus_imaging_bundle/G1020/Images/image_2577.jpg,True
G1020,image_2577,mask,data/processed/standardized_masks/g1020/image_2577.png,True
G1020,image_2578,image,data/external/kaggle/glaucoma_fundus_imaging_bundle/G1020/Images/image_2578.jpg,True
G1020,image_2578,mask,data/processed/standardized_masks/g1020/image_2578.png,True
G1020,image_2579,image,data/external/kaggle/glaucoma_fundus_imaging_bundle/G1020/Images/image_2579.jpg,True
G1020,image_2579,mask,data/processed/standardized_masks/g1020/image_2579.png,True
G1020,image_2588,image,data/external/kaggle/glaucoma_fundus_imaging_bundle/G1020/Images/image_2588.jpg,True
G1020,image_2588,mask,data/processed/standardized_masks/g1020/image_2588.png,True
G1020,image_2589,image,data/external/kaggle/glaucoma_fundus_imaging_bundle/G1020/Images/image_2589.jpg,True
G1020,image_2589,mask,data/processed/standardized_masks/g1020/image_2589.png,True
G1020,image_2602,image,data/external/kaggle/glaucoma_fundus_imaging_bundle/G1020/Images/image_2602.jpg,True
G1020,image_2602,mask,data/processed/standardized_masks/g1020/image_2602.png,True
G1020,image_2605,image,data/external/kaggle/glaucoma_fundus_imaging_bundle/G1020/Images/image_2605.jpg,True
G1020,image_2605,mask,data/processed/standardized_masks/g1020/image_2605.png,True
G1020,image_2606,image,data/external/kaggle/glaucoma_fundus_imaging_bundle/G1020/Images/image_2606.jpg,True
G1020,image_2606,mask,data/processed/standardized_masks/g1020/image_2606.png,True
G1020,image_2607,image,data/external/kaggle/glaucoma_fundus_imaging_bundle/G1020/Images/image_2607.jpg,True
G1020,image_2607,mask,data/processed/standardized_masks/g1020/image_2607.png,True
G1020,image_2608,image,data/external/kaggle/glaucoma_fundus_imaging_bundle/G1020/Images/image_2608.jpg,True
G1020,image_2608,mask,data/processed/standardized_masks/g1020/image_2608.png,True
G1020,image_261,image,data/external/kaggle/glaucoma_fundus_imaging_bundle/G1020/Images/image_261.jpg,True
G1020,image_261,mask,data/processed/standardized_masks/g1020/image_261.png,True
G1020,image_2611,image,data/external/kaggle/glaucoma_fundus_imaging_bundle/G1020/Images/image_2611.jpg,True
G1020,image_2611,mask,data/processed/standardized_masks/g1020/image_2611.png,True
G1020,image_2612,image,data/external/kaggle/glaucoma_fundus_imaging_bundle/G1020/Images/image_2612.jpg,True
G1020,image_2612,mask,data/processed/standardized_masks/g1020/image_2612.png,True
G1020,image_262,image,data/external/kaggle/glaucoma_fundus_imaging_bundle/G1020/Images/image_262.jpg,True
G1020,image_262,mask,data/processed/standardized_masks/g1020/image_262.png,True
G1020,image_2622,image,data/external/kaggle/glaucoma_fundus_imaging_bundle/G1020/Images/image_2622.jpg,True
G1020,image_2622,mask,data/processed/standardized_masks/g1020/image_2622.png,True
G1020,image_2623,image,data/external/kaggle/glaucoma_fundus_imaging_bundle/G1020/Images/image_2623.jpg,True
G1020,image_2623,mask,data/processed/standardized_masks/g1020/image_2623.png,True
G1020,image_264,image,data/external/kaggle/glaucoma_fundus_imaging_bundle/G1020/Images/image_264.jpg,True
G1020,image_264,mask,data/processed/standardized_masks/g1020/image_264.png,True
G1020,image_265,image,data/external/kaggle/glaucoma_fundus_imaging_bundle/G1020/Images/image_265.jpg,True
G1020,image_265,mask,data/processed/standardized_masks/g1020/image_265.png,True
G1020,image_2651,image,data/external/kaggle/glaucoma_fundus_imaging_bundle/G1020/Images/image_2651.jpg,True
G1020,image_2651,mask,data/processed/standardized_masks/g1020/image_2651.png,True
G1020,image_2652,image,data/external/kaggle/glaucoma_fundus_imaging_bundle/G1020/Images/image_2652.jpg,True
G1020,image_2652,mask,data/processed/standardized_masks/g1020/image_2652.png,True
G1020,image_2654,image,data/external/kaggle/glaucoma_fundus_imaging_bundle/G1020/Images/image_2654.jpg,True
G1020,image_2654,mask,data/processed/standardized_masks/g1020/image_2654.png,True
G1020,image_2655,image,data/external/kaggle/glaucoma_fundus_imaging_bundle/G1020/Images/image_2655.jpg,True
G1020,image_2655,mask,data/processed/standardized_masks/g1020/image_2655.png,True
G1020,image_2656,image,data/external/kaggle/glaucoma_fundus_imaging_bundle/G1020/Images/image_2656.jpg,True
G1020,image_2656,mask,data/processed/standardized_masks/g1020/image_2656.png,True
G1020,image_2658,image,data/external/kaggle/glaucoma_fundus_imaging_bundle/G1020/Images/image_2658.jpg,True
G1020,image_2658,mask,data/processed/standardized_masks/g1020/image_2658.png,True
G1020,image_266,image,data/external/kaggle/glaucoma_fundus_imaging_bundle/G1020/Images/image_266.jpg,True
G1020,image_266,mask,data/processed/standardized_masks/g1020/image_266.png,True
G1020,image_2661,image,data/external/kaggle/glaucoma_fundus_imaging_bundle/G1020/Images/image_2661.jpg,True
G1020,image_2661,mask,data/processed/standardized_masks/g1020/image_2661.png,True
G1020,image_2662,image,data/external/kaggle/glaucoma_fundus_imaging_bundle/G1020/Images/image_2662.jpg,True
G1020,image_2662,mask,data/processed/standardized_masks/g1020/image_2662.png,True
G1020,image_2668,image,data/external/kaggle/glaucoma_fundus_imaging_bundle/G1020/Images/image_2668.jpg,True
G1020,image_2668,mask,data/processed/standardized_masks/g1020/image_2668.png,True
G1020,image_2669,image,data/external/kaggle/glaucoma_fundus_imaging_bundle/G1020/Images/image_2669.jpg,True
G1020,image_2669,mask,data/processed/standardized_masks/g1020/image_2669.png,True
G1020,image_2676,image,data/external/kaggle/glaucoma_fundus_imaging_bundle/G1020/Images/image_2676.jpg,True
G1020,image_2676,mask,data/processed/standardized_masks/g1020/image_2676.png,True
G1020,image_2677,image,data/external/kaggle/glaucoma_fundus_imaging_bundle/G1020/Images/image_2677.jpg,True
G1020,image_2677,mask,data/processed/standardized_masks/g1020/image_2677.png,True
G1020,image_2685,image,data/external/kaggle/glaucoma_fundus_imaging_bundle/G1020/Images/image_2685.jpg,True
G1020,image_2685,mask,data/processed/standardized_masks/g1020/image_2685.png,True
G1020,image_2686,image,data/external/kaggle/glaucoma_fundus_imaging_bundle/G1020/Images/image_2686.jpg,True
G1020,image_2686,mask,data/processed/standardized_masks/g1020/image_2686.png,True
G1020,image_2687,image,data/external/kaggle/glaucoma_fundus_imaging_bundle/G1020/Images/image_2687.jpg,True
G1020,image_2687,mask,data/processed/standardized_masks/g1020/image_2687.png,True
G1020,image_2688,image,data/external/kaggle/glaucoma_fundus_imaging_bundle/G1020/Images/image_2688.jpg,True
G1020,image_2688,mask,data/processed/standardized_masks/g1020/image_2688.png,True
G1020,image_2689,image,data/external/kaggle/glaucoma_fundus_imaging_bundle/G1020/Images/image_2689.jpg,True
G1020,image_2689,mask,data/processed/standardized_masks/g1020/image_2689.png,True
G1020,image_2690,image,data/external/kaggle/glaucoma_fundus_imaging_bundle/G1020/Images/image_2690.jpg,True
G1020,image_2690,mask,data/processed/standardized_masks/g1020/image_2690.png,True
G1020,image_2691,image,data/external/kaggle/glaucoma_fundus_imaging_bundle/G1020/Images/image_2691.jpg,True
G1020,image_2691,mask,data/processed/standardized_masks/g1020/image_2691.png,True
G1020,image_2692,image,data/external/kaggle/glaucoma_fundus_imaging_bundle/G1020/Images/image_2692.jpg,True
G1020,image_2692,mask,data/processed/standardized_masks/g1020/image_2692.png,True
G1020,image_2693,image,data/external/kaggle/glaucoma_fundus_imaging_bundle/G1020/Images/image_2693.jpg,True
G1020,image_2693,mask,data/processed/standardized_masks/g1020/image_2693.png,True
G1020,image_2694,image,data/external/kaggle/glaucoma_fundus_imaging_bundle/G1020/Images/image_2694.jpg,True
G1020,image_2694,mask,data/processed/standardized_masks/g1020/image_2694.png,True
G1020,image_2695,image,data/external/kaggle/glaucoma_fundus_imaging_bundle/G1020/Images/image_2695.jpg,True
G1020,image_2695,mask,data/processed/standardized_masks/g1020/image_2695.png,True
G1020,image_2698,image,data/external/kaggle/glaucoma_fundus_imaging_bundle/G1020/Images/image_2698.jpg,True
G1020,image_2698,mask,data/processed/standardized_masks/g1020/image_2698.png,True
G1020,image_2699,image,data/external/kaggle/glaucoma_fundus_imaging_bundle/G1020/Images/image_2699.jpg,True
G1020,image_2699,mask,data/processed/standardized_masks/g1020/image_2699.png,True
G1020,image_2700,image,data/external/kaggle/glaucoma_fundus_imaging_bundle/G1020/Images/image_2700.jpg,True
G1020,image_2700,mask,data/processed/standardized_masks/g1020/image_2700.png,True
G1020,image_2701,image,data/external/kaggle/glaucoma_fundus_imaging_bundle/G1020/Images/image_2701.jpg,True
G1020,image_2701,mask,data/processed/standardized_masks/g1020/image_2701.png,True
G1020,image_2702,image,data/external/kaggle/glaucoma_fundus_imaging_bundle/G1020/Images/image_2702.jpg,True
G1020,image_2702,mask,data/processed/standardized_masks/g1020/image_2702.png,True
G1020,image_2703,image,data/external/kaggle/glaucoma_fundus_imaging_bundle/G1020/Images/image_2703.jpg,True
G1020,image_2703,mask,data/processed/standardized_masks/g1020/image_2703.png,True
G1020,image_2707,image,data/external/kaggle/glaucoma_fundus_imaging_bundle/G1020/Images/image_2707.jpg,True
G1020,image_2707,mask,data/processed/standardized_masks/g1020/image_2707.png,True
G1020,image_2708,image,data/external/kaggle/glaucoma_fundus_imaging_bundle/G1020/Images/image_2708.jpg,True
G1020,image_2708,mask,data/processed/standardized_masks/g1020/image_2708.png,True
G1020,image_2709,image,data/external/kaggle/glaucoma_fundus_imaging_bundle/G1020/Images/image_2709.jpg,True
G1020,image_2709,mask,data/processed/standardized_masks/g1020/image_2709.png,True
G1020,image_2710,image,data/external/kaggle/glaucoma_fundus_imaging_bundle/G1020/Images/image_2710.jpg,True
G1020,image_2710,mask,data/processed/standardized_masks/g1020/image_2710.png,True
G1020,image_2711,image,data/external/kaggle/glaucoma_fundus_imaging_bundle/G1020/Images/image_2711.jpg,True
G1020,image_2711,mask,data/processed/standardized_masks/g1020/image_2711.png,True
G1020,image_2712,image,data/external/kaggle/glaucoma_fundus_imaging_bundle/G1020/Images/image_2712.jpg,True
G1020,image_2712,mask,data/processed/standardized_masks/g1020/image_2712.png,True
G1020,image_2713,image,data/external/kaggle/glaucoma_fundus_imaging_bundle/G1020/Images/image_2713.jpg,True
G1020,image_2713,mask,data/processed/standardized_masks/g1020/image_2713.png,True
G1020,image_2714,image,data/external/kaggle/glaucoma_fundus_imaging_bundle/G1020/Images/image_2714.jpg,True
G1020,image_2714,mask,data/processed/standardized_masks/g1020/image_2714.png,True
G1020,image_2728,image,data/external/kaggle/glaucoma_fundus_imaging_bundle/G1020/Images/image_2728.jpg,True
G1020,image_2728,mask,data/processed/standardized_masks/g1020/image_2728.png,True
G1020,image_2729,image,data/external/kaggle/glaucoma_fundus_imaging_bundle/G1020/Images/image_2729.jpg,True
G1020,image_2729,mask,data/processed/standardized_masks/g1020/image_2729.png,True
G1020,image_2730,image,data/external/kaggle/glaucoma_fundus_imaging_bundle/G1020/Images/image_2730.jpg,True
G1020,image_2730,mask,data/processed/standardized_masks/g1020/image_2730.png,True
G1020,image_2731,image,data/external/kaggle/glaucoma_fundus_imaging_bundle/G1020/Images/image_2731.jpg,True
G1020,image_2731,mask,data/processed/standardized_masks/g1020/image_2731.png,True
G1020,image_2732,image,data/external/kaggle/glaucoma_fundus_imaging_bundle/G1020/Images/image_2732.jpg,True
G1020,image_2732,mask,data/processed/standardized_masks/g1020/image_2732.png,True
G1020,image_2733,image,data/external/kaggle/glaucoma_fundus_imaging_bundle/G1020/Images/image_2733.jpg,True
G1020,image_2733,mask,data/processed/standardized_masks/g1020/image_2733.png,True
G1020,image_2734,image,data/external/kaggle/glaucoma_fundus_imaging_bundle/G1020/Images/image_2734.jpg,True
G1020,image_2734,mask,data/processed/standardized_masks/g1020/image_2734.png,True
G1020,image_2735,image,data/external/kaggle/glaucoma_fundus_imaging_bundle/G1020/Images/image_2735.jpg,True
G1020,image_2735,mask,data/processed/standardized_masks/g1020/image_2735.png,True
G1020,image_2736,image,data/external/kaggle/glaucoma_fundus_imaging_bundle/G1020/Images/image_2736.jpg,True
G1020,image_2736,mask,data/processed/standardized_masks/g1020/image_2736.png,True
G1020,image_2737,image,data/external/kaggle/glaucoma_fundus_imaging_bundle/G1020/Images/image_2737.jpg,True
G1020,image_2737,mask,data/processed/standardized_masks/g1020/image_2737.png,True
G1020,image_2738,image,data/external/kaggle/glaucoma_fundus_imaging_bundle/G1020/Images/image_2738.jpg,True
G1020,image_2738,mask,data/processed/standardized_masks/g1020/image_2738.png,True
G1020,image_2739,image,data/external/kaggle/glaucoma_fundus_imaging_bundle/G1020/Images/image_2739.jpg,True
G1020,image_2739,mask,data/processed/standardized_masks/g1020/image_2739.png,True
G1020,image_2765,image,data/external/kaggle/glaucoma_fundus_imaging_bundle/G1020/Images/image_2765.jpg,True
G1020,image_2765,mask,data/processed/standardized_masks/g1020/image_2765.png,True
G1020,image_2766,image,data/external/kaggle/glaucoma_fundus_imaging_bundle/G1020/Images/image_2766.jpg,True
G1020,image_2766,mask,data/processed/standardized_masks/g1020/image_2766.png,True
G1020,image_2767,image,data/external/kaggle/glaucoma_fundus_imaging_bundle/G1020/Images/image_2767.jpg,True
G1020,image_2767,mask,data/processed/standardized_masks/g1020/image_2767.png,True
G1020,image_2768,image,data/external/kaggle/glaucoma_fundus_imaging_bundle/G1020/Images/image_2768.jpg,True
G1020,image_2768,mask,data/processed/standardized_masks/g1020/image_2768.png,True
G1020,image_2781,image,data/external/kaggle/glaucoma_fundus_imaging_bundle/G1020/Images/image_2781.jpg,True
G1020,image_2781,mask,data/processed/standardized_masks/g1020/image_2781.png,True
G1020,image_2782,image,data/external/kaggle/glaucoma_fundus_imaging_bundle/G1020/Images/image_2782.jpg,True
G1020,image_2782,mask,data/processed/standardized_masks/g1020/image_2782.png,True
G1020,image_2783,image,data/external/kaggle/glaucoma_fundus_imaging_bundle/G1020/Images/image_2783.jpg,True
G1020,image_2783,mask,data/processed/standardized_masks/g1020/image_2783.png,True
G1020,image_2784,image,data/external/kaggle/glaucoma_fundus_imaging_bundle/G1020/Images/image_2784.jpg,True
G1020,image_2784,mask,data/processed/standardized_masks/g1020/image_2784.png,True
G1020,image_2785,image,data/external/kaggle/glaucoma_fundus_imaging_bundle/G1020/Images/image_2785.jpg,True
G1020,image_2785,mask,data/processed/standardized_masks/g1020/image_2785.png,True
G1020,image_2786,image,data/external/kaggle/glaucoma_fundus_imaging_bundle/G1020/Images/image_2786.jpg,True
G1020,image_2786,mask,data/processed/standardized_masks/g1020/image_2786.png,True
G1020,image_2787,image,data/external/kaggle/glaucoma_fundus_imaging_bundle/G1020/Images/image_2787.jpg,True
G1020,image_2787,mask,data/processed/standardized_masks/g1020/image_2787.png,True
G1020,image_2788,image,data/external/kaggle/glaucoma_fundus_imaging_bundle/G1020/Images/image_2788.jpg,True
G1020,image_2788,mask,data/processed/standardized_masks/g1020/image_2788.png,True
G1020,image_2795,image,data/external/kaggle/glaucoma_fundus_imaging_bundle/G1020/Images/image_2795.jpg,True
G1020,image_2795,mask,data/processed/standardized_masks/g1020/image_2795.png,True
G1020,image_2796,image,data/external/kaggle/glaucoma_fundus_imaging_bundle/G1020/Images/image_2796.jpg,True
G1020,image_2796,mask,data/processed/standardized_masks/g1020/image_2796.png,True
G1020,image_2805,image,data/external/kaggle/glaucoma_fundus_imaging_bundle/G1020/Images/image_2805.jpg,True
G1020,image_2805,mask,data/processed/standardized_masks/g1020/image_2805.png,True
G1020,image_2806,image,data/external/kaggle/glaucoma_fundus_imaging_bundle/G1020/Images/image_2806.jpg,True
G1020,image_2806,mask,data/processed/standardized_masks/g1020/image_2806.png,True
G1020,image_2807,image,data/external/kaggle/glaucoma_fundus_imaging_bundle/G1020/Images/image_2807.jpg,True
G1020,image_2807,mask,data/processed/standardized_masks/g1020/image_2807.png,True
G1020,image_2808,image,data/external/kaggle/glaucoma_fundus_imaging_bundle/G1020/Images/image_2808.jpg,True
G1020,image_2808,mask,data/processed/standardized_masks/g1020/image_2808.png,True
G1020,image_2809,image,data/external/kaggle/glaucoma_fundus_imaging_bundle/G1020/Images/image_2809.jpg,True
G1020,image_2809,mask,data/processed/standardized_masks/g1020/image_2809.png,True
G1020,image_2810,image,data/external/kaggle/glaucoma_fundus_imaging_bundle/G1020/Images/image_2810.jpg,True
G1020,image_2810,mask,data/processed/standardized_masks/g1020/image_2810.png,True
G1020,image_2823,image,data/external/kaggle/glaucoma_fundus_imaging_bundle/G1020/Images/image_2823.jpg,True
G1020,image_2823,mask,data/processed/standardized_masks/g1020/image_2823.png,True
G1020,image_2824,image,data/external/kaggle/glaucoma_fundus_imaging_bundle/G1020/Images/image_2824.jpg,True
G1020,image_2824,mask,data/processed/standardized_masks/g1020/image_2824.png,True
G1020,image_2825,image,data/external/kaggle/glaucoma_fundus_imaging_bundle/G1020/Images/image_2825.jpg,True
G1020,image_2825,mask,data/processed/standardized_masks/g1020/image_2825.png,True
G1020,image_2826,image,data/external/kaggle/glaucoma_fundus_imaging_bundle/G1020/Images/image_2826.jpg,True
G1020,image_2826,mask,data/processed/standardized_masks/g1020/image_2826.png,True
G1020,image_2827,image,data/external/kaggle/glaucoma_fundus_imaging_bundle/G1020/Images/image_2827.jpg,True
G1020,image_2827,mask,data/processed/standardized_masks/g1020/image_2827.png,True
G1020,image_2828,image,data/external/kaggle/glaucoma_fundus_imaging_bundle/G1020/Images/image_2828.jpg,True
G1020,image_2828,mask,data/processed/standardized_masks/g1020/image_2828.png,True
G1020,image_2839,image,data/external/kaggle/glaucoma_fundus_imaging_bundle/G1020/Images/image_2839.jpg,True
G1020,image_2839,mask,data/processed/standardized_masks/g1020/image_2839.png,True
G1020,image_2840,image,data/external/kaggle/glaucoma_fundus_imaging_bundle/G1020/Images/image_2840.jpg,True
G1020,image_2840,mask,data/processed/standardized_masks/g1020/image_2840.png,True
G1020,image_2856,image,data/external/kaggle/glaucoma_fundus_imaging_bundle/G1020/Images/image_2856.jpg,True
G1020,image_2856,mask,data/processed/standardized_masks/g1020/image_2856.png,True
G1020,image_2857,image,data/external/kaggle/glaucoma_fundus_imaging_bundle/G1020/Images/image_2857.jpg,True
G1020,image_2857,mask,data/processed/standardized_masks/g1020/image_2857.png,True
G1020,image_2860,image,data/external/kaggle/glaucoma_fundus_imaging_bundle/G1020/Images/image_2860.jpg,True
G1020,image_2860,mask,data/processed/standardized_masks/g1020/image_2860.png,True
G1020,image_2861,image,data/external/kaggle/glaucoma_fundus_imaging_bundle/G1020/Images/image_2861.jpg,True
G1020,image_2861,mask,data/processed/standardized_masks/g1020/image_2861.png,True
G1020,image_2880,image,data/external/kaggle/glaucoma_fundus_imaging_bundle/G1020/Images/image_2880.jpg,True
G1020,image_2880,mask,data/processed/standardized_masks/g1020/image_2880.png,True
G1020,image_2881,image,data/external/kaggle/glaucoma_fundus_imaging_bundle/G1020/Images/image_2881.jpg,True
G1020,image_2881,mask,data/processed/standardized_masks/g1020/image_2881.png,True
G1020,image_2885,image,data/external/kaggle/glaucoma_fundus_imaging_bundle/G1020/Images/image_2885.jpg,True
G1020,image_2885,mask,data/processed/standardized_masks/g1020/image_2885.png,True
G1020,image_2886,image,data/external/kaggle/glaucoma_fundus_imaging_bundle/G1020/Images/image_2886.jpg,True
G1020,image_2886,mask,data/processed/standardized_masks/g1020/image_2886.png,True
G1020,image_2887,image,data/external/kaggle/glaucoma_fundus_imaging_bundle/G1020/Images/image_2887.jpg,True
G1020,image_2887,mask,data/processed/standardized_masks/g1020/image_2887.png,True
G1020,image_2888,image,data/external/kaggle/glaucoma_fundus_imaging_bundle/G1020/Images/image_2888.jpg,True
G1020,image_2888,mask,data/processed/standardized_masks/g1020/image_2888.png,True
G1020,image_2891,image,data/external/kaggle/glaucoma_fundus_imaging_bundle/G1020/Images/image_2891.jpg,True
G1020,image_2891,mask,data/processed/standardized_masks/g1020/image_2891.png,True
G1020,image_2892,image,data/external/kaggle/glaucoma_fundus_imaging_bundle/G1020/Images/image_2892.jpg,True
G1020,image_2892,mask,data/processed/standardized_masks/g1020/image_2892.png,True
G1020,image_2897,image,data/external/kaggle/glaucoma_fundus_imaging_bundle/G1020/Images/image_2897.jpg,True
G1020,image_2897,mask,data/processed/standardized_masks/g1020/image_2897.png,True
G1020,image_2898,image,data/external/kaggle/glaucoma_fundus_imaging_bundle/G1020/Images/image_2898.jpg,True
G1020,image_2898,mask,data/processed/standardized_masks/g1020/image_2898.png,True
G1020,image_2899,image,data/external/kaggle/glaucoma_fundus_imaging_bundle/G1020/Images/image_2899.jpg,True
G1020,image_2899,mask,data/processed/standardized_masks/g1020/image_2899.png,True
G1020,image_2900,image,data/external/kaggle/glaucoma_fundus_imaging_bundle/G1020/Images/image_2900.jpg,True
G1020,image_2900,mask,data/processed/standardized_masks/g1020/image_2900.png,True
G1020,image_2901,image,data/external/kaggle/glaucoma_fundus_imaging_bundle/G1020/Images/image_2901.jpg,True
G1020,image_2901,mask,data/processed/standardized_masks/g1020/image_2901.png,True
G1020,image_2902,image,data/external/kaggle/glaucoma_fundus_imaging_bundle/G1020/Images/image_2902.jpg,True
G1020,image_2902,mask,data/processed/standardized_masks/g1020/image_2902.png,True
G1020,image_2906,image,data/external/kaggle/glaucoma_fundus_imaging_bundle/G1020/Images/image_2906.jpg,True
G1020,image_2906,mask,data/processed/standardized_masks/g1020/image_2906.png,True
G1020,image_2912,image,data/external/kaggle/glaucoma_fundus_imaging_bundle/G1020/Images/image_2912.jpg,True
G1020,image_2912,mask,data/processed/standardized_masks/g1020/image_2912.png,True
G1020,image_2913,image,data/external/kaggle/glaucoma_fundus_imaging_bundle/G1020/Images/image_2913.jpg,True
G1020,image_2913,mask,data/processed/standardized_masks/g1020/image_2913.png,True
G1020,image_2914,image,data/external/kaggle/glaucoma_fundus_imaging_bundle/G1020/Images/image_2914.jpg,True
G1020,image_2914,mask,data/processed/standardized_masks/g1020/image_2914.png,True
G1020,image_2915,image,data/external/kaggle/glaucoma_fundus_imaging_bundle/G1020/Images/image_2915.jpg,True
G1020,image_2915,mask,data/processed/standardized_masks/g1020/image_2915.png,True
G1020,image_2916,image,data/external/kaggle/glaucoma_fundus_imaging_bundle/G1020/Images/image_2916.jpg,True
G1020,image_2916,mask,data/processed/standardized_masks/g1020/image_2916.png,True
G1020,image_2917,image,data/external/kaggle/glaucoma_fundus_imaging_bundle/G1020/Images/image_2917.jpg,True
G1020,image_2917,mask,data/processed/standardized_masks/g1020/image_2917.png,True
G1020,image_292,image,data/external/kaggle/glaucoma_fundus_imaging_bundle/G1020/Images/image_292.jpg,True
G1020,image_292,mask,data/processed/standardized_masks/g1020/image_292.png,True
G1020,image_293,image,data/external/kaggle/glaucoma_fundus_imaging_bundle/G1020/Images/image_293.jpg,True
G1020,image_293,mask,data/processed/standardized_masks/g1020/image_293.png,True
G1020,image_2935,image,data/external/kaggle/glaucoma_fundus_imaging_bundle/G1020/Images/image_2935.jpg,True
G1020,image_2935,mask,data/processed/standardized_masks/g1020/image_2935.png,True
G1020,image_2936,image,data/external/kaggle/glaucoma_fundus_imaging_bundle/G1020/Images/image_2936.jpg,True
G1020,image_2936,mask,data/processed/standardized_masks/g1020/image_2936.png,True
G1020,image_2941,image,data/external/kaggle/glaucoma_fundus_imaging_bundle/G1020/Images/image_2941.jpg,True
G1020,image_2941,mask,data/processed/standardized_masks/g1020/image_2941.png,True
G1020,image_2942,image,data/external/kaggle/glaucoma_fundus_imaging_bundle/G1020/Images/image_2942.jpg,True
G1020,image_2942,mask,data/processed/standardized_masks/g1020/image_2942.png,True
G1020,image_2945,image,data/external/kaggle/glaucoma_fundus_imaging_bundle/G1020/Images/image_2945.jpg,True
G1020,image_2945,mask,data/processed/standardized_masks/g1020/image_2945.png,True
G1020,image_2946,image,data/external/kaggle/glaucoma_fundus_imaging_bundle/G1020/Images/image_2946.jpg,True
G1020,image_2946,mask,data/processed/standardized_masks/g1020/image_2946.png,True
G1020,image_2947,image,data/external/kaggle/glaucoma_fundus_imaging_bundle/G1020/Images/image_2947.jpg,True
G1020,image_2947,mask,data/processed/standardized_masks/g1020/image_2947.png,True
G1020,image_2949,image,data/external/kaggle/glaucoma_fundus_imaging_bundle/G1020/Images/image_2949.jpg,True
G1020,image_2949,mask,data/processed/standardized_masks/g1020/image_2949.png,True
G1020,image_295,image,data/external/kaggle/glaucoma_fundus_imaging_bundle/G1020/Images/image_295.jpg,True
G1020,image_295,mask,data/processed/standardized_masks/g1020/image_295.png,True
G1020,image_2950,image,data/external/kaggle/glaucoma_fundus_imaging_bundle/G1020/Images/image_2950.jpg,True
G1020,image_2950,mask,data/processed/standardized_masks/g1020/image_2950.png,True
G1020,image_2956,image,data/external/kaggle/glaucoma_fundus_imaging_bundle/G1020/Images/image_2956.jpg,True
G1020,image_2956,mask,data/processed/standardized_masks/g1020/image_2956.png,True
G1020,image_2957,image,data/external/kaggle/glaucoma_fundus_imaging_bundle/G1020/Images/image_2957.jpg,True
G1020,image_2957,mask,data/processed/standardized_masks/g1020/image_2957.png,True
G1020,image_2970,image,data/external/kaggle/glaucoma_fundus_imaging_bundle/G1020/Images/image_2970.jpg,True
G1020,image_2970,mask,data/processed/standardized_masks/g1020/image_2970.png,True
G1020,image_2971,image,data/external/kaggle/glaucoma_fundus_imaging_bundle/G1020/Images/image_2971.jpg,True
G1020,image_2971,mask,data/processed/standardized_masks/g1020/image_2971.png,True
G1020,image_2972,image,data/external/kaggle/glaucoma_fundus_imaging_bundle/G1020/Images/image_2972.jpg,True
G1020,image_2972,mask,data/processed/standardized_masks/g1020/image_2972.png,True
G1020,image_2973,image,data/external/kaggle/glaucoma_fundus_imaging_bundle/G1020/Images/image_2973.jpg,True
G1020,image_2973,mask,data/processed/standardized_masks/g1020/image_2973.png,True
G1020,image_2974,image,data/external/kaggle/glaucoma_fundus_imaging_bundle/G1020/Images/image_2974.jpg,True
G1020,image_2974,mask,data/processed/standardized_masks/g1020/image_2974.png,True
G1020,image_2975,image,data/external/kaggle/glaucoma_fundus_imaging_bundle/G1020/Images/image_2975.jpg,True
G1020,image_2975,mask,data/processed/standardized_masks/g1020/image_2975.png,True
G1020,image_2980,image,data/external/kaggle/glaucoma_fundus_imaging_bundle/G1020/Images/image_2980.jpg,True
G1020,image_2980,mask,data/processed/standardized_masks/g1020/image_2980.png,True
G1020,image_2981,image,data/external/kaggle/glaucoma_fundus_imaging_bundle/G1020/Images/image_2981.jpg,True
G1020,image_2981,mask,data/processed/standardized_masks/g1020/image_2981.png,True
G1020,image_2984,image,data/external/kaggle/glaucoma_fundus_imaging_bundle/G1020/Images/image_2984.jpg,True
G1020,image_2984,mask,data/processed/standardized_masks/g1020/image_2984.png,True
G1020,image_2985,image,data/external/kaggle/glaucoma_fundus_imaging_bundle/G1020/Images/image_2985.jpg,True
G1020,image_2985,mask,data/processed/standardized_masks/g1020/image_2985.png,True
G1020,image_2991,image,data/external/kaggle/glaucoma_fundus_imaging_bundle/G1020/Images/image_2991.jpg,True
G1020,image_2991,mask,data/processed/standardized_masks/g1020/image_2991.png,True
G1020,image_2992,image,data/external/kaggle/glaucoma_fundus_imaging_bundle/G1020/Images/image_2992.jpg,True
G1020,image_2992,mask,data/processed/standardized_masks/g1020/image_2992.png,True
G1020,image_2998,image,data/external/kaggle/glaucoma_fundus_imaging_bundle/G1020/Images/image_2998.jpg,True
G1020,image_2998,mask,data/processed/standardized_masks/g1020/image_2998.png,True
G1020,image_2999,image,data/external/kaggle/glaucoma_fundus_imaging_bundle/G1020/Images/image_2999.jpg,True
G1020,image_2999,mask,data/processed/standardized_masks/g1020/image_2999.png,True
G1020,image_3,image,data/external/kaggle/glaucoma_fundus_imaging_bundle/G1020/Images/image_3.jpg,True
G1020,image_3,mask,data/processed/standardized_masks/g1020/image_3.png,True
G1020,image_3000,image,data/external/kaggle/glaucoma_fundus_imaging_bundle/G1020/Images/image_3000.jpg,True
G1020,image_3000,mask,data/processed/standardized_masks/g1020/image_3000.png,True
G1020,image_3017,image,data/external/kaggle/glaucoma_fundus_imaging_bundle/G1020/Images/image_3017.jpg,True
G1020,image_3017,mask,data/processed/standardized_masks/g1020/image_3017.png,True
G1020,image_3018,image,data/external/kaggle/glaucoma_fundus_imaging_bundle/G1020/Images/image_3018.jpg,True
G1020,image_3018,mask,data/processed/standardized_masks/g1020/image_3018.png,True
G1020,image_3019,image,data/external/kaggle/glaucoma_fundus_imaging_bundle/G1020/Images/image_3019.jpg,True
G1020,image_3019,mask,data/processed/standardized_masks/g1020/image_3019.png,True
G1020,image_3020,image,data/external/kaggle/glaucoma_fundus_imaging_bundle/G1020/Images/image_3020.jpg,True
G1020,image_3020,mask,data/processed/standardized_masks/g1020/image_3020.png,True
G1020,image_3021,image,data/external/kaggle/glaucoma_fundus_imaging_bundle/G1020/Images/image_3021.jpg,True
G1020,image_3021,mask,data/processed/standardized_masks/g1020/image_3021.png,True
G1020,image_3022,image,data/external/kaggle/glaucoma_fundus_imaging_bundle/G1020/Images/image_3022.jpg,True
G1020,image_3022,mask,data/processed/standardized_masks/g1020/image_3022.png,True
G1020,image_3023,image,data/external/kaggle/glaucoma_fundus_imaging_bundle/G1020/Images/image_3023.jpg,True
G1020,image_3023,mask,data/processed/standardized_masks/g1020/image_3023.png,True
G1020,image_3024,image,data/external/kaggle/glaucoma_fundus_imaging_bundle/G1020/Images/image_3024.jpg,True
G1020,image_3024,mask,data/processed/standardized_masks/g1020/image_3024.png,True
G1020,image_3025,image,data/external/kaggle/glaucoma_fundus_imaging_bundle/G1020/Images/image_3025.jpg,True
G1020,image_3025,mask,data/processed/standardized_masks/g1020/image_3025.png,True
G1020,image_3026,image,data/external/kaggle/glaucoma_fundus_imaging_bundle/G1020/Images/image_3026.jpg,True
G1020,image_3026,mask,data/processed/standardized_masks/g1020/image_3026.png,True
G1020,image_3029,image,data/external/kaggle/glaucoma_fundus_imaging_bundle/G1020/Images/image_3029.jpg,True
G1020,image_3029,mask,data/processed/standardized_masks/g1020/image_3029.png,True
G1020,image_3038,image,data/external/kaggle/glaucoma_fundus_imaging_bundle/G1020/Images/image_3038.jpg,True
G1020,image_3038,mask,data/processed/standardized_masks/g1020/image_3038.png,True
G1020,image_3039,image,data/external/kaggle/glaucoma_fundus_imaging_bundle/G1020/Images/image_3039.jpg,True
G1020,image_3039,mask,data/processed/standardized_masks/g1020/image_3039.png,True
G1020,image_304,image,data/external/kaggle/glaucoma_fundus_imaging_bundle/G1020/Images/image_304.jpg,True
G1020,image_304,mask,data/processed/standardized_masks/g1020/image_304.png,True
G1020,image_3040,image,data/external/kaggle/glaucoma_fundus_imaging_bundle/G1020/Images/image_3040.jpg,True
G1020,image_3040,mask,data/processed/standardized_masks/g1020/image_3040.png,True
G1020,image_3041,image,data/external/kaggle/glaucoma_fundus_imaging_bundle/G1020/Images/image_3041.jpg,True
G1020,image_3041,mask,data/processed/standardized_masks/g1020/image_3041.png,True
G1020,image_3044,image,data/external/kaggle/glaucoma_fundus_imaging_bundle/G1020/Images/image_3044.jpg,True
G1020,image_3044,mask,data/processed/standardized_masks/g1020/image_3044.png,True
G1020,image_3045,image,data/external/kaggle/glaucoma_fundus_imaging_bundle/G1020/Images/image_3045.jpg,True
G1020,image_3045,mask,data/processed/standardized_masks/g1020/image_3045.png,True
G1020,image_305,image,data/external/kaggle/glaucoma_fundus_imaging_bundle/G1020/Images/image_305.jpg,True
G1020,image_305,mask,data/processed/standardized_masks/g1020/image_305.png,True
G1020,image_3058,image,data/external/kaggle/glaucoma_fundus_imaging_bundle/G1020/Images/image_3058.jpg,True
G1020,image_3058,mask,data/processed/standardized_masks/g1020/image_3058.png,True
G1020,image_3059,image,data/external/kaggle/glaucoma_fundus_imaging_bundle/G1020/Images/image_3059.jpg,True
G1020,image_3059,mask,data/processed/standardized_masks/g1020/image_3059.png,True
G1020,image_3064,image,data/external/kaggle/glaucoma_fundus_imaging_bundle/G1020/Images/image_3064.jpg,True
G1020,image_3064,mask,data/processed/standardized_masks/g1020/image_3064.png,True
G1020,image_3065,image,data/external/kaggle/glaucoma_fundus_imaging_bundle/G1020/Images/image_3065.jpg,True
G1020,image_3065,mask,data/processed/standardized_masks/g1020/image_3065.png,True
G1020,image_3066,image,data/external/kaggle/glaucoma_fundus_imaging_bundle/G1020/Images/image_3066.jpg,True
G1020,image_3066,mask,data/processed/standardized_masks/g1020/image_3066.png,True
G1020,image_3067,image,data/external/kaggle/glaucoma_fundus_imaging_bundle/G1020/Images/image_3067.jpg,True
G1020,image_3067,mask,data/processed/standardized_masks/g1020/image_3067.png,True
G1020,image_3076,image,data/external/kaggle/glaucoma_fundus_imaging_bundle/G1020/Images/image_3076.jpg,True
G1020,image_3076,mask,data/processed/standardized_masks/g1020/image_3076.png,True
G1020,image_3080,image,data/external/kaggle/glaucoma_fundus_imaging_bundle/G1020/Images/image_3080.jpg,True
G1020,image_3080,mask,data/processed/standardized_masks/g1020/image_3080.png,True
G1020,image_3081,image,data/external/kaggle/glaucoma_fundus_imaging_bundle/G1020/Images/image_3081.jpg,True
G1020,image_3081,mask,data/processed/standardized_masks/g1020/image_3081.png,True
G1020,image_3082,image,data/external/kaggle/glaucoma_fundus_imaging_bundle/G1020/Images/image_3082.jpg,True
G1020,image_3082,mask,data/processed/standardized_masks/g1020/image_3082.png,True
G1020,image_3084,image,data/external/kaggle/glaucoma_fundus_imaging_bundle/G1020/Images/image_3084.jpg,True
G1020,image_3084,mask,data/processed/standardized_masks/g1020/image_3084.png,True
G1020,image_3085,image,data/external/kaggle/glaucoma_fundus_imaging_bundle/G1020/Images/image_3085.jpg,True
G1020,image_3085,mask,data/processed/standardized_masks/g1020/image_3085.png,True
G1020,image_3090,image,data/external/kaggle/glaucoma_fundus_imaging_bundle/G1020/Images/image_3090.jpg,True
G1020,image_3090,mask,data/processed/standardized_masks/g1020/image_3090.png,True
G1020,image_3091,image,data/external/kaggle/glaucoma_fundus_imaging_bundle/G1020/Images/image_3091.jpg,True
G1020,image_3091,mask,data/processed/standardized_masks/g1020/image_3091.png,True
G1020,image_31,image,data/external/kaggle/glaucoma_fundus_imaging_bundle/G1020/Images/image_31.jpg,True
G1020,image_31,mask,data/processed/standardized_masks/g1020/image_31.png,True
G1020,image_3116,image,data/external/kaggle/glaucoma_fundus_imaging_bundle/G1020/Images/image_3116.jpg,True
G1020,image_3116,mask,data/processed/standardized_masks/g1020/image_3116.png,True
G1020,image_3117,image,data/external/kaggle/glaucoma_fundus_imaging_bundle/G1020/Images/image_3117.jpg,True
G1020,image_3117,mask,data/processed/standardized_masks/g1020/image_3117.png,True
G1020,image_3120,image,data/external/kaggle/glaucoma_fundus_imaging_bundle/G1020/Images/image_3120.jpg,True
G1020,image_3120,mask,data/processed/standardized_masks/g1020/image_3120.png,True
G1020,image_3121,image,data/external/kaggle/glaucoma_fundus_imaging_bundle/G1020/Images/image_3121.jpg,True
G1020,image_3121,mask,data/processed/standardized_masks/g1020/image_3121.png,True
G1020,image_3122,image,data/external/kaggle/glaucoma_fundus_imaging_bundle/G1020/Images/image_3122.jpg,True
G1020,image_3122,mask,data/processed/standardized_masks/g1020/image_3122.png,True
G1020,image_3123,image,data/external/kaggle/glaucoma_fundus_imaging_bundle/G1020/Images/image_3123.jpg,True
G1020,image_3123,mask,data/processed/standardized_masks/g1020/image_3123.png,True
G1020,image_3124,image,data/external/kaggle/glaucoma_fundus_imaging_bundle/G1020/Images/image_3124.jpg,True
G1020,image_3124,mask,data/processed/standardized_masks/g1020/image_3124.png,True
G1020,image_3129,image,data/external/kaggle/glaucoma_fundus_imaging_bundle/G1020/Images/image_3129.jpg,True
G1020,image_3129,mask,data/processed/standardized_masks/g1020/image_3129.png,True
G1020,image_3130,image,data/external/kaggle/glaucoma_fundus_imaging_bundle/G1020/Images/image_3130.jpg,True
G1020,image_3130,mask,data/processed/standardized_masks/g1020/image_3130.png,True
G1020,image_3131,image,data/external/kaggle/glaucoma_fundus_imaging_bundle/G1020/Images/image_3131.jpg,True
G1020,image_3131,mask,data/processed/standardized_masks/g1020/image_3131.png,True
G1020,image_3132,image,data/external/kaggle/glaucoma_fundus_imaging_bundle/G1020/Images/image_3132.jpg,True
G1020,image_3132,mask,data/processed/standardized_masks/g1020/image_3132.png,True
G1020,image_3137,image,data/external/kaggle/glaucoma_fundus_imaging_bundle/G1020/Images/image_3137.jpg,True
G1020,image_3137,mask,data/processed/standardized_masks/g1020/image_3137.png,True
G1020,image_3138,image,data/external/kaggle/glaucoma_fundus_imaging_bundle/G1020/Images/image_3138.jpg,True
G1020,image_3138,mask,data/processed/standardized_masks/g1020/image_3138.png,True
G1020,image_3143,image,data/external/kaggle/glaucoma_fundus_imaging_bundle/G1020/Images/image_3143.jpg,True
G1020,image_3143,mask,data/processed/standardized_masks/g1020/image_3143.png,True
G1020,image_3144,image,data/external/kaggle/glaucoma_fundus_imaging_bundle/G1020/Images/image_3144.jpg,True
G1020,image_3144,mask,data/processed/standardized_masks/g1020/image_3144.png,True
G1020,image_315,image,data/external/kaggle/glaucoma_fundus_imaging_bundle/G1020/Images/image_315.jpg,True
G1020,image_315,mask,data/processed/standardized_masks/g1020/image_315.png,True
G1020,image_3159,image,data/external/kaggle/glaucoma_fundus_imaging_bundle/G1020/Images/image_3159.jpg,True
G1020,image_3159,mask,data/processed/standardized_masks/g1020/image_3159.png,True
G1020,image_316,image,data/external/kaggle/glaucoma_fundus_imaging_bundle/G1020/Images/image_316.jpg,True
G1020,image_316,mask,data/processed/standardized_masks/g1020/image_316.png,True
G1020,image_3160,image,data/external/kaggle/glaucoma_fundus_imaging_bundle/G1020/Images/image_3160.jpg,True
G1020,image_3160,mask,data/processed/standardized_masks/g1020/image_3160.png,True
G1020,image_3163,image,data/external/kaggle/glaucoma_fundus_imaging_bundle/G1020/Images/image_3163.jpg,True
G1020,image_3163,mask,data/processed/standardized_masks/g1020/image_3163.png,True
G1020,image_3164,image,data/external/kaggle/glaucoma_fundus_imaging_bundle/G1020/Images/image_3164.jpg,True
G1020,image_3164,mask,data/processed/standardized_masks/g1020/image_3164.png,True
G1020,image_3165,image,data/external/kaggle/glaucoma_fundus_imaging_bundle/G1020/Images/image_3165.jpg,True
G1020,image_3165,mask,data/processed/standardized_masks/g1020/image_3165.png,True
G1020,image_3166,image,data/external/kaggle/glaucoma_fundus_imaging_bundle/G1020/Images/image_3166.jpg,True
G1020,image_3166,mask,data/processed/standardized_masks/g1020/image_3166.png,True
G1020,image_3167,image,data/external/kaggle/glaucoma_fundus_imaging_bundle/G1020/Images/image_3167.jpg,True
G1020,image_3167,mask,data/processed/standardized_masks/g1020/image_3167.png,True
G1020,image_3168,image,data/external/kaggle/glaucoma_fundus_imaging_bundle/G1020/Images/image_3168.jpg,True
G1020,image_3168,mask,data/processed/standardized_masks/g1020/image_3168.png,True
G1020,image_3169,image,data/external/kaggle/glaucoma_fundus_imaging_bundle/G1020/Images/image_3169.jpg,True
G1020,image_3169,mask,data/processed/standardized_masks/g1020/image_3169.png,True
G1020,image_3170,image,data/external/kaggle/glaucoma_fundus_imaging_bundle/G1020/Images/image_3170.jpg,True
G1020,image_3170,mask,data/processed/standardized_masks/g1020/image_3170.png,True
G1020,image_3182,image,data/external/kaggle/glaucoma_fundus_imaging_bundle/G1020/Images/image_3182.jpg,True
G1020,image_3182,mask,data/processed/standardized_masks/g1020/image_3182.png,True
G1020,image_3183,image,data/external/kaggle/glaucoma_fundus_imaging_bundle/G1020/Images/image_3183.jpg,True
G1020,image_3183,mask,data/processed/standardized_masks/g1020/image_3183.png,True
G1020,image_3184,image,data/external/kaggle/glaucoma_fundus_imaging_bundle/G1020/Images/image_3184.jpg,True
G1020,image_3184,mask,data/processed/standardized_masks/g1020/image_3184.png,True
G1020,image_3185,image,data/external/kaggle/glaucoma_fundus_imaging_bundle/G1020/Images/image_3185.jpg,True
G1020,image_3185,mask,data/processed/standardized_masks/g1020/image_3185.png,True
G1020,image_3198,image,data/external/kaggle/glaucoma_fundus_imaging_bundle/G1020/Images/image_3198.jpg,True
G1020,image_3198,mask,data/processed/standardized_masks/g1020/image_3198.png,True
G1020,image_3199,image,data/external/kaggle/glaucoma_fundus_imaging_bundle/G1020/Images/image_3199.jpg,True
G1020,image_3199,mask,data/processed/standardized_masks/g1020/image_3199.png,True
G1020,image_32,image,data/external/kaggle/glaucoma_fundus_imaging_bundle/G1020/Images/image_32.jpg,True
G1020,image_32,mask,data/processed/standardized_masks/g1020/image_32.png,True
G1020,image_3201,image,data/external/kaggle/glaucoma_fundus_imaging_bundle/G1020/Images/image_3201.jpg,True
G1020,image_3201,mask,data/processed/standardized_masks/g1020/image_3201.png,True
G1020,image_3202,image,data/external/kaggle/glaucoma_fundus_imaging_bundle/G1020/Images/image_3202.jpg,True
G1020,image_3202,mask,data/processed/standardized_masks/g1020/image_3202.png,True
G1020,image_327,image,data/external/kaggle/glaucoma_fundus_imaging_bundle/G1020/Images/image_327.jpg,True
G1020,image_327,mask,data/processed/standardized_masks/g1020/image_327.png,True
G1020,image_328,image,data/external/kaggle/glaucoma_fundus_imaging_bundle/G1020/Images/image_328.jpg,True
G1020,image_328,mask,data/processed/standardized_masks/g1020/image_328.png,True
G1020,image_334,image,data/external/kaggle/glaucoma_fundus_imaging_bundle/G1020/Images/image_334.jpg,True
G1020,image_334,mask,data/processed/standardized_masks/g1020/image_334.png,True
G1020,image_335,image,data/external/kaggle/glaucoma_fundus_imaging_bundle/G1020/Images/image_335.jpg,True
G1020,image_335,mask,data/processed/standardized_masks/g1020/image_335.png,True
G1020,image_336,image,data/external/kaggle/glaucoma_fundus_imaging_bundle/G1020/Images/image_336.jpg,True
G1020,image_336,mask,data/processed/standardized_masks/g1020/image_336.png,True
G1020,image_337,image,data/external/kaggle/glaucoma_fundus_imaging_bundle/G1020/Images/image_337.jpg,True
G1020,image_337,mask,data/processed/standardized_masks/g1020/image_337.png,True
G1020,image_338,image,data/external/kaggle/glaucoma_fundus_imaging_bundle/G1020/Images/image_338.jpg,True
G1020,image_338,mask,data/processed/standardized_masks/g1020/image_338.png,True
G1020,image_339,image,data/external/kaggle/glaucoma_fundus_imaging_bundle/G1020/Images/image_339.jpg,True
G1020,image_339,mask,data/processed/standardized_masks/g1020/image_339.png,True
G1020,image_353,image,data/external/kaggle/glaucoma_fundus_imaging_bundle/G1020/Images/image_353.jpg,True
G1020,image_353,mask,data/processed/standardized_masks/g1020/image_353.png,True
G1020,image_354,image,data/external/kaggle/glaucoma_fundus_imaging_bundle/G1020/Images/image_354.jpg,True
G1020,image_354,mask,data/processed/standardized_masks/g1020/image_354.png,True
G1020,image_356,image,data/external/kaggle/glaucoma_fundus_imaging_bundle/G1020/Images/image_356.jpg,True
G1020,image_356,mask,data/processed/standardized_masks/g1020/image_356.png,True
G1020,image_360,image,data/external/kaggle/glaucoma_fundus_imaging_bundle/G1020/Images/image_360.jpg,True
G1020,image_360,mask,data/processed/standardized_masks/g1020/image_360.png,True
G1020,image_361,image,data/external/kaggle/glaucoma_fundus_imaging_bundle/G1020/Images/image_361.jpg,True
G1020,image_361,mask,data/processed/standardized_masks/g1020/image_361.png,True
G1020,image_363,image,data/external/kaggle/glaucoma_fundus_imaging_bundle/G1020/Images/image_363.jpg,True
G1020,image_363,mask,data/processed/standardized_masks/g1020/image_363.png,True
G1020,image_366,image,data/external/kaggle/glaucoma_fundus_imaging_bundle/G1020/Images/image_366.jpg,True
G1020,image_366,mask,data/processed/standardized_masks/g1020/image_366.png,True
G1020,image_367,image,data/external/kaggle/glaucoma_fundus_imaging_bundle/G1020/Images/image_367.jpg,True
G1020,image_367,mask,data/processed/standardized_masks/g1020/image_367.png,True
G1020,image_372,image,data/external/kaggle/glaucoma_fundus_imaging_bundle/G1020/Images/image_372.jpg,True
G1020,image_372,mask,data/processed/standardized_masks/g1020/image_372.png,True
G1020,image_373,image,data/external/kaggle/glaucoma_fundus_imaging_bundle/G1020/Images/image_373.jpg,True
G1020,image_373,mask,data/processed/standardized_masks/g1020/image_373.png,True
G1020,image_384,image,data/external/kaggle/glaucoma_fundus_imaging_bundle/G1020/Images/image_384.jpg,True
G1020,image_384,mask,data/processed/standardized_masks/g1020/image_384.png,True
G1020,image_385,image,data/external/kaggle/glaucoma_fundus_imaging_bundle/G1020/Images/image_385.jpg,True
G1020,image_385,mask,data/processed/standardized_masks/g1020/image_385.png,True
G1020,image_386,image,data/external/kaggle/glaucoma_fundus_imaging_bundle/G1020/Images/image_386.jpg,True
G1020,image_386,mask,data/processed/standardized_masks/g1020/image_386.png,True
G1020,image_387,image,data/external/kaggle/glaucoma_fundus_imaging_bundle/G1020/Images/image_387.jpg,True
G1020,image_387,mask,data/processed/standardized_masks/g1020/image_387.png,True
G1020,image_4,image,data/external/kaggle/glaucoma_fundus_imaging_bundle/G1020/Images/image_4.jpg,True
G1020,image_4,mask,data/processed/standardized_masks/g1020/image_4.png,True
G1020,image_420,image,data/external/kaggle/glaucoma_fundus_imaging_bundle/G1020/Images/image_420.jpg,True
G1020,image_420,mask,data/processed/standardized_masks/g1020/image_420.png,True
G1020,image_421,image,data/external/kaggle/glaucoma_fundus_imaging_bundle/G1020/Images/image_421.jpg,True
G1020,image_421,mask,data/processed/standardized_masks/g1020/image_421.png,True
G1020,image_436,image,data/external/kaggle/glaucoma_fundus_imaging_bundle/G1020/Images/image_436.jpg,True
G1020,image_436,mask,data/processed/standardized_masks/g1020/image_436.png,True
G1020,image_437,image,data/external/kaggle/glaucoma_fundus_imaging_bundle/G1020/Images/image_437.jpg,True
G1020,image_437,mask,data/processed/standardized_masks/g1020/image_437.png,True
G1020,image_444,image,data/external/kaggle/glaucoma_fundus_imaging_bundle/G1020/Images/image_444.jpg,True
G1020,image_444,mask,data/processed/standardized_masks/g1020/image_444.png,True
G1020,image_445,image,data/external/kaggle/glaucoma_fundus_imaging_bundle/G1020/Images/image_445.jpg,True
G1020,image_445,mask,data/processed/standardized_masks/g1020/image_445.png,True
G1020,image_446,image,data/external/kaggle/glaucoma_fundus_imaging_bundle/G1020/Images/image_446.jpg,True
G1020,image_446,mask,data/processed/standardized_masks/g1020/image_446.png,True
G1020,image_453,image,data/external/kaggle/glaucoma_fundus_imaging_bundle/G1020/Images/image_453.jpg,True
G1020,image_453,mask,data/processed/standardized_masks/g1020/image_453.png,True
G1020,image_454,image,data/external/kaggle/glaucoma_fundus_imaging_bundle/G1020/Images/image_454.jpg,True
G1020,image_454,mask,data/processed/standardized_masks/g1020/image_454.png,True
G1020,image_457,image,data/external/kaggle/glaucoma_fundus_imaging_bundle/G1020/Images/image_457.jpg,True
G1020,image_457,mask,data/processed/standardized_masks/g1020/image_457.png,True
G1020,image_458,image,data/external/kaggle/glaucoma_fundus_imaging_bundle/G1020/Images/image_458.jpg,True
G1020,image_458,mask,data/processed/standardized_masks/g1020/image_458.png,True
G1020,image_459,image,data/external/kaggle/glaucoma_fundus_imaging_bundle/G1020/Images/image_459.jpg,True
G1020,image_459,mask,data/processed/standardized_masks/g1020/image_459.png,True
G1020,image_46,image,data/external/kaggle/glaucoma_fundus_imaging_bundle/G1020/Images/image_46.jpg,True
G1020,image_46,mask,data/processed/standardized_masks/g1020/image_46.png,True
G1020,image_460,image,data/external/kaggle/glaucoma_fundus_imaging_bundle/G1020/Images/image_460.jpg,True
G1020,image_460,mask,data/processed/standardized_masks/g1020/image_460.png,True
G1020,image_467,image,data/external/kaggle/glaucoma_fundus_imaging_bundle/G1020/Images/image_467.jpg,True
G1020,image_467,mask,data/processed/standardized_masks/g1020/image_467.png,True
G1020,image_468,image,data/external/kaggle/glaucoma_fundus_imaging_bundle/G1020/Images/image_468.jpg,True
G1020,image_468,mask,data/processed/standardized_masks/g1020/image_468.png,True
G1020,image_469,image,data/external/kaggle/glaucoma_fundus_imaging_bundle/G1020/Images/image_469.jpg,True
G1020,image_469,mask,data/processed/standardized_masks/g1020/image_469.png,True
G1020,image_47,image,data/external/kaggle/glaucoma_fundus_imaging_bundle/G1020/Images/image_47.jpg,True
G1020,image_47,mask,data/processed/standardized_masks/g1020/image_47.png,True
G1020,image_470,image,data/external/kaggle/glaucoma_fundus_imaging_bundle/G1020/Images/image_470.jpg,True
G1020,image_470,mask,data/processed/standardized_masks/g1020/image_470.png,True
G1020,image_48,image,data/external/kaggle/glaucoma_fundus_imaging_bundle/G1020/Images/image_48.jpg,True
G1020,image_48,mask,data/processed/standardized_masks/g1020/image_48.png,True
G1020,image_482,image,data/external/kaggle/glaucoma_fundus_imaging_bundle/G1020/Images/image_482.jpg,True
G1020,image_482,mask,data/processed/standardized_masks/g1020/image_482.png,True
G1020,image_483,image,data/external/kaggle/glaucoma_fundus_imaging_bundle/G1020/Images/image_483.jpg,True
G1020,image_483,mask,data/processed/standardized_masks/g1020/image_483.png,True
G1020,image_484,image,data/external/kaggle/glaucoma_fundus_imaging_bundle/G1020/Images/image_484.jpg,True
G1020,image_484,mask,data/processed/standardized_masks/g1020/image_484.png,True
G1020,image_485,image,data/external/kaggle/glaucoma_fundus_imaging_bundle/G1020/Images/image_485.jpg,True
G1020,image_485,mask,data/processed/standardized_masks/g1020/image_485.png,True
G1020,image_486,image,data/external/kaggle/glaucoma_fundus_imaging_bundle/G1020/Images/image_486.jpg,True
G1020,image_486,mask,data/processed/standardized_masks/g1020/image_486.png,True
G1020,image_487,image,data/external/kaggle/glaucoma_fundus_imaging_bundle/G1020/Images/image_487.jpg,True
G1020,image_487,mask,data/processed/standardized_masks/g1020/image_487.png,True
G1020,image_488,image,data/external/kaggle/glaucoma_fundus_imaging_bundle/G1020/Images/image_488.jpg,True
G1020,image_488,mask,data/processed/standardized_masks/g1020/image_488.png,True
G1020,image_489,image,data/external/kaggle/glaucoma_fundus_imaging_bundle/G1020/Images/image_489.jpg,True
G1020,image_489,mask,data/processed/standardized_masks/g1020/image_489.png,True
G1020,image_49,image,data/external/kaggle/glaucoma_fundus_imaging_bundle/G1020/Images/image_49.jpg,True
G1020,image_49,mask,data/processed/standardized_masks/g1020/image_49.png,True
G1020,image_490,image,data/external/kaggle/glaucoma_fundus_imaging_bundle/G1020/Images/image_490.jpg,True
G1020,image_490,mask,data/processed/standardized_masks/g1020/image_490.png,True
G1020,image_491,image,data/external/kaggle/glaucoma_fundus_imaging_bundle/G1020/Images/image_491.jpg,True
G1020,image_491,mask,data/processed/standardized_masks/g1020/image_491.png,True
G1020,image_492,image,data/external/kaggle/glaucoma_fundus_imaging_bundle/G1020/Images/image_492.jpg,True
G1020,image_492,mask,data/processed/standardized_masks/g1020/image_492.png,True
G1020,image_493,image,data/external/kaggle/glaucoma_fundus_imaging_bundle/G1020/Images/image_493.jpg,True
G1020,image_493,mask,data/processed/standardized_masks/g1020/image_493.png,True
G1020,image_494,image,data/external/kaggle/glaucoma_fundus_imaging_bundle/G1020/Images/image_494.jpg,True
G1020,image_494,mask,data/processed/standardized_masks/g1020/image_494.png,True
G1020,image_496,image,data/external/kaggle/glaucoma_fundus_imaging_bundle/G1020/Images/image_496.jpg,True
G1020,image_496,mask,data/processed/standardized_masks/g1020/image_496.png,True
G1020,image_498,image,data/external/kaggle/glaucoma_fundus_imaging_bundle/G1020/Images/image_498.jpg,True
G1020,image_498,mask,data/processed/standardized_masks/g1020/image_498.png,True
G1020,image_5,image,data/external/kaggle/glaucoma_fundus_imaging_bundle/G1020/Images/image_5.jpg,True
G1020,image_5,mask,data/processed/standardized_masks/g1020/image_5.png,True
G1020,image_50,image,data/external/kaggle/glaucoma_fundus_imaging_bundle/G1020/Images/image_50.jpg,True
G1020,image_50,mask,data/processed/standardized_masks/g1020/image_50.png,True
G1020,image_505,image,data/external/kaggle/glaucoma_fundus_imaging_bundle/G1020/Images/image_505.jpg,True
G1020,image_505,mask,data/processed/standardized_masks/g1020/image_505.png,True
G1020,image_512,image,data/external/kaggle/glaucoma_fundus_imaging_bundle/G1020/Images/image_512.jpg,True
G1020,image_512,mask,data/processed/standardized_masks/g1020/image_512.png,True
G1020,image_513,image,data/external/kaggle/glaucoma_fundus_imaging_bundle/G1020/Images/image_513.jpg,True
G1020,image_513,mask,data/processed/standardized_masks/g1020/image_513.png,True
G1020,image_518,image,data/external/kaggle/glaucoma_fundus_imaging_bundle/G1020/Images/image_518.jpg,True
G1020,image_518,mask,data/processed/standardized_masks/g1020/image_518.png,True
G1020,image_519,image,data/external/kaggle/glaucoma_fundus_imaging_bundle/G1020/Images/image_519.jpg,True
G1020,image_519,mask,data/processed/standardized_masks/g1020/image_519.png,True
G1020,image_526,image,data/external/kaggle/glaucoma_fundus_imaging_bundle/G1020/Images/image_526.jpg,True
G1020,image_526,mask,data/processed/standardized_masks/g1020/image_526.png,True
G1020,image_527,image,data/external/kaggle/glaucoma_fundus_imaging_bundle/G1020/Images/image_527.jpg,True
G1020,image_527,mask,data/processed/standardized_masks/g1020/image_527.png,True
G1020,image_53,image,data/external/kaggle/glaucoma_fundus_imaging_bundle/G1020/Images/image_53.jpg,True
G1020,image_53,mask,data/processed/standardized_masks/g1020/image_53.png,True
G1020,image_532,image,data/external/kaggle/glaucoma_fundus_imaging_bundle/G1020/Images/image_532.jpg,True
G1020,image_532,mask,data/processed/standardized_masks/g1020/image_532.png,True
G1020,image_533,image,data/external/kaggle/glaucoma_fundus_imaging_bundle/G1020/Images/image_533.jpg,True
G1020,image_533,mask,data/processed/standardized_masks/g1020/image_533.png,True
G1020,image_534,image,data/external/kaggle/glaucoma_fundus_imaging_bundle/G1020/Images/image_534.jpg,True
G1020,image_534,mask,data/processed/standardized_masks/g1020/image_534.png,True
G1020,image_535,image,data/external/kaggle/glaucoma_fundus_imaging_bundle/G1020/Images/image_535.jpg,True
G1020,image_535,mask,data/processed/standardized_masks/g1020/image_535.png,True
G1020,image_536,image,data/external/kaggle/glaucoma_fundus_imaging_bundle/G1020/Images/image_536.jpg,True
G1020,image_536,mask,data/processed/standardized_masks/g1020/image_536.png,True
G1020,image_537,image,data/external/kaggle/glaucoma_fundus_imaging_bundle/G1020/Images/image_537.jpg,True
G1020,image_537,mask,data/processed/standardized_masks/g1020/image_537.png,True
G1020,image_54,image,data/external/kaggle/glaucoma_fundus_imaging_bundle/G1020/Images/image_54.jpg,True
G1020,image_54,mask,data/processed/standardized_masks/g1020/image_54.png,True
G1020,image_542,image,data/external/kaggle/glaucoma_fundus_imaging_bundle/G1020/Images/image_542.jpg,True
G1020,image_542,mask,data/processed/standardized_masks/g1020/image_542.png,True
G1020,image_543,image,data/external/kaggle/glaucoma_fundus_imaging_bundle/G1020/Images/image_543.jpg,True
G1020,image_543,mask,data/processed/standardized_masks/g1020/image_543.png,True
G1020,image_545,image,data/external/kaggle/glaucoma_fundus_imaging_bundle/G1020/Images/image_545.jpg,True
G1020,image_545,mask,data/processed/standardized_masks/g1020/image_545.png,True
G1020,image_55,image,data/external/kaggle/glaucoma_fundus_imaging_bundle/G1020/Images/image_55.jpg,True
G1020,image_55,mask,data/processed/standardized_masks/g1020/image_55.png,True
G1020,image_550,image,data/external/kaggle/glaucoma_fundus_imaging_bundle/G1020/Images/image_550.jpg,True
G1020,image_550,mask,data/processed/standardized_masks/g1020/image_550.png,True
G1020,image_551,image,data/external/kaggle/glaucoma_fundus_imaging_bundle/G1020/Images/image_551.jpg,True
G1020,image_551,mask,data/processed/standardized_masks/g1020/image_551.png,True
G1020,image_56,image,data/external/kaggle/glaucoma_fundus_imaging_bundle/G1020/Images/image_56.jpg,True
G1020,image_56,mask,data/processed/standardized_masks/g1020/image_56.png,True
G1020,image_560,image,data/external/kaggle/glaucoma_fundus_imaging_bundle/G1020/Images/image_560.jpg,True
G1020,image_560,mask,data/processed/standardized_masks/g1020/image_560.png,True
G1020,image_561,image,data/external/kaggle/glaucoma_fundus_imaging_bundle/G1020/Images/image_561.jpg,True
G1020,image_561,mask,data/processed/standardized_masks/g1020/image_561.png,True
G1020,image_562,image,data/external/kaggle/glaucoma_fundus_imaging_bundle/G1020/Images/image_562.jpg,True
G1020,image_562,mask,data/processed/standardized_masks/g1020/image_562.png,True
G1020,image_563,image,data/external/kaggle/glaucoma_fundus_imaging_bundle/G1020/Images/image_563.jpg,True
G1020,image_563,mask,data/processed/standardized_masks/g1020/image_563.png,True
G1020,image_566,image,data/external/kaggle/glaucoma_fundus_imaging_bundle/G1020/Images/image_566.jpg,True
G1020,image_566,mask,data/processed/standardized_masks/g1020/image_566.png,True
G1020,image_567,image,data/external/kaggle/glaucoma_fundus_imaging_bundle/G1020/Images/image_567.jpg,True
G1020,image_567,mask,data/processed/standardized_masks/g1020/image_567.png,True
G1020,image_570,image,data/external/kaggle/glaucoma_fundus_imaging_bundle/G1020/Images/image_570.jpg,True
G1020,image_570,mask,data/processed/standardized_masks/g1020/image_570.png,True
G1020,image_571,image,data/external/kaggle/glaucoma_fundus_imaging_bundle/G1020/Images/image_571.jpg,True
G1020,image_571,mask,data/processed/standardized_masks/g1020/image_571.png,True
G1020,image_580,image,data/external/kaggle/glaucoma_fundus_imaging_bundle/G1020/Images/image_580.jpg,True
G1020,image_580,mask,data/processed/standardized_masks/g1020/image_580.png,True
G1020,image_581,image,data/external/kaggle/glaucoma_fundus_imaging_bundle/G1020/Images/image_581.jpg,True
G1020,image_581,mask,data/processed/standardized_masks/g1020/image_581.png,True
G1020,image_583,image,data/external/kaggle/glaucoma_fundus_imaging_bundle/G1020/Images/image_583.jpg,True
G1020,image_583,mask,data/processed/standardized_masks/g1020/image_583.png,True
G1020,image_584,image,data/external/kaggle/glaucoma_fundus_imaging_bundle/G1020/Images/image_584.jpg,True
G1020,image_584,mask,data/processed/standardized_masks/g1020/image_584.png,True
G1020,image_585,image,data/external/kaggle/glaucoma_fundus_imaging_bundle/G1020/Images/image_585.jpg,True
G1020,image_585,mask,data/processed/standardized_masks/g1020/image_585.png,True
G1020,image_595,image,data/external/kaggle/glaucoma_fundus_imaging_bundle/G1020/Images/image_595.jpg,True
G1020,image_595,mask,data/processed/standardized_masks/g1020/image_595.png,True
G1020,image_596,image,data/external/kaggle/glaucoma_fundus_imaging_bundle/G1020/Images/image_596.jpg,True
G1020,image_596,mask,data/processed/standardized_masks/g1020/image_596.png,True
G1020,image_597,image,data/external/kaggle/glaucoma_fundus_imaging_bundle/G1020/Images/image_597.jpg,True
G1020,image_597,mask,data/processed/standardized_masks/g1020/image_597.png,True
G1020,image_598,image,data/external/kaggle/glaucoma_fundus_imaging_bundle/G1020/Images/image_598.jpg,True
G1020,image_598,mask,data/processed/standardized_masks/g1020/image_598.png,True
G1020,image_599,image,data/external/kaggle/glaucoma_fundus_imaging_bundle/G1020/Images/image_599.jpg,True
G1020,image_599,mask,data/processed/standardized_masks/g1020/image_599.png,True
G1020,image_6,image,data/external/kaggle/glaucoma_fundus_imaging_bundle/G1020/Images/image_6.jpg,True
G1020,image_6,mask,data/processed/standardized_masks/g1020/image_6.png,True
G1020,image_600,image,data/external/kaggle/glaucoma_fundus_imaging_bundle/G1020/Images/image_600.jpg,True
G1020,image_600,mask,data/processed/standardized_masks/g1020/image_600.png,True
G1020,image_601,image,data/external/kaggle/glaucoma_fundus_imaging_bundle/G1020/Images/image_601.jpg,True
G1020,image_601,mask,data/processed/standardized_masks/g1020/image_601.png,True
G1020,image_602,image,data/external/kaggle/glaucoma_fundus_imaging_bundle/G1020/Images/image_602.jpg,True
G1020,image_602,mask,data/processed/standardized_masks/g1020/image_602.png,True
G1020,image_607,image,data/external/kaggle/glaucoma_fundus_imaging_bundle/G1020/Images/image_607.jpg,True
G1020,image_607,mask,data/processed/standardized_masks/g1020/image_607.png,True
G1020,image_608,image,data/external/kaggle/glaucoma_fundus_imaging_bundle/G1020/Images/image_608.jpg,True
G1020,image_608,mask,data/processed/standardized_masks/g1020/image_608.png,True
G1020,image_609,image,data/external/kaggle/glaucoma_fundus_imaging_bundle/G1020/Images/image_609.jpg,True
G1020,image_609,mask,data/processed/standardized_masks/g1020/image_609.png,True
G1020,image_610,image,data/external/kaggle/glaucoma_fundus_imaging_bundle/G1020/Images/image_610.jpg,True
G1020,image_610,mask,data/processed/standardized_masks/g1020/image_610.png,True
G1020,image_613,image,data/external/kaggle/glaucoma_fundus_imaging_bundle/G1020/Images/image_613.jpg,True
G1020,image_613,mask,data/processed/standardized_masks/g1020/image_613.png,True
G1020,image_614,image,data/external/kaggle/glaucoma_fundus_imaging_bundle/G1020/Images/image_614.jpg,True
G1020,image_614,mask,data/processed/standardized_masks/g1020/image_614.png,True
G1020,image_626,image,data/external/kaggle/glaucoma_fundus_imaging_bundle/G1020/Images/image_626.jpg,True
G1020,image_626,mask,data/processed/standardized_masks/g1020/image_626.png,True
G1020,image_627,image,data/external/kaggle/glaucoma_fundus_imaging_bundle/G1020/Images/image_627.jpg,True
G1020,image_627,mask,data/processed/standardized_masks/g1020/image_627.png,True
G1020,image_628,image,data/external/kaggle/glaucoma_fundus_imaging_bundle/G1020/Images/image_628.jpg,True
G1020,image_628,mask,data/processed/standardized_masks/g1020/image_628.png,True
G1020,image_63,image,data/external/kaggle/glaucoma_fundus_imaging_bundle/G1020/Images/image_63.jpg,True
G1020,image_63,mask,data/processed/standardized_masks/g1020/image_63.png,True
G1020,image_630,image,data/external/kaggle/glaucoma_fundus_imaging_bundle/G1020/Images/image_630.jpg,True
G1020,image_630,mask,data/processed/standardized_masks/g1020/image_630.png,True
G1020,image_631,image,data/external/kaggle/glaucoma_fundus_imaging_bundle/G1020/Images/image_631.jpg,True
G1020,image_631,mask,data/processed/standardized_masks/g1020/image_631.png,True
G1020,image_64,image,data/external/kaggle/glaucoma_fundus_imaging_bundle/G1020/Images/image_64.jpg,True
G1020,image_64,mask,data/processed/standardized_masks/g1020/image_64.png,True
G1020,image_642,image,data/external/kaggle/glaucoma_fundus_imaging_bundle/G1020/Images/image_642.jpg,True
G1020,image_642,mask,data/processed/standardized_masks/g1020/image_642.png,True
G1020,image_643,image,data/external/kaggle/glaucoma_fundus_imaging_bundle/G1020/Images/image_643.jpg,True
G1020,image_643,mask,data/processed/standardized_masks/g1020/image_643.png,True
G1020,image_646,image,data/external/kaggle/glaucoma_fundus_imaging_bundle/G1020/Images/image_646.jpg,True
G1020,image_646,mask,data/processed/standardized_masks/g1020/image_646.png,True
G1020,image_647,image,data/external/kaggle/glaucoma_fundus_imaging_bundle/G1020/Images/image_647.jpg,True
G1020,image_647,mask,data/processed/standardized_masks/g1020/image_647.png,True
G1020,image_65,image,data/external/kaggle/glaucoma_fundus_imaging_bundle/G1020/Images/image_65.jpg,True
G1020,image_65,mask,data/processed/standardized_masks/g1020/image_65.png,True
G1020,image_654,image,data/external/kaggle/glaucoma_fundus_imaging_bundle/G1020/Images/image_654.jpg,True
G1020,image_654,mask,data/processed/standardized_masks/g1020/image_654.png,True
G1020,image_655,image,data/external/kaggle/glaucoma_fundus_imaging_bundle/G1020/Images/image_655.jpg,True
G1020,image_655,mask,data/processed/standardized_masks/g1020/image_655.png,True
G1020,image_657,image,data/external/kaggle/glaucoma_fundus_imaging_bundle/G1020/Images/image_657.jpg,True
G1020,image_657,mask,data/processed/standardized_masks/g1020/image_657.png,True
G1020,image_658,image,data/external/kaggle/glaucoma_fundus_imaging_bundle/G1020/Images/image_658.jpg,True
G1020,image_658,mask,data/processed/standardized_masks/g1020/image_658.png,True
G1020,image_659,image,data/external/kaggle/glaucoma_fundus_imaging_bundle/G1020/Images/image_659.jpg,True
G1020,image_659,mask,data/processed/standardized_masks/g1020/image_659.png,True
G1020,image_66,image,data/external/kaggle/glaucoma_fundus_imaging_bundle/G1020/Images/image_66.jpg,True
G1020,image_66,mask,data/processed/standardized_masks/g1020/image_66.png,True
G1020,image_698,image,data/external/kaggle/glaucoma_fundus_imaging_bundle/G1020/Images/image_698.jpg,True
G1020,image_698,mask,data/processed/standardized_masks/g1020/image_698.png,True
G1020,image_699,image,data/external/kaggle/glaucoma_fundus_imaging_bundle/G1020/Images/image_699.jpg,True
G1020,image_699,mask,data/processed/standardized_masks/g1020/image_699.png,True
G1020,image_700,image,data/external/kaggle/glaucoma_fundus_imaging_bundle/G1020/Images/image_700.jpg,True
G1020,image_700,mask,data/processed/standardized_masks/g1020/image_700.png,True
G1020,image_703,image,data/external/kaggle/glaucoma_fundus_imaging_bundle/G1020/Images/image_703.jpg,True
G1020,image_703,mask,data/processed/standardized_masks/g1020/image_703.png,True
G1020,image_704,image,data/external/kaggle/glaucoma_fundus_imaging_bundle/G1020/Images/image_704.jpg,True
G1020,image_704,mask,data/processed/standardized_masks/g1020/image_704.png,True
G1020,image_708,image,data/external/kaggle/glaucoma_fundus_imaging_bundle/G1020/Images/image_708.jpg,True
G1020,image_708,mask,data/processed/standardized_masks/g1020/image_708.png,True
G1020,image_709,image,data/external/kaggle/glaucoma_fundus_imaging_bundle/G1020/Images/image_709.jpg,True
G1020,image_709,mask,data/processed/standardized_masks/g1020/image_709.png,True
G1020,image_726,image,data/external/kaggle/glaucoma_fundus_imaging_bundle/G1020/Images/image_726.jpg,True
G1020,image_726,mask,data/processed/standardized_masks/g1020/image_726.png,True
G1020,image_727,image,data/external/kaggle/glaucoma_fundus_imaging_bundle/G1020/Images/image_727.jpg,True
G1020,image_727,mask,data/processed/standardized_masks/g1020/image_727.png,True
G1020,image_745,image,data/external/kaggle/glaucoma_fundus_imaging_bundle/G1020/Images/image_745.jpg,True
G1020,image_745,mask,data/processed/standardized_masks/g1020/image_745.png,True
G1020,image_746,image,data/external/kaggle/glaucoma_fundus_imaging_bundle/G1020/Images/image_746.jpg,True
G1020,image_746,mask,data/processed/standardized_masks/g1020/image_746.png,True
G1020,image_747,image,data/external/kaggle/glaucoma_fundus_imaging_bundle/G1020/Images/image_747.jpg,True
G1020,image_747,mask,data/processed/standardized_masks/g1020/image_747.png,True
G1020,image_748,image,data/external/kaggle/glaucoma_fundus_imaging_bundle/G1020/Images/image_748.jpg,True
G1020,image_748,mask,data/processed/standardized_masks/g1020/image_748.png,True
G1020,image_756,image,data/external/kaggle/glaucoma_fundus_imaging_bundle/G1020/Images/image_756.jpg,True
G1020,image_756,mask,data/processed/standardized_masks/g1020/image_756.png,True
G1020,image_757,image,data/external/kaggle/glaucoma_fundus_imaging_bundle/G1020/Images/image_757.jpg,True
G1020,image_757,mask,data/processed/standardized_masks/g1020/image_757.png,True
G1020,image_764,image,data/external/kaggle/glaucoma_fundus_imaging_bundle/G1020/Images/image_764.jpg,True
G1020,image_764,mask,data/processed/standardized_masks/g1020/image_764.png,True
G1020,image_765,image,data/external/kaggle/glaucoma_fundus_imaging_bundle/G1020/Images/image_765.jpg,True
G1020,image_765,mask,data/processed/standardized_masks/g1020/image_765.png,True
G1020,image_768,image,data/external/kaggle/glaucoma_fundus_imaging_bundle/G1020/Images/image_768.jpg,True
G1020,image_768,mask,data/processed/standardized_masks/g1020/image_768.png,True
G1020,image_769,image,data/external/kaggle/glaucoma_fundus_imaging_bundle/G1020/Images/image_769.jpg,True
G1020,image_769,mask,data/processed/standardized_masks/g1020/image_769.png,True
G1020,image_77,image,data/external/kaggle/glaucoma_fundus_imaging_bundle/G1020/Images/image_77.jpg,True
G1020,image_77,mask,data/processed/standardized_masks/g1020/image_77.png,True
G1020,image_772,image,data/external/kaggle/glaucoma_fundus_imaging_bundle/G1020/Images/image_772.jpg,True
G1020,image_772,mask,data/processed/standardized_masks/g1020/image_772.png,True
G1020,image_773,image,data/external/kaggle/glaucoma_fundus_imaging_bundle/G1020/Images/image_773.jpg,True
G1020,image_773,mask,data/processed/standardized_masks/g1020/image_773.png,True
G1020,image_774,image,data/external/kaggle/glaucoma_fundus_imaging_bundle/G1020/Images/image_774.jpg,True
G1020,image_774,mask,data/processed/standardized_masks/g1020/image_774.png,True
G1020,image_775,image,data/external/kaggle/glaucoma_fundus_imaging_bundle/G1020/Images/image_775.jpg,True
G1020,image_775,mask,data/processed/standardized_masks/g1020/image_775.png,True
G1020,image_776,image,data/external/kaggle/glaucoma_fundus_imaging_bundle/G1020/Images/image_776.jpg,True
G1020,image_776,mask,data/processed/standardized_masks/g1020/image_776.png,True
G1020,image_777,image,data/external/kaggle/glaucoma_fundus_imaging_bundle/G1020/Images/image_777.jpg,True
G1020,image_777,mask,data/processed/standardized_masks/g1020/image_777.png,True
G1020,image_778,image,data/external/kaggle/glaucoma_fundus_imaging_bundle/G1020/Images/image_778.jpg,True
G1020,image_778,mask,data/processed/standardized_masks/g1020/image_778.png,True
G1020,image_779,image,data/external/kaggle/glaucoma_fundus_imaging_bundle/G1020/Images/image_779.jpg,True
G1020,image_779,mask,data/processed/standardized_masks/g1020/image_779.png,True
G1020,image_78,image,data/external/kaggle/glaucoma_fundus_imaging_bundle/G1020/Images/image_78.jpg,True
G1020,image_78,mask,data/processed/standardized_masks/g1020/image_78.png,True
G1020,image_780,image,data/external/kaggle/glaucoma_fundus_imaging_bundle/G1020/Images/image_780.jpg,True
G1020,image_780,mask,data/processed/standardized_masks/g1020/image_780.png,True
G1020,image_781,image,data/external/kaggle/glaucoma_fundus_imaging_bundle/G1020/Images/image_781.jpg,True
G1020,image_781,mask,data/processed/standardized_masks/g1020/image_781.png,True
G1020,image_791,image,data/external/kaggle/glaucoma_fundus_imaging_bundle/G1020/Images/image_791.jpg,True
G1020,image_791,mask,data/processed/standardized_masks/g1020/image_791.png,True
G1020,image_805,image,data/external/kaggle/glaucoma_fundus_imaging_bundle/G1020/Images/image_805.jpg,True
G1020,image_805,mask,data/processed/standardized_masks/g1020/image_805.png,True
G1020,image_806,image,data/external/kaggle/glaucoma_fundus_imaging_bundle/G1020/Images/image_806.jpg,True
G1020,image_806,mask,data/processed/standardized_masks/g1020/image_806.png,True
G1020,image_807,image,data/external/kaggle/glaucoma_fundus_imaging_bundle/G1020/Images/image_807.jpg,True
G1020,image_807,mask,data/processed/standardized_masks/g1020/image_807.png,True
G1020,image_808,image,data/external/kaggle/glaucoma_fundus_imaging_bundle/G1020/Images/image_808.jpg,True
G1020,image_808,mask,data/processed/standardized_masks/g1020/image_808.png,True
G1020,image_815,image,data/external/kaggle/glaucoma_fundus_imaging_bundle/G1020/Images/image_815.jpg,True
G1020,image_815,mask,data/processed/standardized_masks/g1020/image_815.png,True
G1020,image_816,image,data/external/kaggle/glaucoma_fundus_imaging_bundle/G1020/Images/image_816.jpg,True
G1020,image_816,mask,data/processed/standardized_masks/g1020/image_816.png,True
G1020,image_819,image,data/external/kaggle/glaucoma_fundus_imaging_bundle/G1020/Images/image_819.jpg,True
G1020,image_819,mask,data/processed/standardized_masks/g1020/image_819.png,True
G1020,image_820,image,data/external/kaggle/glaucoma_fundus_imaging_bundle/G1020/Images/image_820.jpg,True
G1020,image_820,mask,data/processed/standardized_masks/g1020/image_820.png,True
G1020,image_821,image,data/external/kaggle/glaucoma_fundus_imaging_bundle/G1020/Images/image_821.jpg,True
G1020,image_821,mask,data/processed/standardized_masks/g1020/image_821.png,True
G1020,image_840,image,data/external/kaggle/glaucoma_fundus_imaging_bundle/G1020/Images/image_840.jpg,True
G1020,image_840,mask,data/processed/standardized_masks/g1020/image_840.png,True
G1020,image_841,image,data/external/kaggle/glaucoma_fundus_imaging_bundle/G1020/Images/image_841.jpg,True
G1020,image_841,mask,data/processed/standardized_masks/g1020/image_841.png,True
G1020,image_856,image,data/external/kaggle/glaucoma_fundus_imaging_bundle/G1020/Images/image_856.jpg,True
G1020,image_856,mask,data/processed/standardized_masks/g1020/image_856.png,True
G1020,image_857,image,data/external/kaggle/glaucoma_fundus_imaging_bundle/G1020/Images/image_857.jpg,True
G1020,image_857,mask,data/processed/standardized_masks/g1020/image_857.png,True
G1020,image_860,image,data/external/kaggle/glaucoma_fundus_imaging_bundle/G1020/Images/image_860.jpg,True
G1020,image_860,mask,data/processed/standardized_masks/g1020/image_860.png,True
G1020,image_861,image,data/external/kaggle/glaucoma_fundus_imaging_bundle/G1020/Images/image_861.jpg,True
G1020,image_861,mask,data/processed/standardized_masks/g1020/image_861.png,True
G1020,image_868,image,data/external/kaggle/glaucoma_fundus_imaging_bundle/G1020/Images/image_868.jpg,True
G1020,image_868,mask,data/processed/standardized_masks/g1020/image_868.png,True
G1020,image_869,image,data/external/kaggle/glaucoma_fundus_imaging_bundle/G1020/Images/image_869.jpg,True
G1020,image_869,mask,data/processed/standardized_masks/g1020/image_869.png,True
G1020,image_874,image,data/external/kaggle/glaucoma_fundus_imaging_bundle/G1020/Images/image_874.jpg,True
G1020,image_874,mask,data/processed/standardized_masks/g1020/image_874.png,True
G1020,image_875,image,data/external/kaggle/glaucoma_fundus_imaging_bundle/G1020/Images/image_875.jpg,True
G1020,image_875,mask,data/processed/standardized_masks/g1020/image_875.png,True
G1020,image_878,image,data/external/kaggle/glaucoma_fundus_imaging_bundle/G1020/Images/image_878.jpg,True
G1020,image_878,mask,data/processed/standardized_masks/g1020/image_878.png,True
G1020,image_879,image,data/external/kaggle/glaucoma_fundus_imaging_bundle/G1020/Images/image_879.jpg,True
G1020,image_879,mask,data/processed/standardized_masks/g1020/image_879.png,True
G1020,image_880,image,data/external/kaggle/glaucoma_fundus_imaging_bundle/G1020/Images/image_880.jpg,True
G1020,image_880,mask,data/processed/standardized_masks/g1020/image_880.png,True
G1020,image_881,image,data/external/kaggle/glaucoma_fundus_imaging_bundle/G1020/Images/image_881.jpg,True
G1020,image_881,mask,data/processed/standardized_masks/g1020/image_881.png,True
G1020,image_882,image,data/external/kaggle/glaucoma_fundus_imaging_bundle/G1020/Images/image_882.jpg,True
G1020,image_882,mask,data/processed/standardized_masks/g1020/image_882.png,True
G1020,image_883,image,data/external/kaggle/glaucoma_fundus_imaging_bundle/G1020/Images/image_883.jpg,True
G1020,image_883,mask,data/processed/standardized_masks/g1020/image_883.png,True
G1020,image_896,image,data/external/kaggle/glaucoma_fundus_imaging_bundle/G1020/Images/image_896.jpg,True
G1020,image_896,mask,data/processed/standardized_masks/g1020/image_896.png,True
G1020,image_897,image,data/external/kaggle/glaucoma_fundus_imaging_bundle/G1020/Images/image_897.jpg,True
G1020,image_897,mask,data/processed/standardized_masks/g1020/image_897.png,True
G1020,image_9,image,data/external/kaggle/glaucoma_fundus_imaging_bundle/G1020/Images/image_9.jpg,True
G1020,image_9,mask,data/processed/standardized_masks/g1020/image_9.png,True
G1020,image_903,image,data/external/kaggle/glaucoma_fundus_imaging_bundle/G1020/Images/image_903.jpg,True
G1020,image_903,mask,data/processed/standardized_masks/g1020/image_903.png,True
G1020,image_904,image,data/external/kaggle/glaucoma_fundus_imaging_bundle/G1020/Images/image_904.jpg,True
G1020,image_904,mask,data/processed/standardized_masks/g1020/image_904.png,True
G1020,image_910,image,data/external/kaggle/glaucoma_fundus_imaging_bundle/G1020/Images/image_910.jpg,True
G1020,image_910,mask,data/processed/standardized_masks/g1020/image_910.png,True
G1020,image_911,image,data/external/kaggle/glaucoma_fundus_imaging_bundle/G1020/Images/image_911.jpg,True
G1020,image_911,mask,data/processed/standardized_masks/g1020/image_911.png,True
G1020,image_912,image,data/external/kaggle/glaucoma_fundus_imaging_bundle/G1020/Images/image_912.jpg,True
G1020,image_912,mask,data/processed/standardized_masks/g1020/image_912.png,True
G1020,image_915,image,data/external/kaggle/glaucoma_fundus_imaging_bundle/G1020/Images/image_915.jpg,True
G1020,image_915,mask,data/processed/standardized_masks/g1020/image_915.png,True
G1020,image_916,image,data/external/kaggle/glaucoma_fundus_imaging_bundle/G1020/Images/image_916.jpg,True
G1020,image_916,mask,data/processed/standardized_masks/g1020/image_916.png,True
G1020,image_924,image,data/external/kaggle/glaucoma_fundus_imaging_bundle/G1020/Images/image_924.jpg,True
G1020,image_924,mask,data/processed/standardized_masks/g1020/image_924.png,True
G1020,image_930,image,data/external/kaggle/glaucoma_fundus_imaging_bundle/G1020/Images/image_930.jpg,True
G1020,image_930,mask,data/processed/standardized_masks/g1020/image_930.png,True
G1020,image_931,image,data/external/kaggle/glaucoma_fundus_imaging_bundle/G1020/Images/image_931.jpg,True
G1020,image_931,mask,data/processed/standardized_masks/g1020/image_931.png,True
G1020,image_936,image,data/external/kaggle/glaucoma_fundus_imaging_bundle/G1020/Images/image_936.jpg,True
G1020,image_936,mask,data/processed/standardized_masks/g1020/image_936.png,True
G1020,image_940,image,data/external/kaggle/glaucoma_fundus_imaging_bundle/G1020/Images/image_940.jpg,True
G1020,image_940,mask,data/processed/standardized_masks/g1020/image_940.png,True
G1020,image_941,image,data/external/kaggle/glaucoma_fundus_imaging_bundle/G1020/Images/image_941.jpg,True
G1020,image_941,mask,data/processed/standardized_masks/g1020/image_941.png,True
G1020,image_942,image,data/external/kaggle/glaucoma_fundus_imaging_bundle/G1020/Images/image_942.jpg,True
G1020,image_942,mask,data/processed/standardized_masks/g1020/image_942.png,True
G1020,image_943,image,data/external/kaggle/glaucoma_fundus_imaging_bundle/G1020/Images/image_943.jpg,True
G1020,image_943,mask,data/processed/standardized_masks/g1020/image_943.png,True
G1020,image_944,image,data/external/kaggle/glaucoma_fundus_imaging_bundle/G1020/Images/image_944.jpg,True
G1020,image_944,mask,data/processed/standardized_masks/g1020/image_944.png,True
G1020,image_945,image,data/external/kaggle/glaucoma_fundus_imaging_bundle/G1020/Images/image_945.jpg,True
G1020,image_945,mask,data/processed/standardized_masks/g1020/image_945.png,True
G1020,image_952,image,data/external/kaggle/glaucoma_fundus_imaging_bundle/G1020/Images/image_952.jpg,True
G1020,image_952,mask,data/processed/standardized_masks/g1020/image_952.png,True
G1020,image_953,image,data/external/kaggle/glaucoma_fundus_imaging_bundle/G1020/Images/image_953.jpg,True
G1020,image_953,mask,data/processed/standardized_masks/g1020/image_953.png,True
G1020,image_954,image,data/external/kaggle/glaucoma_fundus_imaging_bundle/G1020/Images/image_954.jpg,True
G1020,image_954,mask,data/processed/standardized_masks/g1020/image_954.png,True
G1020,image_955,image,data/external/kaggle/glaucoma_fundus_imaging_bundle/G1020/Images/image_955.jpg,True
G1020,image_955,mask,data/processed/standardized_masks/g1020/image_955.png,True
G1020,image_956,image,data/external/kaggle/glaucoma_fundus_imaging_bundle/G1020/Images/image_956.jpg,True
G1020,image_956,mask,data/processed/standardized_masks/g1020/image_956.png,True
G1020,image_957,image,data/external/kaggle/glaucoma_fundus_imaging_bundle/G1020/Images/image_957.jpg,True
G1020,image_957,mask,data/processed/standardized_masks/g1020/image_957.png,True
G1020,image_958,image,data/external/kaggle/glaucoma_fundus_imaging_bundle/G1020/Images/image_958.jpg,True
G1020,image_958,mask,data/processed/standardized_masks/g1020/image_958.png,True
G1020,image_959,image,data/external/kaggle/glaucoma_fundus_imaging_bundle/G1020/Images/image_959.jpg,True
G1020,image_959,mask,data/processed/standardized_masks/g1020/image_959.png,True
G1020,image_964,image,data/external/kaggle/glaucoma_fundus_imaging_bundle/G1020/Images/image_964.jpg,True
G1020,image_964,mask,data/processed/standardized_masks/g1020/image_964.png,True
G1020,image_965,image,data/external/kaggle/glaucoma_fundus_imaging_bundle/G1020/Images/image_965.jpg,True
G1020,image_965,mask,data/processed/standardized_masks/g1020/image_965.png,True
G1020,image_980,image,data/external/kaggle/glaucoma_fundus_imaging_bundle/G1020/Images/image_980.jpg,True
G1020,image_980,mask,data/processed/standardized_masks/g1020/image_980.png,True
G1020,image_981,image,data/external/kaggle/glaucoma_fundus_imaging_bundle/G1020/Images/image_981.jpg,True
G1020,image_981,mask,data/processed/standardized_masks/g1020/image_981.png,True
REFUGE,g0001,image,data/external/kaggle/glaucoma_fundus_imaging_bundle/REFUGE/train/Images/g0001.jpg,True
REFUGE,g0001,mask,data/processed/standardized_masks/refuge/train_g0001.png,True
REFUGE,g0002,image,data/external/kaggle/glaucoma_fundus_imaging_bundle/REFUGE/train/Images/g0002.jpg,True
REFUGE,g0002,mask,data/processed/standardized_masks/refuge/train_g0002.png,True
REFUGE,g0003,image,data/external/kaggle/glaucoma_fundus_imaging_bundle/REFUGE/train/Images/g0003.jpg,True
REFUGE,g0003,mask,data/processed/standardized_masks/refuge/train_g0003.png,True
REFUGE,g0004,image,data/external/kaggle/glaucoma_fundus_imaging_bundle/REFUGE/train/Images/g0004.jpg,True
REFUGE,g0004,mask,data/processed/standardized_masks/refuge/train_g0004.png,True
REFUGE,g0005,image,data/external/kaggle/glaucoma_fundus_imaging_bundle/REFUGE/train/Images/g0005.jpg,True
REFUGE,g0005,mask,data/processed/standardized_masks/refuge/train_g0005.png,True
REFUGE,g0006,image,data/external/kaggle/glaucoma_fundus_imaging_bundle/REFUGE/train/Images/g0006.jpg,True
REFUGE,g0006,mask,data/processed/standardized_masks/refuge/train_g0006.png,True
REFUGE,g0007,image,data/external/kaggle/glaucoma_fundus_imaging_bundle/REFUGE/train/Images/g0007.jpg,True
REFUGE,g0007,mask,data/processed/standardized_masks/refuge/train_g0007.png,True
REFUGE,g0008,image,data/external/kaggle/glaucoma_fundus_imaging_bundle/REFUGE/train/Images/g0008.jpg,True
REFUGE,g0008,mask,data/processed/standardized_masks/refuge/train_g0008.png,True
REFUGE,g0009,image,data/external/kaggle/glaucoma_fundus_imaging_bundle/REFUGE/train/Images/g0009.jpg,True
REFUGE,g0009,mask,data/processed/standardized_masks/refuge/train_g0009.png,True
REFUGE,g0010,image,data/external/kaggle/glaucoma_fundus_imaging_bundle/REFUGE/train/Images/g0010.jpg,True
REFUGE,g0010,mask,data/processed/standardized_masks/refuge/train_g0010.png,True
REFUGE,g0011,image,data/external/kaggle/glaucoma_fundus_imaging_bundle/REFUGE/train/Images/g0011.jpg,True
REFUGE,g0011,mask,data/processed/standardized_masks/refuge/train_g0011.png,True
REFUGE,g0012,image,data/external/kaggle/glaucoma_fundus_imaging_bundle/REFUGE/train/Images/g0012.jpg,True
REFUGE,g0012,mask,data/processed/standardized_masks/refuge/train_g0012.png,True
REFUGE,g0013,image,data/external/kaggle/glaucoma_fundus_imaging_bundle/REFUGE/train/Images/g0013.jpg,True
REFUGE,g0013,mask,data/processed/standardized_masks/refuge/train_g0013.png,True
REFUGE,g0014,image,data/external/kaggle/glaucoma_fundus_imaging_bundle/REFUGE/train/Images/g0014.jpg,True
REFUGE,g0014,mask,data/processed/standardized_masks/refuge/train_g0014.png,True
REFUGE,g0015,image,data/external/kaggle/glaucoma_fundus_imaging_bundle/REFUGE/train/Images/g0015.jpg,True
REFUGE,g0015,mask,data/processed/standardized_masks/refuge/train_g0015.png,True
REFUGE,g0016,image,data/external/kaggle/glaucoma_fundus_imaging_bundle/REFUGE/train/Images/g0016.jpg,True
REFUGE,g0016,mask,data/processed/standardized_masks/refuge/train_g0016.png,True
REFUGE,g0017,image,data/external/kaggle/glaucoma_fundus_imaging_bundle/REFUGE/train/Images/g0017.jpg,True
REFUGE,g0017,mask,data/processed/standardized_masks/refuge/train_g0017.png,True
REFUGE,g0018,image,data/external/kaggle/glaucoma_fundus_imaging_bundle/REFUGE/train/Images/g0018.jpg,True
REFUGE,g0018,mask,data/processed/standardized_masks/refuge/train_g0018.png,True
REFUGE,g0019,image,data/external/kaggle/glaucoma_fundus_imaging_bundle/REFUGE/train/Images/g0019.jpg,True
REFUGE,g0019,mask,data/processed/standardized_masks/refuge/train_g0019.png,True
REFUGE,g0020,image,data/external/kaggle/glaucoma_fundus_imaging_bundle/REFUGE/train/Images/g0020.jpg,True
REFUGE,g0020,mask,data/processed/standardized_masks/refuge/train_g0020.png,True
REFUGE,g0021,image,data/external/kaggle/glaucoma_fundus_imaging_bundle/REFUGE/train/Images/g0021.jpg,True
REFUGE,g0021,mask,data/processed/standardized_masks/refuge/train_g0021.png,True
REFUGE,g0022,image,data/external/kaggle/glaucoma_fundus_imaging_bundle/REFUGE/train/Images/g0022.jpg,True
REFUGE,g0022,mask,data/processed/standardized_masks/refuge/train_g0022.png,True
REFUGE,g0023,image,data/external/kaggle/glaucoma_fundus_imaging_bundle/REFUGE/train/Images/g0023.jpg,True
REFUGE,g0023,mask,data/processed/standardized_masks/refuge/train_g0023.png,True
REFUGE,g0024,image,data/external/kaggle/glaucoma_fundus_imaging_bundle/REFUGE/train/Images/g0024.jpg,True
REFUGE,g0024,mask,data/processed/standardized_masks/refuge/train_g0024.png,True
REFUGE,g0025,image,data/external/kaggle/glaucoma_fundus_imaging_bundle/REFUGE/train/Images/g0025.jpg,True
REFUGE,g0025,mask,data/processed/standardized_masks/refuge/train_g0025.png,True
REFUGE,g0026,image,data/external/kaggle/glaucoma_fundus_imaging_bundle/REFUGE/train/Images/g0026.jpg,True
REFUGE,g0026,mask,data/processed/standardized_masks/refuge/train_g0026.png,True
REFUGE,g0027,image,data/external/kaggle/glaucoma_fundus_imaging_bundle/REFUGE/train/Images/g0027.jpg,True
REFUGE,g0027,mask,data/processed/standardized_masks/refuge/train_g0027.png,True
REFUGE,g0028,image,data/external/kaggle/glaucoma_fundus_imaging_bundle/REFUGE/train/Images/g0028.jpg,True
REFUGE,g0028,mask,data/processed/standardized_masks/refuge/train_g0028.png,True
REFUGE,g0029,image,data/external/kaggle/glaucoma_fundus_imaging_bundle/REFUGE/train/Images/g0029.jpg,True
REFUGE,g0029,mask,data/processed/standardized_masks/refuge/train_g0029.png,True
REFUGE,g0030,image,data/external/kaggle/glaucoma_fundus_imaging_bundle/REFUGE/train/Images/g0030.jpg,True
REFUGE,g0030,mask,data/processed/standardized_masks/refuge/train_g0030.png,True
REFUGE,g0031,image,data/external/kaggle/glaucoma_fundus_imaging_bundle/REFUGE/train/Images/g0031.jpg,True
REFUGE,g0031,mask,data/processed/standardized_masks/refuge/train_g0031.png,True
REFUGE,g0032,image,data/external/kaggle/glaucoma_fundus_imaging_bundle/REFUGE/train/Images/g0032.jpg,True
REFUGE,g0032,mask,data/processed/standardized_masks/refuge/train_g0032.png,True
REFUGE,g0033,image,data/external/kaggle/glaucoma_fundus_imaging_bundle/REFUGE/train/Images/g0033.jpg,True
REFUGE,g0033,mask,data/processed/standardized_masks/refuge/train_g0033.png,True
REFUGE,g0034,image,data/external/kaggle/glaucoma_fundus_imaging_bundle/REFUGE/train/Images/g0034.jpg,True
REFUGE,g0034,mask,data/processed/standardized_masks/refuge/train_g0034.png,True
REFUGE,g0035,image,data/external/kaggle/glaucoma_fundus_imaging_bundle/REFUGE/train/Images/g0035.jpg,True
REFUGE,g0035,mask,data/processed/standardized_masks/refuge/train_g0035.png,True
REFUGE,g0036,image,data/external/kaggle/glaucoma_fundus_imaging_bundle/REFUGE/train/Images/g0036.jpg,True
REFUGE,g0036,mask,data/processed/standardized_masks/refuge/train_g0036.png,True
REFUGE,g0037,image,data/external/kaggle/glaucoma_fundus_imaging_bundle/REFUGE/train/Images/g0037.jpg,True
REFUGE,g0037,mask,data/processed/standardized_masks/refuge/train_g0037.png,True
REFUGE,g0038,image,data/external/kaggle/glaucoma_fundus_imaging_bundle/REFUGE/train/Images/g0038.jpg,True
REFUGE,g0038,mask,data/processed/standardized_masks/refuge/train_g0038.png,True
REFUGE,g0039,image,data/external/kaggle/glaucoma_fundus_imaging_bundle/REFUGE/train/Images/g0039.jpg,True
REFUGE,g0039,mask,data/processed/standardized_masks/refuge/train_g0039.png,True
REFUGE,g0040,image,data/external/kaggle/glaucoma_fundus_imaging_bundle/REFUGE/train/Images/g0040.jpg,True
REFUGE,g0040,mask,data/processed/standardized_masks/refuge/train_g0040.png,True
REFUGE,n0001,image,data/external/kaggle/glaucoma_fundus_imaging_bundle/REFUGE/train/Images/n0001.jpg,True
REFUGE,n0001,mask,data/processed/standardized_masks/refuge/train_n0001.png,True
REFUGE,n0002,image,data/external/kaggle/glaucoma_fundus_imaging_bundle/REFUGE/train/Images/n0002.jpg,True
REFUGE,n0002,mask,data/processed/standardized_masks/refuge/train_n0002.png,True
REFUGE,n0003,image,data/external/kaggle/glaucoma_fundus_imaging_bundle/REFUGE/train/Images/n0003.jpg,True
REFUGE,n0003,mask,data/processed/standardized_masks/refuge/train_n0003.png,True
REFUGE,n0004,image,data/external/kaggle/glaucoma_fundus_imaging_bundle/REFUGE/train/Images/n0004.jpg,True
REFUGE,n0004,mask,data/processed/standardized_masks/refuge/train_n0004.png,True
REFUGE,n0005,image,data/external/kaggle/glaucoma_fundus_imaging_bundle/REFUGE/train/Images/n0005.jpg,True
REFUGE,n0005,mask,data/processed/standardized_masks/refuge/train_n0005.png,True
REFUGE,n0006,image,data/external/kaggle/glaucoma_fundus_imaging_bundle/REFUGE/train/Images/n0006.jpg,True
REFUGE,n0006,mask,data/processed/standardized_masks/refuge/train_n0006.png,True
REFUGE,n0007,image,data/external/kaggle/glaucoma_fundus_imaging_bundle/REFUGE/train/Images/n0007.jpg,True
REFUGE,n0007,mask,data/processed/standardized_masks/refuge/train_n0007.png,True
REFUGE,n0008,image,data/external/kaggle/glaucoma_fundus_imaging_bundle/REFUGE/train/Images/n0008.jpg,True
REFUGE,n0008,mask,data/processed/standardized_masks/refuge/train_n0008.png,True
REFUGE,n0009,image,data/external/kaggle/glaucoma_fundus_imaging_bundle/REFUGE/train/Images/n0009.jpg,True
REFUGE,n0009,mask,data/processed/standardized_masks/refuge/train_n0009.png,True
REFUGE,n0010,image,data/external/kaggle/glaucoma_fundus_imaging_bundle/REFUGE/train/Images/n0010.jpg,True
REFUGE,n0010,mask,data/processed/standardized_masks/refuge/train_n0010.png,True
REFUGE,n0011,image,data/external/kaggle/glaucoma_fundus_imaging_bundle/REFUGE/train/Images/n0011.jpg,True
REFUGE,n0011,mask,data/processed/standardized_masks/refuge/train_n0011.png,True
REFUGE,n0012,image,data/external/kaggle/glaucoma_fundus_imaging_bundle/REFUGE/train/Images/n0012.jpg,True
REFUGE,n0012,mask,data/processed/standardized_masks/refuge/train_n0012.png,True
REFUGE,n0013,image,data/external/kaggle/glaucoma_fundus_imaging_bundle/REFUGE/train/Images/n0013.jpg,True
REFUGE,n0013,mask,data/processed/standardized_masks/refuge/train_n0013.png,True
REFUGE,n0014,image,data/external/kaggle/glaucoma_fundus_imaging_bundle/REFUGE/train/Images/n0014.jpg,True
REFUGE,n0014,mask,data/processed/standardized_masks/refuge/train_n0014.png,True
REFUGE,n0015,image,data/external/kaggle/glaucoma_fundus_imaging_bundle/REFUGE/train/Images/n0015.jpg,True
REFUGE,n0015,mask,data/processed/standardized_masks/refuge/train_n0015.png,True
REFUGE,n0016,image,data/external/kaggle/glaucoma_fundus_imaging_bundle/REFUGE/train/Images/n0016.jpg,True
REFUGE,n0016,mask,data/processed/standardized_masks/refuge/train_n0016.png,True
REFUGE,n0017,image,data/external/kaggle/glaucoma_fundus_imaging_bundle/REFUGE/train/Images/n0017.jpg,True
REFUGE,n0017,mask,data/processed/standardized_masks/refuge/train_n0017.png,True
REFUGE,n0018,image,data/external/kaggle/glaucoma_fundus_imaging_bundle/REFUGE/train/Images/n0018.jpg,True
REFUGE,n0018,mask,data/processed/standardized_masks/refuge/train_n0018.png,True
REFUGE,n0019,image,data/external/kaggle/glaucoma_fundus_imaging_bundle/REFUGE/train/Images/n0019.jpg,True
REFUGE,n0019,mask,data/processed/standardized_masks/refuge/train_n0019.png,True
REFUGE,n0020,image,data/external/kaggle/glaucoma_fundus_imaging_bundle/REFUGE/train/Images/n0020.jpg,True
REFUGE,n0020,mask,data/processed/standardized_masks/refuge/train_n0020.png,True
REFUGE,n0021,image,data/external/kaggle/glaucoma_fundus_imaging_bundle/REFUGE/train/Images/n0021.jpg,True
REFUGE,n0021,mask,data/processed/standardized_masks/refuge/train_n0021.png,True
REFUGE,n0022,image,data/external/kaggle/glaucoma_fundus_imaging_bundle/REFUGE/train/Images/n0022.jpg,True
REFUGE,n0022,mask,data/processed/standardized_masks/refuge/train_n0022.png,True
REFUGE,n0023,image,data/external/kaggle/glaucoma_fundus_imaging_bundle/REFUGE/train/Images/n0023.jpg,True
REFUGE,n0023,mask,data/processed/standardized_masks/refuge/train_n0023.png,True
REFUGE,n0024,image,data/external/kaggle/glaucoma_fundus_imaging_bundle/REFUGE/train/Images/n0024.jpg,True
REFUGE,n0024,mask,data/processed/standardized_masks/refuge/train_n0024.png,True
REFUGE,n0025,image,data/external/kaggle/glaucoma_fundus_imaging_bundle/REFUGE/train/Images/n0025.jpg,True
REFUGE,n0025,mask,data/processed/standardized_masks/refuge/train_n0025.png,True
REFUGE,n0026,image,data/external/kaggle/glaucoma_fundus_imaging_bundle/REFUGE/train/Images/n0026.jpg,True
REFUGE,n0026,mask,data/processed/standardized_masks/refuge/train_n0026.png,True
REFUGE,n0027,image,data/external/kaggle/glaucoma_fundus_imaging_bundle/REFUGE/train/Images/n0027.jpg,True
REFUGE,n0027,mask,data/processed/standardized_masks/refuge/train_n0027.png,True
REFUGE,n0028,image,data/external/kaggle/glaucoma_fundus_imaging_bundle/REFUGE/train/Images/n0028.jpg,True
REFUGE,n0028,mask,data/processed/standardized_masks/refuge/train_n0028.png,True
REFUGE,n0029,image,data/external/kaggle/glaucoma_fundus_imaging_bundle/REFUGE/train/Images/n0029.jpg,True
REFUGE,n0029,mask,data/processed/standardized_masks/refuge/train_n0029.png,True
REFUGE,n0030,image,data/external/kaggle/glaucoma_fundus_imaging_bundle/REFUGE/train/Images/n0030.jpg,True
REFUGE,n0030,mask,data/processed/standardized_masks/refuge/train_n0030.png,True
REFUGE,n0031,image,data/external/kaggle/glaucoma_fundus_imaging_bundle/REFUGE/train/Images/n0031.jpg,True
REFUGE,n0031,mask,data/processed/standardized_masks/refuge/train_n0031.png,True
REFUGE,n0032,image,data/external/kaggle/glaucoma_fundus_imaging_bundle/REFUGE/train/Images/n0032.jpg,True
REFUGE,n0032,mask,data/processed/standardized_masks/refuge/train_n0032.png,True
REFUGE,n0033,image,data/external/kaggle/glaucoma_fundus_imaging_bundle/REFUGE/train/Images/n0033.jpg,True
REFUGE,n0033,mask,data/processed/standardized_masks/refuge/train_n0033.png,True
REFUGE,n0034,image,data/external/kaggle/glaucoma_fundus_imaging_bundle/REFUGE/train/Images/n0034.jpg,True
REFUGE,n0034,mask,data/processed/standardized_masks/refuge/train_n0034.png,True
REFUGE,n0035,image,data/external/kaggle/glaucoma_fundus_imaging_bundle/REFUGE/train/Images/n0035.jpg,True
REFUGE,n0035,mask,data/processed/standardized_masks/refuge/train_n0035.png,True
REFUGE,n0036,image,data/external/kaggle/glaucoma_fundus_imaging_bundle/REFUGE/train/Images/n0036.jpg,True
REFUGE,n0036,mask,data/processed/standardized_masks/refuge/train_n0036.png,True
REFUGE,n0037,image,data/external/kaggle/glaucoma_fundus_imaging_bundle/REFUGE/train/Images/n0037.jpg,True
REFUGE,n0037,mask,data/processed/standardized_masks/refuge/train_n0037.png,True
REFUGE,n0038,image,data/external/kaggle/glaucoma_fundus_imaging_bundle/REFUGE/train/Images/n0038.jpg,True
REFUGE,n0038,mask,data/processed/standardized_masks/refuge/train_n0038.png,True
REFUGE,n0039,image,data/external/kaggle/glaucoma_fundus_imaging_bundle/REFUGE/train/Images/n0039.jpg,True
REFUGE,n0039,mask,data/processed/standardized_masks/refuge/train_n0039.png,True
REFUGE,n0040,image,data/external/kaggle/glaucoma_fundus_imaging_bundle/REFUGE/train/Images/n0040.jpg,True
REFUGE,n0040,mask,data/processed/standardized_masks/refuge/train_n0040.png,True
REFUGE,n0041,image,data/external/kaggle/glaucoma_fundus_imaging_bundle/REFUGE/train/Images/n0041.jpg,True
REFUGE,n0041,mask,data/processed/standardized_masks/refuge/train_n0041.png,True
REFUGE,n0042,image,data/external/kaggle/glaucoma_fundus_imaging_bundle/REFUGE/train/Images/n0042.jpg,True
REFUGE,n0042,mask,data/processed/standardized_masks/refuge/train_n0042.png,True
REFUGE,n0043,image,data/external/kaggle/glaucoma_fundus_imaging_bundle/REFUGE/train/Images/n0043.jpg,True
REFUGE,n0043,mask,data/processed/standardized_masks/refuge/train_n0043.png,True
REFUGE,n0044,image,data/external/kaggle/glaucoma_fundus_imaging_bundle/REFUGE/train/Images/n0044.jpg,True
REFUGE,n0044,mask,data/processed/standardized_masks/refuge/train_n0044.png,True
REFUGE,n0045,image,data/external/kaggle/glaucoma_fundus_imaging_bundle/REFUGE/train/Images/n0045.jpg,True
REFUGE,n0045,mask,data/processed/standardized_masks/refuge/train_n0045.png,True
REFUGE,n0046,image,data/external/kaggle/glaucoma_fundus_imaging_bundle/REFUGE/train/Images/n0046.jpg,True
REFUGE,n0046,mask,data/processed/standardized_masks/refuge/train_n0046.png,True
REFUGE,n0047,image,data/external/kaggle/glaucoma_fundus_imaging_bundle/REFUGE/train/Images/n0047.jpg,True
REFUGE,n0047,mask,data/processed/standardized_masks/refuge/train_n0047.png,True
REFUGE,n0048,image,data/external/kaggle/glaucoma_fundus_imaging_bundle/REFUGE/train/Images/n0048.jpg,True
REFUGE,n0048,mask,data/processed/standardized_masks/refuge/train_n0048.png,True
REFUGE,n0049,image,data/external/kaggle/glaucoma_fundus_imaging_bundle/REFUGE/train/Images/n0049.jpg,True
REFUGE,n0049,mask,data/processed/standardized_masks/refuge/train_n0049.png,True
REFUGE,n0050,image,data/external/kaggle/glaucoma_fundus_imaging_bundle/REFUGE/train/Images/n0050.jpg,True
REFUGE,n0050,mask,data/processed/standardized_masks/refuge/train_n0050.png,True
REFUGE,n0051,image,data/external/kaggle/glaucoma_fundus_imaging_bundle/REFUGE/train/Images/n0051.jpg,True
REFUGE,n0051,mask,data/processed/standardized_masks/refuge/train_n0051.png,True
REFUGE,n0052,image,data/external/kaggle/glaucoma_fundus_imaging_bundle/REFUGE/train/Images/n0052.jpg,True
REFUGE,n0052,mask,data/processed/standardized_masks/refuge/train_n0052.png,True
REFUGE,n0053,image,data/external/kaggle/glaucoma_fundus_imaging_bundle/REFUGE/train/Images/n0053.jpg,True
REFUGE,n0053,mask,data/processed/standardized_masks/refuge/train_n0053.png,True
REFUGE,n0054,image,data/external/kaggle/glaucoma_fundus_imaging_bundle/REFUGE/train/Images/n0054.jpg,True
REFUGE,n0054,mask,data/processed/standardized_masks/refuge/train_n0054.png,True
REFUGE,n0055,image,data/external/kaggle/glaucoma_fundus_imaging_bundle/REFUGE/train/Images/n0055.jpg,True
REFUGE,n0055,mask,data/processed/standardized_masks/refuge/train_n0055.png,True
REFUGE,n0056,image,data/external/kaggle/glaucoma_fundus_imaging_bundle/REFUGE/train/Images/n0056.jpg,True
REFUGE,n0056,mask,data/processed/standardized_masks/refuge/train_n0056.png,True
REFUGE,n0057,image,data/external/kaggle/glaucoma_fundus_imaging_bundle/REFUGE/train/Images/n0057.jpg,True
REFUGE,n0057,mask,data/processed/standardized_masks/refuge/train_n0057.png,True
REFUGE,n0058,image,data/external/kaggle/glaucoma_fundus_imaging_bundle/REFUGE/train/Images/n0058.jpg,True
REFUGE,n0058,mask,data/processed/standardized_masks/refuge/train_n0058.png,True
REFUGE,n0059,image,data/external/kaggle/glaucoma_fundus_imaging_bundle/REFUGE/train/Images/n0059.jpg,True
REFUGE,n0059,mask,data/processed/standardized_masks/refuge/train_n0059.png,True
REFUGE,n0060,image,data/external/kaggle/glaucoma_fundus_imaging_bundle/REFUGE/train/Images/n0060.jpg,True
REFUGE,n0060,mask,data/processed/standardized_masks/refuge/train_n0060.png,True
REFUGE,n0061,image,data/external/kaggle/glaucoma_fundus_imaging_bundle/REFUGE/train/Images/n0061.jpg,True
REFUGE,n0061,mask,data/processed/standardized_masks/refuge/train_n0061.png,True
REFUGE,n0062,image,data/external/kaggle/glaucoma_fundus_imaging_bundle/REFUGE/train/Images/n0062.jpg,True
REFUGE,n0062,mask,data/processed/standardized_masks/refuge/train_n0062.png,True
REFUGE,n0063,image,data/external/kaggle/glaucoma_fundus_imaging_bundle/REFUGE/train/Images/n0063.jpg,True
REFUGE,n0063,mask,data/processed/standardized_masks/refuge/train_n0063.png,True
REFUGE,n0064,image,data/external/kaggle/glaucoma_fundus_imaging_bundle/REFUGE/train/Images/n0064.jpg,True
REFUGE,n0064,mask,data/processed/standardized_masks/refuge/train_n0064.png,True
REFUGE,n0065,image,data/external/kaggle/glaucoma_fundus_imaging_bundle/REFUGE/train/Images/n0065.jpg,True
REFUGE,n0065,mask,data/processed/standardized_masks/refuge/train_n0065.png,True
REFUGE,n0066,image,data/external/kaggle/glaucoma_fundus_imaging_bundle/REFUGE/train/Images/n0066.jpg,True
REFUGE,n0066,mask,data/processed/standardized_masks/refuge/train_n0066.png,True
REFUGE,n0067,image,data/external/kaggle/glaucoma_fundus_imaging_bundle/REFUGE/train/Images/n0067.jpg,True
REFUGE,n0067,mask,data/processed/standardized_masks/refuge/train_n0067.png,True
REFUGE,n0068,image,data/external/kaggle/glaucoma_fundus_imaging_bundle/REFUGE/train/Images/n0068.jpg,True
REFUGE,n0068,mask,data/processed/standardized_masks/refuge/train_n0068.png,True
REFUGE,n0069,image,data/external/kaggle/glaucoma_fundus_imaging_bundle/REFUGE/train/Images/n0069.jpg,True
REFUGE,n0069,mask,data/processed/standardized_masks/refuge/train_n0069.png,True
REFUGE,n0070,image,data/external/kaggle/glaucoma_fundus_imaging_bundle/REFUGE/train/Images/n0070.jpg,True
REFUGE,n0070,mask,data/processed/standardized_masks/refuge/train_n0070.png,True
REFUGE,n0071,image,data/external/kaggle/glaucoma_fundus_imaging_bundle/REFUGE/train/Images/n0071.jpg,True
REFUGE,n0071,mask,data/processed/standardized_masks/refuge/train_n0071.png,True
REFUGE,n0072,image,data/external/kaggle/glaucoma_fundus_imaging_bundle/REFUGE/train/Images/n0072.jpg,True
REFUGE,n0072,mask,data/processed/standardized_masks/refuge/train_n0072.png,True
REFUGE,n0073,image,data/external/kaggle/glaucoma_fundus_imaging_bundle/REFUGE/train/Images/n0073.jpg,True
REFUGE,n0073,mask,data/processed/standardized_masks/refuge/train_n0073.png,True
REFUGE,n0074,image,data/external/kaggle/glaucoma_fundus_imaging_bundle/REFUGE/train/Images/n0074.jpg,True
REFUGE,n0074,mask,data/processed/standardized_masks/refuge/train_n0074.png,True
REFUGE,n0075,image,data/external/kaggle/glaucoma_fundus_imaging_bundle/REFUGE/train/Images/n0075.jpg,True
REFUGE,n0075,mask,data/processed/standardized_masks/refuge/train_n0075.png,True
REFUGE,n0076,image,data/external/kaggle/glaucoma_fundus_imaging_bundle/REFUGE/train/Images/n0076.jpg,True
REFUGE,n0076,mask,data/processed/standardized_masks/refuge/train_n0076.png,True
REFUGE,n0077,image,data/external/kaggle/glaucoma_fundus_imaging_bundle/REFUGE/train/Images/n0077.jpg,True
REFUGE,n0077,mask,data/processed/standardized_masks/refuge/train_n0077.png,True
REFUGE,n0078,image,data/external/kaggle/glaucoma_fundus_imaging_bundle/REFUGE/train/Images/n0078.jpg,True
REFUGE,n0078,mask,data/processed/standardized_masks/refuge/train_n0078.png,True
REFUGE,n0079,image,data/external/kaggle/glaucoma_fundus_imaging_bundle/REFUGE/train/Images/n0079.jpg,True
REFUGE,n0079,mask,data/processed/standardized_masks/refuge/train_n0079.png,True
REFUGE,n0080,image,data/external/kaggle/glaucoma_fundus_imaging_bundle/REFUGE/train/Images/n0080.jpg,True
REFUGE,n0080,mask,data/processed/standardized_masks/refuge/train_n0080.png,True
REFUGE,n0081,image,data/external/kaggle/glaucoma_fundus_imaging_bundle/REFUGE/train/Images/n0081.jpg,True
REFUGE,n0081,mask,data/processed/standardized_masks/refuge/train_n0081.png,True
REFUGE,n0082,image,data/external/kaggle/glaucoma_fundus_imaging_bundle/REFUGE/train/Images/n0082.jpg,True
REFUGE,n0082,mask,data/processed/standardized_masks/refuge/train_n0082.png,True
REFUGE,n0083,image,data/external/kaggle/glaucoma_fundus_imaging_bundle/REFUGE/train/Images/n0083.jpg,True
REFUGE,n0083,mask,data/processed/standardized_masks/refuge/train_n0083.png,True
REFUGE,n0084,image,data/external/kaggle/glaucoma_fundus_imaging_bundle/REFUGE/train/Images/n0084.jpg,True
REFUGE,n0084,mask,data/processed/standardized_masks/refuge/train_n0084.png,True
REFUGE,n0085,image,data/external/kaggle/glaucoma_fundus_imaging_bundle/REFUGE/train/Images/n0085.jpg,True
REFUGE,n0085,mask,data/processed/standardized_masks/refuge/train_n0085.png,True
REFUGE,n0086,image,data/external/kaggle/glaucoma_fundus_imaging_bundle/REFUGE/train/Images/n0086.jpg,True
REFUGE,n0086,mask,data/processed/standardized_masks/refuge/train_n0086.png,True
REFUGE,n0087,image,data/external/kaggle/glaucoma_fundus_imaging_bundle/REFUGE/train/Images/n0087.jpg,True
REFUGE,n0087,mask,data/processed/standardized_masks/refuge/train_n0087.png,True
REFUGE,n0088,image,data/external/kaggle/glaucoma_fundus_imaging_bundle/REFUGE/train/Images/n0088.jpg,True
REFUGE,n0088,mask,data/processed/standardized_masks/refuge/train_n0088.png,True
REFUGE,n0089,image,data/external/kaggle/glaucoma_fundus_imaging_bundle/REFUGE/train/Images/n0089.jpg,True
REFUGE,n0089,mask,data/processed/standardized_masks/refuge/train_n0089.png,True
REFUGE,n0090,image,data/external/kaggle/glaucoma_fundus_imaging_bundle/REFUGE/train/Images/n0090.jpg,True
REFUGE,n0090,mask,data/processed/standardized_masks/refuge/train_n0090.png,True
REFUGE,n0091,image,data/external/kaggle/glaucoma_fundus_imaging_bundle/REFUGE/train/Images/n0091.jpg,True
REFUGE,n0091,mask,data/processed/standardized_masks/refuge/train_n0091.png,True
REFUGE,n0092,image,data/external/kaggle/glaucoma_fundus_imaging_bundle/REFUGE/train/Images/n0092.jpg,True
REFUGE,n0092,mask,data/processed/standardized_masks/refuge/train_n0092.png,True
REFUGE,n0093,image,data/external/kaggle/glaucoma_fundus_imaging_bundle/REFUGE/train/Images/n0093.jpg,True
REFUGE,n0093,mask,data/processed/standardized_masks/refuge/train_n0093.png,True
REFUGE,n0094,image,data/external/kaggle/glaucoma_fundus_imaging_bundle/REFUGE/train/Images/n0094.jpg,True
REFUGE,n0094,mask,data/processed/standardized_masks/refuge/train_n0094.png,True
REFUGE,n0095,image,data/external/kaggle/glaucoma_fundus_imaging_bundle/REFUGE/train/Images/n0095.jpg,True
REFUGE,n0095,mask,data/processed/standardized_masks/refuge/train_n0095.png,True
REFUGE,n0096,image,data/external/kaggle/glaucoma_fundus_imaging_bundle/REFUGE/train/Images/n0096.jpg,True
REFUGE,n0096,mask,data/processed/standardized_masks/refuge/train_n0096.png,True
REFUGE,n0097,image,data/external/kaggle/glaucoma_fundus_imaging_bundle/REFUGE/train/Images/n0097.jpg,True
REFUGE,n0097,mask,data/processed/standardized_masks/refuge/train_n0097.png,True
REFUGE,n0098,image,data/external/kaggle/glaucoma_fundus_imaging_bundle/REFUGE/train/Images/n0098.jpg,True
REFUGE,n0098,mask,data/processed/standardized_masks/refuge/train_n0098.png,True
REFUGE,n0099,image,data/external/kaggle/glaucoma_fundus_imaging_bundle/REFUGE/train/Images/n0099.jpg,True
REFUGE,n0099,mask,data/processed/standardized_masks/refuge/train_n0099.png,True
REFUGE,n0100,image,data/external/kaggle/glaucoma_fundus_imaging_bundle/REFUGE/train/Images/n0100.jpg,True
REFUGE,n0100,mask,data/processed/standardized_masks/refuge/train_n0100.png,True
REFUGE,n0101,image,data/external/kaggle/glaucoma_fundus_imaging_bundle/REFUGE/train/Images/n0101.jpg,True
REFUGE,n0101,mask,data/processed/standardized_masks/refuge/train_n0101.png,True
REFUGE,n0102,image,data/external/kaggle/glaucoma_fundus_imaging_bundle/REFUGE/train/Images/n0102.jpg,True
REFUGE,n0102,mask,data/processed/standardized_masks/refuge/train_n0102.png,True
REFUGE,n0103,image,data/external/kaggle/glaucoma_fundus_imaging_bundle/REFUGE/train/Images/n0103.jpg,True
REFUGE,n0103,mask,data/processed/standardized_masks/refuge/train_n0103.png,True
REFUGE,n0104,image,data/external/kaggle/glaucoma_fundus_imaging_bundle/REFUGE/train/Images/n0104.jpg,True
REFUGE,n0104,mask,data/processed/standardized_masks/refuge/train_n0104.png,True
REFUGE,n0105,image,data/external/kaggle/glaucoma_fundus_imaging_bundle/REFUGE/train/Images/n0105.jpg,True
REFUGE,n0105,mask,data/processed/standardized_masks/refuge/train_n0105.png,True
REFUGE,n0106,image,data/external/kaggle/glaucoma_fundus_imaging_bundle/REFUGE/train/Images/n0106.jpg,True
REFUGE,n0106,mask,data/processed/standardized_masks/refuge/train_n0106.png,True
REFUGE,n0107,image,data/external/kaggle/glaucoma_fundus_imaging_bundle/REFUGE/train/Images/n0107.jpg,True
REFUGE,n0107,mask,data/processed/standardized_masks/refuge/train_n0107.png,True
REFUGE,n0108,image,data/external/kaggle/glaucoma_fundus_imaging_bundle/REFUGE/train/Images/n0108.jpg,True
REFUGE,n0108,mask,data/processed/standardized_masks/refuge/train_n0108.png,True
REFUGE,n0109,image,data/external/kaggle/glaucoma_fundus_imaging_bundle/REFUGE/train/Images/n0109.jpg,True
REFUGE,n0109,mask,data/processed/standardized_masks/refuge/train_n0109.png,True
REFUGE,n0110,image,data/external/kaggle/glaucoma_fundus_imaging_bundle/REFUGE/train/Images/n0110.jpg,True
REFUGE,n0110,mask,data/processed/standardized_masks/refuge/train_n0110.png,True
REFUGE,n0111,image,data/external/kaggle/glaucoma_fundus_imaging_bundle/REFUGE/train/Images/n0111.jpg,True
REFUGE,n0111,mask,data/processed/standardized_masks/refuge/train_n0111.png,True
REFUGE,n0112,image,data/external/kaggle/glaucoma_fundus_imaging_bundle/REFUGE/train/Images/n0112.jpg,True
REFUGE,n0112,mask,data/processed/standardized_masks/refuge/train_n0112.png,True
REFUGE,n0113,image,data/external/kaggle/glaucoma_fundus_imaging_bundle/REFUGE/train/Images/n0113.jpg,True
REFUGE,n0113,mask,data/processed/standardized_masks/refuge/train_n0113.png,True
REFUGE,n0114,image,data/external/kaggle/glaucoma_fundus_imaging_bundle/REFUGE/train/Images/n0114.jpg,True
REFUGE,n0114,mask,data/processed/standardized_masks/refuge/train_n0114.png,True
REFUGE,n0115,image,data/external/kaggle/glaucoma_fundus_imaging_bundle/REFUGE/train/Images/n0115.jpg,True
REFUGE,n0115,mask,data/processed/standardized_masks/refuge/train_n0115.png,True
REFUGE,n0116,image,data/external/kaggle/glaucoma_fundus_imaging_bundle/REFUGE/train/Images/n0116.jpg,True
REFUGE,n0116,mask,data/processed/standardized_masks/refuge/train_n0116.png,True
REFUGE,n0117,image,data/external/kaggle/glaucoma_fundus_imaging_bundle/REFUGE/train/Images/n0117.jpg,True
REFUGE,n0117,mask,data/processed/standardized_masks/refuge/train_n0117.png,True
REFUGE,n0118,image,data/external/kaggle/glaucoma_fundus_imaging_bundle/REFUGE/train/Images/n0118.jpg,True
REFUGE,n0118,mask,data/processed/standardized_masks/refuge/train_n0118.png,True
REFUGE,n0119,image,data/external/kaggle/glaucoma_fundus_imaging_bundle/REFUGE/train/Images/n0119.jpg,True
REFUGE,n0119,mask,data/processed/standardized_masks/refuge/train_n0119.png,True
REFUGE,n0120,image,data/external/kaggle/glaucoma_fundus_imaging_bundle/REFUGE/train/Images/n0120.jpg,True
REFUGE,n0120,mask,data/processed/standardized_masks/refuge/train_n0120.png,True
REFUGE,n0121,image,data/external/kaggle/glaucoma_fundus_imaging_bundle/REFUGE/train/Images/n0121.jpg,True
REFUGE,n0121,mask,data/processed/standardized_masks/refuge/train_n0121.png,True
REFUGE,n0122,image,data/external/kaggle/glaucoma_fundus_imaging_bundle/REFUGE/train/Images/n0122.jpg,True
REFUGE,n0122,mask,data/processed/standardized_masks/refuge/train_n0122.png,True
REFUGE,n0123,image,data/external/kaggle/glaucoma_fundus_imaging_bundle/REFUGE/train/Images/n0123.jpg,True
REFUGE,n0123,mask,data/processed/standardized_masks/refuge/train_n0123.png,True
REFUGE,n0124,image,data/external/kaggle/glaucoma_fundus_imaging_bundle/REFUGE/train/Images/n0124.jpg,True
REFUGE,n0124,mask,data/processed/standardized_masks/refuge/train_n0124.png,True
REFUGE,n0125,image,data/external/kaggle/glaucoma_fundus_imaging_bundle/REFUGE/train/Images/n0125.jpg,True
REFUGE,n0125,mask,data/processed/standardized_masks/refuge/train_n0125.png,True
REFUGE,n0126,image,data/external/kaggle/glaucoma_fundus_imaging_bundle/REFUGE/train/Images/n0126.jpg,True
REFUGE,n0126,mask,data/processed/standardized_masks/refuge/train_n0126.png,True
REFUGE,n0127,image,data/external/kaggle/glaucoma_fundus_imaging_bundle/REFUGE/train/Images/n0127.jpg,True
REFUGE,n0127,mask,data/processed/standardized_masks/refuge/train_n0127.png,True
REFUGE,n0128,image,data/external/kaggle/glaucoma_fundus_imaging_bundle/REFUGE/train/Images/n0128.jpg,True
REFUGE,n0128,mask,data/processed/standardized_masks/refuge/train_n0128.png,True
REFUGE,n0129,image,data/external/kaggle/glaucoma_fundus_imaging_bundle/REFUGE/train/Images/n0129.jpg,True
REFUGE,n0129,mask,data/processed/standardized_masks/refuge/train_n0129.png,True
REFUGE,n0130,image,data/external/kaggle/glaucoma_fundus_imaging_bundle/REFUGE/train/Images/n0130.jpg,True
REFUGE,n0130,mask,data/processed/standardized_masks/refuge/train_n0130.png,True
REFUGE,n0131,image,data/external/kaggle/glaucoma_fundus_imaging_bundle/REFUGE/train/Images/n0131.jpg,True
REFUGE,n0131,mask,data/processed/standardized_masks/refuge/train_n0131.png,True
REFUGE,n0132,image,data/external/kaggle/glaucoma_fundus_imaging_bundle/REFUGE/train/Images/n0132.jpg,True
REFUGE,n0132,mask,data/processed/standardized_masks/refuge/train_n0132.png,True
REFUGE,n0133,image,data/external/kaggle/glaucoma_fundus_imaging_bundle/REFUGE/train/Images/n0133.jpg,True
REFUGE,n0133,mask,data/processed/standardized_masks/refuge/train_n0133.png,True
REFUGE,n0134,image,data/external/kaggle/glaucoma_fundus_imaging_bundle/REFUGE/train/Images/n0134.jpg,True
REFUGE,n0134,mask,data/processed/standardized_masks/refuge/train_n0134.png,True
REFUGE,n0135,image,data/external/kaggle/glaucoma_fundus_imaging_bundle/REFUGE/train/Images/n0135.jpg,True
REFUGE,n0135,mask,data/processed/standardized_masks/refuge/train_n0135.png,True
REFUGE,n0136,image,data/external/kaggle/glaucoma_fundus_imaging_bundle/REFUGE/train/Images/n0136.jpg,True
REFUGE,n0136,mask,data/processed/standardized_masks/refuge/train_n0136.png,True
REFUGE,n0137,image,data/external/kaggle/glaucoma_fundus_imaging_bundle/REFUGE/train/Images/n0137.jpg,True
REFUGE,n0137,mask,data/processed/standardized_masks/refuge/train_n0137.png,True
REFUGE,n0138,image,data/external/kaggle/glaucoma_fundus_imaging_bundle/REFUGE/train/Images/n0138.jpg,True
REFUGE,n0138,mask,data/processed/standardized_masks/refuge/train_n0138.png,True
REFUGE,n0139,image,data/external/kaggle/glaucoma_fundus_imaging_bundle/REFUGE/train/Images/n0139.jpg,True
REFUGE,n0139,mask,data/processed/standardized_masks/refuge/train_n0139.png,True
REFUGE,n0140,image,data/external/kaggle/glaucoma_fundus_imaging_bundle/REFUGE/train/Images/n0140.jpg,True
REFUGE,n0140,mask,data/processed/standardized_masks/refuge/train_n0140.png,True
REFUGE,n0141,image,data/external/kaggle/glaucoma_fundus_imaging_bundle/REFUGE/train/Images/n0141.jpg,True
REFUGE,n0141,mask,data/processed/standardized_masks/refuge/train_n0141.png,True
REFUGE,n0142,image,data/external/kaggle/glaucoma_fundus_imaging_bundle/REFUGE/train/Images/n0142.jpg,True
REFUGE,n0142,mask,data/processed/standardized_masks/refuge/train_n0142.png,True
REFUGE,n0143,image,data/external/kaggle/glaucoma_fundus_imaging_bundle/REFUGE/train/Images/n0143.jpg,True
REFUGE,n0143,mask,data/processed/standardized_masks/refuge/train_n0143.png,True
REFUGE,n0144,image,data/external/kaggle/glaucoma_fundus_imaging_bundle/REFUGE/train/Images/n0144.jpg,True
REFUGE,n0144,mask,data/processed/standardized_masks/refuge/train_n0144.png,True
REFUGE,n0145,image,data/external/kaggle/glaucoma_fundus_imaging_bundle/REFUGE/train/Images/n0145.jpg,True
REFUGE,n0145,mask,data/processed/standardized_masks/refuge/train_n0145.png,True
REFUGE,n0146,image,data/external/kaggle/glaucoma_fundus_imaging_bundle/REFUGE/train/Images/n0146.jpg,True
REFUGE,n0146,mask,data/processed/standardized_masks/refuge/train_n0146.png,True
REFUGE,n0147,image,data/external/kaggle/glaucoma_fundus_imaging_bundle/REFUGE/train/Images/n0147.jpg,True
REFUGE,n0147,mask,data/processed/standardized_masks/refuge/train_n0147.png,True
REFUGE,n0148,image,data/external/kaggle/glaucoma_fundus_imaging_bundle/REFUGE/train/Images/n0148.jpg,True
REFUGE,n0148,mask,data/processed/standardized_masks/refuge/train_n0148.png,True
REFUGE,n0149,image,data/external/kaggle/glaucoma_fundus_imaging_bundle/REFUGE/train/Images/n0149.jpg,True
REFUGE,n0149,mask,data/processed/standardized_masks/refuge/train_n0149.png,True
REFUGE,n0150,image,data/external/kaggle/glaucoma_fundus_imaging_bundle/REFUGE/train/Images/n0150.jpg,True
REFUGE,n0150,mask,data/processed/standardized_masks/refuge/train_n0150.png,True
REFUGE,n0151,image,data/external/kaggle/glaucoma_fundus_imaging_bundle/REFUGE/train/Images/n0151.jpg,True
REFUGE,n0151,mask,data/processed/standardized_masks/refuge/train_n0151.png,True
REFUGE,n0152,image,data/external/kaggle/glaucoma_fundus_imaging_bundle/REFUGE/train/Images/n0152.jpg,True
REFUGE,n0152,mask,data/processed/standardized_masks/refuge/train_n0152.png,True
REFUGE,n0153,image,data/external/kaggle/glaucoma_fundus_imaging_bundle/REFUGE/train/Images/n0153.jpg,True
REFUGE,n0153,mask,data/processed/standardized_masks/refuge/train_n0153.png,True
REFUGE,n0154,image,data/external/kaggle/glaucoma_fundus_imaging_bundle/REFUGE/train/Images/n0154.jpg,True
REFUGE,n0154,mask,data/processed/standardized_masks/refuge/train_n0154.png,True
REFUGE,n0155,image,data/external/kaggle/glaucoma_fundus_imaging_bundle/REFUGE/train/Images/n0155.jpg,True
REFUGE,n0155,mask,data/processed/standardized_masks/refuge/train_n0155.png,True
REFUGE,n0156,image,data/external/kaggle/glaucoma_fundus_imaging_bundle/REFUGE/train/Images/n0156.jpg,True
REFUGE,n0156,mask,data/processed/standardized_masks/refuge/train_n0156.png,True
REFUGE,n0157,image,data/external/kaggle/glaucoma_fundus_imaging_bundle/REFUGE/train/Images/n0157.jpg,True
REFUGE,n0157,mask,data/processed/standardized_masks/refuge/train_n0157.png,True
REFUGE,n0158,image,data/external/kaggle/glaucoma_fundus_imaging_bundle/REFUGE/train/Images/n0158.jpg,True
REFUGE,n0158,mask,data/processed/standardized_masks/refuge/train_n0158.png,True
REFUGE,n0159,image,data/external/kaggle/glaucoma_fundus_imaging_bundle/REFUGE/train/Images/n0159.jpg,True
REFUGE,n0159,mask,data/processed/standardized_masks/refuge/train_n0159.png,True
REFUGE,n0160,image,data/external/kaggle/glaucoma_fundus_imaging_bundle/REFUGE/train/Images/n0160.jpg,True
REFUGE,n0160,mask,data/processed/standardized_masks/refuge/train_n0160.png,True
REFUGE,n0161,image,data/external/kaggle/glaucoma_fundus_imaging_bundle/REFUGE/train/Images/n0161.jpg,True
REFUGE,n0161,mask,data/processed/standardized_masks/refuge/train_n0161.png,True
REFUGE,n0162,image,data/external/kaggle/glaucoma_fundus_imaging_bundle/REFUGE/train/Images/n0162.jpg,True
REFUGE,n0162,mask,data/processed/standardized_masks/refuge/train_n0162.png,True
REFUGE,n0163,image,data/external/kaggle/glaucoma_fundus_imaging_bundle/REFUGE/train/Images/n0163.jpg,True
REFUGE,n0163,mask,data/processed/standardized_masks/refuge/train_n0163.png,True
REFUGE,n0164,image,data/external/kaggle/glaucoma_fundus_imaging_bundle/REFUGE/train/Images/n0164.jpg,True
REFUGE,n0164,mask,data/processed/standardized_masks/refuge/train_n0164.png,True
REFUGE,n0165,image,data/external/kaggle/glaucoma_fundus_imaging_bundle/REFUGE/train/Images/n0165.jpg,True
REFUGE,n0165,mask,data/processed/standardized_masks/refuge/train_n0165.png,True
REFUGE,n0166,image,data/external/kaggle/glaucoma_fundus_imaging_bundle/REFUGE/train/Images/n0166.jpg,True
REFUGE,n0166,mask,data/processed/standardized_masks/refuge/train_n0166.png,True
REFUGE,n0167,image,data/external/kaggle/glaucoma_fundus_imaging_bundle/REFUGE/train/Images/n0167.jpg,True
REFUGE,n0167,mask,data/processed/standardized_masks/refuge/train_n0167.png,True
REFUGE,n0168,image,data/external/kaggle/glaucoma_fundus_imaging_bundle/REFUGE/train/Images/n0168.jpg,True
REFUGE,n0168,mask,data/processed/standardized_masks/refuge/train_n0168.png,True
REFUGE,n0169,image,data/external/kaggle/glaucoma_fundus_imaging_bundle/REFUGE/train/Images/n0169.jpg,True
REFUGE,n0169,mask,data/processed/standardized_masks/refuge/train_n0169.png,True
REFUGE,n0170,image,data/external/kaggle/glaucoma_fundus_imaging_bundle/REFUGE/train/Images/n0170.jpg,True
REFUGE,n0170,mask,data/processed/standardized_masks/refuge/train_n0170.png,True
REFUGE,n0171,image,data/external/kaggle/glaucoma_fundus_imaging_bundle/REFUGE/train/Images/n0171.jpg,True
REFUGE,n0171,mask,data/processed/standardized_masks/refuge/train_n0171.png,True
REFUGE,n0172,image,data/external/kaggle/glaucoma_fundus_imaging_bundle/REFUGE/train/Images/n0172.jpg,True
REFUGE,n0172,mask,data/processed/standardized_masks/refuge/train_n0172.png,True
REFUGE,n0173,image,data/external/kaggle/glaucoma_fundus_imaging_bundle/REFUGE/train/Images/n0173.jpg,True
REFUGE,n0173,mask,data/processed/standardized_masks/refuge/train_n0173.png,True
REFUGE,n0174,image,data/external/kaggle/glaucoma_fundus_imaging_bundle/REFUGE/train/Images/n0174.jpg,True
REFUGE,n0174,mask,data/processed/standardized_masks/refuge/train_n0174.png,True
REFUGE,n0175,image,data/external/kaggle/glaucoma_fundus_imaging_bundle/REFUGE/train/Images/n0175.jpg,True
REFUGE,n0175,mask,data/processed/standardized_masks/refuge/train_n0175.png,True
REFUGE,n0176,image,data/external/kaggle/glaucoma_fundus_imaging_bundle/REFUGE/train/Images/n0176.jpg,True
REFUGE,n0176,mask,data/processed/standardized_masks/refuge/train_n0176.png,True
REFUGE,n0177,image,data/external/kaggle/glaucoma_fundus_imaging_bundle/REFUGE/train/Images/n0177.jpg,True
REFUGE,n0177,mask,data/processed/standardized_masks/refuge/train_n0177.png,True
REFUGE,n0178,image,data/external/kaggle/glaucoma_fundus_imaging_bundle/REFUGE/train/Images/n0178.jpg,True
REFUGE,n0178,mask,data/processed/standardized_masks/refuge/train_n0178.png,True
REFUGE,n0179,image,data/external/kaggle/glaucoma_fundus_imaging_bundle/REFUGE/train/Images/n0179.jpg,True
REFUGE,n0179,mask,data/processed/standardized_masks/refuge/train_n0179.png,True
REFUGE,n0180,image,data/external/kaggle/glaucoma_fundus_imaging_bundle/REFUGE/train/Images/n0180.jpg,True
REFUGE,n0180,mask,data/processed/standardized_masks/refuge/train_n0180.png,True
REFUGE,n0181,image,data/external/kaggle/glaucoma_fundus_imaging_bundle/REFUGE/train/Images/n0181.jpg,True
REFUGE,n0181,mask,data/processed/standardized_masks/refuge/train_n0181.png,True
REFUGE,n0182,image,data/external/kaggle/glaucoma_fundus_imaging_bundle/REFUGE/train/Images/n0182.jpg,True
REFUGE,n0182,mask,data/processed/standardized_masks/refuge/train_n0182.png,True
REFUGE,n0183,image,data/external/kaggle/glaucoma_fundus_imaging_bundle/REFUGE/train/Images/n0183.jpg,True
REFUGE,n0183,mask,data/processed/standardized_masks/refuge/train_n0183.png,True
REFUGE,n0184,image,data/external/kaggle/glaucoma_fundus_imaging_bundle/REFUGE/train/Images/n0184.jpg,True
REFUGE,n0184,mask,data/processed/standardized_masks/refuge/train_n0184.png,True
REFUGE,n0185,image,data/external/kaggle/glaucoma_fundus_imaging_bundle/REFUGE/train/Images/n0185.jpg,True
REFUGE,n0185,mask,data/processed/standardized_masks/refuge/train_n0185.png,True
REFUGE,n0186,image,data/external/kaggle/glaucoma_fundus_imaging_bundle/REFUGE/train/Images/n0186.jpg,True
REFUGE,n0186,mask,data/processed/standardized_masks/refuge/train_n0186.png,True
REFUGE,n0187,image,data/external/kaggle/glaucoma_fundus_imaging_bundle/REFUGE/train/Images/n0187.jpg,True
REFUGE,n0187,mask,data/processed/standardized_masks/refuge/train_n0187.png,True
REFUGE,n0188,image,data/external/kaggle/glaucoma_fundus_imaging_bundle/REFUGE/train/Images/n0188.jpg,True
REFUGE,n0188,mask,data/processed/standardized_masks/refuge/train_n0188.png,True
REFUGE,n0189,image,data/external/kaggle/glaucoma_fundus_imaging_bundle/REFUGE/train/Images/n0189.jpg,True
REFUGE,n0189,mask,data/processed/standardized_masks/refuge/train_n0189.png,True
REFUGE,n0190,image,data/external/kaggle/glaucoma_fundus_imaging_bundle/REFUGE/train/Images/n0190.jpg,True
REFUGE,n0190,mask,data/processed/standardized_masks/refuge/train_n0190.png,True
REFUGE,n0191,image,data/external/kaggle/glaucoma_fundus_imaging_bundle/REFUGE/train/Images/n0191.jpg,True
REFUGE,n0191,mask,data/processed/standardized_masks/refuge/train_n0191.png,True
REFUGE,n0192,image,data/external/kaggle/glaucoma_fundus_imaging_bundle/REFUGE/train/Images/n0192.jpg,True
REFUGE,n0192,mask,data/processed/standardized_masks/refuge/train_n0192.png,True
REFUGE,n0193,image,data/external/kaggle/glaucoma_fundus_imaging_bundle/REFUGE/train/Images/n0193.jpg,True
REFUGE,n0193,mask,data/processed/standardized_masks/refuge/train_n0193.png,True
REFUGE,n0194,image,data/external/kaggle/glaucoma_fundus_imaging_bundle/REFUGE/train/Images/n0194.jpg,True
REFUGE,n0194,mask,data/processed/standardized_masks/refuge/train_n0194.png,True
REFUGE,n0195,image,data/external/kaggle/glaucoma_fundus_imaging_bundle/REFUGE/train/Images/n0195.jpg,True
REFUGE,n0195,mask,data/processed/standardized_masks/refuge/train_n0195.png,True
REFUGE,n0196,image,data/external/kaggle/glaucoma_fundus_imaging_bundle/REFUGE/train/Images/n0196.jpg,True
REFUGE,n0196,mask,data/processed/standardized_masks/refuge/train_n0196.png,True
REFUGE,n0197,image,data/external/kaggle/glaucoma_fundus_imaging_bundle/REFUGE/train/Images/n0197.jpg,True
REFUGE,n0197,mask,data/processed/standardized_masks/refuge/train_n0197.png,True
REFUGE,n0198,image,data/external/kaggle/glaucoma_fundus_imaging_bundle/REFUGE/train/Images/n0198.jpg,True
REFUGE,n0198,mask,data/processed/standardized_masks/refuge/train_n0198.png,True
REFUGE,n0199,image,data/external/kaggle/glaucoma_fundus_imaging_bundle/REFUGE/train/Images/n0199.jpg,True
REFUGE,n0199,mask,data/processed/standardized_masks/refuge/train_n0199.png,True
REFUGE,n0200,image,data/external/kaggle/glaucoma_fundus_imaging_bundle/REFUGE/train/Images/n0200.jpg,True
REFUGE,n0200,mask,data/processed/standardized_masks/refuge/train_n0200.png,True
REFUGE,n0201,image,data/external/kaggle/glaucoma_fundus_imaging_bundle/REFUGE/train/Images/n0201.jpg,True
REFUGE,n0201,mask,data/processed/standardized_masks/refuge/train_n0201.png,True
REFUGE,n0202,image,data/external/kaggle/glaucoma_fundus_imaging_bundle/REFUGE/train/Images/n0202.jpg,True
REFUGE,n0202,mask,data/processed/standardized_masks/refuge/train_n0202.png,True
REFUGE,n0203,image,data/external/kaggle/glaucoma_fundus_imaging_bundle/REFUGE/train/Images/n0203.jpg,True
REFUGE,n0203,mask,data/processed/standardized_masks/refuge/train_n0203.png,True
REFUGE,n0204,image,data/external/kaggle/glaucoma_fundus_imaging_bundle/REFUGE/train/Images/n0204.jpg,True
REFUGE,n0204,mask,data/processed/standardized_masks/refuge/train_n0204.png,True
REFUGE,n0205,image,data/external/kaggle/glaucoma_fundus_imaging_bundle/REFUGE/train/Images/n0205.jpg,True
REFUGE,n0205,mask,data/processed/standardized_masks/refuge/train_n0205.png,True
REFUGE,n0206,image,data/external/kaggle/glaucoma_fundus_imaging_bundle/REFUGE/train/Images/n0206.jpg,True
REFUGE,n0206,mask,data/processed/standardized_masks/refuge/train_n0206.png,True
REFUGE,n0207,image,data/external/kaggle/glaucoma_fundus_imaging_bundle/REFUGE/train/Images/n0207.jpg,True
REFUGE,n0207,mask,data/processed/standardized_masks/refuge/train_n0207.png,True
REFUGE,n0208,image,data/external/kaggle/glaucoma_fundus_imaging_bundle/REFUGE/train/Images/n0208.jpg,True
REFUGE,n0208,mask,data/processed/standardized_masks/refuge/train_n0208.png,True
REFUGE,n0209,image,data/external/kaggle/glaucoma_fundus_imaging_bundle/REFUGE/train/Images/n0209.jpg,True
REFUGE,n0209,mask,data/processed/standardized_masks/refuge/train_n0209.png,True
REFUGE,n0210,image,data/external/kaggle/glaucoma_fundus_imaging_bundle/REFUGE/train/Images/n0210.jpg,True
REFUGE,n0210,mask,data/processed/standardized_masks/refuge/train_n0210.png,True
REFUGE,n0211,image,data/external/kaggle/glaucoma_fundus_imaging_bundle/REFUGE/train/Images/n0211.jpg,True
REFUGE,n0211,mask,data/processed/standardized_masks/refuge/train_n0211.png,True
REFUGE,n0212,image,data/external/kaggle/glaucoma_fundus_imaging_bundle/REFUGE/train/Images/n0212.jpg,True
REFUGE,n0212,mask,data/processed/standardized_masks/refuge/train_n0212.png,True
REFUGE,n0213,image,data/external/kaggle/glaucoma_fundus_imaging_bundle/REFUGE/train/Images/n0213.jpg,True
REFUGE,n0213,mask,data/processed/standardized_masks/refuge/train_n0213.png,True
REFUGE,n0214,image,data/external/kaggle/glaucoma_fundus_imaging_bundle/REFUGE/train/Images/n0214.jpg,True
REFUGE,n0214,mask,data/processed/standardized_masks/refuge/train_n0214.png,True
REFUGE,n0215,image,data/external/kaggle/glaucoma_fundus_imaging_bundle/REFUGE/train/Images/n0215.jpg,True
REFUGE,n0215,mask,data/processed/standardized_masks/refuge/train_n0215.png,True
REFUGE,n0216,image,data/external/kaggle/glaucoma_fundus_imaging_bundle/REFUGE/train/Images/n0216.jpg,True
REFUGE,n0216,mask,data/processed/standardized_masks/refuge/train_n0216.png,True
REFUGE,n0217,image,data/external/kaggle/glaucoma_fundus_imaging_bundle/REFUGE/train/Images/n0217.jpg,True
REFUGE,n0217,mask,data/processed/standardized_masks/refuge/train_n0217.png,True
REFUGE,n0218,image,data/external/kaggle/glaucoma_fundus_imaging_bundle/REFUGE/train/Images/n0218.jpg,True
REFUGE,n0218,mask,data/processed/standardized_masks/refuge/train_n0218.png,True
REFUGE,n0219,image,data/external/kaggle/glaucoma_fundus_imaging_bundle/REFUGE/train/Images/n0219.jpg,True
REFUGE,n0219,mask,data/processed/standardized_masks/refuge/train_n0219.png,True
REFUGE,n0220,image,data/external/kaggle/glaucoma_fundus_imaging_bundle/REFUGE/train/Images/n0220.jpg,True
REFUGE,n0220,mask,data/processed/standardized_masks/refuge/train_n0220.png,True
REFUGE,n0221,image,data/external/kaggle/glaucoma_fundus_imaging_bundle/REFUGE/train/Images/n0221.jpg,True
REFUGE,n0221,mask,data/processed/standardized_masks/refuge/train_n0221.png,True
REFUGE,n0222,image,data/external/kaggle/glaucoma_fundus_imaging_bundle/REFUGE/train/Images/n0222.jpg,True
REFUGE,n0222,mask,data/processed/standardized_masks/refuge/train_n0222.png,True
REFUGE,n0223,image,data/external/kaggle/glaucoma_fundus_imaging_bundle/REFUGE/train/Images/n0223.jpg,True
REFUGE,n0223,mask,data/processed/standardized_masks/refuge/train_n0223.png,True
REFUGE,n0224,image,data/external/kaggle/glaucoma_fundus_imaging_bundle/REFUGE/train/Images/n0224.jpg,True
REFUGE,n0224,mask,data/processed/standardized_masks/refuge/train_n0224.png,True
REFUGE,n0225,image,data/external/kaggle/glaucoma_fundus_imaging_bundle/REFUGE/train/Images/n0225.jpg,True
REFUGE,n0225,mask,data/processed/standardized_masks/refuge/train_n0225.png,True
REFUGE,n0226,image,data/external/kaggle/glaucoma_fundus_imaging_bundle/REFUGE/train/Images/n0226.jpg,True
REFUGE,n0226,mask,data/processed/standardized_masks/refuge/train_n0226.png,True
REFUGE,n0227,image,data/external/kaggle/glaucoma_fundus_imaging_bundle/REFUGE/train/Images/n0227.jpg,True
REFUGE,n0227,mask,data/processed/standardized_masks/refuge/train_n0227.png,True
REFUGE,n0228,image,data/external/kaggle/glaucoma_fundus_imaging_bundle/REFUGE/train/Images/n0228.jpg,True
REFUGE,n0228,mask,data/processed/standardized_masks/refuge/train_n0228.png,True
REFUGE,n0229,image,data/external/kaggle/glaucoma_fundus_imaging_bundle/REFUGE/train/Images/n0229.jpg,True
REFUGE,n0229,mask,data/processed/standardized_masks/refuge/train_n0229.png,True
REFUGE,n0230,image,data/external/kaggle/glaucoma_fundus_imaging_bundle/REFUGE/train/Images/n0230.jpg,True
REFUGE,n0230,mask,data/processed/standardized_masks/refuge/train_n0230.png,True
REFUGE,n0231,image,data/external/kaggle/glaucoma_fundus_imaging_bundle/REFUGE/train/Images/n0231.jpg,True
REFUGE,n0231,mask,data/processed/standardized_masks/refuge/train_n0231.png,True
REFUGE,n0232,image,data/external/kaggle/glaucoma_fundus_imaging_bundle/REFUGE/train/Images/n0232.jpg,True
REFUGE,n0232,mask,data/processed/standardized_masks/refuge/train_n0232.png,True
REFUGE,n0233,image,data/external/kaggle/glaucoma_fundus_imaging_bundle/REFUGE/train/Images/n0233.jpg,True
REFUGE,n0233,mask,data/processed/standardized_masks/refuge/train_n0233.png,True
REFUGE,n0234,image,data/external/kaggle/glaucoma_fundus_imaging_bundle/REFUGE/train/Images/n0234.jpg,True
REFUGE,n0234,mask,data/processed/standardized_masks/refuge/train_n0234.png,True
REFUGE,n0235,image,data/external/kaggle/glaucoma_fundus_imaging_bundle/REFUGE/train/Images/n0235.jpg,True
REFUGE,n0235,mask,data/processed/standardized_masks/refuge/train_n0235.png,True
REFUGE,n0236,image,data/external/kaggle/glaucoma_fundus_imaging_bundle/REFUGE/train/Images/n0236.jpg,True
REFUGE,n0236,mask,data/processed/standardized_masks/refuge/train_n0236.png,True
REFUGE,n0237,image,data/external/kaggle/glaucoma_fundus_imaging_bundle/REFUGE/train/Images/n0237.jpg,True
REFUGE,n0237,mask,data/processed/standardized_masks/refuge/train_n0237.png,True
REFUGE,n0238,image,data/external/kaggle/glaucoma_fundus_imaging_bundle/REFUGE/train/Images/n0238.jpg,True
REFUGE,n0238,mask,data/processed/standardized_masks/refuge/train_n0238.png,True
REFUGE,n0239,image,data/external/kaggle/glaucoma_fundus_imaging_bundle/REFUGE/train/Images/n0239.jpg,True
REFUGE,n0239,mask,data/processed/standardized_masks/refuge/train_n0239.png,True
REFUGE,n0240,image,data/external/kaggle/glaucoma_fundus_imaging_bundle/REFUGE/train/Images/n0240.jpg,True
REFUGE,n0240,mask,data/processed/standardized_masks/refuge/train_n0240.png,True
REFUGE,n0241,image,data/external/kaggle/glaucoma_fundus_imaging_bundle/REFUGE/train/Images/n0241.jpg,True
REFUGE,n0241,mask,data/processed/standardized_masks/refuge/train_n0241.png,True
REFUGE,n0242,image,data/external/kaggle/glaucoma_fundus_imaging_bundle/REFUGE/train/Images/n0242.jpg,True
REFUGE,n0242,mask,data/processed/standardized_masks/refuge/train_n0242.png,True
REFUGE,n0243,image,data/external/kaggle/glaucoma_fundus_imaging_bundle/REFUGE/train/Images/n0243.jpg,True
REFUGE,n0243,mask,data/processed/standardized_masks/refuge/train_n0243.png,True
REFUGE,n0244,image,data/external/kaggle/glaucoma_fundus_imaging_bundle/REFUGE/train/Images/n0244.jpg,True
REFUGE,n0244,mask,data/processed/standardized_masks/refuge/train_n0244.png,True
REFUGE,n0245,image,data/external/kaggle/glaucoma_fundus_imaging_bundle/REFUGE/train/Images/n0245.jpg,True
REFUGE,n0245,mask,data/processed/standardized_masks/refuge/train_n0245.png,True
REFUGE,n0246,image,data/external/kaggle/glaucoma_fundus_imaging_bundle/REFUGE/train/Images/n0246.jpg,True
REFUGE,n0246,mask,data/processed/standardized_masks/refuge/train_n0246.png,True
REFUGE,n0247,image,data/external/kaggle/glaucoma_fundus_imaging_bundle/REFUGE/train/Images/n0247.jpg,True
REFUGE,n0247,mask,data/processed/standardized_masks/refuge/train_n0247.png,True
REFUGE,n0248,image,data/external/kaggle/glaucoma_fundus_imaging_bundle/REFUGE/train/Images/n0248.jpg,True
REFUGE,n0248,mask,data/processed/standardized_masks/refuge/train_n0248.png,True
REFUGE,n0249,image,data/external/kaggle/glaucoma_fundus_imaging_bundle/REFUGE/train/Images/n0249.jpg,True
REFUGE,n0249,mask,data/processed/standardized_masks/refuge/train_n0249.png,True
REFUGE,n0250,image,data/external/kaggle/glaucoma_fundus_imaging_bundle/REFUGE/train/Images/n0250.jpg,True
REFUGE,n0250,mask,data/processed/standardized_masks/refuge/train_n0250.png,True
REFUGE,n0251,image,data/external/kaggle/glaucoma_fundus_imaging_bundle/REFUGE/train/Images/n0251.jpg,True
REFUGE,n0251,mask,data/processed/standardized_masks/refuge/train_n0251.png,True
REFUGE,n0252,image,data/external/kaggle/glaucoma_fundus_imaging_bundle/REFUGE/train/Images/n0252.jpg,True
REFUGE,n0252,mask,data/processed/standardized_masks/refuge/train_n0252.png,True
REFUGE,n0253,image,data/external/kaggle/glaucoma_fundus_imaging_bundle/REFUGE/train/Images/n0253.jpg,True
REFUGE,n0253,mask,data/processed/standardized_masks/refuge/train_n0253.png,True
REFUGE,n0254,image,data/external/kaggle/glaucoma_fundus_imaging_bundle/REFUGE/train/Images/n0254.jpg,True
REFUGE,n0254,mask,data/processed/standardized_masks/refuge/train_n0254.png,True
REFUGE,n0255,image,data/external/kaggle/glaucoma_fundus_imaging_bundle/REFUGE/train/Images/n0255.jpg,True
REFUGE,n0255,mask,data/processed/standardized_masks/refuge/train_n0255.png,True
REFUGE,n0256,image,data/external/kaggle/glaucoma_fundus_imaging_bundle/REFUGE/train/Images/n0256.jpg,True
REFUGE,n0256,mask,data/processed/standardized_masks/refuge/train_n0256.png,True
REFUGE,n0257,image,data/external/kaggle/glaucoma_fundus_imaging_bundle/REFUGE/train/Images/n0257.jpg,True
REFUGE,n0257,mask,data/processed/standardized_masks/refuge/train_n0257.png,True
REFUGE,n0258,image,data/external/kaggle/glaucoma_fundus_imaging_bundle/REFUGE/train/Images/n0258.jpg,True
REFUGE,n0258,mask,data/processed/standardized_masks/refuge/train_n0258.png,True
REFUGE,n0259,image,data/external/kaggle/glaucoma_fundus_imaging_bundle/REFUGE/train/Images/n0259.jpg,True
REFUGE,n0259,mask,data/processed/standardized_masks/refuge/train_n0259.png,True
REFUGE,n0260,image,data/external/kaggle/glaucoma_fundus_imaging_bundle/REFUGE/train/Images/n0260.jpg,True
REFUGE,n0260,mask,data/processed/standardized_masks/refuge/train_n0260.png,True
REFUGE,n0261,image,data/external/kaggle/glaucoma_fundus_imaging_bundle/REFUGE/train/Images/n0261.jpg,True
REFUGE,n0261,mask,data/processed/standardized_masks/refuge/train_n0261.png,True
REFUGE,n0262,image,data/external/kaggle/glaucoma_fundus_imaging_bundle/REFUGE/train/Images/n0262.jpg,True
REFUGE,n0262,mask,data/processed/standardized_masks/refuge/train_n0262.png,True
REFUGE,n0263,image,data/external/kaggle/glaucoma_fundus_imaging_bundle/REFUGE/train/Images/n0263.jpg,True
REFUGE,n0263,mask,data/processed/standardized_masks/refuge/train_n0263.png,True
REFUGE,n0264,image,data/external/kaggle/glaucoma_fundus_imaging_bundle/REFUGE/train/Images/n0264.jpg,True
REFUGE,n0264,mask,data/processed/standardized_masks/refuge/train_n0264.png,True
REFUGE,n0265,image,data/external/kaggle/glaucoma_fundus_imaging_bundle/REFUGE/train/Images/n0265.jpg,True
REFUGE,n0265,mask,data/processed/standardized_masks/refuge/train_n0265.png,True
REFUGE,n0266,image,data/external/kaggle/glaucoma_fundus_imaging_bundle/REFUGE/train/Images/n0266.jpg,True
REFUGE,n0266,mask,data/processed/standardized_masks/refuge/train_n0266.png,True
REFUGE,n0267,image,data/external/kaggle/glaucoma_fundus_imaging_bundle/REFUGE/train/Images/n0267.jpg,True
REFUGE,n0267,mask,data/processed/standardized_masks/refuge/train_n0267.png,True
REFUGE,n0268,image,data/external/kaggle/glaucoma_fundus_imaging_bundle/REFUGE/train/Images/n0268.jpg,True
REFUGE,n0268,mask,data/processed/standardized_masks/refuge/train_n0268.png,True
REFUGE,n0269,image,data/external/kaggle/glaucoma_fundus_imaging_bundle/REFUGE/train/Images/n0269.jpg,True
REFUGE,n0269,mask,data/processed/standardized_masks/refuge/train_n0269.png,True
REFUGE,n0270,image,data/external/kaggle/glaucoma_fundus_imaging_bundle/REFUGE/train/Images/n0270.jpg,True
REFUGE,n0270,mask,data/processed/standardized_masks/refuge/train_n0270.png,True
REFUGE,n0271,image,data/external/kaggle/glaucoma_fundus_imaging_bundle/REFUGE/train/Images/n0271.jpg,True
REFUGE,n0271,mask,data/processed/standardized_masks/refuge/train_n0271.png,True
REFUGE,n0272,image,data/external/kaggle/glaucoma_fundus_imaging_bundle/REFUGE/train/Images/n0272.jpg,True
REFUGE,n0272,mask,data/processed/standardized_masks/refuge/train_n0272.png,True
REFUGE,n0273,image,data/external/kaggle/glaucoma_fundus_imaging_bundle/REFUGE/train/Images/n0273.jpg,True
REFUGE,n0273,mask,data/processed/standardized_masks/refuge/train_n0273.png,True
REFUGE,n0274,image,data/external/kaggle/glaucoma_fundus_imaging_bundle/REFUGE/train/Images/n0274.jpg,True
REFUGE,n0274,mask,data/processed/standardized_masks/refuge/train_n0274.png,True
REFUGE,n0275,image,data/external/kaggle/glaucoma_fundus_imaging_bundle/REFUGE/train/Images/n0275.jpg,True
REFUGE,n0275,mask,data/processed/standardized_masks/refuge/train_n0275.png,True
REFUGE,n0276,image,data/external/kaggle/glaucoma_fundus_imaging_bundle/REFUGE/train/Images/n0276.jpg,True
REFUGE,n0276,mask,data/processed/standardized_masks/refuge/train_n0276.png,True
REFUGE,n0277,image,data/external/kaggle/glaucoma_fundus_imaging_bundle/REFUGE/train/Images/n0277.jpg,True
REFUGE,n0277,mask,data/processed/standardized_masks/refuge/train_n0277.png,True
REFUGE,n0278,image,data/external/kaggle/glaucoma_fundus_imaging_bundle/REFUGE/train/Images/n0278.jpg,True
REFUGE,n0278,mask,data/processed/standardized_masks/refuge/train_n0278.png,True
REFUGE,n0279,image,data/external/kaggle/glaucoma_fundus_imaging_bundle/REFUGE/train/Images/n0279.jpg,True
REFUGE,n0279,mask,data/processed/standardized_masks/refuge/train_n0279.png,True
REFUGE,n0280,image,data/external/kaggle/glaucoma_fundus_imaging_bundle/REFUGE/train/Images/n0280.jpg,True
REFUGE,n0280,mask,data/processed/standardized_masks/refuge/train_n0280.png,True
REFUGE,n0281,image,data/external/kaggle/glaucoma_fundus_imaging_bundle/REFUGE/train/Images/n0281.jpg,True
REFUGE,n0281,mask,data/processed/standardized_masks/refuge/train_n0281.png,True
REFUGE,n0282,image,data/external/kaggle/glaucoma_fundus_imaging_bundle/REFUGE/train/Images/n0282.jpg,True
REFUGE,n0282,mask,data/processed/standardized_masks/refuge/train_n0282.png,True
REFUGE,n0283,image,data/external/kaggle/glaucoma_fundus_imaging_bundle/REFUGE/train/Images/n0283.jpg,True
REFUGE,n0283,mask,data/processed/standardized_masks/refuge/train_n0283.png,True
REFUGE,n0284,image,data/external/kaggle/glaucoma_fundus_imaging_bundle/REFUGE/train/Images/n0284.jpg,True
REFUGE,n0284,mask,data/processed/standardized_masks/refuge/train_n0284.png,True
REFUGE,n0285,image,data/external/kaggle/glaucoma_fundus_imaging_bundle/REFUGE/train/Images/n0285.jpg,True
REFUGE,n0285,mask,data/processed/standardized_masks/refuge/train_n0285.png,True
REFUGE,n0286,image,data/external/kaggle/glaucoma_fundus_imaging_bundle/REFUGE/train/Images/n0286.jpg,True
REFUGE,n0286,mask,data/processed/standardized_masks/refuge/train_n0286.png,True
REFUGE,n0287,image,data/external/kaggle/glaucoma_fundus_imaging_bundle/REFUGE/train/Images/n0287.jpg,True
REFUGE,n0287,mask,data/processed/standardized_masks/refuge/train_n0287.png,True
REFUGE,n0288,image,data/external/kaggle/glaucoma_fundus_imaging_bundle/REFUGE/train/Images/n0288.jpg,True
REFUGE,n0288,mask,data/processed/standardized_masks/refuge/train_n0288.png,True
REFUGE,n0289,image,data/external/kaggle/glaucoma_fundus_imaging_bundle/REFUGE/train/Images/n0289.jpg,True
REFUGE,n0289,mask,data/processed/standardized_masks/refuge/train_n0289.png,True
REFUGE,n0290,image,data/external/kaggle/glaucoma_fundus_imaging_bundle/REFUGE/train/Images/n0290.jpg,True
REFUGE,n0290,mask,data/processed/standardized_masks/refuge/train_n0290.png,True
REFUGE,n0291,image,data/external/kaggle/glaucoma_fundus_imaging_bundle/REFUGE/train/Images/n0291.jpg,True
REFUGE,n0291,mask,data/processed/standardized_masks/refuge/train_n0291.png,True
REFUGE,n0292,image,data/external/kaggle/glaucoma_fundus_imaging_bundle/REFUGE/train/Images/n0292.jpg,True
REFUGE,n0292,mask,data/processed/standardized_masks/refuge/train_n0292.png,True
REFUGE,n0293,image,data/external/kaggle/glaucoma_fundus_imaging_bundle/REFUGE/train/Images/n0293.jpg,True
REFUGE,n0293,mask,data/processed/standardized_masks/refuge/train_n0293.png,True
REFUGE,n0294,image,data/external/kaggle/glaucoma_fundus_imaging_bundle/REFUGE/train/Images/n0294.jpg,True
REFUGE,n0294,mask,data/processed/standardized_masks/refuge/train_n0294.png,True
REFUGE,n0295,image,data/external/kaggle/glaucoma_fundus_imaging_bundle/REFUGE/train/Images/n0295.jpg,True
REFUGE,n0295,mask,data/processed/standardized_masks/refuge/train_n0295.png,True
REFUGE,n0296,image,data/external/kaggle/glaucoma_fundus_imaging_bundle/REFUGE/train/Images/n0296.jpg,True
REFUGE,n0296,mask,data/processed/standardized_masks/refuge/train_n0296.png,True
REFUGE,n0297,image,data/external/kaggle/glaucoma_fundus_imaging_bundle/REFUGE/train/Images/n0297.jpg,True
REFUGE,n0297,mask,data/processed/standardized_masks/refuge/train_n0297.png,True
REFUGE,n0298,image,data/external/kaggle/glaucoma_fundus_imaging_bundle/REFUGE/train/Images/n0298.jpg,True
REFUGE,n0298,mask,data/processed/standardized_masks/refuge/train_n0298.png,True
REFUGE,n0299,image,data/external/kaggle/glaucoma_fundus_imaging_bundle/REFUGE/train/Images/n0299.jpg,True
REFUGE,n0299,mask,data/processed/standardized_masks/refuge/train_n0299.png,True
REFUGE,n0300,image,data/external/kaggle/glaucoma_fundus_imaging_bundle/REFUGE/train/Images/n0300.jpg,True
REFUGE,n0300,mask,data/processed/standardized_masks/refuge/train_n0300.png,True
REFUGE,n0301,image,data/external/kaggle/glaucoma_fundus_imaging_bundle/REFUGE/train/Images/n0301.jpg,True
REFUGE,n0301,mask,data/processed/standardized_masks/refuge/train_n0301.png,True
REFUGE,n0302,image,data/external/kaggle/glaucoma_fundus_imaging_bundle/REFUGE/train/Images/n0302.jpg,True
REFUGE,n0302,mask,data/processed/standardized_masks/refuge/train_n0302.png,True
REFUGE,n0303,image,data/external/kaggle/glaucoma_fundus_imaging_bundle/REFUGE/train/Images/n0303.jpg,True
REFUGE,n0303,mask,data/processed/standardized_masks/refuge/train_n0303.png,True
REFUGE,n0304,image,data/external/kaggle/glaucoma_fundus_imaging_bundle/REFUGE/train/Images/n0304.jpg,True
REFUGE,n0304,mask,data/processed/standardized_masks/refuge/train_n0304.png,True
REFUGE,n0305,image,data/external/kaggle/glaucoma_fundus_imaging_bundle/REFUGE/train/Images/n0305.jpg,True
REFUGE,n0305,mask,data/processed/standardized_masks/refuge/train_n0305.png,True
REFUGE,n0306,image,data/external/kaggle/glaucoma_fundus_imaging_bundle/REFUGE/train/Images/n0306.jpg,True
REFUGE,n0306,mask,data/processed/standardized_masks/refuge/train_n0306.png,True
REFUGE,n0307,image,data/external/kaggle/glaucoma_fundus_imaging_bundle/REFUGE/train/Images/n0307.jpg,True
REFUGE,n0307,mask,data/processed/standardized_masks/refuge/train_n0307.png,True
REFUGE,n0308,image,data/external/kaggle/glaucoma_fundus_imaging_bundle/REFUGE/train/Images/n0308.jpg,True
REFUGE,n0308,mask,data/processed/standardized_masks/refuge/train_n0308.png,True
REFUGE,n0309,image,data/external/kaggle/glaucoma_fundus_imaging_bundle/REFUGE/train/Images/n0309.jpg,True
REFUGE,n0309,mask,data/processed/standardized_masks/refuge/train_n0309.png,True
REFUGE,n0310,image,data/external/kaggle/glaucoma_fundus_imaging_bundle/REFUGE/train/Images/n0310.jpg,True
REFUGE,n0310,mask,data/processed/standardized_masks/refuge/train_n0310.png,True
REFUGE,n0311,image,data/external/kaggle/glaucoma_fundus_imaging_bundle/REFUGE/train/Images/n0311.jpg,True
REFUGE,n0311,mask,data/processed/standardized_masks/refuge/train_n0311.png,True
REFUGE,n0312,image,data/external/kaggle/glaucoma_fundus_imaging_bundle/REFUGE/train/Images/n0312.jpg,True
REFUGE,n0312,mask,data/processed/standardized_masks/refuge/train_n0312.png,True
REFUGE,n0313,image,data/external/kaggle/glaucoma_fundus_imaging_bundle/REFUGE/train/Images/n0313.jpg,True
REFUGE,n0313,mask,data/processed/standardized_masks/refuge/train_n0313.png,True
REFUGE,n0314,image,data/external/kaggle/glaucoma_fundus_imaging_bundle/REFUGE/train/Images/n0314.jpg,True
REFUGE,n0314,mask,data/processed/standardized_masks/refuge/train_n0314.png,True
REFUGE,n0315,image,data/external/kaggle/glaucoma_fundus_imaging_bundle/REFUGE/train/Images/n0315.jpg,True
REFUGE,n0315,mask,data/processed/standardized_masks/refuge/train_n0315.png,True
REFUGE,n0316,image,data/external/kaggle/glaucoma_fundus_imaging_bundle/REFUGE/train/Images/n0316.jpg,True
REFUGE,n0316,mask,data/processed/standardized_masks/refuge/train_n0316.png,True
REFUGE,n0317,image,data/external/kaggle/glaucoma_fundus_imaging_bundle/REFUGE/train/Images/n0317.jpg,True
REFUGE,n0317,mask,data/processed/standardized_masks/refuge/train_n0317.png,True
REFUGE,n0318,image,data/external/kaggle/glaucoma_fundus_imaging_bundle/REFUGE/train/Images/n0318.jpg,True
REFUGE,n0318,mask,data/processed/standardized_masks/refuge/train_n0318.png,True
REFUGE,n0319,image,data/external/kaggle/glaucoma_fundus_imaging_bundle/REFUGE/train/Images/n0319.jpg,True
REFUGE,n0319,mask,data/processed/standardized_masks/refuge/train_n0319.png,True
REFUGE,n0320,image,data/external/kaggle/glaucoma_fundus_imaging_bundle/REFUGE/train/Images/n0320.jpg,True
REFUGE,n0320,mask,data/processed/standardized_masks/refuge/train_n0320.png,True
REFUGE,n0321,image,data/external/kaggle/glaucoma_fundus_imaging_bundle/REFUGE/train/Images/n0321.jpg,True
REFUGE,n0321,mask,data/processed/standardized_masks/refuge/train_n0321.png,True
REFUGE,n0322,image,data/external/kaggle/glaucoma_fundus_imaging_bundle/REFUGE/train/Images/n0322.jpg,True
REFUGE,n0322,mask,data/processed/standardized_masks/refuge/train_n0322.png,True
REFUGE,n0323,image,data/external/kaggle/glaucoma_fundus_imaging_bundle/REFUGE/train/Images/n0323.jpg,True
REFUGE,n0323,mask,data/processed/standardized_masks/refuge/train_n0323.png,True
REFUGE,n0324,image,data/external/kaggle/glaucoma_fundus_imaging_bundle/REFUGE/train/Images/n0324.jpg,True
REFUGE,n0324,mask,data/processed/standardized_masks/refuge/train_n0324.png,True
REFUGE,n0325,image,data/external/kaggle/glaucoma_fundus_imaging_bundle/REFUGE/train/Images/n0325.jpg,True
REFUGE,n0325,mask,data/processed/standardized_masks/refuge/train_n0325.png,True
REFUGE,n0326,image,data/external/kaggle/glaucoma_fundus_imaging_bundle/REFUGE/train/Images/n0326.jpg,True
REFUGE,n0326,mask,data/processed/standardized_masks/refuge/train_n0326.png,True
REFUGE,n0327,image,data/external/kaggle/glaucoma_fundus_imaging_bundle/REFUGE/train/Images/n0327.jpg,True
REFUGE,n0327,mask,data/processed/standardized_masks/refuge/train_n0327.png,True
REFUGE,n0328,image,data/external/kaggle/glaucoma_fundus_imaging_bundle/REFUGE/train/Images/n0328.jpg,True
REFUGE,n0328,mask,data/processed/standardized_masks/refuge/train_n0328.png,True
REFUGE,n0329,image,data/external/kaggle/glaucoma_fundus_imaging_bundle/REFUGE/train/Images/n0329.jpg,True
REFUGE,n0329,mask,data/processed/standardized_masks/refuge/train_n0329.png,True
REFUGE,n0330,image,data/external/kaggle/glaucoma_fundus_imaging_bundle/REFUGE/train/Images/n0330.jpg,True
REFUGE,n0330,mask,data/processed/standardized_masks/refuge/train_n0330.png,True
REFUGE,n0331,image,data/external/kaggle/glaucoma_fundus_imaging_bundle/REFUGE/train/Images/n0331.jpg,True
REFUGE,n0331,mask,data/processed/standardized_masks/refuge/train_n0331.png,True
REFUGE,n0332,image,data/external/kaggle/glaucoma_fundus_imaging_bundle/REFUGE/train/Images/n0332.jpg,True
REFUGE,n0332,mask,data/processed/standardized_masks/refuge/train_n0332.png,True
REFUGE,n0333,image,data/external/kaggle/glaucoma_fundus_imaging_bundle/REFUGE/train/Images/n0333.jpg,True
REFUGE,n0333,mask,data/processed/standardized_masks/refuge/train_n0333.png,True
REFUGE,n0334,image,data/external/kaggle/glaucoma_fundus_imaging_bundle/REFUGE/train/Images/n0334.jpg,True
REFUGE,n0334,mask,data/processed/standardized_masks/refuge/train_n0334.png,True
REFUGE,n0335,image,data/external/kaggle/glaucoma_fundus_imaging_bundle/REFUGE/train/Images/n0335.jpg,True
REFUGE,n0335,mask,data/processed/standardized_masks/refuge/train_n0335.png,True
REFUGE,n0336,image,data/external/kaggle/glaucoma_fundus_imaging_bundle/REFUGE/train/Images/n0336.jpg,True
REFUGE,n0336,mask,data/processed/standardized_masks/refuge/train_n0336.png,True
REFUGE,n0337,image,data/external/kaggle/glaucoma_fundus_imaging_bundle/REFUGE/train/Images/n0337.jpg,True
REFUGE,n0337,mask,data/processed/standardized_masks/refuge/train_n0337.png,True
REFUGE,n0338,image,data/external/kaggle/glaucoma_fundus_imaging_bundle/REFUGE/train/Images/n0338.jpg,True
REFUGE,n0338,mask,data/processed/standardized_masks/refuge/train_n0338.png,True
REFUGE,n0339,image,data/external/kaggle/glaucoma_fundus_imaging_bundle/REFUGE/train/Images/n0339.jpg,True
REFUGE,n0339,mask,data/processed/standardized_masks/refuge/train_n0339.png,True
REFUGE,n0340,image,data/external/kaggle/glaucoma_fundus_imaging_bundle/REFUGE/train/Images/n0340.jpg,True
REFUGE,n0340,mask,data/processed/standardized_masks/refuge/train_n0340.png,True
REFUGE,n0341,image,data/external/kaggle/glaucoma_fundus_imaging_bundle/REFUGE/train/Images/n0341.jpg,True
REFUGE,n0341,mask,data/processed/standardized_masks/refuge/train_n0341.png,True
REFUGE,n0342,image,data/external/kaggle/glaucoma_fundus_imaging_bundle/REFUGE/train/Images/n0342.jpg,True
REFUGE,n0342,mask,data/processed/standardized_masks/refuge/train_n0342.png,True
REFUGE,n0343,image,data/external/kaggle/glaucoma_fundus_imaging_bundle/REFUGE/train/Images/n0343.jpg,True
REFUGE,n0343,mask,data/processed/standardized_masks/refuge/train_n0343.png,True
REFUGE,n0344,image,data/external/kaggle/glaucoma_fundus_imaging_bundle/REFUGE/train/Images/n0344.jpg,True
REFUGE,n0344,mask,data/processed/standardized_masks/refuge/train_n0344.png,True
REFUGE,n0345,image,data/external/kaggle/glaucoma_fundus_imaging_bundle/REFUGE/train/Images/n0345.jpg,True
REFUGE,n0345,mask,data/processed/standardized_masks/refuge/train_n0345.png,True
REFUGE,n0346,image,data/external/kaggle/glaucoma_fundus_imaging_bundle/REFUGE/train/Images/n0346.jpg,True
REFUGE,n0346,mask,data/processed/standardized_masks/refuge/train_n0346.png,True
REFUGE,n0347,image,data/external/kaggle/glaucoma_fundus_imaging_bundle/REFUGE/train/Images/n0347.jpg,True
REFUGE,n0347,mask,data/processed/standardized_masks/refuge/train_n0347.png,True
REFUGE,n0348,image,data/external/kaggle/glaucoma_fundus_imaging_bundle/REFUGE/train/Images/n0348.jpg,True
REFUGE,n0348,mask,data/processed/standardized_masks/refuge/train_n0348.png,True
REFUGE,n0349,image,data/external/kaggle/glaucoma_fundus_imaging_bundle/REFUGE/train/Images/n0349.jpg,True
REFUGE,n0349,mask,data/processed/standardized_masks/refuge/train_n0349.png,True
REFUGE,n0350,image,data/external/kaggle/glaucoma_fundus_imaging_bundle/REFUGE/train/Images/n0350.jpg,True
REFUGE,n0350,mask,data/processed/standardized_masks/refuge/train_n0350.png,True
REFUGE,n0351,image,data/external/kaggle/glaucoma_fundus_imaging_bundle/REFUGE/train/Images/n0351.jpg,True
REFUGE,n0351,mask,data/processed/standardized_masks/refuge/train_n0351.png,True
REFUGE,n0352,image,data/external/kaggle/glaucoma_fundus_imaging_bundle/REFUGE/train/Images/n0352.jpg,True
REFUGE,n0352,mask,data/processed/standardized_masks/refuge/train_n0352.png,True
REFUGE,n0353,image,data/external/kaggle/glaucoma_fundus_imaging_bundle/REFUGE/train/Images/n0353.jpg,True
REFUGE,n0353,mask,data/processed/standardized_masks/refuge/train_n0353.png,True
REFUGE,n0354,image,data/external/kaggle/glaucoma_fundus_imaging_bundle/REFUGE/train/Images/n0354.jpg,True
REFUGE,n0354,mask,data/processed/standardized_masks/refuge/train_n0354.png,True
REFUGE,n0355,image,data/external/kaggle/glaucoma_fundus_imaging_bundle/REFUGE/train/Images/n0355.jpg,True
REFUGE,n0355,mask,data/processed/standardized_masks/refuge/train_n0355.png,True
REFUGE,n0356,image,data/external/kaggle/glaucoma_fundus_imaging_bundle/REFUGE/train/Images/n0356.jpg,True
REFUGE,n0356,mask,data/processed/standardized_masks/refuge/train_n0356.png,True
REFUGE,n0357,image,data/external/kaggle/glaucoma_fundus_imaging_bundle/REFUGE/train/Images/n0357.jpg,True
REFUGE,n0357,mask,data/processed/standardized_masks/refuge/train_n0357.png,True
REFUGE,n0358,image,data/external/kaggle/glaucoma_fundus_imaging_bundle/REFUGE/train/Images/n0358.jpg,True
REFUGE,n0358,mask,data/processed/standardized_masks/refuge/train_n0358.png,True
REFUGE,n0359,image,data/external/kaggle/glaucoma_fundus_imaging_bundle/REFUGE/train/Images/n0359.jpg,True
REFUGE,n0359,mask,data/processed/standardized_masks/refuge/train_n0359.png,True
REFUGE,n0360,image,data/external/kaggle/glaucoma_fundus_imaging_bundle/REFUGE/train/Images/n0360.jpg,True
REFUGE,n0360,mask,data/processed/standardized_masks/refuge/train_n0360.png,True
REFUGE,V0001,image,data/external/kaggle/glaucoma_fundus_imaging_bundle/REFUGE/val/Images/V0001.jpg,True
REFUGE,V0001,mask,data/processed/standardized_masks/refuge/val_V0001.png,True
REFUGE,V0002,image,data/external/kaggle/glaucoma_fundus_imaging_bundle/REFUGE/val/Images/V0002.jpg,True
REFUGE,V0002,mask,data/processed/standardized_masks/refuge/val_V0002.png,True
REFUGE,V0003,image,data/external/kaggle/glaucoma_fundus_imaging_bundle/REFUGE/val/Images/V0003.jpg,True
REFUGE,V0003,mask,data/processed/standardized_masks/refuge/val_V0003.png,True
REFUGE,V0004,image,data/external/kaggle/glaucoma_fundus_imaging_bundle/REFUGE/val/Images/V0004.jpg,True
REFUGE,V0004,mask,data/processed/standardized_masks/refuge/val_V0004.png,True
REFUGE,V0005,image,data/external/kaggle/glaucoma_fundus_imaging_bundle/REFUGE/val/Images/V0005.jpg,True
REFUGE,V0005,mask,data/processed/standardized_masks/refuge/val_V0005.png,True
REFUGE,V0006,image,data/external/kaggle/glaucoma_fundus_imaging_bundle/REFUGE/val/Images/V0006.jpg,True
REFUGE,V0006,mask,data/processed/standardized_masks/refuge/val_V0006.png,True
REFUGE,V0007,image,data/external/kaggle/glaucoma_fundus_imaging_bundle/REFUGE/val/Images/V0007.jpg,True
REFUGE,V0007,mask,data/processed/standardized_masks/refuge/val_V0007.png,True
REFUGE,V0008,image,data/external/kaggle/glaucoma_fundus_imaging_bundle/REFUGE/val/Images/V0008.jpg,True
REFUGE,V0008,mask,data/processed/standardized_masks/refuge/val_V0008.png,True
REFUGE,V0009,image,data/external/kaggle/glaucoma_fundus_imaging_bundle/REFUGE/val/Images/V0009.jpg,True
REFUGE,V0009,mask,data/processed/standardized_masks/refuge/val_V0009.png,True
REFUGE,V0010,image,data/external/kaggle/glaucoma_fundus_imaging_bundle/REFUGE/val/Images/V0010.jpg,True
REFUGE,V0010,mask,data/processed/standardized_masks/refuge/val_V0010.png,True
REFUGE,V0011,image,data/external/kaggle/glaucoma_fundus_imaging_bundle/REFUGE/val/Images/V0011.jpg,True
REFUGE,V0011,mask,data/processed/standardized_masks/refuge/val_V0011.png,True
REFUGE,V0012,image,data/external/kaggle/glaucoma_fundus_imaging_bundle/REFUGE/val/Images/V0012.jpg,True
REFUGE,V0012,mask,data/processed/standardized_masks/refuge/val_V0012.png,True
REFUGE,V0013,image,data/external/kaggle/glaucoma_fundus_imaging_bundle/REFUGE/val/Images/V0013.jpg,True
REFUGE,V0013,mask,data/processed/standardized_masks/refuge/val_V0013.png,True
REFUGE,V0014,image,data/external/kaggle/glaucoma_fundus_imaging_bundle/REFUGE/val/Images/V0014.jpg,True
REFUGE,V0014,mask,data/processed/standardized_masks/refuge/val_V0014.png,True
REFUGE,V0015,image,data/external/kaggle/glaucoma_fundus_imaging_bundle/REFUGE/val/Images/V0015.jpg,True
REFUGE,V0015,mask,data/processed/standardized_masks/refuge/val_V0015.png,True
REFUGE,V0016,image,data/external/kaggle/glaucoma_fundus_imaging_bundle/REFUGE/val/Images/V0016.jpg,True
REFUGE,V0016,mask,data/processed/standardized_masks/refuge/val_V0016.png,True
REFUGE,V0017,image,data/external/kaggle/glaucoma_fundus_imaging_bundle/REFUGE/val/Images/V0017.jpg,True
REFUGE,V0017,mask,data/processed/standardized_masks/refuge/val_V0017.png,True
REFUGE,V0018,image,data/external/kaggle/glaucoma_fundus_imaging_bundle/REFUGE/val/Images/V0018.jpg,True
REFUGE,V0018,mask,data/processed/standardized_masks/refuge/val_V0018.png,True
REFUGE,V0019,image,data/external/kaggle/glaucoma_fundus_imaging_bundle/REFUGE/val/Images/V0019.jpg,True
REFUGE,V0019,mask,data/processed/standardized_masks/refuge/val_V0019.png,True
REFUGE,V0020,image,data/external/kaggle/glaucoma_fundus_imaging_bundle/REFUGE/val/Images/V0020.jpg,True
REFUGE,V0020,mask,data/processed/standardized_masks/refuge/val_V0020.png,True
REFUGE,V0021,image,data/external/kaggle/glaucoma_fundus_imaging_bundle/REFUGE/val/Images/V0021.jpg,True
REFUGE,V0021,mask,data/processed/standardized_masks/refuge/val_V0021.png,True
REFUGE,V0022,image,data/external/kaggle/glaucoma_fundus_imaging_bundle/REFUGE/val/Images/V0022.jpg,True
REFUGE,V0022,mask,data/processed/standardized_masks/refuge/val_V0022.png,True
REFUGE,V0023,image,data/external/kaggle/glaucoma_fundus_imaging_bundle/REFUGE/val/Images/V0023.jpg,True
REFUGE,V0023,mask,data/processed/standardized_masks/refuge/val_V0023.png,True
REFUGE,V0024,image,data/external/kaggle/glaucoma_fundus_imaging_bundle/REFUGE/val/Images/V0024.jpg,True
REFUGE,V0024,mask,data/processed/standardized_masks/refuge/val_V0024.png,True
REFUGE,V0025,image,data/external/kaggle/glaucoma_fundus_imaging_bundle/REFUGE/val/Images/V0025.jpg,True
REFUGE,V0025,mask,data/processed/standardized_masks/refuge/val_V0025.png,True
REFUGE,V0026,image,data/external/kaggle/glaucoma_fundus_imaging_bundle/REFUGE/val/Images/V0026.jpg,True
REFUGE,V0026,mask,data/processed/standardized_masks/refuge/val_V0026.png,True
REFUGE,V0027,image,data/external/kaggle/glaucoma_fundus_imaging_bundle/REFUGE/val/Images/V0027.jpg,True
REFUGE,V0027,mask,data/processed/standardized_masks/refuge/val_V0027.png,True
REFUGE,V0028,image,data/external/kaggle/glaucoma_fundus_imaging_bundle/REFUGE/val/Images/V0028.jpg,True
REFUGE,V0028,mask,data/processed/standardized_masks/refuge/val_V0028.png,True
REFUGE,V0029,image,data/external/kaggle/glaucoma_fundus_imaging_bundle/REFUGE/val/Images/V0029.jpg,True
REFUGE,V0029,mask,data/processed/standardized_masks/refuge/val_V0029.png,True
REFUGE,V0030,image,data/external/kaggle/glaucoma_fundus_imaging_bundle/REFUGE/val/Images/V0030.jpg,True
REFUGE,V0030,mask,data/processed/standardized_masks/refuge/val_V0030.png,True
REFUGE,V0031,image,data/external/kaggle/glaucoma_fundus_imaging_bundle/REFUGE/val/Images/V0031.jpg,True
REFUGE,V0031,mask,data/processed/standardized_masks/refuge/val_V0031.png,True
REFUGE,V0032,image,data/external/kaggle/glaucoma_fundus_imaging_bundle/REFUGE/val/Images/V0032.jpg,True
REFUGE,V0032,mask,data/processed/standardized_masks/refuge/val_V0032.png,True
REFUGE,V0033,image,data/external/kaggle/glaucoma_fundus_imaging_bundle/REFUGE/val/Images/V0033.jpg,True
REFUGE,V0033,mask,data/processed/standardized_masks/refuge/val_V0033.png,True
REFUGE,V0034,image,data/external/kaggle/glaucoma_fundus_imaging_bundle/REFUGE/val/Images/V0034.jpg,True
REFUGE,V0034,mask,data/processed/standardized_masks/refuge/val_V0034.png,True
REFUGE,V0035,image,data/external/kaggle/glaucoma_fundus_imaging_bundle/REFUGE/val/Images/V0035.jpg,True
REFUGE,V0035,mask,data/processed/standardized_masks/refuge/val_V0035.png,True
REFUGE,V0036,image,data/external/kaggle/glaucoma_fundus_imaging_bundle/REFUGE/val/Images/V0036.jpg,True
REFUGE,V0036,mask,data/processed/standardized_masks/refuge/val_V0036.png,True
REFUGE,V0037,image,data/external/kaggle/glaucoma_fundus_imaging_bundle/REFUGE/val/Images/V0037.jpg,True
REFUGE,V0037,mask,data/processed/standardized_masks/refuge/val_V0037.png,True
REFUGE,V0038,image,data/external/kaggle/glaucoma_fundus_imaging_bundle/REFUGE/val/Images/V0038.jpg,True
REFUGE,V0038,mask,data/processed/standardized_masks/refuge/val_V0038.png,True
REFUGE,V0039,image,data/external/kaggle/glaucoma_fundus_imaging_bundle/REFUGE/val/Images/V0039.jpg,True
REFUGE,V0039,mask,data/processed/standardized_masks/refuge/val_V0039.png,True
REFUGE,V0040,image,data/external/kaggle/glaucoma_fundus_imaging_bundle/REFUGE/val/Images/V0040.jpg,True
REFUGE,V0040,mask,data/processed/standardized_masks/refuge/val_V0040.png,True
REFUGE,V0041,image,data/external/kaggle/glaucoma_fundus_imaging_bundle/REFUGE/val/Images/V0041.jpg,True
REFUGE,V0041,mask,data/processed/standardized_masks/refuge/val_V0041.png,True
REFUGE,V0042,image,data/external/kaggle/glaucoma_fundus_imaging_bundle/REFUGE/val/Images/V0042.jpg,True
REFUGE,V0042,mask,data/processed/standardized_masks/refuge/val_V0042.png,True
REFUGE,V0043,image,data/external/kaggle/glaucoma_fundus_imaging_bundle/REFUGE/val/Images/V0043.jpg,True
REFUGE,V0043,mask,data/processed/standardized_masks/refuge/val_V0043.png,True
REFUGE,V0044,image,data/external/kaggle/glaucoma_fundus_imaging_bundle/REFUGE/val/Images/V0044.jpg,True
REFUGE,V0044,mask,data/processed/standardized_masks/refuge/val_V0044.png,True
REFUGE,V0045,image,data/external/kaggle/glaucoma_fundus_imaging_bundle/REFUGE/val/Images/V0045.jpg,True
REFUGE,V0045,mask,data/processed/standardized_masks/refuge/val_V0045.png,True
REFUGE,V0046,image,data/external/kaggle/glaucoma_fundus_imaging_bundle/REFUGE/val/Images/V0046.jpg,True
REFUGE,V0046,mask,data/processed/standardized_masks/refuge/val_V0046.png,True
REFUGE,V0047,image,data/external/kaggle/glaucoma_fundus_imaging_bundle/REFUGE/val/Images/V0047.jpg,True
REFUGE,V0047,mask,data/processed/standardized_masks/refuge/val_V0047.png,True
REFUGE,V0048,image,data/external/kaggle/glaucoma_fundus_imaging_bundle/REFUGE/val/Images/V0048.jpg,True
REFUGE,V0048,mask,data/processed/standardized_masks/refuge/val_V0048.png,True
REFUGE,V0049,image,data/external/kaggle/glaucoma_fundus_imaging_bundle/REFUGE/val/Images/V0049.jpg,True
REFUGE,V0049,mask,data/processed/standardized_masks/refuge/val_V0049.png,True
REFUGE,V0050,image,data/external/kaggle/glaucoma_fundus_imaging_bundle/REFUGE/val/Images/V0050.jpg,True
REFUGE,V0050,mask,data/processed/standardized_masks/refuge/val_V0050.png,True
REFUGE,V0051,image,data/external/kaggle/glaucoma_fundus_imaging_bundle/REFUGE/val/Images/V0051.jpg,True
REFUGE,V0051,mask,data/processed/standardized_masks/refuge/val_V0051.png,True
REFUGE,V0052,image,data/external/kaggle/glaucoma_fundus_imaging_bundle/REFUGE/val/Images/V0052.jpg,True
REFUGE,V0052,mask,data/processed/standardized_masks/refuge/val_V0052.png,True
REFUGE,V0053,image,data/external/kaggle/glaucoma_fundus_imaging_bundle/REFUGE/val/Images/V0053.jpg,True
REFUGE,V0053,mask,data/processed/standardized_masks/refuge/val_V0053.png,True
REFUGE,V0054,image,data/external/kaggle/glaucoma_fundus_imaging_bundle/REFUGE/val/Images/V0054.jpg,True
REFUGE,V0054,mask,data/processed/standardized_masks/refuge/val_V0054.png,True
REFUGE,V0055,image,data/external/kaggle/glaucoma_fundus_imaging_bundle/REFUGE/val/Images/V0055.jpg,True
REFUGE,V0055,mask,data/processed/standardized_masks/refuge/val_V0055.png,True
REFUGE,V0056,image,data/external/kaggle/glaucoma_fundus_imaging_bundle/REFUGE/val/Images/V0056.jpg,True
REFUGE,V0056,mask,data/processed/standardized_masks/refuge/val_V0056.png,True
REFUGE,V0057,image,data/external/kaggle/glaucoma_fundus_imaging_bundle/REFUGE/val/Images/V0057.jpg,True
REFUGE,V0057,mask,data/processed/standardized_masks/refuge/val_V0057.png,True
REFUGE,V0058,image,data/external/kaggle/glaucoma_fundus_imaging_bundle/REFUGE/val/Images/V0058.jpg,True
REFUGE,V0058,mask,data/processed/standardized_masks/refuge/val_V0058.png,True
REFUGE,V0059,image,data/external/kaggle/glaucoma_fundus_imaging_bundle/REFUGE/val/Images/V0059.jpg,True
REFUGE,V0059,mask,data/processed/standardized_masks/refuge/val_V0059.png,True
REFUGE,V0060,image,data/external/kaggle/glaucoma_fundus_imaging_bundle/REFUGE/val/Images/V0060.jpg,True
REFUGE,V0060,mask,data/processed/standardized_masks/refuge/val_V0060.png,True
REFUGE,V0061,image,data/external/kaggle/glaucoma_fundus_imaging_bundle/REFUGE/val/Images/V0061.jpg,True
REFUGE,V0061,mask,data/processed/standardized_masks/refuge/val_V0061.png,True
REFUGE,V0062,image,data/external/kaggle/glaucoma_fundus_imaging_bundle/REFUGE/val/Images/V0062.jpg,True
REFUGE,V0062,mask,data/processed/standardized_masks/refuge/val_V0062.png,True
REFUGE,V0063,image,data/external/kaggle/glaucoma_fundus_imaging_bundle/REFUGE/val/Images/V0063.jpg,True
REFUGE,V0063,mask,data/processed/standardized_masks/refuge/val_V0063.png,True
REFUGE,V0064,image,data/external/kaggle/glaucoma_fundus_imaging_bundle/REFUGE/val/Images/V0064.jpg,True
REFUGE,V0064,mask,data/processed/standardized_masks/refuge/val_V0064.png,True
REFUGE,V0065,image,data/external/kaggle/glaucoma_fundus_imaging_bundle/REFUGE/val/Images/V0065.jpg,True
REFUGE,V0065,mask,data/processed/standardized_masks/refuge/val_V0065.png,True
REFUGE,V0066,image,data/external/kaggle/glaucoma_fundus_imaging_bundle/REFUGE/val/Images/V0066.jpg,True
REFUGE,V0066,mask,data/processed/standardized_masks/refuge/val_V0066.png,True
REFUGE,V0067,image,data/external/kaggle/glaucoma_fundus_imaging_bundle/REFUGE/val/Images/V0067.jpg,True
REFUGE,V0067,mask,data/processed/standardized_masks/refuge/val_V0067.png,True
REFUGE,V0068,image,data/external/kaggle/glaucoma_fundus_imaging_bundle/REFUGE/val/Images/V0068.jpg,True
REFUGE,V0068,mask,data/processed/standardized_masks/refuge/val_V0068.png,True
REFUGE,V0069,image,data/external/kaggle/glaucoma_fundus_imaging_bundle/REFUGE/val/Images/V0069.jpg,True
REFUGE,V0069,mask,data/processed/standardized_masks/refuge/val_V0069.png,True
REFUGE,V0070,image,data/external/kaggle/glaucoma_fundus_imaging_bundle/REFUGE/val/Images/V0070.jpg,True
REFUGE,V0070,mask,data/processed/standardized_masks/refuge/val_V0070.png,True
REFUGE,V0071,image,data/external/kaggle/glaucoma_fundus_imaging_bundle/REFUGE/val/Images/V0071.jpg,True
REFUGE,V0071,mask,data/processed/standardized_masks/refuge/val_V0071.png,True
REFUGE,V0072,image,data/external/kaggle/glaucoma_fundus_imaging_bundle/REFUGE/val/Images/V0072.jpg,True
REFUGE,V0072,mask,data/processed/standardized_masks/refuge/val_V0072.png,True
REFUGE,V0073,image,data/external/kaggle/glaucoma_fundus_imaging_bundle/REFUGE/val/Images/V0073.jpg,True
REFUGE,V0073,mask,data/processed/standardized_masks/refuge/val_V0073.png,True
REFUGE,V0074,image,data/external/kaggle/glaucoma_fundus_imaging_bundle/REFUGE/val/Images/V0074.jpg,True
REFUGE,V0074,mask,data/processed/standardized_masks/refuge/val_V0074.png,True
REFUGE,V0075,image,data/external/kaggle/glaucoma_fundus_imaging_bundle/REFUGE/val/Images/V0075.jpg,True
REFUGE,V0075,mask,data/processed/standardized_masks/refuge/val_V0075.png,True
REFUGE,V0076,image,data/external/kaggle/glaucoma_fundus_imaging_bundle/REFUGE/val/Images/V0076.jpg,True
REFUGE,V0076,mask,data/processed/standardized_masks/refuge/val_V0076.png,True
REFUGE,V0077,image,data/external/kaggle/glaucoma_fundus_imaging_bundle/REFUGE/val/Images/V0077.jpg,True
REFUGE,V0077,mask,data/processed/standardized_masks/refuge/val_V0077.png,True
REFUGE,V0078,image,data/external/kaggle/glaucoma_fundus_imaging_bundle/REFUGE/val/Images/V0078.jpg,True
REFUGE,V0078,mask,data/processed/standardized_masks/refuge/val_V0078.png,True
REFUGE,V0079,image,data/external/kaggle/glaucoma_fundus_imaging_bundle/REFUGE/val/Images/V0079.jpg,True
REFUGE,V0079,mask,data/processed/standardized_masks/refuge/val_V0079.png,True
REFUGE,V0080,image,data/external/kaggle/glaucoma_fundus_imaging_bundle/REFUGE/val/Images/V0080.jpg,True
REFUGE,V0080,mask,data/processed/standardized_masks/refuge/val_V0080.png,True
REFUGE,V0081,image,data/external/kaggle/glaucoma_fundus_imaging_bundle/REFUGE/val/Images/V0081.jpg,True
REFUGE,V0081,mask,data/processed/standardized_masks/refuge/val_V0081.png,True
REFUGE,V0082,image,data/external/kaggle/glaucoma_fundus_imaging_bundle/REFUGE/val/Images/V0082.jpg,True
REFUGE,V0082,mask,data/processed/standardized_masks/refuge/val_V0082.png,True
REFUGE,V0083,image,data/external/kaggle/glaucoma_fundus_imaging_bundle/REFUGE/val/Images/V0083.jpg,True
REFUGE,V0083,mask,data/processed/standardized_masks/refuge/val_V0083.png,True
REFUGE,V0084,image,data/external/kaggle/glaucoma_fundus_imaging_bundle/REFUGE/val/Images/V0084.jpg,True
REFUGE,V0084,mask,data/processed/standardized_masks/refuge/val_V0084.png,True
REFUGE,V0085,image,data/external/kaggle/glaucoma_fundus_imaging_bundle/REFUGE/val/Images/V0085.jpg,True
REFUGE,V0085,mask,data/processed/standardized_masks/refuge/val_V0085.png,True
REFUGE,V0086,image,data/external/kaggle/glaucoma_fundus_imaging_bundle/REFUGE/val/Images/V0086.jpg,True
REFUGE,V0086,mask,data/processed/standardized_masks/refuge/val_V0086.png,True
REFUGE,V0087,image,data/external/kaggle/glaucoma_fundus_imaging_bundle/REFUGE/val/Images/V0087.jpg,True
REFUGE,V0087,mask,data/processed/standardized_masks/refuge/val_V0087.png,True
REFUGE,V0088,image,data/external/kaggle/glaucoma_fundus_imaging_bundle/REFUGE/val/Images/V0088.jpg,True
REFUGE,V0088,mask,data/processed/standardized_masks/refuge/val_V0088.png,True
REFUGE,V0089,image,data/external/kaggle/glaucoma_fundus_imaging_bundle/REFUGE/val/Images/V0089.jpg,True
REFUGE,V0089,mask,data/processed/standardized_masks/refuge/val_V0089.png,True
REFUGE,V0090,image,data/external/kaggle/glaucoma_fundus_imaging_bundle/REFUGE/val/Images/V0090.jpg,True
REFUGE,V0090,mask,data/processed/standardized_masks/refuge/val_V0090.png,True
REFUGE,V0091,image,data/external/kaggle/glaucoma_fundus_imaging_bundle/REFUGE/val/Images/V0091.jpg,True
REFUGE,V0091,mask,data/processed/standardized_masks/refuge/val_V0091.png,True
REFUGE,V0092,image,data/external/kaggle/glaucoma_fundus_imaging_bundle/REFUGE/val/Images/V0092.jpg,True
REFUGE,V0092,mask,data/processed/standardized_masks/refuge/val_V0092.png,True
REFUGE,V0093,image,data/external/kaggle/glaucoma_fundus_imaging_bundle/REFUGE/val/Images/V0093.jpg,True
REFUGE,V0093,mask,data/processed/standardized_masks/refuge/val_V0093.png,True
REFUGE,V0094,image,data/external/kaggle/glaucoma_fundus_imaging_bundle/REFUGE/val/Images/V0094.jpg,True
REFUGE,V0094,mask,data/processed/standardized_masks/refuge/val_V0094.png,True
REFUGE,V0095,image,data/external/kaggle/glaucoma_fundus_imaging_bundle/REFUGE/val/Images/V0095.jpg,True
REFUGE,V0095,mask,data/processed/standardized_masks/refuge/val_V0095.png,True
REFUGE,V0096,image,data/external/kaggle/glaucoma_fundus_imaging_bundle/REFUGE/val/Images/V0096.jpg,True
REFUGE,V0096,mask,data/processed/standardized_masks/refuge/val_V0096.png,True
REFUGE,V0097,image,data/external/kaggle/glaucoma_fundus_imaging_bundle/REFUGE/val/Images/V0097.jpg,True
REFUGE,V0097,mask,data/processed/standardized_masks/refuge/val_V0097.png,True
REFUGE,V0098,image,data/external/kaggle/glaucoma_fundus_imaging_bundle/REFUGE/val/Images/V0098.jpg,True
REFUGE,V0098,mask,data/processed/standardized_masks/refuge/val_V0098.png,True
REFUGE,V0099,image,data/external/kaggle/glaucoma_fundus_imaging_bundle/REFUGE/val/Images/V0099.jpg,True
REFUGE,V0099,mask,data/processed/standardized_masks/refuge/val_V0099.png,True
REFUGE,V0100,image,data/external/kaggle/glaucoma_fundus_imaging_bundle/REFUGE/val/Images/V0100.jpg,True
REFUGE,V0100,mask,data/processed/standardized_masks/refuge/val_V0100.png,True
REFUGE,V0101,image,data/external/kaggle/glaucoma_fundus_imaging_bundle/REFUGE/val/Images/V0101.jpg,True
REFUGE,V0101,mask,data/processed/standardized_masks/refuge/val_V0101.png,True
REFUGE,V0102,image,data/external/kaggle/glaucoma_fundus_imaging_bundle/REFUGE/val/Images/V0102.jpg,True
REFUGE,V0102,mask,data/processed/standardized_masks/refuge/val_V0102.png,True
REFUGE,V0103,image,data/external/kaggle/glaucoma_fundus_imaging_bundle/REFUGE/val/Images/V0103.jpg,True
REFUGE,V0103,mask,data/processed/standardized_masks/refuge/val_V0103.png,True
REFUGE,V0104,image,data/external/kaggle/glaucoma_fundus_imaging_bundle/REFUGE/val/Images/V0104.jpg,True
REFUGE,V0104,mask,data/processed/standardized_masks/refuge/val_V0104.png,True
REFUGE,V0105,image,data/external/kaggle/glaucoma_fundus_imaging_bundle/REFUGE/val/Images/V0105.jpg,True
REFUGE,V0105,mask,data/processed/standardized_masks/refuge/val_V0105.png,True
REFUGE,V0106,image,data/external/kaggle/glaucoma_fundus_imaging_bundle/REFUGE/val/Images/V0106.jpg,True
REFUGE,V0106,mask,data/processed/standardized_masks/refuge/val_V0106.png,True
REFUGE,V0107,image,data/external/kaggle/glaucoma_fundus_imaging_bundle/REFUGE/val/Images/V0107.jpg,True
REFUGE,V0107,mask,data/processed/standardized_masks/refuge/val_V0107.png,True
REFUGE,V0108,image,data/external/kaggle/glaucoma_fundus_imaging_bundle/REFUGE/val/Images/V0108.jpg,True
REFUGE,V0108,mask,data/processed/standardized_masks/refuge/val_V0108.png,True
REFUGE,V0109,image,data/external/kaggle/glaucoma_fundus_imaging_bundle/REFUGE/val/Images/V0109.jpg,True
REFUGE,V0109,mask,data/processed/standardized_masks/refuge/val_V0109.png,True
REFUGE,V0110,image,data/external/kaggle/glaucoma_fundus_imaging_bundle/REFUGE/val/Images/V0110.jpg,True
REFUGE,V0110,mask,data/processed/standardized_masks/refuge/val_V0110.png,True
REFUGE,V0111,image,data/external/kaggle/glaucoma_fundus_imaging_bundle/REFUGE/val/Images/V0111.jpg,True
REFUGE,V0111,mask,data/processed/standardized_masks/refuge/val_V0111.png,True
REFUGE,V0112,image,data/external/kaggle/glaucoma_fundus_imaging_bundle/REFUGE/val/Images/V0112.jpg,True
REFUGE,V0112,mask,data/processed/standardized_masks/refuge/val_V0112.png,True
REFUGE,V0113,image,data/external/kaggle/glaucoma_fundus_imaging_bundle/REFUGE/val/Images/V0113.jpg,True
REFUGE,V0113,mask,data/processed/standardized_masks/refuge/val_V0113.png,True
REFUGE,V0114,image,data/external/kaggle/glaucoma_fundus_imaging_bundle/REFUGE/val/Images/V0114.jpg,True
REFUGE,V0114,mask,data/processed/standardized_masks/refuge/val_V0114.png,True
REFUGE,V0115,image,data/external/kaggle/glaucoma_fundus_imaging_bundle/REFUGE/val/Images/V0115.jpg,True
REFUGE,V0115,mask,data/processed/standardized_masks/refuge/val_V0115.png,True
REFUGE,V0116,image,data/external/kaggle/glaucoma_fundus_imaging_bundle/REFUGE/val/Images/V0116.jpg,True
REFUGE,V0116,mask,data/processed/standardized_masks/refuge/val_V0116.png,True
REFUGE,V0117,image,data/external/kaggle/glaucoma_fundus_imaging_bundle/REFUGE/val/Images/V0117.jpg,True
REFUGE,V0117,mask,data/processed/standardized_masks/refuge/val_V0117.png,True
REFUGE,V0118,image,data/external/kaggle/glaucoma_fundus_imaging_bundle/REFUGE/val/Images/V0118.jpg,True
REFUGE,V0118,mask,data/processed/standardized_masks/refuge/val_V0118.png,True
REFUGE,V0119,image,data/external/kaggle/glaucoma_fundus_imaging_bundle/REFUGE/val/Images/V0119.jpg,True
REFUGE,V0119,mask,data/processed/standardized_masks/refuge/val_V0119.png,True
REFUGE,V0120,image,data/external/kaggle/glaucoma_fundus_imaging_bundle/REFUGE/val/Images/V0120.jpg,True
REFUGE,V0120,mask,data/processed/standardized_masks/refuge/val_V0120.png,True
REFUGE,V0121,image,data/external/kaggle/glaucoma_fundus_imaging_bundle/REFUGE/val/Images/V0121.jpg,True
REFUGE,V0121,mask,data/processed/standardized_masks/refuge/val_V0121.png,True
REFUGE,V0122,image,data/external/kaggle/glaucoma_fundus_imaging_bundle/REFUGE/val/Images/V0122.jpg,True
REFUGE,V0122,mask,data/processed/standardized_masks/refuge/val_V0122.png,True
REFUGE,V0123,image,data/external/kaggle/glaucoma_fundus_imaging_bundle/REFUGE/val/Images/V0123.jpg,True
REFUGE,V0123,mask,data/processed/standardized_masks/refuge/val_V0123.png,True
REFUGE,V0124,image,data/external/kaggle/glaucoma_fundus_imaging_bundle/REFUGE/val/Images/V0124.jpg,True
REFUGE,V0124,mask,data/processed/standardized_masks/refuge/val_V0124.png,True
REFUGE,V0125,image,data/external/kaggle/glaucoma_fundus_imaging_bundle/REFUGE/val/Images/V0125.jpg,True
REFUGE,V0125,mask,data/processed/standardized_masks/refuge/val_V0125.png,True
REFUGE,V0126,image,data/external/kaggle/glaucoma_fundus_imaging_bundle/REFUGE/val/Images/V0126.jpg,True
REFUGE,V0126,mask,data/processed/standardized_masks/refuge/val_V0126.png,True
REFUGE,V0127,image,data/external/kaggle/glaucoma_fundus_imaging_bundle/REFUGE/val/Images/V0127.jpg,True
REFUGE,V0127,mask,data/processed/standardized_masks/refuge/val_V0127.png,True
REFUGE,V0128,image,data/external/kaggle/glaucoma_fundus_imaging_bundle/REFUGE/val/Images/V0128.jpg,True
REFUGE,V0128,mask,data/processed/standardized_masks/refuge/val_V0128.png,True
REFUGE,V0129,image,data/external/kaggle/glaucoma_fundus_imaging_bundle/REFUGE/val/Images/V0129.jpg,True
REFUGE,V0129,mask,data/processed/standardized_masks/refuge/val_V0129.png,True
REFUGE,V0130,image,data/external/kaggle/glaucoma_fundus_imaging_bundle/REFUGE/val/Images/V0130.jpg,True
REFUGE,V0130,mask,data/processed/standardized_masks/refuge/val_V0130.png,True
REFUGE,V0131,image,data/external/kaggle/glaucoma_fundus_imaging_bundle/REFUGE/val/Images/V0131.jpg,True
REFUGE,V0131,mask,data/processed/standardized_masks/refuge/val_V0131.png,True
REFUGE,V0132,image,data/external/kaggle/glaucoma_fundus_imaging_bundle/REFUGE/val/Images/V0132.jpg,True
REFUGE,V0132,mask,data/processed/standardized_masks/refuge/val_V0132.png,True
REFUGE,V0133,image,data/external/kaggle/glaucoma_fundus_imaging_bundle/REFUGE/val/Images/V0133.jpg,True
REFUGE,V0133,mask,data/processed/standardized_masks/refuge/val_V0133.png,True
REFUGE,V0134,image,data/external/kaggle/glaucoma_fundus_imaging_bundle/REFUGE/val/Images/V0134.jpg,True
REFUGE,V0134,mask,data/processed/standardized_masks/refuge/val_V0134.png,True
REFUGE,V0135,image,data/external/kaggle/glaucoma_fundus_imaging_bundle/REFUGE/val/Images/V0135.jpg,True
REFUGE,V0135,mask,data/processed/standardized_masks/refuge/val_V0135.png,True
REFUGE,V0136,image,data/external/kaggle/glaucoma_fundus_imaging_bundle/REFUGE/val/Images/V0136.jpg,True
REFUGE,V0136,mask,data/processed/standardized_masks/refuge/val_V0136.png,True
REFUGE,V0137,image,data/external/kaggle/glaucoma_fundus_imaging_bundle/REFUGE/val/Images/V0137.jpg,True
REFUGE,V0137,mask,data/processed/standardized_masks/refuge/val_V0137.png,True
REFUGE,V0138,image,data/external/kaggle/glaucoma_fundus_imaging_bundle/REFUGE/val/Images/V0138.jpg,True
REFUGE,V0138,mask,data/processed/standardized_masks/refuge/val_V0138.png,True
REFUGE,V0139,image,data/external/kaggle/glaucoma_fundus_imaging_bundle/REFUGE/val/Images/V0139.jpg,True
REFUGE,V0139,mask,data/processed/standardized_masks/refuge/val_V0139.png,True
REFUGE,V0140,image,data/external/kaggle/glaucoma_fundus_imaging_bundle/REFUGE/val/Images/V0140.jpg,True
REFUGE,V0140,mask,data/processed/standardized_masks/refuge/val_V0140.png,True
REFUGE,V0141,image,data/external/kaggle/glaucoma_fundus_imaging_bundle/REFUGE/val/Images/V0141.jpg,True
REFUGE,V0141,mask,data/processed/standardized_masks/refuge/val_V0141.png,True
REFUGE,V0142,image,data/external/kaggle/glaucoma_fundus_imaging_bundle/REFUGE/val/Images/V0142.jpg,True
REFUGE,V0142,mask,data/processed/standardized_masks/refuge/val_V0142.png,True
REFUGE,V0143,image,data/external/kaggle/glaucoma_fundus_imaging_bundle/REFUGE/val/Images/V0143.jpg,True
REFUGE,V0143,mask,data/processed/standardized_masks/refuge/val_V0143.png,True
REFUGE,V0144,image,data/external/kaggle/glaucoma_fundus_imaging_bundle/REFUGE/val/Images/V0144.jpg,True
REFUGE,V0144,mask,data/processed/standardized_masks/refuge/val_V0144.png,True
REFUGE,V0145,image,data/external/kaggle/glaucoma_fundus_imaging_bundle/REFUGE/val/Images/V0145.jpg,True
REFUGE,V0145,mask,data/processed/standardized_masks/refuge/val_V0145.png,True
REFUGE,V0146,image,data/external/kaggle/glaucoma_fundus_imaging_bundle/REFUGE/val/Images/V0146.jpg,True
REFUGE,V0146,mask,data/processed/standardized_masks/refuge/val_V0146.png,True
REFUGE,V0147,image,data/external/kaggle/glaucoma_fundus_imaging_bundle/REFUGE/val/Images/V0147.jpg,True
REFUGE,V0147,mask,data/processed/standardized_masks/refuge/val_V0147.png,True
REFUGE,V0148,image,data/external/kaggle/glaucoma_fundus_imaging_bundle/REFUGE/val/Images/V0148.jpg,True
REFUGE,V0148,mask,data/processed/standardized_masks/refuge/val_V0148.png,True
REFUGE,V0149,image,data/external/kaggle/glaucoma_fundus_imaging_bundle/REFUGE/val/Images/V0149.jpg,True
REFUGE,V0149,mask,data/processed/standardized_masks/refuge/val_V0149.png,True
REFUGE,V0150,image,data/external/kaggle/glaucoma_fundus_imaging_bundle/REFUGE/val/Images/V0150.jpg,True
REFUGE,V0150,mask,data/processed/standardized_masks/refuge/val_V0150.png,True
REFUGE,V0151,image,data/external/kaggle/glaucoma_fundus_imaging_bundle/REFUGE/val/Images/V0151.jpg,True
REFUGE,V0151,mask,data/processed/standardized_masks/refuge/val_V0151.png,True
REFUGE,V0152,image,data/external/kaggle/glaucoma_fundus_imaging_bundle/REFUGE/val/Images/V0152.jpg,True
REFUGE,V0152,mask,data/processed/standardized_masks/refuge/val_V0152.png,True
REFUGE,V0153,image,data/external/kaggle/glaucoma_fundus_imaging_bundle/REFUGE/val/Images/V0153.jpg,True
REFUGE,V0153,mask,data/processed/standardized_masks/refuge/val_V0153.png,True
REFUGE,V0154,image,data/external/kaggle/glaucoma_fundus_imaging_bundle/REFUGE/val/Images/V0154.jpg,True
REFUGE,V0154,mask,data/processed/standardized_masks/refuge/val_V0154.png,True
REFUGE,V0155,image,data/external/kaggle/glaucoma_fundus_imaging_bundle/REFUGE/val/Images/V0155.jpg,True
REFUGE,V0155,mask,data/processed/standardized_masks/refuge/val_V0155.png,True
REFUGE,V0156,image,data/external/kaggle/glaucoma_fundus_imaging_bundle/REFUGE/val/Images/V0156.jpg,True
REFUGE,V0156,mask,data/processed/standardized_masks/refuge/val_V0156.png,True
REFUGE,V0157,image,data/external/kaggle/glaucoma_fundus_imaging_bundle/REFUGE/val/Images/V0157.jpg,True
REFUGE,V0157,mask,data/processed/standardized_masks/refuge/val_V0157.png,True
REFUGE,V0158,image,data/external/kaggle/glaucoma_fundus_imaging_bundle/REFUGE/val/Images/V0158.jpg,True
REFUGE,V0158,mask,data/processed/standardized_masks/refuge/val_V0158.png,True
REFUGE,V0159,image,data/external/kaggle/glaucoma_fundus_imaging_bundle/REFUGE/val/Images/V0159.jpg,True
REFUGE,V0159,mask,data/processed/standardized_masks/refuge/val_V0159.png,True
REFUGE,V0160,image,data/external/kaggle/glaucoma_fundus_imaging_bundle/REFUGE/val/Images/V0160.jpg,True
REFUGE,V0160,mask,data/processed/standardized_masks/refuge/val_V0160.png,True
REFUGE,V0161,image,data/external/kaggle/glaucoma_fundus_imaging_bundle/REFUGE/val/Images/V0161.jpg,True
REFUGE,V0161,mask,data/processed/standardized_masks/refuge/val_V0161.png,True
REFUGE,V0162,image,data/external/kaggle/glaucoma_fundus_imaging_bundle/REFUGE/val/Images/V0162.jpg,True
REFUGE,V0162,mask,data/processed/standardized_masks/refuge/val_V0162.png,True
REFUGE,V0163,image,data/external/kaggle/glaucoma_fundus_imaging_bundle/REFUGE/val/Images/V0163.jpg,True
REFUGE,V0163,mask,data/processed/standardized_masks/refuge/val_V0163.png,True
REFUGE,V0164,image,data/external/kaggle/glaucoma_fundus_imaging_bundle/REFUGE/val/Images/V0164.jpg,True
REFUGE,V0164,mask,data/processed/standardized_masks/refuge/val_V0164.png,True
REFUGE,V0165,image,data/external/kaggle/glaucoma_fundus_imaging_bundle/REFUGE/val/Images/V0165.jpg,True
REFUGE,V0165,mask,data/processed/standardized_masks/refuge/val_V0165.png,True
REFUGE,V0166,image,data/external/kaggle/glaucoma_fundus_imaging_bundle/REFUGE/val/Images/V0166.jpg,True
REFUGE,V0166,mask,data/processed/standardized_masks/refuge/val_V0166.png,True
REFUGE,V0167,image,data/external/kaggle/glaucoma_fundus_imaging_bundle/REFUGE/val/Images/V0167.jpg,True
REFUGE,V0167,mask,data/processed/standardized_masks/refuge/val_V0167.png,True
REFUGE,V0168,image,data/external/kaggle/glaucoma_fundus_imaging_bundle/REFUGE/val/Images/V0168.jpg,True
REFUGE,V0168,mask,data/processed/standardized_masks/refuge/val_V0168.png,True
REFUGE,V0169,image,data/external/kaggle/glaucoma_fundus_imaging_bundle/REFUGE/val/Images/V0169.jpg,True
REFUGE,V0169,mask,data/processed/standardized_masks/refuge/val_V0169.png,True
REFUGE,V0170,image,data/external/kaggle/glaucoma_fundus_imaging_bundle/REFUGE/val/Images/V0170.jpg,True
REFUGE,V0170,mask,data/processed/standardized_masks/refuge/val_V0170.png,True
REFUGE,V0171,image,data/external/kaggle/glaucoma_fundus_imaging_bundle/REFUGE/val/Images/V0171.jpg,True
REFUGE,V0171,mask,data/processed/standardized_masks/refuge/val_V0171.png,True
REFUGE,V0172,image,data/external/kaggle/glaucoma_fundus_imaging_bundle/REFUGE/val/Images/V0172.jpg,True
REFUGE,V0172,mask,data/processed/standardized_masks/refuge/val_V0172.png,True
REFUGE,V0173,image,data/external/kaggle/glaucoma_fundus_imaging_bundle/REFUGE/val/Images/V0173.jpg,True
REFUGE,V0173,mask,data/processed/standardized_masks/refuge/val_V0173.png,True
REFUGE,V0174,image,data/external/kaggle/glaucoma_fundus_imaging_bundle/REFUGE/val/Images/V0174.jpg,True
REFUGE,V0174,mask,data/processed/standardized_masks/refuge/val_V0174.png,True
REFUGE,V0175,image,data/external/kaggle/glaucoma_fundus_imaging_bundle/REFUGE/val/Images/V0175.jpg,True
REFUGE,V0175,mask,data/processed/standardized_masks/refuge/val_V0175.png,True
REFUGE,V0176,image,data/external/kaggle/glaucoma_fundus_imaging_bundle/REFUGE/val/Images/V0176.jpg,True
REFUGE,V0176,mask,data/processed/standardized_masks/refuge/val_V0176.png,True
REFUGE,V0177,image,data/external/kaggle/glaucoma_fundus_imaging_bundle/REFUGE/val/Images/V0177.jpg,True
REFUGE,V0177,mask,data/processed/standardized_masks/refuge/val_V0177.png,True
REFUGE,V0178,image,data/external/kaggle/glaucoma_fundus_imaging_bundle/REFUGE/val/Images/V0178.jpg,True
REFUGE,V0178,mask,data/processed/standardized_masks/refuge/val_V0178.png,True
REFUGE,V0179,image,data/external/kaggle/glaucoma_fundus_imaging_bundle/REFUGE/val/Images/V0179.jpg,True
REFUGE,V0179,mask,data/processed/standardized_masks/refuge/val_V0179.png,True
REFUGE,V0180,image,data/external/kaggle/glaucoma_fundus_imaging_bundle/REFUGE/val/Images/V0180.jpg,True
REFUGE,V0180,mask,data/processed/standardized_masks/refuge/val_V0180.png,True
REFUGE,V0181,image,data/external/kaggle/glaucoma_fundus_imaging_bundle/REFUGE/val/Images/V0181.jpg,True
REFUGE,V0181,mask,data/processed/standardized_masks/refuge/val_V0181.png,True
REFUGE,V0182,image,data/external/kaggle/glaucoma_fundus_imaging_bundle/REFUGE/val/Images/V0182.jpg,True
REFUGE,V0182,mask,data/processed/standardized_masks/refuge/val_V0182.png,True
REFUGE,V0183,image,data/external/kaggle/glaucoma_fundus_imaging_bundle/REFUGE/val/Images/V0183.jpg,True
REFUGE,V0183,mask,data/processed/standardized_masks/refuge/val_V0183.png,True
REFUGE,V0184,image,data/external/kaggle/glaucoma_fundus_imaging_bundle/REFUGE/val/Images/V0184.jpg,True
REFUGE,V0184,mask,data/processed/standardized_masks/refuge/val_V0184.png,True
REFUGE,V0185,image,data/external/kaggle/glaucoma_fundus_imaging_bundle/REFUGE/val/Images/V0185.jpg,True
REFUGE,V0185,mask,data/processed/standardized_masks/refuge/val_V0185.png,True
REFUGE,V0186,image,data/external/kaggle/glaucoma_fundus_imaging_bundle/REFUGE/val/Images/V0186.jpg,True
REFUGE,V0186,mask,data/processed/standardized_masks/refuge/val_V0186.png,True
REFUGE,V0187,image,data/external/kaggle/glaucoma_fundus_imaging_bundle/REFUGE/val/Images/V0187.jpg,True
REFUGE,V0187,mask,data/processed/standardized_masks/refuge/val_V0187.png,True
REFUGE,V0188,image,data/external/kaggle/glaucoma_fundus_imaging_bundle/REFUGE/val/Images/V0188.jpg,True
REFUGE,V0188,mask,data/processed/standardized_masks/refuge/val_V0188.png,True
REFUGE,V0189,image,data/external/kaggle/glaucoma_fundus_imaging_bundle/REFUGE/val/Images/V0189.jpg,True
REFUGE,V0189,mask,data/processed/standardized_masks/refuge/val_V0189.png,True
REFUGE,V0190,image,data/external/kaggle/glaucoma_fundus_imaging_bundle/REFUGE/val/Images/V0190.jpg,True
REFUGE,V0190,mask,data/processed/standardized_masks/refuge/val_V0190.png,True
REFUGE,V0191,image,data/external/kaggle/glaucoma_fundus_imaging_bundle/REFUGE/val/Images/V0191.jpg,True
REFUGE,V0191,mask,data/processed/standardized_masks/refuge/val_V0191.png,True
REFUGE,V0192,image,data/external/kaggle/glaucoma_fundus_imaging_bundle/REFUGE/val/Images/V0192.jpg,True
REFUGE,V0192,mask,data/processed/standardized_masks/refuge/val_V0192.png,True
REFUGE,V0193,image,data/external/kaggle/glaucoma_fundus_imaging_bundle/REFUGE/val/Images/V0193.jpg,True
REFUGE,V0193,mask,data/processed/standardized_masks/refuge/val_V0193.png,True
REFUGE,V0194,image,data/external/kaggle/glaucoma_fundus_imaging_bundle/REFUGE/val/Images/V0194.jpg,True
REFUGE,V0194,mask,data/processed/standardized_masks/refuge/val_V0194.png,True
REFUGE,V0195,image,data/external/kaggle/glaucoma_fundus_imaging_bundle/REFUGE/val/Images/V0195.jpg,True
REFUGE,V0195,mask,data/processed/standardized_masks/refuge/val_V0195.png,True
REFUGE,V0196,image,data/external/kaggle/glaucoma_fundus_imaging_bundle/REFUGE/val/Images/V0196.jpg,True
REFUGE,V0196,mask,data/processed/standardized_masks/refuge/val_V0196.png,True
REFUGE,V0197,image,data/external/kaggle/glaucoma_fundus_imaging_bundle/REFUGE/val/Images/V0197.jpg,True
REFUGE,V0197,mask,data/processed/standardized_masks/refuge/val_V0197.png,True
REFUGE,V0198,image,data/external/kaggle/glaucoma_fundus_imaging_bundle/REFUGE/val/Images/V0198.jpg,True
REFUGE,V0198,mask,data/processed/standardized_masks/refuge/val_V0198.png,True
REFUGE,V0199,image,data/external/kaggle/glaucoma_fundus_imaging_bundle/REFUGE/val/Images/V0199.jpg,True
REFUGE,V0199,mask,data/processed/standardized_masks/refuge/val_V0199.png,True
REFUGE,V0200,image,data/external/kaggle/glaucoma_fundus_imaging_bundle/REFUGE/val/Images/V0200.jpg,True
REFUGE,V0200,mask,data/processed/standardized_masks/refuge/val_V0200.png,True
REFUGE,V0201,image,data/external/kaggle/glaucoma_fundus_imaging_bundle/REFUGE/val/Images/V0201.jpg,True
REFUGE,V0201,mask,data/processed/standardized_masks/refuge/val_V0201.png,True
REFUGE,V0202,image,data/external/kaggle/glaucoma_fundus_imaging_bundle/REFUGE/val/Images/V0202.jpg,True
REFUGE,V0202,mask,data/processed/standardized_masks/refuge/val_V0202.png,True
REFUGE,V0203,image,data/external/kaggle/glaucoma_fundus_imaging_bundle/REFUGE/val/Images/V0203.jpg,True
REFUGE,V0203,mask,data/processed/standardized_masks/refuge/val_V0203.png,True
REFUGE,V0204,image,data/external/kaggle/glaucoma_fundus_imaging_bundle/REFUGE/val/Images/V0204.jpg,True
REFUGE,V0204,mask,data/processed/standardized_masks/refuge/val_V0204.png,True
REFUGE,V0205,image,data/external/kaggle/glaucoma_fundus_imaging_bundle/REFUGE/val/Images/V0205.jpg,True
REFUGE,V0205,mask,data/processed/standardized_masks/refuge/val_V0205.png,True
REFUGE,V0206,image,data/external/kaggle/glaucoma_fundus_imaging_bundle/REFUGE/val/Images/V0206.jpg,True
REFUGE,V0206,mask,data/processed/standardized_masks/refuge/val_V0206.png,True
REFUGE,V0207,image,data/external/kaggle/glaucoma_fundus_imaging_bundle/REFUGE/val/Images/V0207.jpg,True
REFUGE,V0207,mask,data/processed/standardized_masks/refuge/val_V0207.png,True
REFUGE,V0208,image,data/external/kaggle/glaucoma_fundus_imaging_bundle/REFUGE/val/Images/V0208.jpg,True
REFUGE,V0208,mask,data/processed/standardized_masks/refuge/val_V0208.png,True
REFUGE,V0209,image,data/external/kaggle/glaucoma_fundus_imaging_bundle/REFUGE/val/Images/V0209.jpg,True
REFUGE,V0209,mask,data/processed/standardized_masks/refuge/val_V0209.png,True
REFUGE,V0210,image,data/external/kaggle/glaucoma_fundus_imaging_bundle/REFUGE/val/Images/V0210.jpg,True
REFUGE,V0210,mask,data/processed/standardized_masks/refuge/val_V0210.png,True
REFUGE,V0211,image,data/external/kaggle/glaucoma_fundus_imaging_bundle/REFUGE/val/Images/V0211.jpg,True
REFUGE,V0211,mask,data/processed/standardized_masks/refuge/val_V0211.png,True
REFUGE,V0212,image,data/external/kaggle/glaucoma_fundus_imaging_bundle/REFUGE/val/Images/V0212.jpg,True
REFUGE,V0212,mask,data/processed/standardized_masks/refuge/val_V0212.png,True
REFUGE,V0213,image,data/external/kaggle/glaucoma_fundus_imaging_bundle/REFUGE/val/Images/V0213.jpg,True
REFUGE,V0213,mask,data/processed/standardized_masks/refuge/val_V0213.png,True
REFUGE,V0214,image,data/external/kaggle/glaucoma_fundus_imaging_bundle/REFUGE/val/Images/V0214.jpg,True
REFUGE,V0214,mask,data/processed/standardized_masks/refuge/val_V0214.png,True
REFUGE,V0215,image,data/external/kaggle/glaucoma_fundus_imaging_bundle/REFUGE/val/Images/V0215.jpg,True
REFUGE,V0215,mask,data/processed/standardized_masks/refuge/val_V0215.png,True
REFUGE,V0216,image,data/external/kaggle/glaucoma_fundus_imaging_bundle/REFUGE/val/Images/V0216.jpg,True
REFUGE,V0216,mask,data/processed/standardized_masks/refuge/val_V0216.png,True
REFUGE,V0217,image,data/external/kaggle/glaucoma_fundus_imaging_bundle/REFUGE/val/Images/V0217.jpg,True
REFUGE,V0217,mask,data/processed/standardized_masks/refuge/val_V0217.png,True
REFUGE,V0218,image,data/external/kaggle/glaucoma_fundus_imaging_bundle/REFUGE/val/Images/V0218.jpg,True
REFUGE,V0218,mask,data/processed/standardized_masks/refuge/val_V0218.png,True
REFUGE,V0219,image,data/external/kaggle/glaucoma_fundus_imaging_bundle/REFUGE/val/Images/V0219.jpg,True
REFUGE,V0219,mask,data/processed/standardized_masks/refuge/val_V0219.png,True
REFUGE,V0220,image,data/external/kaggle/glaucoma_fundus_imaging_bundle/REFUGE/val/Images/V0220.jpg,True
REFUGE,V0220,mask,data/processed/standardized_masks/refuge/val_V0220.png,True
REFUGE,V0221,image,data/external/kaggle/glaucoma_fundus_imaging_bundle/REFUGE/val/Images/V0221.jpg,True
REFUGE,V0221,mask,data/processed/standardized_masks/refuge/val_V0221.png,True
REFUGE,V0222,image,data/external/kaggle/glaucoma_fundus_imaging_bundle/REFUGE/val/Images/V0222.jpg,True
REFUGE,V0222,mask,data/processed/standardized_masks/refuge/val_V0222.png,True
REFUGE,V0223,image,data/external/kaggle/glaucoma_fundus_imaging_bundle/REFUGE/val/Images/V0223.jpg,True
REFUGE,V0223,mask,data/processed/standardized_masks/refuge/val_V0223.png,True
REFUGE,V0224,image,data/external/kaggle/glaucoma_fundus_imaging_bundle/REFUGE/val/Images/V0224.jpg,True
REFUGE,V0224,mask,data/processed/standardized_masks/refuge/val_V0224.png,True
REFUGE,V0225,image,data/external/kaggle/glaucoma_fundus_imaging_bundle/REFUGE/val/Images/V0225.jpg,True
REFUGE,V0225,mask,data/processed/standardized_masks/refuge/val_V0225.png,True
REFUGE,V0226,image,data/external/kaggle/glaucoma_fundus_imaging_bundle/REFUGE/val/Images/V0226.jpg,True
REFUGE,V0226,mask,data/processed/standardized_masks/refuge/val_V0226.png,True
REFUGE,V0227,image,data/external/kaggle/glaucoma_fundus_imaging_bundle/REFUGE/val/Images/V0227.jpg,True
REFUGE,V0227,mask,data/processed/standardized_masks/refuge/val_V0227.png,True
REFUGE,V0228,image,data/external/kaggle/glaucoma_fundus_imaging_bundle/REFUGE/val/Images/V0228.jpg,True
REFUGE,V0228,mask,data/processed/standardized_masks/refuge/val_V0228.png,True
REFUGE,V0229,image,data/external/kaggle/glaucoma_fundus_imaging_bundle/REFUGE/val/Images/V0229.jpg,True
REFUGE,V0229,mask,data/processed/standardized_masks/refuge/val_V0229.png,True
REFUGE,V0230,image,data/external/kaggle/glaucoma_fundus_imaging_bundle/REFUGE/val/Images/V0230.jpg,True
REFUGE,V0230,mask,data/processed/standardized_masks/refuge/val_V0230.png,True
REFUGE,V0231,image,data/external/kaggle/glaucoma_fundus_imaging_bundle/REFUGE/val/Images/V0231.jpg,True
REFUGE,V0231,mask,data/processed/standardized_masks/refuge/val_V0231.png,True
REFUGE,V0232,image,data/external/kaggle/glaucoma_fundus_imaging_bundle/REFUGE/val/Images/V0232.jpg,True
REFUGE,V0232,mask,data/processed/standardized_masks/refuge/val_V0232.png,True
REFUGE,V0233,image,data/external/kaggle/glaucoma_fundus_imaging_bundle/REFUGE/val/Images/V0233.jpg,True
REFUGE,V0233,mask,data/processed/standardized_masks/refuge/val_V0233.png,True
REFUGE,V0234,image,data/external/kaggle/glaucoma_fundus_imaging_bundle/REFUGE/val/Images/V0234.jpg,True
REFUGE,V0234,mask,data/processed/standardized_masks/refuge/val_V0234.png,True
REFUGE,V0235,image,data/external/kaggle/glaucoma_fundus_imaging_bundle/REFUGE/val/Images/V0235.jpg,True
REFUGE,V0235,mask,data/processed/standardized_masks/refuge/val_V0235.png,True
REFUGE,V0236,image,data/external/kaggle/glaucoma_fundus_imaging_bundle/REFUGE/val/Images/V0236.jpg,True
REFUGE,V0236,mask,data/processed/standardized_masks/refuge/val_V0236.png,True
REFUGE,V0237,image,data/external/kaggle/glaucoma_fundus_imaging_bundle/REFUGE/val/Images/V0237.jpg,True
REFUGE,V0237,mask,data/processed/standardized_masks/refuge/val_V0237.png,True
REFUGE,V0238,image,data/external/kaggle/glaucoma_fundus_imaging_bundle/REFUGE/val/Images/V0238.jpg,True
REFUGE,V0238,mask,data/processed/standardized_masks/refuge/val_V0238.png,True
REFUGE,V0239,image,data/external/kaggle/glaucoma_fundus_imaging_bundle/REFUGE/val/Images/V0239.jpg,True
REFUGE,V0239,mask,data/processed/standardized_masks/refuge/val_V0239.png,True
REFUGE,V0240,image,data/external/kaggle/glaucoma_fundus_imaging_bundle/REFUGE/val/Images/V0240.jpg,True
REFUGE,V0240,mask,data/processed/standardized_masks/refuge/val_V0240.png,True
REFUGE,V0241,image,data/external/kaggle/glaucoma_fundus_imaging_bundle/REFUGE/val/Images/V0241.jpg,True
REFUGE,V0241,mask,data/processed/standardized_masks/refuge/val_V0241.png,True
REFUGE,V0242,image,data/external/kaggle/glaucoma_fundus_imaging_bundle/REFUGE/val/Images/V0242.jpg,True
REFUGE,V0242,mask,data/processed/standardized_masks/refuge/val_V0242.png,True
REFUGE,V0243,image,data/external/kaggle/glaucoma_fundus_imaging_bundle/REFUGE/val/Images/V0243.jpg,True
REFUGE,V0243,mask,data/processed/standardized_masks/refuge/val_V0243.png,True
REFUGE,V0244,image,data/external/kaggle/glaucoma_fundus_imaging_bundle/REFUGE/val/Images/V0244.jpg,True
REFUGE,V0244,mask,data/processed/standardized_masks/refuge/val_V0244.png,True
REFUGE,V0245,image,data/external/kaggle/glaucoma_fundus_imaging_bundle/REFUGE/val/Images/V0245.jpg,True
REFUGE,V0245,mask,data/processed/standardized_masks/refuge/val_V0245.png,True
REFUGE,V0246,image,data/external/kaggle/glaucoma_fundus_imaging_bundle/REFUGE/val/Images/V0246.jpg,True
REFUGE,V0246,mask,data/processed/standardized_masks/refuge/val_V0246.png,True
REFUGE,V0247,image,data/external/kaggle/glaucoma_fundus_imaging_bundle/REFUGE/val/Images/V0247.jpg,True
REFUGE,V0247,mask,data/processed/standardized_masks/refuge/val_V0247.png,True
REFUGE,V0248,image,data/external/kaggle/glaucoma_fundus_imaging_bundle/REFUGE/val/Images/V0248.jpg,True
REFUGE,V0248,mask,data/processed/standardized_masks/refuge/val_V0248.png,True
REFUGE,V0249,image,data/external/kaggle/glaucoma_fundus_imaging_bundle/REFUGE/val/Images/V0249.jpg,True
REFUGE,V0249,mask,data/processed/standardized_masks/refuge/val_V0249.png,True
REFUGE,V0250,image,data/external/kaggle/glaucoma_fundus_imaging_bundle/REFUGE/val/Images/V0250.jpg,True
REFUGE,V0250,mask,data/processed/standardized_masks/refuge/val_V0250.png,True
REFUGE,V0251,image,data/external/kaggle/glaucoma_fundus_imaging_bundle/REFUGE/val/Images/V0251.jpg,True
REFUGE,V0251,mask,data/processed/standardized_masks/refuge/val_V0251.png,True
REFUGE,V0252,image,data/external/kaggle/glaucoma_fundus_imaging_bundle/REFUGE/val/Images/V0252.jpg,True
REFUGE,V0252,mask,data/processed/standardized_masks/refuge/val_V0252.png,True
REFUGE,V0253,image,data/external/kaggle/glaucoma_fundus_imaging_bundle/REFUGE/val/Images/V0253.jpg,True
REFUGE,V0253,mask,data/processed/standardized_masks/refuge/val_V0253.png,True
REFUGE,V0254,image,data/external/kaggle/glaucoma_fundus_imaging_bundle/REFUGE/val/Images/V0254.jpg,True
REFUGE,V0254,mask,data/processed/standardized_masks/refuge/val_V0254.png,True
REFUGE,V0255,image,data/external/kaggle/glaucoma_fundus_imaging_bundle/REFUGE/val/Images/V0255.jpg,True
REFUGE,V0255,mask,data/processed/standardized_masks/refuge/val_V0255.png,True
REFUGE,V0256,image,data/external/kaggle/glaucoma_fundus_imaging_bundle/REFUGE/val/Images/V0256.jpg,True
REFUGE,V0256,mask,data/processed/standardized_masks/refuge/val_V0256.png,True
REFUGE,V0257,image,data/external/kaggle/glaucoma_fundus_imaging_bundle/REFUGE/val/Images/V0257.jpg,True
REFUGE,V0257,mask,data/processed/standardized_masks/refuge/val_V0257.png,True
REFUGE,V0258,image,data/external/kaggle/glaucoma_fundus_imaging_bundle/REFUGE/val/Images/V0258.jpg,True
REFUGE,V0258,mask,data/processed/standardized_masks/refuge/val_V0258.png,True
REFUGE,V0259,image,data/external/kaggle/glaucoma_fundus_imaging_bundle/REFUGE/val/Images/V0259.jpg,True
REFUGE,V0259,mask,data/processed/standardized_masks/refuge/val_V0259.png,True
REFUGE,V0260,image,data/external/kaggle/glaucoma_fundus_imaging_bundle/REFUGE/val/Images/V0260.jpg,True
REFUGE,V0260,mask,data/processed/standardized_masks/refuge/val_V0260.png,True
REFUGE,V0261,image,data/external/kaggle/glaucoma_fundus_imaging_bundle/REFUGE/val/Images/V0261.jpg,True
REFUGE,V0261,mask,data/processed/standardized_masks/refuge/val_V0261.png,True
REFUGE,V0262,image,data/external/kaggle/glaucoma_fundus_imaging_bundle/REFUGE/val/Images/V0262.jpg,True
REFUGE,V0262,mask,data/processed/standardized_masks/refuge/val_V0262.png,True
REFUGE,V0263,image,data/external/kaggle/glaucoma_fundus_imaging_bundle/REFUGE/val/Images/V0263.jpg,True
REFUGE,V0263,mask,data/processed/standardized_masks/refuge/val_V0263.png,True
REFUGE,V0264,image,data/external/kaggle/glaucoma_fundus_imaging_bundle/REFUGE/val/Images/V0264.jpg,True
REFUGE,V0264,mask,data/processed/standardized_masks/refuge/val_V0264.png,True
REFUGE,V0265,image,data/external/kaggle/glaucoma_fundus_imaging_bundle/REFUGE/val/Images/V0265.jpg,True
REFUGE,V0265,mask,data/processed/standardized_masks/refuge/val_V0265.png,True
REFUGE,V0266,image,data/external/kaggle/glaucoma_fundus_imaging_bundle/REFUGE/val/Images/V0266.jpg,True
REFUGE,V0266,mask,data/processed/standardized_masks/refuge/val_V0266.png,True
REFUGE,V0267,image,data/external/kaggle/glaucoma_fundus_imaging_bundle/REFUGE/val/Images/V0267.jpg,True
REFUGE,V0267,mask,data/processed/standardized_masks/refuge/val_V0267.png,True
REFUGE,V0268,image,data/external/kaggle/glaucoma_fundus_imaging_bundle/REFUGE/val/Images/V0268.jpg,True
REFUGE,V0268,mask,data/processed/standardized_masks/refuge/val_V0268.png,True
REFUGE,V0269,image,data/external/kaggle/glaucoma_fundus_imaging_bundle/REFUGE/val/Images/V0269.jpg,True
REFUGE,V0269,mask,data/processed/standardized_masks/refuge/val_V0269.png,True
REFUGE,V0270,image,data/external/kaggle/glaucoma_fundus_imaging_bundle/REFUGE/val/Images/V0270.jpg,True
REFUGE,V0270,mask,data/processed/standardized_masks/refuge/val_V0270.png,True
REFUGE,V0271,image,data/external/kaggle/glaucoma_fundus_imaging_bundle/REFUGE/val/Images/V0271.jpg,True
REFUGE,V0271,mask,data/processed/standardized_masks/refuge/val_V0271.png,True
REFUGE,V0272,image,data/external/kaggle/glaucoma_fundus_imaging_bundle/REFUGE/val/Images/V0272.jpg,True
REFUGE,V0272,mask,data/processed/standardized_masks/refuge/val_V0272.png,True
REFUGE,V0273,image,data/external/kaggle/glaucoma_fundus_imaging_bundle/REFUGE/val/Images/V0273.jpg,True
REFUGE,V0273,mask,data/processed/standardized_masks/refuge/val_V0273.png,True
REFUGE,V0274,image,data/external/kaggle/glaucoma_fundus_imaging_bundle/REFUGE/val/Images/V0274.jpg,True
REFUGE,V0274,mask,data/processed/standardized_masks/refuge/val_V0274.png,True
REFUGE,V0275,image,data/external/kaggle/glaucoma_fundus_imaging_bundle/REFUGE/val/Images/V0275.jpg,True
REFUGE,V0275,mask,data/processed/standardized_masks/refuge/val_V0275.png,True
REFUGE,V0276,image,data/external/kaggle/glaucoma_fundus_imaging_bundle/REFUGE/val/Images/V0276.jpg,True
REFUGE,V0276,mask,data/processed/standardized_masks/refuge/val_V0276.png,True
REFUGE,V0277,image,data/external/kaggle/glaucoma_fundus_imaging_bundle/REFUGE/val/Images/V0277.jpg,True
REFUGE,V0277,mask,data/processed/standardized_masks/refuge/val_V0277.png,True
REFUGE,V0278,image,data/external/kaggle/glaucoma_fundus_imaging_bundle/REFUGE/val/Images/V0278.jpg,True
REFUGE,V0278,mask,data/processed/standardized_masks/refuge/val_V0278.png,True
REFUGE,V0279,image,data/external/kaggle/glaucoma_fundus_imaging_bundle/REFUGE/val/Images/V0279.jpg,True
REFUGE,V0279,mask,data/processed/standardized_masks/refuge/val_V0279.png,True
REFUGE,V0280,image,data/external/kaggle/glaucoma_fundus_imaging_bundle/REFUGE/val/Images/V0280.jpg,True
REFUGE,V0280,mask,data/processed/standardized_masks/refuge/val_V0280.png,True
REFUGE,V0281,image,data/external/kaggle/glaucoma_fundus_imaging_bundle/REFUGE/val/Images/V0281.jpg,True
REFUGE,V0281,mask,data/processed/standardized_masks/refuge/val_V0281.png,True
REFUGE,V0282,image,data/external/kaggle/glaucoma_fundus_imaging_bundle/REFUGE/val/Images/V0282.jpg,True
REFUGE,V0282,mask,data/processed/standardized_masks/refuge/val_V0282.png,True
REFUGE,V0283,image,data/external/kaggle/glaucoma_fundus_imaging_bundle/REFUGE/val/Images/V0283.jpg,True
REFUGE,V0283,mask,data/processed/standardized_masks/refuge/val_V0283.png,True
REFUGE,V0284,image,data/external/kaggle/glaucoma_fundus_imaging_bundle/REFUGE/val/Images/V0284.jpg,True
REFUGE,V0284,mask,data/processed/standardized_masks/refuge/val_V0284.png,True
REFUGE,V0285,image,data/external/kaggle/glaucoma_fundus_imaging_bundle/REFUGE/val/Images/V0285.jpg,True
REFUGE,V0285,mask,data/processed/standardized_masks/refuge/val_V0285.png,True
REFUGE,V0286,image,data/external/kaggle/glaucoma_fundus_imaging_bundle/REFUGE/val/Images/V0286.jpg,True
REFUGE,V0286,mask,data/processed/standardized_masks/refuge/val_V0286.png,True
REFUGE,V0287,image,data/external/kaggle/glaucoma_fundus_imaging_bundle/REFUGE/val/Images/V0287.jpg,True
REFUGE,V0287,mask,data/processed/standardized_masks/refuge/val_V0287.png,True
REFUGE,V0288,image,data/external/kaggle/glaucoma_fundus_imaging_bundle/REFUGE/val/Images/V0288.jpg,True
REFUGE,V0288,mask,data/processed/standardized_masks/refuge/val_V0288.png,True
REFUGE,V0289,image,data/external/kaggle/glaucoma_fundus_imaging_bundle/REFUGE/val/Images/V0289.jpg,True
REFUGE,V0289,mask,data/processed/standardized_masks/refuge/val_V0289.png,True
REFUGE,V0290,image,data/external/kaggle/glaucoma_fundus_imaging_bundle/REFUGE/val/Images/V0290.jpg,True
REFUGE,V0290,mask,data/processed/standardized_masks/refuge/val_V0290.png,True
REFUGE,V0291,image,data/external/kaggle/glaucoma_fundus_imaging_bundle/REFUGE/val/Images/V0291.jpg,True
REFUGE,V0291,mask,data/processed/standardized_masks/refuge/val_V0291.png,True
REFUGE,V0292,image,data/external/kaggle/glaucoma_fundus_imaging_bundle/REFUGE/val/Images/V0292.jpg,True
REFUGE,V0292,mask,data/processed/standardized_masks/refuge/val_V0292.png,True
REFUGE,V0293,image,data/external/kaggle/glaucoma_fundus_imaging_bundle/REFUGE/val/Images/V0293.jpg,True
REFUGE,V0293,mask,data/processed/standardized_masks/refuge/val_V0293.png,True
REFUGE,V0294,image,data/external/kaggle/glaucoma_fundus_imaging_bundle/REFUGE/val/Images/V0294.jpg,True
REFUGE,V0294,mask,data/processed/standardized_masks/refuge/val_V0294.png,True
REFUGE,V0295,image,data/external/kaggle/glaucoma_fundus_imaging_bundle/REFUGE/val/Images/V0295.jpg,True
REFUGE,V0295,mask,data/processed/standardized_masks/refuge/val_V0295.png,True
REFUGE,V0296,image,data/external/kaggle/glaucoma_fundus_imaging_bundle/REFUGE/val/Images/V0296.jpg,True
REFUGE,V0296,mask,data/processed/standardized_masks/refuge/val_V0296.png,True
REFUGE,V0297,image,data/external/kaggle/glaucoma_fundus_imaging_bundle/REFUGE/val/Images/V0297.jpg,True
REFUGE,V0297,mask,data/processed/standardized_masks/refuge/val_V0297.png,True
REFUGE,V0298,image,data/external/kaggle/glaucoma_fundus_imaging_bundle/REFUGE/val/Images/V0298.jpg,True
REFUGE,V0298,mask,data/processed/standardized_masks/refuge/val_V0298.png,True
REFUGE,V0299,image,data/external/kaggle/glaucoma_fundus_imaging_bundle/REFUGE/val/Images/V0299.jpg,True
REFUGE,V0299,mask,data/processed/standardized_masks/refuge/val_V0299.png,True
REFUGE,V0300,image,data/external/kaggle/glaucoma_fundus_imaging_bundle/REFUGE/val/Images/V0300.jpg,True
REFUGE,V0300,mask,data/processed/standardized_masks/refuge/val_V0300.png,True
REFUGE,V0301,image,data/external/kaggle/glaucoma_fundus_imaging_bundle/REFUGE/val/Images/V0301.jpg,True
REFUGE,V0301,mask,data/processed/standardized_masks/refuge/val_V0301.png,True
REFUGE,V0302,image,data/external/kaggle/glaucoma_fundus_imaging_bundle/REFUGE/val/Images/V0302.jpg,True
REFUGE,V0302,mask,data/processed/standardized_masks/refuge/val_V0302.png,True
REFUGE,V0303,image,data/external/kaggle/glaucoma_fundus_imaging_bundle/REFUGE/val/Images/V0303.jpg,True
REFUGE,V0303,mask,data/processed/standardized_masks/refuge/val_V0303.png,True
REFUGE,V0304,image,data/external/kaggle/glaucoma_fundus_imaging_bundle/REFUGE/val/Images/V0304.jpg,True
REFUGE,V0304,mask,data/processed/standardized_masks/refuge/val_V0304.png,True
REFUGE,V0305,image,data/external/kaggle/glaucoma_fundus_imaging_bundle/REFUGE/val/Images/V0305.jpg,True
REFUGE,V0305,mask,data/processed/standardized_masks/refuge/val_V0305.png,True
REFUGE,V0306,image,data/external/kaggle/glaucoma_fundus_imaging_bundle/REFUGE/val/Images/V0306.jpg,True
REFUGE,V0306,mask,data/processed/standardized_masks/refuge/val_V0306.png,True
REFUGE,V0307,image,data/external/kaggle/glaucoma_fundus_imaging_bundle/REFUGE/val/Images/V0307.jpg,True
REFUGE,V0307,mask,data/processed/standardized_masks/refuge/val_V0307.png,True
REFUGE,V0308,image,data/external/kaggle/glaucoma_fundus_imaging_bundle/REFUGE/val/Images/V0308.jpg,True
REFUGE,V0308,mask,data/processed/standardized_masks/refuge/val_V0308.png,True
REFUGE,V0309,image,data/external/kaggle/glaucoma_fundus_imaging_bundle/REFUGE/val/Images/V0309.jpg,True
REFUGE,V0309,mask,data/processed/standardized_masks/refuge/val_V0309.png,True
REFUGE,V0310,image,data/external/kaggle/glaucoma_fundus_imaging_bundle/REFUGE/val/Images/V0310.jpg,True
REFUGE,V0310,mask,data/processed/standardized_masks/refuge/val_V0310.png,True
REFUGE,V0311,image,data/external/kaggle/glaucoma_fundus_imaging_bundle/REFUGE/val/Images/V0311.jpg,True
REFUGE,V0311,mask,data/processed/standardized_masks/refuge/val_V0311.png,True
REFUGE,V0312,image,data/external/kaggle/glaucoma_fundus_imaging_bundle/REFUGE/val/Images/V0312.jpg,True
REFUGE,V0312,mask,data/processed/standardized_masks/refuge/val_V0312.png,True
REFUGE,V0313,image,data/external/kaggle/glaucoma_fundus_imaging_bundle/REFUGE/val/Images/V0313.jpg,True
REFUGE,V0313,mask,data/processed/standardized_masks/refuge/val_V0313.png,True
REFUGE,V0314,image,data/external/kaggle/glaucoma_fundus_imaging_bundle/REFUGE/val/Images/V0314.jpg,True
REFUGE,V0314,mask,data/processed/standardized_masks/refuge/val_V0314.png,True
REFUGE,V0315,image,data/external/kaggle/glaucoma_fundus_imaging_bundle/REFUGE/val/Images/V0315.jpg,True
REFUGE,V0315,mask,data/processed/standardized_masks/refuge/val_V0315.png,True
REFUGE,V0316,image,data/external/kaggle/glaucoma_fundus_imaging_bundle/REFUGE/val/Images/V0316.jpg,True
REFUGE,V0316,mask,data/processed/standardized_masks/refuge/val_V0316.png,True
REFUGE,V0317,image,data/external/kaggle/glaucoma_fundus_imaging_bundle/REFUGE/val/Images/V0317.jpg,True
REFUGE,V0317,mask,data/processed/standardized_masks/refuge/val_V0317.png,True
REFUGE,V0318,image,data/external/kaggle/glaucoma_fundus_imaging_bundle/REFUGE/val/Images/V0318.jpg,True
REFUGE,V0318,mask,data/processed/standardized_masks/refuge/val_V0318.png,True
REFUGE,V0319,image,data/external/kaggle/glaucoma_fundus_imaging_bundle/REFUGE/val/Images/V0319.jpg,True
REFUGE,V0319,mask,data/processed/standardized_masks/refuge/val_V0319.png,True
REFUGE,V0320,image,data/external/kaggle/glaucoma_fundus_imaging_bundle/REFUGE/val/Images/V0320.jpg,True
REFUGE,V0320,mask,data/processed/standardized_masks/refuge/val_V0320.png,True
REFUGE,V0321,image,data/external/kaggle/glaucoma_fundus_imaging_bundle/REFUGE/val/Images/V0321.jpg,True
REFUGE,V0321,mask,data/processed/standardized_masks/refuge/val_V0321.png,True
REFUGE,V0322,image,data/external/kaggle/glaucoma_fundus_imaging_bundle/REFUGE/val/Images/V0322.jpg,True
REFUGE,V0322,mask,data/processed/standardized_masks/refuge/val_V0322.png,True
REFUGE,V0323,image,data/external/kaggle/glaucoma_fundus_imaging_bundle/REFUGE/val/Images/V0323.jpg,True
REFUGE,V0323,mask,data/processed/standardized_masks/refuge/val_V0323.png,True
REFUGE,V0324,image,data/external/kaggle/glaucoma_fundus_imaging_bundle/REFUGE/val/Images/V0324.jpg,True
REFUGE,V0324,mask,data/processed/standardized_masks/refuge/val_V0324.png,True
REFUGE,V0325,image,data/external/kaggle/glaucoma_fundus_imaging_bundle/REFUGE/val/Images/V0325.jpg,True
REFUGE,V0325,mask,data/processed/standardized_masks/refuge/val_V0325.png,True
REFUGE,V0326,image,data/external/kaggle/glaucoma_fundus_imaging_bundle/REFUGE/val/Images/V0326.jpg,True
REFUGE,V0326,mask,data/processed/standardized_masks/refuge/val_V0326.png,True
REFUGE,V0327,image,data/external/kaggle/glaucoma_fundus_imaging_bundle/REFUGE/val/Images/V0327.jpg,True
REFUGE,V0327,mask,data/processed/standardized_masks/refuge/val_V0327.png,True
REFUGE,V0328,image,data/external/kaggle/glaucoma_fundus_imaging_bundle/REFUGE/val/Images/V0328.jpg,True
REFUGE,V0328,mask,data/processed/standardized_masks/refuge/val_V0328.png,True
REFUGE,V0329,image,data/external/kaggle/glaucoma_fundus_imaging_bundle/REFUGE/val/Images/V0329.jpg,True
REFUGE,V0329,mask,data/processed/standardized_masks/refuge/val_V0329.png,True
REFUGE,V0330,image,data/external/kaggle/glaucoma_fundus_imaging_bundle/REFUGE/val/Images/V0330.jpg,True
REFUGE,V0330,mask,data/processed/standardized_masks/refuge/val_V0330.png,True
REFUGE,V0331,image,data/external/kaggle/glaucoma_fundus_imaging_bundle/REFUGE/val/Images/V0331.jpg,True
REFUGE,V0331,mask,data/processed/standardized_masks/refuge/val_V0331.png,True
REFUGE,V0332,image,data/external/kaggle/glaucoma_fundus_imaging_bundle/REFUGE/val/Images/V0332.jpg,True
REFUGE,V0332,mask,data/processed/standardized_masks/refuge/val_V0332.png,True
REFUGE,V0333,image,data/external/kaggle/glaucoma_fundus_imaging_bundle/REFUGE/val/Images/V0333.jpg,True
REFUGE,V0333,mask,data/processed/standardized_masks/refuge/val_V0333.png,True
REFUGE,V0334,image,data/external/kaggle/glaucoma_fundus_imaging_bundle/REFUGE/val/Images/V0334.jpg,True
REFUGE,V0334,mask,data/processed/standardized_masks/refuge/val_V0334.png,True
REFUGE,V0335,image,data/external/kaggle/glaucoma_fundus_imaging_bundle/REFUGE/val/Images/V0335.jpg,True
REFUGE,V0335,mask,data/processed/standardized_masks/refuge/val_V0335.png,True
REFUGE,V0336,image,data/external/kaggle/glaucoma_fundus_imaging_bundle/REFUGE/val/Images/V0336.jpg,True
REFUGE,V0336,mask,data/processed/standardized_masks/refuge/val_V0336.png,True
REFUGE,V0337,image,data/external/kaggle/glaucoma_fundus_imaging_bundle/REFUGE/val/Images/V0337.jpg,True
REFUGE,V0337,mask,data/processed/standardized_masks/refuge/val_V0337.png,True
REFUGE,V0338,image,data/external/kaggle/glaucoma_fundus_imaging_bundle/REFUGE/val/Images/V0338.jpg,True
REFUGE,V0338,mask,data/processed/standardized_masks/refuge/val_V0338.png,True
REFUGE,V0339,image,data/external/kaggle/glaucoma_fundus_imaging_bundle/REFUGE/val/Images/V0339.jpg,True
REFUGE,V0339,mask,data/processed/standardized_masks/refuge/val_V0339.png,True
REFUGE,V0340,image,data/external/kaggle/glaucoma_fundus_imaging_bundle/REFUGE/val/Images/V0340.jpg,True
REFUGE,V0340,mask,data/processed/standardized_masks/refuge/val_V0340.png,True
REFUGE,V0341,image,data/external/kaggle/glaucoma_fundus_imaging_bundle/REFUGE/val/Images/V0341.jpg,True
REFUGE,V0341,mask,data/processed/standardized_masks/refuge/val_V0341.png,True
REFUGE,V0342,image,data/external/kaggle/glaucoma_fundus_imaging_bundle/REFUGE/val/Images/V0342.jpg,True
REFUGE,V0342,mask,data/processed/standardized_masks/refuge/val_V0342.png,True
REFUGE,V0343,image,data/external/kaggle/glaucoma_fundus_imaging_bundle/REFUGE/val/Images/V0343.jpg,True
REFUGE,V0343,mask,data/processed/standardized_masks/refuge/val_V0343.png,True
REFUGE,V0344,image,data/external/kaggle/glaucoma_fundus_imaging_bundle/REFUGE/val/Images/V0344.jpg,True
REFUGE,V0344,mask,data/processed/standardized_masks/refuge/val_V0344.png,True
REFUGE,V0345,image,data/external/kaggle/glaucoma_fundus_imaging_bundle/REFUGE/val/Images/V0345.jpg,True
REFUGE,V0345,mask,data/processed/standardized_masks/refuge/val_V0345.png,True
REFUGE,V0346,image,data/external/kaggle/glaucoma_fundus_imaging_bundle/REFUGE/val/Images/V0346.jpg,True
REFUGE,V0346,mask,data/processed/standardized_masks/refuge/val_V0346.png,True
REFUGE,V0347,image,data/external/kaggle/glaucoma_fundus_imaging_bundle/REFUGE/val/Images/V0347.jpg,True
REFUGE,V0347,mask,data/processed/standardized_masks/refuge/val_V0347.png,True
REFUGE,V0348,image,data/external/kaggle/glaucoma_fundus_imaging_bundle/REFUGE/val/Images/V0348.jpg,True
REFUGE,V0348,mask,data/processed/standardized_masks/refuge/val_V0348.png,True
REFUGE,V0349,image,data/external/kaggle/glaucoma_fundus_imaging_bundle/REFUGE/val/Images/V0349.jpg,True
REFUGE,V0349,mask,data/processed/standardized_masks/refuge/val_V0349.png,True
REFUGE,V0350,image,data/external/kaggle/glaucoma_fundus_imaging_bundle/REFUGE/val/Images/V0350.jpg,True
REFUGE,V0350,mask,data/processed/standardized_masks/refuge/val_V0350.png,True
REFUGE,V0351,image,data/external/kaggle/glaucoma_fundus_imaging_bundle/REFUGE/val/Images/V0351.jpg,True
REFUGE,V0351,mask,data/processed/standardized_masks/refuge/val_V0351.png,True
REFUGE,V0352,image,data/external/kaggle/glaucoma_fundus_imaging_bundle/REFUGE/val/Images/V0352.jpg,True
REFUGE,V0352,mask,data/processed/standardized_masks/refuge/val_V0352.png,True
REFUGE,V0353,image,data/external/kaggle/glaucoma_fundus_imaging_bundle/REFUGE/val/Images/V0353.jpg,True
REFUGE,V0353,mask,data/processed/standardized_masks/refuge/val_V0353.png,True
REFUGE,V0354,image,data/external/kaggle/glaucoma_fundus_imaging_bundle/REFUGE/val/Images/V0354.jpg,True
REFUGE,V0354,mask,data/processed/standardized_masks/refuge/val_V0354.png,True
REFUGE,V0355,image,data/external/kaggle/glaucoma_fundus_imaging_bundle/REFUGE/val/Images/V0355.jpg,True
REFUGE,V0355,mask,data/processed/standardized_masks/refuge/val_V0355.png,True
REFUGE,V0356,image,data/external/kaggle/glaucoma_fundus_imaging_bundle/REFUGE/val/Images/V0356.jpg,True
REFUGE,V0356,mask,data/processed/standardized_masks/refuge/val_V0356.png,True
REFUGE,V0357,image,data/external/kaggle/glaucoma_fundus_imaging_bundle/REFUGE/val/Images/V0357.jpg,True
REFUGE,V0357,mask,data/processed/standardized_masks/refuge/val_V0357.png,True
REFUGE,V0358,image,data/external/kaggle/glaucoma_fundus_imaging_bundle/REFUGE/val/Images/V0358.jpg,True
REFUGE,V0358,mask,data/processed/standardized_masks/refuge/val_V0358.png,True
REFUGE,V0359,image,data/external/kaggle/glaucoma_fundus_imaging_bundle/REFUGE/val/Images/V0359.jpg,True
REFUGE,V0359,mask,data/processed/standardized_masks/refuge/val_V0359.png,True
REFUGE,V0360,image,data/external/kaggle/glaucoma_fundus_imaging_bundle/REFUGE/val/Images/V0360.jpg,True
REFUGE,V0360,mask,data/processed/standardized_masks/refuge/val_V0360.png,True
REFUGE,V0361,image,data/external/kaggle/glaucoma_fundus_imaging_bundle/REFUGE/val/Images/V0361.jpg,True
REFUGE,V0361,mask,data/processed/standardized_masks/refuge/val_V0361.png,True
REFUGE,V0362,image,data/external/kaggle/glaucoma_fundus_imaging_bundle/REFUGE/val/Images/V0362.jpg,True
REFUGE,V0362,mask,data/processed/standardized_masks/refuge/val_V0362.png,True
REFUGE,V0363,image,data/external/kaggle/glaucoma_fundus_imaging_bundle/REFUGE/val/Images/V0363.jpg,True
REFUGE,V0363,mask,data/processed/standardized_masks/refuge/val_V0363.png,True
REFUGE,V0364,image,data/external/kaggle/glaucoma_fundus_imaging_bundle/REFUGE/val/Images/V0364.jpg,True
REFUGE,V0364,mask,data/processed/standardized_masks/refuge/val_V0364.png,True
REFUGE,V0365,image,data/external/kaggle/glaucoma_fundus_imaging_bundle/REFUGE/val/Images/V0365.jpg,True
REFUGE,V0365,mask,data/processed/standardized_masks/refuge/val_V0365.png,True
REFUGE,V0366,image,data/external/kaggle/glaucoma_fundus_imaging_bundle/REFUGE/val/Images/V0366.jpg,True
REFUGE,V0366,mask,data/processed/standardized_masks/refuge/val_V0366.png,True
REFUGE,V0367,image,data/external/kaggle/glaucoma_fundus_imaging_bundle/REFUGE/val/Images/V0367.jpg,True
REFUGE,V0367,mask,data/processed/standardized_masks/refuge/val_V0367.png,True
REFUGE,V0368,image,data/external/kaggle/glaucoma_fundus_imaging_bundle/REFUGE/val/Images/V0368.jpg,True
REFUGE,V0368,mask,data/processed/standardized_masks/refuge/val_V0368.png,True
REFUGE,V0369,image,data/external/kaggle/glaucoma_fundus_imaging_bundle/REFUGE/val/Images/V0369.jpg,True
REFUGE,V0369,mask,data/processed/standardized_masks/refuge/val_V0369.png,True
REFUGE,V0370,image,data/external/kaggle/glaucoma_fundus_imaging_bundle/REFUGE/val/Images/V0370.jpg,True
REFUGE,V0370,mask,data/processed/standardized_masks/refuge/val_V0370.png,True
REFUGE,V0371,image,data/external/kaggle/glaucoma_fundus_imaging_bundle/REFUGE/val/Images/V0371.jpg,True
REFUGE,V0371,mask,data/processed/standardized_masks/refuge/val_V0371.png,True
REFUGE,V0372,image,data/external/kaggle/glaucoma_fundus_imaging_bundle/REFUGE/val/Images/V0372.jpg,True
REFUGE,V0372,mask,data/processed/standardized_masks/refuge/val_V0372.png,True
REFUGE,V0373,image,data/external/kaggle/glaucoma_fundus_imaging_bundle/REFUGE/val/Images/V0373.jpg,True
REFUGE,V0373,mask,data/processed/standardized_masks/refuge/val_V0373.png,True
REFUGE,V0374,image,data/external/kaggle/glaucoma_fundus_imaging_bundle/REFUGE/val/Images/V0374.jpg,True
REFUGE,V0374,mask,data/processed/standardized_masks/refuge/val_V0374.png,True
REFUGE,V0375,image,data/external/kaggle/glaucoma_fundus_imaging_bundle/REFUGE/val/Images/V0375.jpg,True
REFUGE,V0375,mask,data/processed/standardized_masks/refuge/val_V0375.png,True
REFUGE,V0376,image,data/external/kaggle/glaucoma_fundus_imaging_bundle/REFUGE/val/Images/V0376.jpg,True
REFUGE,V0376,mask,data/processed/standardized_masks/refuge/val_V0376.png,True
REFUGE,V0377,image,data/external/kaggle/glaucoma_fundus_imaging_bundle/REFUGE/val/Images/V0377.jpg,True
REFUGE,V0377,mask,data/processed/standardized_masks/refuge/val_V0377.png,True
REFUGE,V0378,image,data/external/kaggle/glaucoma_fundus_imaging_bundle/REFUGE/val/Images/V0378.jpg,True
REFUGE,V0378,mask,data/processed/standardized_masks/refuge/val_V0378.png,True
REFUGE,V0379,image,data/external/kaggle/glaucoma_fundus_imaging_bundle/REFUGE/val/Images/V0379.jpg,True
REFUGE,V0379,mask,data/processed/standardized_masks/refuge/val_V0379.png,True
REFUGE,V0380,image,data/external/kaggle/glaucoma_fundus_imaging_bundle/REFUGE/val/Images/V0380.jpg,True
REFUGE,V0380,mask,data/processed/standardized_masks/refuge/val_V0380.png,True
REFUGE,V0381,image,data/external/kaggle/glaucoma_fundus_imaging_bundle/REFUGE/val/Images/V0381.jpg,True
REFUGE,V0381,mask,data/processed/standardized_masks/refuge/val_V0381.png,True
REFUGE,V0382,image,data/external/kaggle/glaucoma_fundus_imaging_bundle/REFUGE/val/Images/V0382.jpg,True
REFUGE,V0382,mask,data/processed/standardized_masks/refuge/val_V0382.png,True
REFUGE,V0383,image,data/external/kaggle/glaucoma_fundus_imaging_bundle/REFUGE/val/Images/V0383.jpg,True
REFUGE,V0383,mask,data/processed/standardized_masks/refuge/val_V0383.png,True
REFUGE,V0384,image,data/external/kaggle/glaucoma_fundus_imaging_bundle/REFUGE/val/Images/V0384.jpg,True
REFUGE,V0384,mask,data/processed/standardized_masks/refuge/val_V0384.png,True
REFUGE,V0385,image,data/external/kaggle/glaucoma_fundus_imaging_bundle/REFUGE/val/Images/V0385.jpg,True
REFUGE,V0385,mask,data/processed/standardized_masks/refuge/val_V0385.png,True
REFUGE,V0386,image,data/external/kaggle/glaucoma_fundus_imaging_bundle/REFUGE/val/Images/V0386.jpg,True
REFUGE,V0386,mask,data/processed/standardized_masks/refuge/val_V0386.png,True
REFUGE,V0387,image,data/external/kaggle/glaucoma_fundus_imaging_bundle/REFUGE/val/Images/V0387.jpg,True
REFUGE,V0387,mask,data/processed/standardized_masks/refuge/val_V0387.png,True
REFUGE,V0388,image,data/external/kaggle/glaucoma_fundus_imaging_bundle/REFUGE/val/Images/V0388.jpg,True
REFUGE,V0388,mask,data/processed/standardized_masks/refuge/val_V0388.png,True
REFUGE,V0389,image,data/external/kaggle/glaucoma_fundus_imaging_bundle/REFUGE/val/Images/V0389.jpg,True
REFUGE,V0389,mask,data/processed/standardized_masks/refuge/val_V0389.png,True
REFUGE,V0390,image,data/external/kaggle/glaucoma_fundus_imaging_bundle/REFUGE/val/Images/V0390.jpg,True
REFUGE,V0390,mask,data/processed/standardized_masks/refuge/val_V0390.png,True
REFUGE,V0391,image,data/external/kaggle/glaucoma_fundus_imaging_bundle/REFUGE/val/Images/V0391.jpg,True
REFUGE,V0391,mask,data/processed/standardized_masks/refuge/val_V0391.png,True
REFUGE,V0392,image,data/external/kaggle/glaucoma_fundus_imaging_bundle/REFUGE/val/Images/V0392.jpg,True
REFUGE,V0392,mask,data/processed/standardized_masks/refuge/val_V0392.png,True
REFUGE,V0393,image,data/external/kaggle/glaucoma_fundus_imaging_bundle/REFUGE/val/Images/V0393.jpg,True
REFUGE,V0393,mask,data/processed/standardized_masks/refuge/val_V0393.png,True
REFUGE,V0394,image,data/external/kaggle/glaucoma_fundus_imaging_bundle/REFUGE/val/Images/V0394.jpg,True
REFUGE,V0394,mask,data/processed/standardized_masks/refuge/val_V0394.png,True
REFUGE,V0395,image,data/external/kaggle/glaucoma_fundus_imaging_bundle/REFUGE/val/Images/V0395.jpg,True
REFUGE,V0395,mask,data/processed/standardized_masks/refuge/val_V0395.png,True
REFUGE,V0396,image,data/external/kaggle/glaucoma_fundus_imaging_bundle/REFUGE/val/Images/V0396.jpg,True
REFUGE,V0396,mask,data/processed/standardized_masks/refuge/val_V0396.png,True
REFUGE,V0397,image,data/external/kaggle/glaucoma_fundus_imaging_bundle/REFUGE/val/Images/V0397.jpg,True
REFUGE,V0397,mask,data/processed/standardized_masks/refuge/val_V0397.png,True
REFUGE,V0398,image,data/external/kaggle/glaucoma_fundus_imaging_bundle/REFUGE/val/Images/V0398.jpg,True
REFUGE,V0398,mask,data/processed/standardized_masks/refuge/val_V0398.png,True
REFUGE,V0399,image,data/external/kaggle/glaucoma_fundus_imaging_bundle/REFUGE/val/Images/V0399.jpg,True
REFUGE,V0399,mask,data/processed/standardized_masks/refuge/val_V0399.png,True
REFUGE,V0400,image,data/external/kaggle/glaucoma_fundus_imaging_bundle/REFUGE/val/Images/V0400.jpg,True
REFUGE,V0400,mask,data/processed/standardized_masks/refuge/val_V0400.png,True
REFUGE,T0001,image,data/external/kaggle/glaucoma_fundus_imaging_bundle/REFUGE/test/Images/T0001.jpg,True
REFUGE,T0001,mask,data/processed/standardized_masks/refuge/test_T0001.png,True
REFUGE,T0002,image,data/external/kaggle/glaucoma_fundus_imaging_bundle/REFUGE/test/Images/T0002.jpg,True
REFUGE,T0002,mask,data/processed/standardized_masks/refuge/test_T0002.png,True
REFUGE,T0003,image,data/external/kaggle/glaucoma_fundus_imaging_bundle/REFUGE/test/Images/T0003.jpg,True
REFUGE,T0003,mask,data/processed/standardized_masks/refuge/test_T0003.png,True
REFUGE,T0004,image,data/external/kaggle/glaucoma_fundus_imaging_bundle/REFUGE/test/Images/T0004.jpg,True
REFUGE,T0004,mask,data/processed/standardized_masks/refuge/test_T0004.png,True
REFUGE,T0005,image,data/external/kaggle/glaucoma_fundus_imaging_bundle/REFUGE/test/Images/T0005.jpg,True
REFUGE,T0005,mask,data/processed/standardized_masks/refuge/test_T0005.png,True
REFUGE,T0006,image,data/external/kaggle/glaucoma_fundus_imaging_bundle/REFUGE/test/Images/T0006.jpg,True
REFUGE,T0006,mask,data/processed/standardized_masks/refuge/test_T0006.png,True
REFUGE,T0007,image,data/external/kaggle/glaucoma_fundus_imaging_bundle/REFUGE/test/Images/T0007.jpg,True
REFUGE,T0007,mask,data/processed/standardized_masks/refuge/test_T0007.png,True
REFUGE,T0008,image,data/external/kaggle/glaucoma_fundus_imaging_bundle/REFUGE/test/Images/T0008.jpg,True
REFUGE,T0008,mask,data/processed/standardized_masks/refuge/test_T0008.png,True
REFUGE,T0009,image,data/external/kaggle/glaucoma_fundus_imaging_bundle/REFUGE/test/Images/T0009.jpg,True
REFUGE,T0009,mask,data/processed/standardized_masks/refuge/test_T0009.png,True
REFUGE,T0010,image,data/external/kaggle/glaucoma_fundus_imaging_bundle/REFUGE/test/Images/T0010.jpg,True
REFUGE,T0010,mask,data/processed/standardized_masks/refuge/test_T0010.png,True
REFUGE,T0011,image,data/external/kaggle/glaucoma_fundus_imaging_bundle/REFUGE/test/Images/T0011.jpg,True
REFUGE,T0011,mask,data/processed/standardized_masks/refuge/test_T0011.png,True
REFUGE,T0012,image,data/external/kaggle/glaucoma_fundus_imaging_bundle/REFUGE/test/Images/T0012.jpg,True
REFUGE,T0012,mask,data/processed/standardized_masks/refuge/test_T0012.png,True
REFUGE,T0013,image,data/external/kaggle/glaucoma_fundus_imaging_bundle/REFUGE/test/Images/T0013.jpg,True
REFUGE,T0013,mask,data/processed/standardized_masks/refuge/test_T0013.png,True
REFUGE,T0014,image,data/external/kaggle/glaucoma_fundus_imaging_bundle/REFUGE/test/Images/T0014.jpg,True
REFUGE,T0014,mask,data/processed/standardized_masks/refuge/test_T0014.png,True
REFUGE,T0015,image,data/external/kaggle/glaucoma_fundus_imaging_bundle/REFUGE/test/Images/T0015.jpg,True
REFUGE,T0015,mask,data/processed/standardized_masks/refuge/test_T0015.png,True
REFUGE,T0016,image,data/external/kaggle/glaucoma_fundus_imaging_bundle/REFUGE/test/Images/T0016.jpg,True
REFUGE,T0016,mask,data/processed/standardized_masks/refuge/test_T0016.png,True
REFUGE,T0017,image,data/external/kaggle/glaucoma_fundus_imaging_bundle/REFUGE/test/Images/T0017.jpg,True
REFUGE,T0017,mask,data/processed/standardized_masks/refuge/test_T0017.png,True
REFUGE,T0018,image,data/external/kaggle/glaucoma_fundus_imaging_bundle/REFUGE/test/Images/T0018.jpg,True
REFUGE,T0018,mask,data/processed/standardized_masks/refuge/test_T0018.png,True
REFUGE,T0019,image,data/external/kaggle/glaucoma_fundus_imaging_bundle/REFUGE/test/Images/T0019.jpg,True
REFUGE,T0019,mask,data/processed/standardized_masks/refuge/test_T0019.png,True
REFUGE,T0020,image,data/external/kaggle/glaucoma_fundus_imaging_bundle/REFUGE/test/Images/T0020.jpg,True
REFUGE,T0020,mask,data/processed/standardized_masks/refuge/test_T0020.png,True
REFUGE,T0021,image,data/external/kaggle/glaucoma_fundus_imaging_bundle/REFUGE/test/Images/T0021.jpg,True
REFUGE,T0021,mask,data/processed/standardized_masks/refuge/test_T0021.png,True
REFUGE,T0022,image,data/external/kaggle/glaucoma_fundus_imaging_bundle/REFUGE/test/Images/T0022.jpg,True
REFUGE,T0022,mask,data/processed/standardized_masks/refuge/test_T0022.png,True
REFUGE,T0023,image,data/external/kaggle/glaucoma_fundus_imaging_bundle/REFUGE/test/Images/T0023.jpg,True
REFUGE,T0023,mask,data/processed/standardized_masks/refuge/test_T0023.png,True
REFUGE,T0024,image,data/external/kaggle/glaucoma_fundus_imaging_bundle/REFUGE/test/Images/T0024.jpg,True
REFUGE,T0024,mask,data/processed/standardized_masks/refuge/test_T0024.png,True
REFUGE,T0025,image,data/external/kaggle/glaucoma_fundus_imaging_bundle/REFUGE/test/Images/T0025.jpg,True
REFUGE,T0025,mask,data/processed/standardized_masks/refuge/test_T0025.png,True
REFUGE,T0026,image,data/external/kaggle/glaucoma_fundus_imaging_bundle/REFUGE/test/Images/T0026.jpg,True
REFUGE,T0026,mask,data/processed/standardized_masks/refuge/test_T0026.png,True
REFUGE,T0027,image,data/external/kaggle/glaucoma_fundus_imaging_bundle/REFUGE/test/Images/T0027.jpg,True
REFUGE,T0027,mask,data/processed/standardized_masks/refuge/test_T0027.png,True
REFUGE,T0028,image,data/external/kaggle/glaucoma_fundus_imaging_bundle/REFUGE/test/Images/T0028.jpg,True
REFUGE,T0028,mask,data/processed/standardized_masks/refuge/test_T0028.png,True
REFUGE,T0029,image,data/external/kaggle/glaucoma_fundus_imaging_bundle/REFUGE/test/Images/T0029.jpg,True
REFUGE,T0029,mask,data/processed/standardized_masks/refuge/test_T0029.png,True
REFUGE,T0030,image,data/external/kaggle/glaucoma_fundus_imaging_bundle/REFUGE/test/Images/T0030.jpg,True
REFUGE,T0030,mask,data/processed/standardized_masks/refuge/test_T0030.png,True
REFUGE,T0031,image,data/external/kaggle/glaucoma_fundus_imaging_bundle/REFUGE/test/Images/T0031.jpg,True
REFUGE,T0031,mask,data/processed/standardized_masks/refuge/test_T0031.png,True
REFUGE,T0032,image,data/external/kaggle/glaucoma_fundus_imaging_bundle/REFUGE/test/Images/T0032.jpg,True
REFUGE,T0032,mask,data/processed/standardized_masks/refuge/test_T0032.png,True
REFUGE,T0033,image,data/external/kaggle/glaucoma_fundus_imaging_bundle/REFUGE/test/Images/T0033.jpg,True
REFUGE,T0033,mask,data/processed/standardized_masks/refuge/test_T0033.png,True
REFUGE,T0034,image,data/external/kaggle/glaucoma_fundus_imaging_bundle/REFUGE/test/Images/T0034.jpg,True
REFUGE,T0034,mask,data/processed/standardized_masks/refuge/test_T0034.png,True
REFUGE,T0035,image,data/external/kaggle/glaucoma_fundus_imaging_bundle/REFUGE/test/Images/T0035.jpg,True
REFUGE,T0035,mask,data/processed/standardized_masks/refuge/test_T0035.png,True
REFUGE,T0036,image,data/external/kaggle/glaucoma_fundus_imaging_bundle/REFUGE/test/Images/T0036.jpg,True
REFUGE,T0036,mask,data/processed/standardized_masks/refuge/test_T0036.png,True
REFUGE,T0037,image,data/external/kaggle/glaucoma_fundus_imaging_bundle/REFUGE/test/Images/T0037.jpg,True
REFUGE,T0037,mask,data/processed/standardized_masks/refuge/test_T0037.png,True
REFUGE,T0038,image,data/external/kaggle/glaucoma_fundus_imaging_bundle/REFUGE/test/Images/T0038.jpg,True
REFUGE,T0038,mask,data/processed/standardized_masks/refuge/test_T0038.png,True
REFUGE,T0039,image,data/external/kaggle/glaucoma_fundus_imaging_bundle/REFUGE/test/Images/T0039.jpg,True
REFUGE,T0039,mask,data/processed/standardized_masks/refuge/test_T0039.png,True
REFUGE,T0040,image,data/external/kaggle/glaucoma_fundus_imaging_bundle/REFUGE/test/Images/T0040.jpg,True
REFUGE,T0040,mask,data/processed/standardized_masks/refuge/test_T0040.png,True
REFUGE,T0041,image,data/external/kaggle/glaucoma_fundus_imaging_bundle/REFUGE/test/Images/T0041.jpg,True
REFUGE,T0041,mask,data/processed/standardized_masks/refuge/test_T0041.png,True
REFUGE,T0042,image,data/external/kaggle/glaucoma_fundus_imaging_bundle/REFUGE/test/Images/T0042.jpg,True
REFUGE,T0042,mask,data/processed/standardized_masks/refuge/test_T0042.png,True
REFUGE,T0043,image,data/external/kaggle/glaucoma_fundus_imaging_bundle/REFUGE/test/Images/T0043.jpg,True
REFUGE,T0043,mask,data/processed/standardized_masks/refuge/test_T0043.png,True
REFUGE,T0044,image,data/external/kaggle/glaucoma_fundus_imaging_bundle/REFUGE/test/Images/T0044.jpg,True
REFUGE,T0044,mask,data/processed/standardized_masks/refuge/test_T0044.png,True
REFUGE,T0045,image,data/external/kaggle/glaucoma_fundus_imaging_bundle/REFUGE/test/Images/T0045.jpg,True
REFUGE,T0045,mask,data/processed/standardized_masks/refuge/test_T0045.png,True
REFUGE,T0046,image,data/external/kaggle/glaucoma_fundus_imaging_bundle/REFUGE/test/Images/T0046.jpg,True
REFUGE,T0046,mask,data/processed/standardized_masks/refuge/test_T0046.png,True
REFUGE,T0047,image,data/external/kaggle/glaucoma_fundus_imaging_bundle/REFUGE/test/Images/T0047.jpg,True
REFUGE,T0047,mask,data/processed/standardized_masks/refuge/test_T0047.png,True
REFUGE,T0048,image,data/external/kaggle/glaucoma_fundus_imaging_bundle/REFUGE/test/Images/T0048.jpg,True
REFUGE,T0048,mask,data/processed/standardized_masks/refuge/test_T0048.png,True
REFUGE,T0049,image,data/external/kaggle/glaucoma_fundus_imaging_bundle/REFUGE/test/Images/T0049.jpg,True
REFUGE,T0049,mask,data/processed/standardized_masks/refuge/test_T0049.png,True
REFUGE,T0050,image,data/external/kaggle/glaucoma_fundus_imaging_bundle/REFUGE/test/Images/T0050.jpg,True
REFUGE,T0050,mask,data/processed/standardized_masks/refuge/test_T0050.png,True
REFUGE,T0051,image,data/external/kaggle/glaucoma_fundus_imaging_bundle/REFUGE/test/Images/T0051.jpg,True
REFUGE,T0051,mask,data/processed/standardized_masks/refuge/test_T0051.png,True
REFUGE,T0052,image,data/external/kaggle/glaucoma_fundus_imaging_bundle/REFUGE/test/Images/T0052.jpg,True
REFUGE,T0052,mask,data/processed/standardized_masks/refuge/test_T0052.png,True
REFUGE,T0053,image,data/external/kaggle/glaucoma_fundus_imaging_bundle/REFUGE/test/Images/T0053.jpg,True
REFUGE,T0053,mask,data/processed/standardized_masks/refuge/test_T0053.png,True
REFUGE,T0054,image,data/external/kaggle/glaucoma_fundus_imaging_bundle/REFUGE/test/Images/T0054.jpg,True
REFUGE,T0054,mask,data/processed/standardized_masks/refuge/test_T0054.png,True
REFUGE,T0055,image,data/external/kaggle/glaucoma_fundus_imaging_bundle/REFUGE/test/Images/T0055.jpg,True
REFUGE,T0055,mask,data/processed/standardized_masks/refuge/test_T0055.png,True
REFUGE,T0056,image,data/external/kaggle/glaucoma_fundus_imaging_bundle/REFUGE/test/Images/T0056.jpg,True
REFUGE,T0056,mask,data/processed/standardized_masks/refuge/test_T0056.png,True
REFUGE,T0057,image,data/external/kaggle/glaucoma_fundus_imaging_bundle/REFUGE/test/Images/T0057.jpg,True
REFUGE,T0057,mask,data/processed/standardized_masks/refuge/test_T0057.png,True
REFUGE,T0058,image,data/external/kaggle/glaucoma_fundus_imaging_bundle/REFUGE/test/Images/T0058.jpg,True
REFUGE,T0058,mask,data/processed/standardized_masks/refuge/test_T0058.png,True
REFUGE,T0059,image,data/external/kaggle/glaucoma_fundus_imaging_bundle/REFUGE/test/Images/T0059.jpg,True
REFUGE,T0059,mask,data/processed/standardized_masks/refuge/test_T0059.png,True
REFUGE,T0060,image,data/external/kaggle/glaucoma_fundus_imaging_bundle/REFUGE/test/Images/T0060.jpg,True
REFUGE,T0060,mask,data/processed/standardized_masks/refuge/test_T0060.png,True
REFUGE,T0061,image,data/external/kaggle/glaucoma_fundus_imaging_bundle/REFUGE/test/Images/T0061.jpg,True
REFUGE,T0061,mask,data/processed/standardized_masks/refuge/test_T0061.png,True
REFUGE,T0062,image,data/external/kaggle/glaucoma_fundus_imaging_bundle/REFUGE/test/Images/T0062.jpg,True
REFUGE,T0062,mask,data/processed/standardized_masks/refuge/test_T0062.png,True
REFUGE,T0063,image,data/external/kaggle/glaucoma_fundus_imaging_bundle/REFUGE/test/Images/T0063.jpg,True
REFUGE,T0063,mask,data/processed/standardized_masks/refuge/test_T0063.png,True
REFUGE,T0064,image,data/external/kaggle/glaucoma_fundus_imaging_bundle/REFUGE/test/Images/T0064.jpg,True
REFUGE,T0064,mask,data/processed/standardized_masks/refuge/test_T0064.png,True
REFUGE,T0065,image,data/external/kaggle/glaucoma_fundus_imaging_bundle/REFUGE/test/Images/T0065.jpg,True
REFUGE,T0065,mask,data/processed/standardized_masks/refuge/test_T0065.png,True
REFUGE,T0066,image,data/external/kaggle/glaucoma_fundus_imaging_bundle/REFUGE/test/Images/T0066.jpg,True
REFUGE,T0066,mask,data/processed/standardized_masks/refuge/test_T0066.png,True
REFUGE,T0067,image,data/external/kaggle/glaucoma_fundus_imaging_bundle/REFUGE/test/Images/T0067.jpg,True
REFUGE,T0067,mask,data/processed/standardized_masks/refuge/test_T0067.png,True
REFUGE,T0068,image,data/external/kaggle/glaucoma_fundus_imaging_bundle/REFUGE/test/Images/T0068.jpg,True
REFUGE,T0068,mask,data/processed/standardized_masks/refuge/test_T0068.png,True
REFUGE,T0069,image,data/external/kaggle/glaucoma_fundus_imaging_bundle/REFUGE/test/Images/T0069.jpg,True
REFUGE,T0069,mask,data/processed/standardized_masks/refuge/test_T0069.png,True
REFUGE,T0070,image,data/external/kaggle/glaucoma_fundus_imaging_bundle/REFUGE/test/Images/T0070.jpg,True
REFUGE,T0070,mask,data/processed/standardized_masks/refuge/test_T0070.png,True
REFUGE,T0071,image,data/external/kaggle/glaucoma_fundus_imaging_bundle/REFUGE/test/Images/T0071.jpg,True
REFUGE,T0071,mask,data/processed/standardized_masks/refuge/test_T0071.png,True
REFUGE,T0072,image,data/external/kaggle/glaucoma_fundus_imaging_bundle/REFUGE/test/Images/T0072.jpg,True
REFUGE,T0072,mask,data/processed/standardized_masks/refuge/test_T0072.png,True
REFUGE,T0073,image,data/external/kaggle/glaucoma_fundus_imaging_bundle/REFUGE/test/Images/T0073.jpg,True
REFUGE,T0073,mask,data/processed/standardized_masks/refuge/test_T0073.png,True
REFUGE,T0074,image,data/external/kaggle/glaucoma_fundus_imaging_bundle/REFUGE/test/Images/T0074.jpg,True
REFUGE,T0074,mask,data/processed/standardized_masks/refuge/test_T0074.png,True
REFUGE,T0075,image,data/external/kaggle/glaucoma_fundus_imaging_bundle/REFUGE/test/Images/T0075.jpg,True
REFUGE,T0075,mask,data/processed/standardized_masks/refuge/test_T0075.png,True
REFUGE,T0076,image,data/external/kaggle/glaucoma_fundus_imaging_bundle/REFUGE/test/Images/T0076.jpg,True
REFUGE,T0076,mask,data/processed/standardized_masks/refuge/test_T0076.png,True
REFUGE,T0077,image,data/external/kaggle/glaucoma_fundus_imaging_bundle/REFUGE/test/Images/T0077.jpg,True
REFUGE,T0077,mask,data/processed/standardized_masks/refuge/test_T0077.png,True
REFUGE,T0078,image,data/external/kaggle/glaucoma_fundus_imaging_bundle/REFUGE/test/Images/T0078.jpg,True
REFUGE,T0078,mask,data/processed/standardized_masks/refuge/test_T0078.png,True
REFUGE,T0079,image,data/external/kaggle/glaucoma_fundus_imaging_bundle/REFUGE/test/Images/T0079.jpg,True
REFUGE,T0079,mask,data/processed/standardized_masks/refuge/test_T0079.png,True
REFUGE,T0080,image,data/external/kaggle/glaucoma_fundus_imaging_bundle/REFUGE/test/Images/T0080.jpg,True
REFUGE,T0080,mask,data/processed/standardized_masks/refuge/test_T0080.png,True
REFUGE,T0081,image,data/external/kaggle/glaucoma_fundus_imaging_bundle/REFUGE/test/Images/T0081.jpg,True
REFUGE,T0081,mask,data/processed/standardized_masks/refuge/test_T0081.png,True
REFUGE,T0082,image,data/external/kaggle/glaucoma_fundus_imaging_bundle/REFUGE/test/Images/T0082.jpg,True
REFUGE,T0082,mask,data/processed/standardized_masks/refuge/test_T0082.png,True
REFUGE,T0083,image,data/external/kaggle/glaucoma_fundus_imaging_bundle/REFUGE/test/Images/T0083.jpg,True
REFUGE,T0083,mask,data/processed/standardized_masks/refuge/test_T0083.png,True
REFUGE,T0084,image,data/external/kaggle/glaucoma_fundus_imaging_bundle/REFUGE/test/Images/T0084.jpg,True
REFUGE,T0084,mask,data/processed/standardized_masks/refuge/test_T0084.png,True
REFUGE,T0085,image,data/external/kaggle/glaucoma_fundus_imaging_bundle/REFUGE/test/Images/T0085.jpg,True
REFUGE,T0085,mask,data/processed/standardized_masks/refuge/test_T0085.png,True
REFUGE,T0086,image,data/external/kaggle/glaucoma_fundus_imaging_bundle/REFUGE/test/Images/T0086.jpg,True
REFUGE,T0086,mask,data/processed/standardized_masks/refuge/test_T0086.png,True
REFUGE,T0087,image,data/external/kaggle/glaucoma_fundus_imaging_bundle/REFUGE/test/Images/T0087.jpg,True
REFUGE,T0087,mask,data/processed/standardized_masks/refuge/test_T0087.png,True
REFUGE,T0088,image,data/external/kaggle/glaucoma_fundus_imaging_bundle/REFUGE/test/Images/T0088.jpg,True
REFUGE,T0088,mask,data/processed/standardized_masks/refuge/test_T0088.png,True
REFUGE,T0089,image,data/external/kaggle/glaucoma_fundus_imaging_bundle/REFUGE/test/Images/T0089.jpg,True
REFUGE,T0089,mask,data/processed/standardized_masks/refuge/test_T0089.png,True
REFUGE,T0090,image,data/external/kaggle/glaucoma_fundus_imaging_bundle/REFUGE/test/Images/T0090.jpg,True
REFUGE,T0090,mask,data/processed/standardized_masks/refuge/test_T0090.png,True
REFUGE,T0091,image,data/external/kaggle/glaucoma_fundus_imaging_bundle/REFUGE/test/Images/T0091.jpg,True
REFUGE,T0091,mask,data/processed/standardized_masks/refuge/test_T0091.png,True
REFUGE,T0092,image,data/external/kaggle/glaucoma_fundus_imaging_bundle/REFUGE/test/Images/T0092.jpg,True
REFUGE,T0092,mask,data/processed/standardized_masks/refuge/test_T0092.png,True
REFUGE,T0093,image,data/external/kaggle/glaucoma_fundus_imaging_bundle/REFUGE/test/Images/T0093.jpg,True
REFUGE,T0093,mask,data/processed/standardized_masks/refuge/test_T0093.png,True
REFUGE,T0094,image,data/external/kaggle/glaucoma_fundus_imaging_bundle/REFUGE/test/Images/T0094.jpg,True
REFUGE,T0094,mask,data/processed/standardized_masks/refuge/test_T0094.png,True
REFUGE,T0095,image,data/external/kaggle/glaucoma_fundus_imaging_bundle/REFUGE/test/Images/T0095.jpg,True
REFUGE,T0095,mask,data/processed/standardized_masks/refuge/test_T0095.png,True
REFUGE,T0096,image,data/external/kaggle/glaucoma_fundus_imaging_bundle/REFUGE/test/Images/T0096.jpg,True
REFUGE,T0096,mask,data/processed/standardized_masks/refuge/test_T0096.png,True
REFUGE,T0097,image,data/external/kaggle/glaucoma_fundus_imaging_bundle/REFUGE/test/Images/T0097.jpg,True
REFUGE,T0097,mask,data/processed/standardized_masks/refuge/test_T0097.png,True
REFUGE,T0098,image,data/external/kaggle/glaucoma_fundus_imaging_bundle/REFUGE/test/Images/T0098.jpg,True
REFUGE,T0098,mask,data/processed/standardized_masks/refuge/test_T0098.png,True
REFUGE,T0099,image,data/external/kaggle/glaucoma_fundus_imaging_bundle/REFUGE/test/Images/T0099.jpg,True
REFUGE,T0099,mask,data/processed/standardized_masks/refuge/test_T0099.png,True
REFUGE,T0100,image,data/external/kaggle/glaucoma_fundus_imaging_bundle/REFUGE/test/Images/T0100.jpg,True
REFUGE,T0100,mask,data/processed/standardized_masks/refuge/test_T0100.png,True
REFUGE,T0101,image,data/external/kaggle/glaucoma_fundus_imaging_bundle/REFUGE/test/Images/T0101.jpg,True
REFUGE,T0101,mask,data/processed/standardized_masks/refuge/test_T0101.png,True
REFUGE,T0102,image,data/external/kaggle/glaucoma_fundus_imaging_bundle/REFUGE/test/Images/T0102.jpg,True
REFUGE,T0102,mask,data/processed/standardized_masks/refuge/test_T0102.png,True
REFUGE,T0103,image,data/external/kaggle/glaucoma_fundus_imaging_bundle/REFUGE/test/Images/T0103.jpg,True
REFUGE,T0103,mask,data/processed/standardized_masks/refuge/test_T0103.png,True
REFUGE,T0104,image,data/external/kaggle/glaucoma_fundus_imaging_bundle/REFUGE/test/Images/T0104.jpg,True
REFUGE,T0104,mask,data/processed/standardized_masks/refuge/test_T0104.png,True
REFUGE,T0105,image,data/external/kaggle/glaucoma_fundus_imaging_bundle/REFUGE/test/Images/T0105.jpg,True
REFUGE,T0105,mask,data/processed/standardized_masks/refuge/test_T0105.png,True
REFUGE,T0106,image,data/external/kaggle/glaucoma_fundus_imaging_bundle/REFUGE/test/Images/T0106.jpg,True
REFUGE,T0106,mask,data/processed/standardized_masks/refuge/test_T0106.png,True
REFUGE,T0107,image,data/external/kaggle/glaucoma_fundus_imaging_bundle/REFUGE/test/Images/T0107.jpg,True
REFUGE,T0107,mask,data/processed/standardized_masks/refuge/test_T0107.png,True
REFUGE,T0108,image,data/external/kaggle/glaucoma_fundus_imaging_bundle/REFUGE/test/Images/T0108.jpg,True
REFUGE,T0108,mask,data/processed/standardized_masks/refuge/test_T0108.png,True
REFUGE,T0109,image,data/external/kaggle/glaucoma_fundus_imaging_bundle/REFUGE/test/Images/T0109.jpg,True
REFUGE,T0109,mask,data/processed/standardized_masks/refuge/test_T0109.png,True
REFUGE,T0110,image,data/external/kaggle/glaucoma_fundus_imaging_bundle/REFUGE/test/Images/T0110.jpg,True
REFUGE,T0110,mask,data/processed/standardized_masks/refuge/test_T0110.png,True
REFUGE,T0111,image,data/external/kaggle/glaucoma_fundus_imaging_bundle/REFUGE/test/Images/T0111.jpg,True
REFUGE,T0111,mask,data/processed/standardized_masks/refuge/test_T0111.png,True
REFUGE,T0112,image,data/external/kaggle/glaucoma_fundus_imaging_bundle/REFUGE/test/Images/T0112.jpg,True
REFUGE,T0112,mask,data/processed/standardized_masks/refuge/test_T0112.png,True
REFUGE,T0113,image,data/external/kaggle/glaucoma_fundus_imaging_bundle/REFUGE/test/Images/T0113.jpg,True
REFUGE,T0113,mask,data/processed/standardized_masks/refuge/test_T0113.png,True
REFUGE,T0114,image,data/external/kaggle/glaucoma_fundus_imaging_bundle/REFUGE/test/Images/T0114.jpg,True
REFUGE,T0114,mask,data/processed/standardized_masks/refuge/test_T0114.png,True
REFUGE,T0115,image,data/external/kaggle/glaucoma_fundus_imaging_bundle/REFUGE/test/Images/T0115.jpg,True
REFUGE,T0115,mask,data/processed/standardized_masks/refuge/test_T0115.png,True
REFUGE,T0116,image,data/external/kaggle/glaucoma_fundus_imaging_bundle/REFUGE/test/Images/T0116.jpg,True
REFUGE,T0116,mask,data/processed/standardized_masks/refuge/test_T0116.png,True
REFUGE,T0117,image,data/external/kaggle/glaucoma_fundus_imaging_bundle/REFUGE/test/Images/T0117.jpg,True
REFUGE,T0117,mask,data/processed/standardized_masks/refuge/test_T0117.png,True
REFUGE,T0118,image,data/external/kaggle/glaucoma_fundus_imaging_bundle/REFUGE/test/Images/T0118.jpg,True
REFUGE,T0118,mask,data/processed/standardized_masks/refuge/test_T0118.png,True
REFUGE,T0119,image,data/external/kaggle/glaucoma_fundus_imaging_bundle/REFUGE/test/Images/T0119.jpg,True
REFUGE,T0119,mask,data/processed/standardized_masks/refuge/test_T0119.png,True
REFUGE,T0120,image,data/external/kaggle/glaucoma_fundus_imaging_bundle/REFUGE/test/Images/T0120.jpg,True
REFUGE,T0120,mask,data/processed/standardized_masks/refuge/test_T0120.png,True
REFUGE,T0121,image,data/external/kaggle/glaucoma_fundus_imaging_bundle/REFUGE/test/Images/T0121.jpg,True
REFUGE,T0121,mask,data/processed/standardized_masks/refuge/test_T0121.png,True
REFUGE,T0122,image,data/external/kaggle/glaucoma_fundus_imaging_bundle/REFUGE/test/Images/T0122.jpg,True
REFUGE,T0122,mask,data/processed/standardized_masks/refuge/test_T0122.png,True
REFUGE,T0123,image,data/external/kaggle/glaucoma_fundus_imaging_bundle/REFUGE/test/Images/T0123.jpg,True
REFUGE,T0123,mask,data/processed/standardized_masks/refuge/test_T0123.png,True
REFUGE,T0124,image,data/external/kaggle/glaucoma_fundus_imaging_bundle/REFUGE/test/Images/T0124.jpg,True
REFUGE,T0124,mask,data/processed/standardized_masks/refuge/test_T0124.png,True
REFUGE,T0125,image,data/external/kaggle/glaucoma_fundus_imaging_bundle/REFUGE/test/Images/T0125.jpg,True
REFUGE,T0125,mask,data/processed/standardized_masks/refuge/test_T0125.png,True
REFUGE,T0126,image,data/external/kaggle/glaucoma_fundus_imaging_bundle/REFUGE/test/Images/T0126.jpg,True
REFUGE,T0126,mask,data/processed/standardized_masks/refuge/test_T0126.png,True
REFUGE,T0127,image,data/external/kaggle/glaucoma_fundus_imaging_bundle/REFUGE/test/Images/T0127.jpg,True
REFUGE,T0127,mask,data/processed/standardized_masks/refuge/test_T0127.png,True
REFUGE,T0128,image,data/external/kaggle/glaucoma_fundus_imaging_bundle/REFUGE/test/Images/T0128.jpg,True
REFUGE,T0128,mask,data/processed/standardized_masks/refuge/test_T0128.png,True
REFUGE,T0129,image,data/external/kaggle/glaucoma_fundus_imaging_bundle/REFUGE/test/Images/T0129.jpg,True
REFUGE,T0129,mask,data/processed/standardized_masks/refuge/test_T0129.png,True
REFUGE,T0130,image,data/external/kaggle/glaucoma_fundus_imaging_bundle/REFUGE/test/Images/T0130.jpg,True
REFUGE,T0130,mask,data/processed/standardized_masks/refuge/test_T0130.png,True
REFUGE,T0131,image,data/external/kaggle/glaucoma_fundus_imaging_bundle/REFUGE/test/Images/T0131.jpg,True
REFUGE,T0131,mask,data/processed/standardized_masks/refuge/test_T0131.png,True
REFUGE,T0132,image,data/external/kaggle/glaucoma_fundus_imaging_bundle/REFUGE/test/Images/T0132.jpg,True
REFUGE,T0132,mask,data/processed/standardized_masks/refuge/test_T0132.png,True
REFUGE,T0133,image,data/external/kaggle/glaucoma_fundus_imaging_bundle/REFUGE/test/Images/T0133.jpg,True
REFUGE,T0133,mask,data/processed/standardized_masks/refuge/test_T0133.png,True
REFUGE,T0134,image,data/external/kaggle/glaucoma_fundus_imaging_bundle/REFUGE/test/Images/T0134.jpg,True
REFUGE,T0134,mask,data/processed/standardized_masks/refuge/test_T0134.png,True
REFUGE,T0135,image,data/external/kaggle/glaucoma_fundus_imaging_bundle/REFUGE/test/Images/T0135.jpg,True
REFUGE,T0135,mask,data/processed/standardized_masks/refuge/test_T0135.png,True
REFUGE,T0136,image,data/external/kaggle/glaucoma_fundus_imaging_bundle/REFUGE/test/Images/T0136.jpg,True
REFUGE,T0136,mask,data/processed/standardized_masks/refuge/test_T0136.png,True
REFUGE,T0137,image,data/external/kaggle/glaucoma_fundus_imaging_bundle/REFUGE/test/Images/T0137.jpg,True
REFUGE,T0137,mask,data/processed/standardized_masks/refuge/test_T0137.png,True
REFUGE,T0138,image,data/external/kaggle/glaucoma_fundus_imaging_bundle/REFUGE/test/Images/T0138.jpg,True
REFUGE,T0138,mask,data/processed/standardized_masks/refuge/test_T0138.png,True
REFUGE,T0139,image,data/external/kaggle/glaucoma_fundus_imaging_bundle/REFUGE/test/Images/T0139.jpg,True
REFUGE,T0139,mask,data/processed/standardized_masks/refuge/test_T0139.png,True
REFUGE,T0140,image,data/external/kaggle/glaucoma_fundus_imaging_bundle/REFUGE/test/Images/T0140.jpg,True
REFUGE,T0140,mask,data/processed/standardized_masks/refuge/test_T0140.png,True
REFUGE,T0141,image,data/external/kaggle/glaucoma_fundus_imaging_bundle/REFUGE/test/Images/T0141.jpg,True
REFUGE,T0141,mask,data/processed/standardized_masks/refuge/test_T0141.png,True
REFUGE,T0142,image,data/external/kaggle/glaucoma_fundus_imaging_bundle/REFUGE/test/Images/T0142.jpg,True
REFUGE,T0142,mask,data/processed/standardized_masks/refuge/test_T0142.png,True
REFUGE,T0143,image,data/external/kaggle/glaucoma_fundus_imaging_bundle/REFUGE/test/Images/T0143.jpg,True
REFUGE,T0143,mask,data/processed/standardized_masks/refuge/test_T0143.png,True
REFUGE,T0144,image,data/external/kaggle/glaucoma_fundus_imaging_bundle/REFUGE/test/Images/T0144.jpg,True
REFUGE,T0144,mask,data/processed/standardized_masks/refuge/test_T0144.png,True
REFUGE,T0145,image,data/external/kaggle/glaucoma_fundus_imaging_bundle/REFUGE/test/Images/T0145.jpg,True
REFUGE,T0145,mask,data/processed/standardized_masks/refuge/test_T0145.png,True
REFUGE,T0146,image,data/external/kaggle/glaucoma_fundus_imaging_bundle/REFUGE/test/Images/T0146.jpg,True
REFUGE,T0146,mask,data/processed/standardized_masks/refuge/test_T0146.png,True
REFUGE,T0147,image,data/external/kaggle/glaucoma_fundus_imaging_bundle/REFUGE/test/Images/T0147.jpg,True
REFUGE,T0147,mask,data/processed/standardized_masks/refuge/test_T0147.png,True
REFUGE,T0148,image,data/external/kaggle/glaucoma_fundus_imaging_bundle/REFUGE/test/Images/T0148.jpg,True
REFUGE,T0148,mask,data/processed/standardized_masks/refuge/test_T0148.png,True
REFUGE,T0149,image,data/external/kaggle/glaucoma_fundus_imaging_bundle/REFUGE/test/Images/T0149.jpg,True
REFUGE,T0149,mask,data/processed/standardized_masks/refuge/test_T0149.png,True
REFUGE,T0150,image,data/external/kaggle/glaucoma_fundus_imaging_bundle/REFUGE/test/Images/T0150.jpg,True
REFUGE,T0150,mask,data/processed/standardized_masks/refuge/test_T0150.png,True
REFUGE,T0151,image,data/external/kaggle/glaucoma_fundus_imaging_bundle/REFUGE/test/Images/T0151.jpg,True
REFUGE,T0151,mask,data/processed/standardized_masks/refuge/test_T0151.png,True
REFUGE,T0152,image,data/external/kaggle/glaucoma_fundus_imaging_bundle/REFUGE/test/Images/T0152.jpg,True
REFUGE,T0152,mask,data/processed/standardized_masks/refuge/test_T0152.png,True
REFUGE,T0153,image,data/external/kaggle/glaucoma_fundus_imaging_bundle/REFUGE/test/Images/T0153.jpg,True
REFUGE,T0153,mask,data/processed/standardized_masks/refuge/test_T0153.png,True
REFUGE,T0154,image,data/external/kaggle/glaucoma_fundus_imaging_bundle/REFUGE/test/Images/T0154.jpg,True
REFUGE,T0154,mask,data/processed/standardized_masks/refuge/test_T0154.png,True
REFUGE,T0155,image,data/external/kaggle/glaucoma_fundus_imaging_bundle/REFUGE/test/Images/T0155.jpg,True
REFUGE,T0155,mask,data/processed/standardized_masks/refuge/test_T0155.png,True
REFUGE,T0156,image,data/external/kaggle/glaucoma_fundus_imaging_bundle/REFUGE/test/Images/T0156.jpg,True
REFUGE,T0156,mask,data/processed/standardized_masks/refuge/test_T0156.png,True
REFUGE,T0157,image,data/external/kaggle/glaucoma_fundus_imaging_bundle/REFUGE/test/Images/T0157.jpg,True
REFUGE,T0157,mask,data/processed/standardized_masks/refuge/test_T0157.png,True
REFUGE,T0158,image,data/external/kaggle/glaucoma_fundus_imaging_bundle/REFUGE/test/Images/T0158.jpg,True
REFUGE,T0158,mask,data/processed/standardized_masks/refuge/test_T0158.png,True
REFUGE,T0159,image,data/external/kaggle/glaucoma_fundus_imaging_bundle/REFUGE/test/Images/T0159.jpg,True
REFUGE,T0159,mask,data/processed/standardized_masks/refuge/test_T0159.png,True
REFUGE,T0160,image,data/external/kaggle/glaucoma_fundus_imaging_bundle/REFUGE/test/Images/T0160.jpg,True
REFUGE,T0160,mask,data/processed/standardized_masks/refuge/test_T0160.png,True
REFUGE,T0161,image,data/external/kaggle/glaucoma_fundus_imaging_bundle/REFUGE/test/Images/T0161.jpg,True
REFUGE,T0161,mask,data/processed/standardized_masks/refuge/test_T0161.png,True
REFUGE,T0162,image,data/external/kaggle/glaucoma_fundus_imaging_bundle/REFUGE/test/Images/T0162.jpg,True
REFUGE,T0162,mask,data/processed/standardized_masks/refuge/test_T0162.png,True
REFUGE,T0163,image,data/external/kaggle/glaucoma_fundus_imaging_bundle/REFUGE/test/Images/T0163.jpg,True
REFUGE,T0163,mask,data/processed/standardized_masks/refuge/test_T0163.png,True
REFUGE,T0164,image,data/external/kaggle/glaucoma_fundus_imaging_bundle/REFUGE/test/Images/T0164.jpg,True
REFUGE,T0164,mask,data/processed/standardized_masks/refuge/test_T0164.png,True
REFUGE,T0165,image,data/external/kaggle/glaucoma_fundus_imaging_bundle/REFUGE/test/Images/T0165.jpg,True
REFUGE,T0165,mask,data/processed/standardized_masks/refuge/test_T0165.png,True
REFUGE,T0166,image,data/external/kaggle/glaucoma_fundus_imaging_bundle/REFUGE/test/Images/T0166.jpg,True
REFUGE,T0166,mask,data/processed/standardized_masks/refuge/test_T0166.png,True
REFUGE,T0167,image,data/external/kaggle/glaucoma_fundus_imaging_bundle/REFUGE/test/Images/T0167.jpg,True
REFUGE,T0167,mask,data/processed/standardized_masks/refuge/test_T0167.png,True
REFUGE,T0168,image,data/external/kaggle/glaucoma_fundus_imaging_bundle/REFUGE/test/Images/T0168.jpg,True
REFUGE,T0168,mask,data/processed/standardized_masks/refuge/test_T0168.png,True
REFUGE,T0169,image,data/external/kaggle/glaucoma_fundus_imaging_bundle/REFUGE/test/Images/T0169.jpg,True
REFUGE,T0169,mask,data/processed/standardized_masks/refuge/test_T0169.png,True
REFUGE,T0170,image,data/external/kaggle/glaucoma_fundus_imaging_bundle/REFUGE/test/Images/T0170.jpg,True
REFUGE,T0170,mask,data/processed/standardized_masks/refuge/test_T0170.png,True
REFUGE,T0171,image,data/external/kaggle/glaucoma_fundus_imaging_bundle/REFUGE/test/Images/T0171.jpg,True
REFUGE,T0171,mask,data/processed/standardized_masks/refuge/test_T0171.png,True
REFUGE,T0172,image,data/external/kaggle/glaucoma_fundus_imaging_bundle/REFUGE/test/Images/T0172.jpg,True
REFUGE,T0172,mask,data/processed/standardized_masks/refuge/test_T0172.png,True
REFUGE,T0173,image,data/external/kaggle/glaucoma_fundus_imaging_bundle/REFUGE/test/Images/T0173.jpg,True
REFUGE,T0173,mask,data/processed/standardized_masks/refuge/test_T0173.png,True
REFUGE,T0174,image,data/external/kaggle/glaucoma_fundus_imaging_bundle/REFUGE/test/Images/T0174.jpg,True
REFUGE,T0174,mask,data/processed/standardized_masks/refuge/test_T0174.png,True
REFUGE,T0175,image,data/external/kaggle/glaucoma_fundus_imaging_bundle/REFUGE/test/Images/T0175.jpg,True
REFUGE,T0175,mask,data/processed/standardized_masks/refuge/test_T0175.png,True
REFUGE,T0176,image,data/external/kaggle/glaucoma_fundus_imaging_bundle/REFUGE/test/Images/T0176.jpg,True
REFUGE,T0176,mask,data/processed/standardized_masks/refuge/test_T0176.png,True
REFUGE,T0177,image,data/external/kaggle/glaucoma_fundus_imaging_bundle/REFUGE/test/Images/T0177.jpg,True
REFUGE,T0177,mask,data/processed/standardized_masks/refuge/test_T0177.png,True
REFUGE,T0178,image,data/external/kaggle/glaucoma_fundus_imaging_bundle/REFUGE/test/Images/T0178.jpg,True
REFUGE,T0178,mask,data/processed/standardized_masks/refuge/test_T0178.png,True
REFUGE,T0179,image,data/external/kaggle/glaucoma_fundus_imaging_bundle/REFUGE/test/Images/T0179.jpg,True
REFUGE,T0179,mask,data/processed/standardized_masks/refuge/test_T0179.png,True
REFUGE,T0180,image,data/external/kaggle/glaucoma_fundus_imaging_bundle/REFUGE/test/Images/T0180.jpg,True
REFUGE,T0180,mask,data/processed/standardized_masks/refuge/test_T0180.png,True
REFUGE,T0181,image,data/external/kaggle/glaucoma_fundus_imaging_bundle/REFUGE/test/Images/T0181.jpg,True
REFUGE,T0181,mask,data/processed/standardized_masks/refuge/test_T0181.png,True
REFUGE,T0182,image,data/external/kaggle/glaucoma_fundus_imaging_bundle/REFUGE/test/Images/T0182.jpg,True
REFUGE,T0182,mask,data/processed/standardized_masks/refuge/test_T0182.png,True
REFUGE,T0183,image,data/external/kaggle/glaucoma_fundus_imaging_bundle/REFUGE/test/Images/T0183.jpg,True
REFUGE,T0183,mask,data/processed/standardized_masks/refuge/test_T0183.png,True
REFUGE,T0184,image,data/external/kaggle/glaucoma_fundus_imaging_bundle/REFUGE/test/Images/T0184.jpg,True
REFUGE,T0184,mask,data/processed/standardized_masks/refuge/test_T0184.png,True
REFUGE,T0185,image,data/external/kaggle/glaucoma_fundus_imaging_bundle/REFUGE/test/Images/T0185.jpg,True
REFUGE,T0185,mask,data/processed/standardized_masks/refuge/test_T0185.png,True
REFUGE,T0186,image,data/external/kaggle/glaucoma_fundus_imaging_bundle/REFUGE/test/Images/T0186.jpg,True
REFUGE,T0186,mask,data/processed/standardized_masks/refuge/test_T0186.png,True
REFUGE,T0187,image,data/external/kaggle/glaucoma_fundus_imaging_bundle/REFUGE/test/Images/T0187.jpg,True
REFUGE,T0187,mask,data/processed/standardized_masks/refuge/test_T0187.png,True
REFUGE,T0188,image,data/external/kaggle/glaucoma_fundus_imaging_bundle/REFUGE/test/Images/T0188.jpg,True
REFUGE,T0188,mask,data/processed/standardized_masks/refuge/test_T0188.png,True
REFUGE,T0189,image,data/external/kaggle/glaucoma_fundus_imaging_bundle/REFUGE/test/Images/T0189.jpg,True
REFUGE,T0189,mask,data/processed/standardized_masks/refuge/test_T0189.png,True
REFUGE,T0190,image,data/external/kaggle/glaucoma_fundus_imaging_bundle/REFUGE/test/Images/T0190.jpg,True
REFUGE,T0190,mask,data/processed/standardized_masks/refuge/test_T0190.png,True
REFUGE,T0191,image,data/external/kaggle/glaucoma_fundus_imaging_bundle/REFUGE/test/Images/T0191.jpg,True
REFUGE,T0191,mask,data/processed/standardized_masks/refuge/test_T0191.png,True
REFUGE,T0192,image,data/external/kaggle/glaucoma_fundus_imaging_bundle/REFUGE/test/Images/T0192.jpg,True
REFUGE,T0192,mask,data/processed/standardized_masks/refuge/test_T0192.png,True
REFUGE,T0193,image,data/external/kaggle/glaucoma_fundus_imaging_bundle/REFUGE/test/Images/T0193.jpg,True
REFUGE,T0193,mask,data/processed/standardized_masks/refuge/test_T0193.png,True
REFUGE,T0194,image,data/external/kaggle/glaucoma_fundus_imaging_bundle/REFUGE/test/Images/T0194.jpg,True
REFUGE,T0194,mask,data/processed/standardized_masks/refuge/test_T0194.png,True
REFUGE,T0195,image,data/external/kaggle/glaucoma_fundus_imaging_bundle/REFUGE/test/Images/T0195.jpg,True
REFUGE,T0195,mask,data/processed/standardized_masks/refuge/test_T0195.png,True
REFUGE,T0196,image,data/external/kaggle/glaucoma_fundus_imaging_bundle/REFUGE/test/Images/T0196.jpg,True
REFUGE,T0196,mask,data/processed/standardized_masks/refuge/test_T0196.png,True
REFUGE,T0197,image,data/external/kaggle/glaucoma_fundus_imaging_bundle/REFUGE/test/Images/T0197.jpg,True
REFUGE,T0197,mask,data/processed/standardized_masks/refuge/test_T0197.png,True
REFUGE,T0198,image,data/external/kaggle/glaucoma_fundus_imaging_bundle/REFUGE/test/Images/T0198.jpg,True
REFUGE,T0198,mask,data/processed/standardized_masks/refuge/test_T0198.png,True
REFUGE,T0199,image,data/external/kaggle/glaucoma_fundus_imaging_bundle/REFUGE/test/Images/T0199.jpg,True
REFUGE,T0199,mask,data/processed/standardized_masks/refuge/test_T0199.png,True
REFUGE,T0200,image,data/external/kaggle/glaucoma_fundus_imaging_bundle/REFUGE/test/Images/T0200.jpg,True
REFUGE,T0200,mask,data/processed/standardized_masks/refuge/test_T0200.png,True
REFUGE,T0201,image,data/external/kaggle/glaucoma_fundus_imaging_bundle/REFUGE/test/Images/T0201.jpg,True
REFUGE,T0201,mask,data/processed/standardized_masks/refuge/test_T0201.png,True
REFUGE,T0202,image,data/external/kaggle/glaucoma_fundus_imaging_bundle/REFUGE/test/Images/T0202.jpg,True
REFUGE,T0202,mask,data/processed/standardized_masks/refuge/test_T0202.png,True
REFUGE,T0203,image,data/external/kaggle/glaucoma_fundus_imaging_bundle/REFUGE/test/Images/T0203.jpg,True
REFUGE,T0203,mask,data/processed/standardized_masks/refuge/test_T0203.png,True
REFUGE,T0204,image,data/external/kaggle/glaucoma_fundus_imaging_bundle/REFUGE/test/Images/T0204.jpg,True
REFUGE,T0204,mask,data/processed/standardized_masks/refuge/test_T0204.png,True
REFUGE,T0205,image,data/external/kaggle/glaucoma_fundus_imaging_bundle/REFUGE/test/Images/T0205.jpg,True
REFUGE,T0205,mask,data/processed/standardized_masks/refuge/test_T0205.png,True
REFUGE,T0206,image,data/external/kaggle/glaucoma_fundus_imaging_bundle/REFUGE/test/Images/T0206.jpg,True
REFUGE,T0206,mask,data/processed/standardized_masks/refuge/test_T0206.png,True
REFUGE,T0207,image,data/external/kaggle/glaucoma_fundus_imaging_bundle/REFUGE/test/Images/T0207.jpg,True
REFUGE,T0207,mask,data/processed/standardized_masks/refuge/test_T0207.png,True
REFUGE,T0208,image,data/external/kaggle/glaucoma_fundus_imaging_bundle/REFUGE/test/Images/T0208.jpg,True
REFUGE,T0208,mask,data/processed/standardized_masks/refuge/test_T0208.png,True
REFUGE,T0209,image,data/external/kaggle/glaucoma_fundus_imaging_bundle/REFUGE/test/Images/T0209.jpg,True
REFUGE,T0209,mask,data/processed/standardized_masks/refuge/test_T0209.png,True
REFUGE,T0210,image,data/external/kaggle/glaucoma_fundus_imaging_bundle/REFUGE/test/Images/T0210.jpg,True
REFUGE,T0210,mask,data/processed/standardized_masks/refuge/test_T0210.png,True
REFUGE,T0211,image,data/external/kaggle/glaucoma_fundus_imaging_bundle/REFUGE/test/Images/T0211.jpg,True
REFUGE,T0211,mask,data/processed/standardized_masks/refuge/test_T0211.png,True
REFUGE,T0212,image,data/external/kaggle/glaucoma_fundus_imaging_bundle/REFUGE/test/Images/T0212.jpg,True
REFUGE,T0212,mask,data/processed/standardized_masks/refuge/test_T0212.png,True
REFUGE,T0213,image,data/external/kaggle/glaucoma_fundus_imaging_bundle/REFUGE/test/Images/T0213.jpg,True
REFUGE,T0213,mask,data/processed/standardized_masks/refuge/test_T0213.png,True
REFUGE,T0214,image,data/external/kaggle/glaucoma_fundus_imaging_bundle/REFUGE/test/Images/T0214.jpg,True
REFUGE,T0214,mask,data/processed/standardized_masks/refuge/test_T0214.png,True
REFUGE,T0215,image,data/external/kaggle/glaucoma_fundus_imaging_bundle/REFUGE/test/Images/T0215.jpg,True
REFUGE,T0215,mask,data/processed/standardized_masks/refuge/test_T0215.png,True
REFUGE,T0216,image,data/external/kaggle/glaucoma_fundus_imaging_bundle/REFUGE/test/Images/T0216.jpg,True
REFUGE,T0216,mask,data/processed/standardized_masks/refuge/test_T0216.png,True
REFUGE,T0217,image,data/external/kaggle/glaucoma_fundus_imaging_bundle/REFUGE/test/Images/T0217.jpg,True
REFUGE,T0217,mask,data/processed/standardized_masks/refuge/test_T0217.png,True
REFUGE,T0218,image,data/external/kaggle/glaucoma_fundus_imaging_bundle/REFUGE/test/Images/T0218.jpg,True
REFUGE,T0218,mask,data/processed/standardized_masks/refuge/test_T0218.png,True
REFUGE,T0219,image,data/external/kaggle/glaucoma_fundus_imaging_bundle/REFUGE/test/Images/T0219.jpg,True
REFUGE,T0219,mask,data/processed/standardized_masks/refuge/test_T0219.png,True
REFUGE,T0220,image,data/external/kaggle/glaucoma_fundus_imaging_bundle/REFUGE/test/Images/T0220.jpg,True
REFUGE,T0220,mask,data/processed/standardized_masks/refuge/test_T0220.png,True
REFUGE,T0221,image,data/external/kaggle/glaucoma_fundus_imaging_bundle/REFUGE/test/Images/T0221.jpg,True
REFUGE,T0221,mask,data/processed/standardized_masks/refuge/test_T0221.png,True
REFUGE,T0222,image,data/external/kaggle/glaucoma_fundus_imaging_bundle/REFUGE/test/Images/T0222.jpg,True
REFUGE,T0222,mask,data/processed/standardized_masks/refuge/test_T0222.png,True
REFUGE,T0223,image,data/external/kaggle/glaucoma_fundus_imaging_bundle/REFUGE/test/Images/T0223.jpg,True
REFUGE,T0223,mask,data/processed/standardized_masks/refuge/test_T0223.png,True
REFUGE,T0224,image,data/external/kaggle/glaucoma_fundus_imaging_bundle/REFUGE/test/Images/T0224.jpg,True
REFUGE,T0224,mask,data/processed/standardized_masks/refuge/test_T0224.png,True
REFUGE,T0225,image,data/external/kaggle/glaucoma_fundus_imaging_bundle/REFUGE/test/Images/T0225.jpg,True
REFUGE,T0225,mask,data/processed/standardized_masks/refuge/test_T0225.png,True
REFUGE,T0226,image,data/external/kaggle/glaucoma_fundus_imaging_bundle/REFUGE/test/Images/T0226.jpg,True
REFUGE,T0226,mask,data/processed/standardized_masks/refuge/test_T0226.png,True
REFUGE,T0227,image,data/external/kaggle/glaucoma_fundus_imaging_bundle/REFUGE/test/Images/T0227.jpg,True
REFUGE,T0227,mask,data/processed/standardized_masks/refuge/test_T0227.png,True
REFUGE,T0228,image,data/external/kaggle/glaucoma_fundus_imaging_bundle/REFUGE/test/Images/T0228.jpg,True
REFUGE,T0228,mask,data/processed/standardized_masks/refuge/test_T0228.png,True
REFUGE,T0229,image,data/external/kaggle/glaucoma_fundus_imaging_bundle/REFUGE/test/Images/T0229.jpg,True
REFUGE,T0229,mask,data/processed/standardized_masks/refuge/test_T0229.png,True
REFUGE,T0230,image,data/external/kaggle/glaucoma_fundus_imaging_bundle/REFUGE/test/Images/T0230.jpg,True
REFUGE,T0230,mask,data/processed/standardized_masks/refuge/test_T0230.png,True
REFUGE,T0231,image,data/external/kaggle/glaucoma_fundus_imaging_bundle/REFUGE/test/Images/T0231.jpg,True
REFUGE,T0231,mask,data/processed/standardized_masks/refuge/test_T0231.png,True
REFUGE,T0232,image,data/external/kaggle/glaucoma_fundus_imaging_bundle/REFUGE/test/Images/T0232.jpg,True
REFUGE,T0232,mask,data/processed/standardized_masks/refuge/test_T0232.png,True
REFUGE,T0233,image,data/external/kaggle/glaucoma_fundus_imaging_bundle/REFUGE/test/Images/T0233.jpg,True
REFUGE,T0233,mask,data/processed/standardized_masks/refuge/test_T0233.png,True
REFUGE,T0234,image,data/external/kaggle/glaucoma_fundus_imaging_bundle/REFUGE/test/Images/T0234.jpg,True
REFUGE,T0234,mask,data/processed/standardized_masks/refuge/test_T0234.png,True
REFUGE,T0235,image,data/external/kaggle/glaucoma_fundus_imaging_bundle/REFUGE/test/Images/T0235.jpg,True
REFUGE,T0235,mask,data/processed/standardized_masks/refuge/test_T0235.png,True
REFUGE,T0236,image,data/external/kaggle/glaucoma_fundus_imaging_bundle/REFUGE/test/Images/T0236.jpg,True
REFUGE,T0236,mask,data/processed/standardized_masks/refuge/test_T0236.png,True
REFUGE,T0237,image,data/external/kaggle/glaucoma_fundus_imaging_bundle/REFUGE/test/Images/T0237.jpg,True
REFUGE,T0237,mask,data/processed/standardized_masks/refuge/test_T0237.png,True
REFUGE,T0238,image,data/external/kaggle/glaucoma_fundus_imaging_bundle/REFUGE/test/Images/T0238.jpg,True
REFUGE,T0238,mask,data/processed/standardized_masks/refuge/test_T0238.png,True
REFUGE,T0239,image,data/external/kaggle/glaucoma_fundus_imaging_bundle/REFUGE/test/Images/T0239.jpg,True
REFUGE,T0239,mask,data/processed/standardized_masks/refuge/test_T0239.png,True
REFUGE,T0240,image,data/external/kaggle/glaucoma_fundus_imaging_bundle/REFUGE/test/Images/T0240.jpg,True
REFUGE,T0240,mask,data/processed/standardized_masks/refuge/test_T0240.png,True
REFUGE,T0241,image,data/external/kaggle/glaucoma_fundus_imaging_bundle/REFUGE/test/Images/T0241.jpg,True
REFUGE,T0241,mask,data/processed/standardized_masks/refuge/test_T0241.png,True
REFUGE,T0242,image,data/external/kaggle/glaucoma_fundus_imaging_bundle/REFUGE/test/Images/T0242.jpg,True
REFUGE,T0242,mask,data/processed/standardized_masks/refuge/test_T0242.png,True
REFUGE,T0243,image,data/external/kaggle/glaucoma_fundus_imaging_bundle/REFUGE/test/Images/T0243.jpg,True
REFUGE,T0243,mask,data/processed/standardized_masks/refuge/test_T0243.png,True
REFUGE,T0244,image,data/external/kaggle/glaucoma_fundus_imaging_bundle/REFUGE/test/Images/T0244.jpg,True
REFUGE,T0244,mask,data/processed/standardized_masks/refuge/test_T0244.png,True
REFUGE,T0245,image,data/external/kaggle/glaucoma_fundus_imaging_bundle/REFUGE/test/Images/T0245.jpg,True
REFUGE,T0245,mask,data/processed/standardized_masks/refuge/test_T0245.png,True
REFUGE,T0246,image,data/external/kaggle/glaucoma_fundus_imaging_bundle/REFUGE/test/Images/T0246.jpg,True
REFUGE,T0246,mask,data/processed/standardized_masks/refuge/test_T0246.png,True
REFUGE,T0247,image,data/external/kaggle/glaucoma_fundus_imaging_bundle/REFUGE/test/Images/T0247.jpg,True
REFUGE,T0247,mask,data/processed/standardized_masks/refuge/test_T0247.png,True
REFUGE,T0248,image,data/external/kaggle/glaucoma_fundus_imaging_bundle/REFUGE/test/Images/T0248.jpg,True
REFUGE,T0248,mask,data/processed/standardized_masks/refuge/test_T0248.png,True
REFUGE,T0249,image,data/external/kaggle/glaucoma_fundus_imaging_bundle/REFUGE/test/Images/T0249.jpg,True
REFUGE,T0249,mask,data/processed/standardized_masks/refuge/test_T0249.png,True
REFUGE,T0250,image,data/external/kaggle/glaucoma_fundus_imaging_bundle/REFUGE/test/Images/T0250.jpg,True
REFUGE,T0250,mask,data/processed/standardized_masks/refuge/test_T0250.png,True
REFUGE,T0251,image,data/external/kaggle/glaucoma_fundus_imaging_bundle/REFUGE/test/Images/T0251.jpg,True
REFUGE,T0251,mask,data/processed/standardized_masks/refuge/test_T0251.png,True
REFUGE,T0252,image,data/external/kaggle/glaucoma_fundus_imaging_bundle/REFUGE/test/Images/T0252.jpg,True
REFUGE,T0252,mask,data/processed/standardized_masks/refuge/test_T0252.png,True
REFUGE,T0253,image,data/external/kaggle/glaucoma_fundus_imaging_bundle/REFUGE/test/Images/T0253.jpg,True
REFUGE,T0253,mask,data/processed/standardized_masks/refuge/test_T0253.png,True
REFUGE,T0254,image,data/external/kaggle/glaucoma_fundus_imaging_bundle/REFUGE/test/Images/T0254.jpg,True
REFUGE,T0254,mask,data/processed/standardized_masks/refuge/test_T0254.png,True
REFUGE,T0255,image,data/external/kaggle/glaucoma_fundus_imaging_bundle/REFUGE/test/Images/T0255.jpg,True
REFUGE,T0255,mask,data/processed/standardized_masks/refuge/test_T0255.png,True
REFUGE,T0256,image,data/external/kaggle/glaucoma_fundus_imaging_bundle/REFUGE/test/Images/T0256.jpg,True
REFUGE,T0256,mask,data/processed/standardized_masks/refuge/test_T0256.png,True
REFUGE,T0257,image,data/external/kaggle/glaucoma_fundus_imaging_bundle/REFUGE/test/Images/T0257.jpg,True
REFUGE,T0257,mask,data/processed/standardized_masks/refuge/test_T0257.png,True
REFUGE,T0258,image,data/external/kaggle/glaucoma_fundus_imaging_bundle/REFUGE/test/Images/T0258.jpg,True
REFUGE,T0258,mask,data/processed/standardized_masks/refuge/test_T0258.png,True
REFUGE,T0259,image,data/external/kaggle/glaucoma_fundus_imaging_bundle/REFUGE/test/Images/T0259.jpg,True
REFUGE,T0259,mask,data/processed/standardized_masks/refuge/test_T0259.png,True
REFUGE,T0260,image,data/external/kaggle/glaucoma_fundus_imaging_bundle/REFUGE/test/Images/T0260.jpg,True
REFUGE,T0260,mask,data/processed/standardized_masks/refuge/test_T0260.png,True
REFUGE,T0261,image,data/external/kaggle/glaucoma_fundus_imaging_bundle/REFUGE/test/Images/T0261.jpg,True
REFUGE,T0261,mask,data/processed/standardized_masks/refuge/test_T0261.png,True
REFUGE,T0262,image,data/external/kaggle/glaucoma_fundus_imaging_bundle/REFUGE/test/Images/T0262.jpg,True
REFUGE,T0262,mask,data/processed/standardized_masks/refuge/test_T0262.png,True
REFUGE,T0263,image,data/external/kaggle/glaucoma_fundus_imaging_bundle/REFUGE/test/Images/T0263.jpg,True
REFUGE,T0263,mask,data/processed/standardized_masks/refuge/test_T0263.png,True
REFUGE,T0264,image,data/external/kaggle/glaucoma_fundus_imaging_bundle/REFUGE/test/Images/T0264.jpg,True
REFUGE,T0264,mask,data/processed/standardized_masks/refuge/test_T0264.png,True
REFUGE,T0265,image,data/external/kaggle/glaucoma_fundus_imaging_bundle/REFUGE/test/Images/T0265.jpg,True
REFUGE,T0265,mask,data/processed/standardized_masks/refuge/test_T0265.png,True
REFUGE,T0266,image,data/external/kaggle/glaucoma_fundus_imaging_bundle/REFUGE/test/Images/T0266.jpg,True
REFUGE,T0266,mask,data/processed/standardized_masks/refuge/test_T0266.png,True
REFUGE,T0267,image,data/external/kaggle/glaucoma_fundus_imaging_bundle/REFUGE/test/Images/T0267.jpg,True
REFUGE,T0267,mask,data/processed/standardized_masks/refuge/test_T0267.png,True
REFUGE,T0268,image,data/external/kaggle/glaucoma_fundus_imaging_bundle/REFUGE/test/Images/T0268.jpg,True
REFUGE,T0268,mask,data/processed/standardized_masks/refuge/test_T0268.png,True
REFUGE,T0269,image,data/external/kaggle/glaucoma_fundus_imaging_bundle/REFUGE/test/Images/T0269.jpg,True
REFUGE,T0269,mask,data/processed/standardized_masks/refuge/test_T0269.png,True
REFUGE,T0270,image,data/external/kaggle/glaucoma_fundus_imaging_bundle/REFUGE/test/Images/T0270.jpg,True
REFUGE,T0270,mask,data/processed/standardized_masks/refuge/test_T0270.png,True
REFUGE,T0271,image,data/external/kaggle/glaucoma_fundus_imaging_bundle/REFUGE/test/Images/T0271.jpg,True
REFUGE,T0271,mask,data/processed/standardized_masks/refuge/test_T0271.png,True
REFUGE,T0272,image,data/external/kaggle/glaucoma_fundus_imaging_bundle/REFUGE/test/Images/T0272.jpg,True
REFUGE,T0272,mask,data/processed/standardized_masks/refuge/test_T0272.png,True
REFUGE,T0273,image,data/external/kaggle/glaucoma_fundus_imaging_bundle/REFUGE/test/Images/T0273.jpg,True
REFUGE,T0273,mask,data/processed/standardized_masks/refuge/test_T0273.png,True
REFUGE,T0274,image,data/external/kaggle/glaucoma_fundus_imaging_bundle/REFUGE/test/Images/T0274.jpg,True
REFUGE,T0274,mask,data/processed/standardized_masks/refuge/test_T0274.png,True
REFUGE,T0275,image,data/external/kaggle/glaucoma_fundus_imaging_bundle/REFUGE/test/Images/T0275.jpg,True
REFUGE,T0275,mask,data/processed/standardized_masks/refuge/test_T0275.png,True
REFUGE,T0276,image,data/external/kaggle/glaucoma_fundus_imaging_bundle/REFUGE/test/Images/T0276.jpg,True
REFUGE,T0276,mask,data/processed/standardized_masks/refuge/test_T0276.png,True
REFUGE,T0277,image,data/external/kaggle/glaucoma_fundus_imaging_bundle/REFUGE/test/Images/T0277.jpg,True
REFUGE,T0277,mask,data/processed/standardized_masks/refuge/test_T0277.png,True
REFUGE,T0278,image,data/external/kaggle/glaucoma_fundus_imaging_bundle/REFUGE/test/Images/T0278.jpg,True
REFUGE,T0278,mask,data/processed/standardized_masks/refuge/test_T0278.png,True
REFUGE,T0279,image,data/external/kaggle/glaucoma_fundus_imaging_bundle/REFUGE/test/Images/T0279.jpg,True
REFUGE,T0279,mask,data/processed/standardized_masks/refuge/test_T0279.png,True
REFUGE,T0280,image,data/external/kaggle/glaucoma_fundus_imaging_bundle/REFUGE/test/Images/T0280.jpg,True
REFUGE,T0280,mask,data/processed/standardized_masks/refuge/test_T0280.png,True
REFUGE,T0281,image,data/external/kaggle/glaucoma_fundus_imaging_bundle/REFUGE/test/Images/T0281.jpg,True
REFUGE,T0281,mask,data/processed/standardized_masks/refuge/test_T0281.png,True
REFUGE,T0282,image,data/external/kaggle/glaucoma_fundus_imaging_bundle/REFUGE/test/Images/T0282.jpg,True
REFUGE,T0282,mask,data/processed/standardized_masks/refuge/test_T0282.png,True
REFUGE,T0283,image,data/external/kaggle/glaucoma_fundus_imaging_bundle/REFUGE/test/Images/T0283.jpg,True
REFUGE,T0283,mask,data/processed/standardized_masks/refuge/test_T0283.png,True
REFUGE,T0284,image,data/external/kaggle/glaucoma_fundus_imaging_bundle/REFUGE/test/Images/T0284.jpg,True
REFUGE,T0284,mask,data/processed/standardized_masks/refuge/test_T0284.png,True
REFUGE,T0285,image,data/external/kaggle/glaucoma_fundus_imaging_bundle/REFUGE/test/Images/T0285.jpg,True
REFUGE,T0285,mask,data/processed/standardized_masks/refuge/test_T0285.png,True
REFUGE,T0286,image,data/external/kaggle/glaucoma_fundus_imaging_bundle/REFUGE/test/Images/T0286.jpg,True
REFUGE,T0286,mask,data/processed/standardized_masks/refuge/test_T0286.png,True
REFUGE,T0287,image,data/external/kaggle/glaucoma_fundus_imaging_bundle/REFUGE/test/Images/T0287.jpg,True
REFUGE,T0287,mask,data/processed/standardized_masks/refuge/test_T0287.png,True
REFUGE,T0288,image,data/external/kaggle/glaucoma_fundus_imaging_bundle/REFUGE/test/Images/T0288.jpg,True
REFUGE,T0288,mask,data/processed/standardized_masks/refuge/test_T0288.png,True
REFUGE,T0289,image,data/external/kaggle/glaucoma_fundus_imaging_bundle/REFUGE/test/Images/T0289.jpg,True
REFUGE,T0289,mask,data/processed/standardized_masks/refuge/test_T0289.png,True
REFUGE,T0290,image,data/external/kaggle/glaucoma_fundus_imaging_bundle/REFUGE/test/Images/T0290.jpg,True
REFUGE,T0290,mask,data/processed/standardized_masks/refuge/test_T0290.png,True
REFUGE,T0291,image,data/external/kaggle/glaucoma_fundus_imaging_bundle/REFUGE/test/Images/T0291.jpg,True
REFUGE,T0291,mask,data/processed/standardized_masks/refuge/test_T0291.png,True
REFUGE,T0292,image,data/external/kaggle/glaucoma_fundus_imaging_bundle/REFUGE/test/Images/T0292.jpg,True
REFUGE,T0292,mask,data/processed/standardized_masks/refuge/test_T0292.png,True
REFUGE,T0293,image,data/external/kaggle/glaucoma_fundus_imaging_bundle/REFUGE/test/Images/T0293.jpg,True
REFUGE,T0293,mask,data/processed/standardized_masks/refuge/test_T0293.png,True
REFUGE,T0294,image,data/external/kaggle/glaucoma_fundus_imaging_bundle/REFUGE/test/Images/T0294.jpg,True
REFUGE,T0294,mask,data/processed/standardized_masks/refuge/test_T0294.png,True
REFUGE,T0295,image,data/external/kaggle/glaucoma_fundus_imaging_bundle/REFUGE/test/Images/T0295.jpg,True
REFUGE,T0295,mask,data/processed/standardized_masks/refuge/test_T0295.png,True
REFUGE,T0296,image,data/external/kaggle/glaucoma_fundus_imaging_bundle/REFUGE/test/Images/T0296.jpg,True
REFUGE,T0296,mask,data/processed/standardized_masks/refuge/test_T0296.png,True
REFUGE,T0297,image,data/external/kaggle/glaucoma_fundus_imaging_bundle/REFUGE/test/Images/T0297.jpg,True
REFUGE,T0297,mask,data/processed/standardized_masks/refuge/test_T0297.png,True
REFUGE,T0298,image,data/external/kaggle/glaucoma_fundus_imaging_bundle/REFUGE/test/Images/T0298.jpg,True
REFUGE,T0298,mask,data/processed/standardized_masks/refuge/test_T0298.png,True
REFUGE,T0299,image,data/external/kaggle/glaucoma_fundus_imaging_bundle/REFUGE/test/Images/T0299.jpg,True
REFUGE,T0299,mask,data/processed/standardized_masks/refuge/test_T0299.png,True
REFUGE,T0300,image,data/external/kaggle/glaucoma_fundus_imaging_bundle/REFUGE/test/Images/T0300.jpg,True
REFUGE,T0300,mask,data/processed/standardized_masks/refuge/test_T0300.png,True
REFUGE,T0301,image,data/external/kaggle/glaucoma_fundus_imaging_bundle/REFUGE/test/Images/T0301.jpg,True
REFUGE,T0301,mask,data/processed/standardized_masks/refuge/test_T0301.png,True
REFUGE,T0302,image,data/external/kaggle/glaucoma_fundus_imaging_bundle/REFUGE/test/Images/T0302.jpg,True
REFUGE,T0302,mask,data/processed/standardized_masks/refuge/test_T0302.png,True
REFUGE,T0303,image,data/external/kaggle/glaucoma_fundus_imaging_bundle/REFUGE/test/Images/T0303.jpg,True
REFUGE,T0303,mask,data/processed/standardized_masks/refuge/test_T0303.png,True
REFUGE,T0304,image,data/external/kaggle/glaucoma_fundus_imaging_bundle/REFUGE/test/Images/T0304.jpg,True
REFUGE,T0304,mask,data/processed/standardized_masks/refuge/test_T0304.png,True
REFUGE,T0305,image,data/external/kaggle/glaucoma_fundus_imaging_bundle/REFUGE/test/Images/T0305.jpg,True
REFUGE,T0305,mask,data/processed/standardized_masks/refuge/test_T0305.png,True
REFUGE,T0306,image,data/external/kaggle/glaucoma_fundus_imaging_bundle/REFUGE/test/Images/T0306.jpg,True
REFUGE,T0306,mask,data/processed/standardized_masks/refuge/test_T0306.png,True
REFUGE,T0307,image,data/external/kaggle/glaucoma_fundus_imaging_bundle/REFUGE/test/Images/T0307.jpg,True
REFUGE,T0307,mask,data/processed/standardized_masks/refuge/test_T0307.png,True
REFUGE,T0308,image,data/external/kaggle/glaucoma_fundus_imaging_bundle/REFUGE/test/Images/T0308.jpg,True
REFUGE,T0308,mask,data/processed/standardized_masks/refuge/test_T0308.png,True
REFUGE,T0309,image,data/external/kaggle/glaucoma_fundus_imaging_bundle/REFUGE/test/Images/T0309.jpg,True
REFUGE,T0309,mask,data/processed/standardized_masks/refuge/test_T0309.png,True
REFUGE,T0310,image,data/external/kaggle/glaucoma_fundus_imaging_bundle/REFUGE/test/Images/T0310.jpg,True
REFUGE,T0310,mask,data/processed/standardized_masks/refuge/test_T0310.png,True
REFUGE,T0311,image,data/external/kaggle/glaucoma_fundus_imaging_bundle/REFUGE/test/Images/T0311.jpg,True
REFUGE,T0311,mask,data/processed/standardized_masks/refuge/test_T0311.png,True
REFUGE,T0312,image,data/external/kaggle/glaucoma_fundus_imaging_bundle/REFUGE/test/Images/T0312.jpg,True
REFUGE,T0312,mask,data/processed/standardized_masks/refuge/test_T0312.png,True
REFUGE,T0313,image,data/external/kaggle/glaucoma_fundus_imaging_bundle/REFUGE/test/Images/T0313.jpg,True
REFUGE,T0313,mask,data/processed/standardized_masks/refuge/test_T0313.png,True
REFUGE,T0314,image,data/external/kaggle/glaucoma_fundus_imaging_bundle/REFUGE/test/Images/T0314.jpg,True
REFUGE,T0314,mask,data/processed/standardized_masks/refuge/test_T0314.png,True
REFUGE,T0315,image,data/external/kaggle/glaucoma_fundus_imaging_bundle/REFUGE/test/Images/T0315.jpg,True
REFUGE,T0315,mask,data/processed/standardized_masks/refuge/test_T0315.png,True
REFUGE,T0316,image,data/external/kaggle/glaucoma_fundus_imaging_bundle/REFUGE/test/Images/T0316.jpg,True
REFUGE,T0316,mask,data/processed/standardized_masks/refuge/test_T0316.png,True
REFUGE,T0317,image,data/external/kaggle/glaucoma_fundus_imaging_bundle/REFUGE/test/Images/T0317.jpg,True
REFUGE,T0317,mask,data/processed/standardized_masks/refuge/test_T0317.png,True
REFUGE,T0318,image,data/external/kaggle/glaucoma_fundus_imaging_bundle/REFUGE/test/Images/T0318.jpg,True
REFUGE,T0318,mask,data/processed/standardized_masks/refuge/test_T0318.png,True
REFUGE,T0319,image,data/external/kaggle/glaucoma_fundus_imaging_bundle/REFUGE/test/Images/T0319.jpg,True
REFUGE,T0319,mask,data/processed/standardized_masks/refuge/test_T0319.png,True
REFUGE,T0320,image,data/external/kaggle/glaucoma_fundus_imaging_bundle/REFUGE/test/Images/T0320.jpg,True
REFUGE,T0320,mask,data/processed/standardized_masks/refuge/test_T0320.png,True
REFUGE,T0321,image,data/external/kaggle/glaucoma_fundus_imaging_bundle/REFUGE/test/Images/T0321.jpg,True
REFUGE,T0321,mask,data/processed/standardized_masks/refuge/test_T0321.png,True
REFUGE,T0322,image,data/external/kaggle/glaucoma_fundus_imaging_bundle/REFUGE/test/Images/T0322.jpg,True
REFUGE,T0322,mask,data/processed/standardized_masks/refuge/test_T0322.png,True
REFUGE,T0323,image,data/external/kaggle/glaucoma_fundus_imaging_bundle/REFUGE/test/Images/T0323.jpg,True
REFUGE,T0323,mask,data/processed/standardized_masks/refuge/test_T0323.png,True
REFUGE,T0324,image,data/external/kaggle/glaucoma_fundus_imaging_bundle/REFUGE/test/Images/T0324.jpg,True
REFUGE,T0324,mask,data/processed/standardized_masks/refuge/test_T0324.png,True
REFUGE,T0325,image,data/external/kaggle/glaucoma_fundus_imaging_bundle/REFUGE/test/Images/T0325.jpg,True
REFUGE,T0325,mask,data/processed/standardized_masks/refuge/test_T0325.png,True
REFUGE,T0326,image,data/external/kaggle/glaucoma_fundus_imaging_bundle/REFUGE/test/Images/T0326.jpg,True
REFUGE,T0326,mask,data/processed/standardized_masks/refuge/test_T0326.png,True
REFUGE,T0327,image,data/external/kaggle/glaucoma_fundus_imaging_bundle/REFUGE/test/Images/T0327.jpg,True
REFUGE,T0327,mask,data/processed/standardized_masks/refuge/test_T0327.png,True
REFUGE,T0328,image,data/external/kaggle/glaucoma_fundus_imaging_bundle/REFUGE/test/Images/T0328.jpg,True
REFUGE,T0328,mask,data/processed/standardized_masks/refuge/test_T0328.png,True
REFUGE,T0329,image,data/external/kaggle/glaucoma_fundus_imaging_bundle/REFUGE/test/Images/T0329.jpg,True
REFUGE,T0329,mask,data/processed/standardized_masks/refuge/test_T0329.png,True
REFUGE,T0330,image,data/external/kaggle/glaucoma_fundus_imaging_bundle/REFUGE/test/Images/T0330.jpg,True
REFUGE,T0330,mask,data/processed/standardized_masks/refuge/test_T0330.png,True
REFUGE,T0331,image,data/external/kaggle/glaucoma_fundus_imaging_bundle/REFUGE/test/Images/T0331.jpg,True
REFUGE,T0331,mask,data/processed/standardized_masks/refuge/test_T0331.png,True
REFUGE,T0332,image,data/external/kaggle/glaucoma_fundus_imaging_bundle/REFUGE/test/Images/T0332.jpg,True
REFUGE,T0332,mask,data/processed/standardized_masks/refuge/test_T0332.png,True
REFUGE,T0333,image,data/external/kaggle/glaucoma_fundus_imaging_bundle/REFUGE/test/Images/T0333.jpg,True
REFUGE,T0333,mask,data/processed/standardized_masks/refuge/test_T0333.png,True
REFUGE,T0334,image,data/external/kaggle/glaucoma_fundus_imaging_bundle/REFUGE/test/Images/T0334.jpg,True
REFUGE,T0334,mask,data/processed/standardized_masks/refuge/test_T0334.png,True
REFUGE,T0335,image,data/external/kaggle/glaucoma_fundus_imaging_bundle/REFUGE/test/Images/T0335.jpg,True
REFUGE,T0335,mask,data/processed/standardized_masks/refuge/test_T0335.png,True
REFUGE,T0336,image,data/external/kaggle/glaucoma_fundus_imaging_bundle/REFUGE/test/Images/T0336.jpg,True
REFUGE,T0336,mask,data/processed/standardized_masks/refuge/test_T0336.png,True
REFUGE,T0337,image,data/external/kaggle/glaucoma_fundus_imaging_bundle/REFUGE/test/Images/T0337.jpg,True
REFUGE,T0337,mask,data/processed/standardized_masks/refuge/test_T0337.png,True
REFUGE,T0338,image,data/external/kaggle/glaucoma_fundus_imaging_bundle/REFUGE/test/Images/T0338.jpg,True
REFUGE,T0338,mask,data/processed/standardized_masks/refuge/test_T0338.png,True
REFUGE,T0339,image,data/external/kaggle/glaucoma_fundus_imaging_bundle/REFUGE/test/Images/T0339.jpg,True
REFUGE,T0339,mask,data/processed/standardized_masks/refuge/test_T0339.png,True
REFUGE,T0340,image,data/external/kaggle/glaucoma_fundus_imaging_bundle/REFUGE/test/Images/T0340.jpg,True
REFUGE,T0340,mask,data/processed/standardized_masks/refuge/test_T0340.png,True
REFUGE,T0341,image,data/external/kaggle/glaucoma_fundus_imaging_bundle/REFUGE/test/Images/T0341.jpg,True
REFUGE,T0341,mask,data/processed/standardized_masks/refuge/test_T0341.png,True
REFUGE,T0342,image,data/external/kaggle/glaucoma_fundus_imaging_bundle/REFUGE/test/Images/T0342.jpg,True
REFUGE,T0342,mask,data/processed/standardized_masks/refuge/test_T0342.png,True
REFUGE,T0343,image,data/external/kaggle/glaucoma_fundus_imaging_bundle/REFUGE/test/Images/T0343.jpg,True
REFUGE,T0343,mask,data/processed/standardized_masks/refuge/test_T0343.png,True
REFUGE,T0344,image,data/external/kaggle/glaucoma_fundus_imaging_bundle/REFUGE/test/Images/T0344.jpg,True
REFUGE,T0344,mask,data/processed/standardized_masks/refuge/test_T0344.png,True
REFUGE,T0345,image,data/external/kaggle/glaucoma_fundus_imaging_bundle/REFUGE/test/Images/T0345.jpg,True
REFUGE,T0345,mask,data/processed/standardized_masks/refuge/test_T0345.png,True
REFUGE,T0346,image,data/external/kaggle/glaucoma_fundus_imaging_bundle/REFUGE/test/Images/T0346.jpg,True
REFUGE,T0346,mask,data/processed/standardized_masks/refuge/test_T0346.png,True
REFUGE,T0347,image,data/external/kaggle/glaucoma_fundus_imaging_bundle/REFUGE/test/Images/T0347.jpg,True
REFUGE,T0347,mask,data/processed/standardized_masks/refuge/test_T0347.png,True
REFUGE,T0348,image,data/external/kaggle/glaucoma_fundus_imaging_bundle/REFUGE/test/Images/T0348.jpg,True
REFUGE,T0348,mask,data/processed/standardized_masks/refuge/test_T0348.png,True
REFUGE,T0349,image,data/external/kaggle/glaucoma_fundus_imaging_bundle/REFUGE/test/Images/T0349.jpg,True
REFUGE,T0349,mask,data/processed/standardized_masks/refuge/test_T0349.png,True
REFUGE,T0350,image,data/external/kaggle/glaucoma_fundus_imaging_bundle/REFUGE/test/Images/T0350.jpg,True
REFUGE,T0350,mask,data/processed/standardized_masks/refuge/test_T0350.png,True
REFUGE,T0351,image,data/external/kaggle/glaucoma_fundus_imaging_bundle/REFUGE/test/Images/T0351.jpg,True
REFUGE,T0351,mask,data/processed/standardized_masks/refuge/test_T0351.png,True
REFUGE,T0352,image,data/external/kaggle/glaucoma_fundus_imaging_bundle/REFUGE/test/Images/T0352.jpg,True
REFUGE,T0352,mask,data/processed/standardized_masks/refuge/test_T0352.png,True
REFUGE,T0353,image,data/external/kaggle/glaucoma_fundus_imaging_bundle/REFUGE/test/Images/T0353.jpg,True
REFUGE,T0353,mask,data/processed/standardized_masks/refuge/test_T0353.png,True
REFUGE,T0354,image,data/external/kaggle/glaucoma_fundus_imaging_bundle/REFUGE/test/Images/T0354.jpg,True
REFUGE,T0354,mask,data/processed/standardized_masks/refuge/test_T0354.png,True
REFUGE,T0355,image,data/external/kaggle/glaucoma_fundus_imaging_bundle/REFUGE/test/Images/T0355.jpg,True
REFUGE,T0355,mask,data/processed/standardized_masks/refuge/test_T0355.png,True
REFUGE,T0356,image,data/external/kaggle/glaucoma_fundus_imaging_bundle/REFUGE/test/Images/T0356.jpg,True
REFUGE,T0356,mask,data/processed/standardized_masks/refuge/test_T0356.png,True
REFUGE,T0357,image,data/external/kaggle/glaucoma_fundus_imaging_bundle/REFUGE/test/Images/T0357.jpg,True
REFUGE,T0357,mask,data/processed/standardized_masks/refuge/test_T0357.png,True
REFUGE,T0358,image,data/external/kaggle/glaucoma_fundus_imaging_bundle/REFUGE/test/Images/T0358.jpg,True
REFUGE,T0358,mask,data/processed/standardized_masks/refuge/test_T0358.png,True
REFUGE,T0359,image,data/external/kaggle/glaucoma_fundus_imaging_bundle/REFUGE/test/Images/T0359.jpg,True
REFUGE,T0359,mask,data/processed/standardized_masks/refuge/test_T0359.png,True
REFUGE,T0360,image,data/external/kaggle/glaucoma_fundus_imaging_bundle/REFUGE/test/Images/T0360.jpg,True
REFUGE,T0360,mask,data/processed/standardized_masks/refuge/test_T0360.png,True
REFUGE,T0361,image,data/external/kaggle/glaucoma_fundus_imaging_bundle/REFUGE/test/Images/T0361.jpg,True
REFUGE,T0361,mask,data/processed/standardized_masks/refuge/test_T0361.png,True
REFUGE,T0362,image,data/external/kaggle/glaucoma_fundus_imaging_bundle/REFUGE/test/Images/T0362.jpg,True
REFUGE,T0362,mask,data/processed/standardized_masks/refuge/test_T0362.png,True
REFUGE,T0363,image,data/external/kaggle/glaucoma_fundus_imaging_bundle/REFUGE/test/Images/T0363.jpg,True
REFUGE,T0363,mask,data/processed/standardized_masks/refuge/test_T0363.png,True
REFUGE,T0364,image,data/external/kaggle/glaucoma_fundus_imaging_bundle/REFUGE/test/Images/T0364.jpg,True
REFUGE,T0364,mask,data/processed/standardized_masks/refuge/test_T0364.png,True
REFUGE,T0365,image,data/external/kaggle/glaucoma_fundus_imaging_bundle/REFUGE/test/Images/T0365.jpg,True
REFUGE,T0365,mask,data/processed/standardized_masks/refuge/test_T0365.png,True
REFUGE,T0366,image,data/external/kaggle/glaucoma_fundus_imaging_bundle/REFUGE/test/Images/T0366.jpg,True
REFUGE,T0366,mask,data/processed/standardized_masks/refuge/test_T0366.png,True
REFUGE,T0367,image,data/external/kaggle/glaucoma_fundus_imaging_bundle/REFUGE/test/Images/T0367.jpg,True
REFUGE,T0367,mask,data/processed/standardized_masks/refuge/test_T0367.png,True
REFUGE,T0368,image,data/external/kaggle/glaucoma_fundus_imaging_bundle/REFUGE/test/Images/T0368.jpg,True
REFUGE,T0368,mask,data/processed/standardized_masks/refuge/test_T0368.png,True
REFUGE,T0369,image,data/external/kaggle/glaucoma_fundus_imaging_bundle/REFUGE/test/Images/T0369.jpg,True
REFUGE,T0369,mask,data/processed/standardized_masks/refuge/test_T0369.png,True
REFUGE,T0370,image,data/external/kaggle/glaucoma_fundus_imaging_bundle/REFUGE/test/Images/T0370.jpg,True
REFUGE,T0370,mask,data/processed/standardized_masks/refuge/test_T0370.png,True
REFUGE,T0371,image,data/external/kaggle/glaucoma_fundus_imaging_bundle/REFUGE/test/Images/T0371.jpg,True
REFUGE,T0371,mask,data/processed/standardized_masks/refuge/test_T0371.png,True
REFUGE,T0372,image,data/external/kaggle/glaucoma_fundus_imaging_bundle/REFUGE/test/Images/T0372.jpg,True
REFUGE,T0372,mask,data/processed/standardized_masks/refuge/test_T0372.png,True
REFUGE,T0373,image,data/external/kaggle/glaucoma_fundus_imaging_bundle/REFUGE/test/Images/T0373.jpg,True
REFUGE,T0373,mask,data/processed/standardized_masks/refuge/test_T0373.png,True
REFUGE,T0374,image,data/external/kaggle/glaucoma_fundus_imaging_bundle/REFUGE/test/Images/T0374.jpg,True
REFUGE,T0374,mask,data/processed/standardized_masks/refuge/test_T0374.png,True
REFUGE,T0375,image,data/external/kaggle/glaucoma_fundus_imaging_bundle/REFUGE/test/Images/T0375.jpg,True
REFUGE,T0375,mask,data/processed/standardized_masks/refuge/test_T0375.png,True
REFUGE,T0376,image,data/external/kaggle/glaucoma_fundus_imaging_bundle/REFUGE/test/Images/T0376.jpg,True
REFUGE,T0376,mask,data/processed/standardized_masks/refuge/test_T0376.png,True
REFUGE,T0377,image,data/external/kaggle/glaucoma_fundus_imaging_bundle/REFUGE/test/Images/T0377.jpg,True
REFUGE,T0377,mask,data/processed/standardized_masks/refuge/test_T0377.png,True
REFUGE,T0378,image,data/external/kaggle/glaucoma_fundus_imaging_bundle/REFUGE/test/Images/T0378.jpg,True
REFUGE,T0378,mask,data/processed/standardized_masks/refuge/test_T0378.png,True
REFUGE,T0379,image,data/external/kaggle/glaucoma_fundus_imaging_bundle/REFUGE/test/Images/T0379.jpg,True
REFUGE,T0379,mask,data/processed/standardized_masks/refuge/test_T0379.png,True
REFUGE,T0380,image,data/external/kaggle/glaucoma_fundus_imaging_bundle/REFUGE/test/Images/T0380.jpg,True
REFUGE,T0380,mask,data/processed/standardized_masks/refuge/test_T0380.png,True
REFUGE,T0381,image,data/external/kaggle/glaucoma_fundus_imaging_bundle/REFUGE/test/Images/T0381.jpg,True
REFUGE,T0381,mask,data/processed/standardized_masks/refuge/test_T0381.png,True
REFUGE,T0382,image,data/external/kaggle/glaucoma_fundus_imaging_bundle/REFUGE/test/Images/T0382.jpg,True
REFUGE,T0382,mask,data/processed/standardized_masks/refuge/test_T0382.png,True
REFUGE,T0383,image,data/external/kaggle/glaucoma_fundus_imaging_bundle/REFUGE/test/Images/T0383.jpg,True
REFUGE,T0383,mask,data/processed/standardized_masks/refuge/test_T0383.png,True
REFUGE,T0384,image,data/external/kaggle/glaucoma_fundus_imaging_bundle/REFUGE/test/Images/T0384.jpg,True
REFUGE,T0384,mask,data/processed/standardized_masks/refuge/test_T0384.png,True
REFUGE,T0385,image,data/external/kaggle/glaucoma_fundus_imaging_bundle/REFUGE/test/Images/T0385.jpg,True
REFUGE,T0385,mask,data/processed/standardized_masks/refuge/test_T0385.png,True
REFUGE,T0386,image,data/external/kaggle/glaucoma_fundus_imaging_bundle/REFUGE/test/Images/T0386.jpg,True
REFUGE,T0386,mask,data/processed/standardized_masks/refuge/test_T0386.png,True
REFUGE,T0387,image,data/external/kaggle/glaucoma_fundus_imaging_bundle/REFUGE/test/Images/T0387.jpg,True
REFUGE,T0387,mask,data/processed/standardized_masks/refuge/test_T0387.png,True
REFUGE,T0388,image,data/external/kaggle/glaucoma_fundus_imaging_bundle/REFUGE/test/Images/T0388.jpg,True
REFUGE,T0388,mask,data/processed/standardized_masks/refuge/test_T0388.png,True
REFUGE,T0389,image,data/external/kaggle/glaucoma_fundus_imaging_bundle/REFUGE/test/Images/T0389.jpg,True
REFUGE,T0389,mask,data/processed/standardized_masks/refuge/test_T0389.png,True
REFUGE,T0390,image,data/external/kaggle/glaucoma_fundus_imaging_bundle/REFUGE/test/Images/T0390.jpg,True
REFUGE,T0390,mask,data/processed/standardized_masks/refuge/test_T0390.png,True
REFUGE,T0391,image,data/external/kaggle/glaucoma_fundus_imaging_bundle/REFUGE/test/Images/T0391.jpg,True
REFUGE,T0391,mask,data/processed/standardized_masks/refuge/test_T0391.png,True
REFUGE,T0392,image,data/external/kaggle/glaucoma_fundus_imaging_bundle/REFUGE/test/Images/T0392.jpg,True
REFUGE,T0392,mask,data/processed/standardized_masks/refuge/test_T0392.png,True
REFUGE,T0393,image,data/external/kaggle/glaucoma_fundus_imaging_bundle/REFUGE/test/Images/T0393.jpg,True
REFUGE,T0393,mask,data/processed/standardized_masks/refuge/test_T0393.png,True
REFUGE,T0394,image,data/external/kaggle/glaucoma_fundus_imaging_bundle/REFUGE/test/Images/T0394.jpg,True
REFUGE,T0394,mask,data/processed/standardized_masks/refuge/test_T0394.png,True
REFUGE,T0395,image,data/external/kaggle/glaucoma_fundus_imaging_bundle/REFUGE/test/Images/T0395.jpg,True
REFUGE,T0395,mask,data/processed/standardized_masks/refuge/test_T0395.png,True
REFUGE,T0396,image,data/external/kaggle/glaucoma_fundus_imaging_bundle/REFUGE/test/Images/T0396.jpg,True
REFUGE,T0396,mask,data/processed/standardized_masks/refuge/test_T0396.png,True
REFUGE,T0397,image,data/external/kaggle/glaucoma_fundus_imaging_bundle/REFUGE/test/Images/T0397.jpg,True
REFUGE,T0397,mask,data/processed/standardized_masks/refuge/test_T0397.png,True
REFUGE,T0398,image,data/external/kaggle/glaucoma_fundus_imaging_bundle/REFUGE/test/Images/T0398.jpg,True
REFUGE,T0398,mask,data/processed/standardized_masks/refuge/test_T0398.png,True
REFUGE,T0399,image,data/external/kaggle/glaucoma_fundus_imaging_bundle/REFUGE/test/Images/T0399.jpg,True
REFUGE,T0399,mask,data/processed/standardized_masks/refuge/test_T0399.png,True
REFUGE,T0400,image,data/external/kaggle/glaucoma_fundus_imaging_bundle/REFUGE/test/Images/T0400.jpg,True
REFUGE,T0400,mask,data/processed/standardized_masks/refuge/test_T0400.png,True
PAPILA,RET002OD,image,data/external/kaggle/papila/PapilaDB-PAPILA-17f8fa7746adb20275b5b6a0d99dc9dfe3007e9f/FundusImages/RET002OD.jpg,True
PAPILA,RET002OD,mask,data/processed/papila_masks/RET002OD_exp1.png,True
PAPILA,RET002OS,image,data/external/kaggle/papila/PapilaDB-PAPILA-17f8fa7746adb20275b5b6a0d99dc9dfe3007e9f/FundusImages/RET002OS.jpg,True
PAPILA,RET002OS,mask,data/processed/papila_masks/RET002OS_exp1.png,True
PAPILA,RET004OD,image,data/external/kaggle/papila/PapilaDB-PAPILA-17f8fa7746adb20275b5b6a0d99dc9dfe3007e9f/FundusImages/RET004OD.jpg,True
PAPILA,RET004OD,mask,data/processed/papila_masks/RET004OD_exp1.png,True
PAPILA,RET004OS,image,data/external/kaggle/papila/PapilaDB-PAPILA-17f8fa7746adb20275b5b6a0d99dc9dfe3007e9f/FundusImages/RET004OS.jpg,True
PAPILA,RET004OS,mask,data/processed/papila_masks/RET004OS_exp1.png,True
PAPILA,RET005OD,image,data/external/kaggle/papila/PapilaDB-PAPILA-17f8fa7746adb20275b5b6a0d99dc9dfe3007e9f/FundusImages/RET005OD.jpg,True
PAPILA,RET005OD,mask,data/processed/papila_masks/RET005OD_exp1.png,True
PAPILA,RET005OS,image,data/external/kaggle/papila/PapilaDB-PAPILA-17f8fa7746adb20275b5b6a0d99dc9dfe3007e9f/FundusImages/RET005OS.jpg,True
PAPILA,RET005OS,mask,data/processed/papila_masks/RET005OS_exp1.png,True
PAPILA,RET006OD,image,data/external/kaggle/papila/PapilaDB-PAPILA-17f8fa7746adb20275b5b6a0d99dc9dfe3007e9f/FundusImages/RET006OD.jpg,True
PAPILA,RET006OD,mask,data/processed/papila_masks/RET006OD_exp1.png,True
PAPILA,RET006OS,image,data/external/kaggle/papila/PapilaDB-PAPILA-17f8fa7746adb20275b5b6a0d99dc9dfe3007e9f/FundusImages/RET006OS.jpg,True
PAPILA,RET006OS,mask,data/processed/papila_masks/RET006OS_exp1.png,True
PAPILA,RET007OD,image,data/external/kaggle/papila/PapilaDB-PAPILA-17f8fa7746adb20275b5b6a0d99dc9dfe3007e9f/FundusImages/RET007OD.jpg,True
PAPILA,RET007OD,mask,data/processed/papila_masks/RET007OD_exp1.png,True
PAPILA,RET007OS,image,data/external/kaggle/papila/PapilaDB-PAPILA-17f8fa7746adb20275b5b6a0d99dc9dfe3007e9f/FundusImages/RET007OS.jpg,True
PAPILA,RET007OS,mask,data/processed/papila_masks/RET007OS_exp1.png,True
PAPILA,RET008OD,image,data/external/kaggle/papila/PapilaDB-PAPILA-17f8fa7746adb20275b5b6a0d99dc9dfe3007e9f/FundusImages/RET008OD.jpg,True
PAPILA,RET008OD,mask,data/processed/papila_masks/RET008OD_exp1.png,True
PAPILA,RET008OS,image,data/external/kaggle/papila/PapilaDB-PAPILA-17f8fa7746adb20275b5b6a0d99dc9dfe3007e9f/FundusImages/RET008OS.jpg,True
PAPILA,RET008OS,mask,data/processed/papila_masks/RET008OS_exp1.png,True
PAPILA,RET009OD,image,data/external/kaggle/papila/PapilaDB-PAPILA-17f8fa7746adb20275b5b6a0d99dc9dfe3007e9f/FundusImages/RET009OD.jpg,True
PAPILA,RET009OD,mask,data/processed/papila_masks/RET009OD_exp1.png,True
PAPILA,RET009OS,image,data/external/kaggle/papila/PapilaDB-PAPILA-17f8fa7746adb20275b5b6a0d99dc9dfe3007e9f/FundusImages/RET009OS.jpg,True
PAPILA,RET009OS,mask,data/processed/papila_masks/RET009OS_exp1.png,True
PAPILA,RET010OD,image,data/external/kaggle/papila/PapilaDB-PAPILA-17f8fa7746adb20275b5b6a0d99dc9dfe3007e9f/FundusImages/RET010OD.jpg,True
PAPILA,RET010OD,mask,data/processed/papila_masks/RET010OD_exp1.png,True
PAPILA,RET010OS,image,data/external/kaggle/papila/PapilaDB-PAPILA-17f8fa7746adb20275b5b6a0d99dc9dfe3007e9f/FundusImages/RET010OS.jpg,True
PAPILA,RET010OS,mask,data/processed/papila_masks/RET010OS_exp1.png,True
PAPILA,RET013OD,image,data/external/kaggle/papila/PapilaDB-PAPILA-17f8fa7746adb20275b5b6a0d99dc9dfe3007e9f/FundusImages/RET013OD.jpg,True
PAPILA,RET013OD,mask,data/processed/papila_masks/RET013OD_exp1.png,True
PAPILA,RET013OS,image,data/external/kaggle/papila/PapilaDB-PAPILA-17f8fa7746adb20275b5b6a0d99dc9dfe3007e9f/FundusImages/RET013OS.jpg,True
PAPILA,RET013OS,mask,data/processed/papila_masks/RET013OS_exp1.png,True
PAPILA,RET014OD,image,data/external/kaggle/papila/PapilaDB-PAPILA-17f8fa7746adb20275b5b6a0d99dc9dfe3007e9f/FundusImages/RET014OD.jpg,True
PAPILA,RET014OD,mask,data/processed/papila_masks/RET014OD_exp1.png,True
PAPILA,RET014OS,image,data/external/kaggle/papila/PapilaDB-PAPILA-17f8fa7746adb20275b5b6a0d99dc9dfe3007e9f/FundusImages/RET014OS.jpg,True
PAPILA,RET014OS,mask,data/processed/papila_masks/RET014OS_exp1.png,True
PAPILA,RET015OD,image,data/external/kaggle/papila/PapilaDB-PAPILA-17f8fa7746adb20275b5b6a0d99dc9dfe3007e9f/FundusImages/RET015OD.jpg,True
PAPILA,RET015OD,mask,data/processed/papila_masks/RET015OD_exp1.png,True
PAPILA,RET015OS,image,data/external/kaggle/papila/PapilaDB-PAPILA-17f8fa7746adb20275b5b6a0d99dc9dfe3007e9f/FundusImages/RET015OS.jpg,True
PAPILA,RET015OS,mask,data/processed/papila_masks/RET015OS_exp1.png,True
PAPILA,RET016OD,image,data/external/kaggle/papila/PapilaDB-PAPILA-17f8fa7746adb20275b5b6a0d99dc9dfe3007e9f/FundusImages/RET016OD.jpg,True
PAPILA,RET016OD,mask,data/processed/papila_masks/RET016OD_exp1.png,True
PAPILA,RET016OS,image,data/external/kaggle/papila/PapilaDB-PAPILA-17f8fa7746adb20275b5b6a0d99dc9dfe3007e9f/FundusImages/RET016OS.jpg,True
PAPILA,RET016OS,mask,data/processed/papila_masks/RET016OS_exp1.png,True
PAPILA,RET018OD,image,data/external/kaggle/papila/PapilaDB-PAPILA-17f8fa7746adb20275b5b6a0d99dc9dfe3007e9f/FundusImages/RET018OD.jpg,True
PAPILA,RET018OD,mask,data/processed/papila_masks/RET018OD_exp1.png,True
PAPILA,RET018OS,image,data/external/kaggle/papila/PapilaDB-PAPILA-17f8fa7746adb20275b5b6a0d99dc9dfe3007e9f/FundusImages/RET018OS.jpg,True
PAPILA,RET018OS,mask,data/processed/papila_masks/RET018OS_exp1.png,True
PAPILA,RET019OD,image,data/external/kaggle/papila/PapilaDB-PAPILA-17f8fa7746adb20275b5b6a0d99dc9dfe3007e9f/FundusImages/RET019OD.jpg,True
PAPILA,RET019OD,mask,data/processed/papila_masks/RET019OD_exp1.png,True
PAPILA,RET019OS,image,data/external/kaggle/papila/PapilaDB-PAPILA-17f8fa7746adb20275b5b6a0d99dc9dfe3007e9f/FundusImages/RET019OS.jpg,True
PAPILA,RET019OS,mask,data/processed/papila_masks/RET019OS_exp1.png,True
PAPILA,RET020OD,image,data/external/kaggle/papila/PapilaDB-PAPILA-17f8fa7746adb20275b5b6a0d99dc9dfe3007e9f/FundusImages/RET020OD.jpg,True
PAPILA,RET020OD,mask,data/processed/papila_masks/RET020OD_exp1.png,True
PAPILA,RET020OS,image,data/external/kaggle/papila/PapilaDB-PAPILA-17f8fa7746adb20275b5b6a0d99dc9dfe3007e9f/FundusImages/RET020OS.jpg,True
PAPILA,RET020OS,mask,data/processed/papila_masks/RET020OS_exp1.png,True
PAPILA,RET021OD,image,data/external/kaggle/papila/PapilaDB-PAPILA-17f8fa7746adb20275b5b6a0d99dc9dfe3007e9f/FundusImages/RET021OD.jpg,True
PAPILA,RET021OD,mask,data/processed/papila_masks/RET021OD_exp1.png,True
PAPILA,RET021OS,image,data/external/kaggle/papila/PapilaDB-PAPILA-17f8fa7746adb20275b5b6a0d99dc9dfe3007e9f/FundusImages/RET021OS.jpg,True
PAPILA,RET021OS,mask,data/processed/papila_masks/RET021OS_exp1.png,True
PAPILA,RET023OD,image,data/external/kaggle/papila/PapilaDB-PAPILA-17f8fa7746adb20275b5b6a0d99dc9dfe3007e9f/FundusImages/RET023OD.jpg,True
PAPILA,RET023OD,mask,data/processed/papila_masks/RET023OD_exp1.png,True
PAPILA,RET023OS,image,data/external/kaggle/papila/PapilaDB-PAPILA-17f8fa7746adb20275b5b6a0d99dc9dfe3007e9f/FundusImages/RET023OS.jpg,True
PAPILA,RET023OS,mask,data/processed/papila_masks/RET023OS_exp1.png,True
PAPILA,RET024OD,image,data/external/kaggle/papila/PapilaDB-PAPILA-17f8fa7746adb20275b5b6a0d99dc9dfe3007e9f/FundusImages/RET024OD.jpg,True
PAPILA,RET024OD,mask,data/processed/papila_masks/RET024OD_exp1.png,True
PAPILA,RET024OS,image,data/external/kaggle/papila/PapilaDB-PAPILA-17f8fa7746adb20275b5b6a0d99dc9dfe3007e9f/FundusImages/RET024OS.jpg,True
PAPILA,RET024OS,mask,data/processed/papila_masks/RET024OS_exp1.png,True
PAPILA,RET025OD,image,data/external/kaggle/papila/PapilaDB-PAPILA-17f8fa7746adb20275b5b6a0d99dc9dfe3007e9f/FundusImages/RET025OD.jpg,True
PAPILA,RET025OD,mask,data/processed/papila_masks/RET025OD_exp1.png,True
PAPILA,RET025OS,image,data/external/kaggle/papila/PapilaDB-PAPILA-17f8fa7746adb20275b5b6a0d99dc9dfe3007e9f/FundusImages/RET025OS.jpg,True
PAPILA,RET025OS,mask,data/processed/papila_masks/RET025OS_exp1.png,True
PAPILA,RET026OD,image,data/external/kaggle/papila/PapilaDB-PAPILA-17f8fa7746adb20275b5b6a0d99dc9dfe3007e9f/FundusImages/RET026OD.jpg,True
PAPILA,RET026OD,mask,data/processed/papila_masks/RET026OD_exp1.png,True
PAPILA,RET026OS,image,data/external/kaggle/papila/PapilaDB-PAPILA-17f8fa7746adb20275b5b6a0d99dc9dfe3007e9f/FundusImages/RET026OS.jpg,True
PAPILA,RET026OS,mask,data/processed/papila_masks/RET026OS_exp1.png,True
PAPILA,RET027OD,image,data/external/kaggle/papila/PapilaDB-PAPILA-17f8fa7746adb20275b5b6a0d99dc9dfe3007e9f/FundusImages/RET027OD.jpg,True
PAPILA,RET027OD,mask,data/processed/papila_masks/RET027OD_exp1.png,True
PAPILA,RET027OS,image,data/external/kaggle/papila/PapilaDB-PAPILA-17f8fa7746adb20275b5b6a0d99dc9dfe3007e9f/FundusImages/RET027OS.jpg,True
PAPILA,RET027OS,mask,data/processed/papila_masks/RET027OS_exp1.png,True
PAPILA,RET028OD,image,data/external/kaggle/papila/PapilaDB-PAPILA-17f8fa7746adb20275b5b6a0d99dc9dfe3007e9f/FundusImages/RET028OD.jpg,True
PAPILA,RET028OD,mask,data/processed/papila_masks/RET028OD_exp1.png,True
PAPILA,RET028OS,image,data/external/kaggle/papila/PapilaDB-PAPILA-17f8fa7746adb20275b5b6a0d99dc9dfe3007e9f/FundusImages/RET028OS.jpg,True
PAPILA,RET028OS,mask,data/processed/papila_masks/RET028OS_exp1.png,True
PAPILA,RET029OD,image,data/external/kaggle/papila/PapilaDB-PAPILA-17f8fa7746adb20275b5b6a0d99dc9dfe3007e9f/FundusImages/RET029OD.jpg,True
PAPILA,RET029OD,mask,data/processed/papila_masks/RET029OD_exp1.png,True
PAPILA,RET029OS,image,data/external/kaggle/papila/PapilaDB-PAPILA-17f8fa7746adb20275b5b6a0d99dc9dfe3007e9f/FundusImages/RET029OS.jpg,True
PAPILA,RET029OS,mask,data/processed/papila_masks/RET029OS_exp1.png,True
PAPILA,RET030OD,image,data/external/kaggle/papila/PapilaDB-PAPILA-17f8fa7746adb20275b5b6a0d99dc9dfe3007e9f/FundusImages/RET030OD.jpg,True
PAPILA,RET030OD,mask,data/processed/papila_masks/RET030OD_exp1.png,True
PAPILA,RET030OS,image,data/external/kaggle/papila/PapilaDB-PAPILA-17f8fa7746adb20275b5b6a0d99dc9dfe3007e9f/FundusImages/RET030OS.jpg,True
PAPILA,RET030OS,mask,data/processed/papila_masks/RET030OS_exp1.png,True
PAPILA,RET031OD,image,data/external/kaggle/papila/PapilaDB-PAPILA-17f8fa7746adb20275b5b6a0d99dc9dfe3007e9f/FundusImages/RET031OD.jpg,True
PAPILA,RET031OD,mask,data/processed/papila_masks/RET031OD_exp1.png,True
PAPILA,RET031OS,image,data/external/kaggle/papila/PapilaDB-PAPILA-17f8fa7746adb20275b5b6a0d99dc9dfe3007e9f/FundusImages/RET031OS.jpg,True
PAPILA,RET031OS,mask,data/processed/papila_masks/RET031OS_exp1.png,True
PAPILA,RET032OD,image,data/external/kaggle/papila/PapilaDB-PAPILA-17f8fa7746adb20275b5b6a0d99dc9dfe3007e9f/FundusImages/RET032OD.jpg,True
PAPILA,RET032OD,mask,data/processed/papila_masks/RET032OD_exp1.png,True
PAPILA,RET032OS,image,data/external/kaggle/papila/PapilaDB-PAPILA-17f8fa7746adb20275b5b6a0d99dc9dfe3007e9f/FundusImages/RET032OS.jpg,True
PAPILA,RET032OS,mask,data/processed/papila_masks/RET032OS_exp1.png,True
PAPILA,RET033OD,image,data/external/kaggle/papila/PapilaDB-PAPILA-17f8fa7746adb20275b5b6a0d99dc9dfe3007e9f/FundusImages/RET033OD.jpg,True
PAPILA,RET033OD,mask,data/processed/papila_masks/RET033OD_exp1.png,True
PAPILA,RET033OS,image,data/external/kaggle/papila/PapilaDB-PAPILA-17f8fa7746adb20275b5b6a0d99dc9dfe3007e9f/FundusImages/RET033OS.jpg,True
PAPILA,RET033OS,mask,data/processed/papila_masks/RET033OS_exp1.png,True
PAPILA,RET034OD,image,data/external/kaggle/papila/PapilaDB-PAPILA-17f8fa7746adb20275b5b6a0d99dc9dfe3007e9f/FundusImages/RET034OD.jpg,True
PAPILA,RET034OD,mask,data/processed/papila_masks/RET034OD_exp1.png,True
PAPILA,RET034OS,image,data/external/kaggle/papila/PapilaDB-PAPILA-17f8fa7746adb20275b5b6a0d99dc9dfe3007e9f/FundusImages/RET034OS.jpg,True
PAPILA,RET034OS,mask,data/processed/papila_masks/RET034OS_exp1.png,True
PAPILA,RET035OD,image,data/external/kaggle/papila/PapilaDB-PAPILA-17f8fa7746adb20275b5b6a0d99dc9dfe3007e9f/FundusImages/RET035OD.jpg,True
PAPILA,RET035OD,mask,data/processed/papila_masks/RET035OD_exp1.png,True
PAPILA,RET035OS,image,data/external/kaggle/papila/PapilaDB-PAPILA-17f8fa7746adb20275b5b6a0d99dc9dfe3007e9f/FundusImages/RET035OS.jpg,True
PAPILA,RET035OS,mask,data/processed/papila_masks/RET035OS_exp1.png,True
PAPILA,RET036OD,image,data/external/kaggle/papila/PapilaDB-PAPILA-17f8fa7746adb20275b5b6a0d99dc9dfe3007e9f/FundusImages/RET036OD.jpg,True
PAPILA,RET036OD,mask,data/processed/papila_masks/RET036OD_exp1.png,True
PAPILA,RET036OS,image,data/external/kaggle/papila/PapilaDB-PAPILA-17f8fa7746adb20275b5b6a0d99dc9dfe3007e9f/FundusImages/RET036OS.jpg,True
PAPILA,RET036OS,mask,data/processed/papila_masks/RET036OS_exp1.png,True
PAPILA,RET037OD,image,data/external/kaggle/papila/PapilaDB-PAPILA-17f8fa7746adb20275b5b6a0d99dc9dfe3007e9f/FundusImages/RET037OD.jpg,True
PAPILA,RET037OD,mask,data/processed/papila_masks/RET037OD_exp1.png,True
PAPILA,RET037OS,image,data/external/kaggle/papila/PapilaDB-PAPILA-17f8fa7746adb20275b5b6a0d99dc9dfe3007e9f/FundusImages/RET037OS.jpg,True
PAPILA,RET037OS,mask,data/processed/papila_masks/RET037OS_exp1.png,True
PAPILA,RET038OD,image,data/external/kaggle/papila/PapilaDB-PAPILA-17f8fa7746adb20275b5b6a0d99dc9dfe3007e9f/FundusImages/RET038OD.jpg,True
PAPILA,RET038OD,mask,data/processed/papila_masks/RET038OD_exp1.png,True
PAPILA,RET038OS,image,data/external/kaggle/papila/PapilaDB-PAPILA-17f8fa7746adb20275b5b6a0d99dc9dfe3007e9f/FundusImages/RET038OS.jpg,True
PAPILA,RET038OS,mask,data/processed/papila_masks/RET038OS_exp1.png,True
PAPILA,RET039OD,image,data/external/kaggle/papila/PapilaDB-PAPILA-17f8fa7746adb20275b5b6a0d99dc9dfe3007e9f/FundusImages/RET039OD.jpg,True
PAPILA,RET039OD,mask,data/processed/papila_masks/RET039OD_exp1.png,True
PAPILA,RET039OS,image,data/external/kaggle/papila/PapilaDB-PAPILA-17f8fa7746adb20275b5b6a0d99dc9dfe3007e9f/FundusImages/RET039OS.jpg,True
PAPILA,RET039OS,mask,data/processed/papila_masks/RET039OS_exp1.png,True
PAPILA,RET041OD,image,data/external/kaggle/papila/PapilaDB-PAPILA-17f8fa7746adb20275b5b6a0d99dc9dfe3007e9f/FundusImages/RET041OD.jpg,True
PAPILA,RET041OD,mask,data/processed/papila_masks/RET041OD_exp1.png,True
PAPILA,RET041OS,image,data/external/kaggle/papila/PapilaDB-PAPILA-17f8fa7746adb20275b5b6a0d99dc9dfe3007e9f/FundusImages/RET041OS.jpg,True
PAPILA,RET041OS,mask,data/processed/papila_masks/RET041OS_exp1.png,True
PAPILA,RET042OD,image,data/external/kaggle/papila/PapilaDB-PAPILA-17f8fa7746adb20275b5b6a0d99dc9dfe3007e9f/FundusImages/RET042OD.jpg,True
PAPILA,RET042OD,mask,data/processed/papila_masks/RET042OD_exp1.png,True
PAPILA,RET042OS,image,data/external/kaggle/papila/PapilaDB-PAPILA-17f8fa7746adb20275b5b6a0d99dc9dfe3007e9f/FundusImages/RET042OS.jpg,True
PAPILA,RET042OS,mask,data/processed/papila_masks/RET042OS_exp1.png,True
PAPILA,RET044OD,image,data/external/kaggle/papila/PapilaDB-PAPILA-17f8fa7746adb20275b5b6a0d99dc9dfe3007e9f/FundusImages/RET044OD.jpg,True
PAPILA,RET044OD,mask,data/processed/papila_masks/RET044OD_exp1.png,True
PAPILA,RET044OS,image,data/external/kaggle/papila/PapilaDB-PAPILA-17f8fa7746adb20275b5b6a0d99dc9dfe3007e9f/FundusImages/RET044OS.jpg,True
PAPILA,RET044OS,mask,data/processed/papila_masks/RET044OS_exp1.png,True
PAPILA,RET045OD,image,data/external/kaggle/papila/PapilaDB-PAPILA-17f8fa7746adb20275b5b6a0d99dc9dfe3007e9f/FundusImages/RET045OD.jpg,True
PAPILA,RET045OD,mask,data/processed/papila_masks/RET045OD_exp1.png,True
PAPILA,RET045OS,image,data/external/kaggle/papila/PapilaDB-PAPILA-17f8fa7746adb20275b5b6a0d99dc9dfe3007e9f/FundusImages/RET045OS.jpg,True
PAPILA,RET045OS,mask,data/processed/papila_masks/RET045OS_exp1.png,True
PAPILA,RET046OD,image,data/external/kaggle/papila/PapilaDB-PAPILA-17f8fa7746adb20275b5b6a0d99dc9dfe3007e9f/FundusImages/RET046OD.jpg,True
PAPILA,RET046OD,mask,data/processed/papila_masks/RET046OD_exp1.png,True
PAPILA,RET046OS,image,data/external/kaggle/papila/PapilaDB-PAPILA-17f8fa7746adb20275b5b6a0d99dc9dfe3007e9f/FundusImages/RET046OS.jpg,True
PAPILA,RET046OS,mask,data/processed/papila_masks/RET046OS_exp1.png,True
PAPILA,RET047OD,image,data/external/kaggle/papila/PapilaDB-PAPILA-17f8fa7746adb20275b5b6a0d99dc9dfe3007e9f/FundusImages/RET047OD.jpg,True
PAPILA,RET047OD,mask,data/processed/papila_masks/RET047OD_exp1.png,True
PAPILA,RET047OS,image,data/external/kaggle/papila/PapilaDB-PAPILA-17f8fa7746adb20275b5b6a0d99dc9dfe3007e9f/FundusImages/RET047OS.jpg,True
PAPILA,RET047OS,mask,data/processed/papila_masks/RET047OS_exp1.png,True
PAPILA,RET048OD,image,data/external/kaggle/papila/PapilaDB-PAPILA-17f8fa7746adb20275b5b6a0d99dc9dfe3007e9f/FundusImages/RET048OD.jpg,True
PAPILA,RET048OD,mask,data/processed/papila_masks/RET048OD_exp1.png,True
PAPILA,RET048OS,image,data/external/kaggle/papila/PapilaDB-PAPILA-17f8fa7746adb20275b5b6a0d99dc9dfe3007e9f/FundusImages/RET048OS.jpg,True
PAPILA,RET048OS,mask,data/processed/papila_masks/RET048OS_exp1.png,True
PAPILA,RET050OD,image,data/external/kaggle/papila/PapilaDB-PAPILA-17f8fa7746adb20275b5b6a0d99dc9dfe3007e9f/FundusImages/RET050OD.jpg,True
PAPILA,RET050OD,mask,data/processed/papila_masks/RET050OD_exp1.png,True
PAPILA,RET050OS,image,data/external/kaggle/papila/PapilaDB-PAPILA-17f8fa7746adb20275b5b6a0d99dc9dfe3007e9f/FundusImages/RET050OS.jpg,True
PAPILA,RET050OS,mask,data/processed/papila_masks/RET050OS_exp1.png,True
PAPILA,RET051OD,image,data/external/kaggle/papila/PapilaDB-PAPILA-17f8fa7746adb20275b5b6a0d99dc9dfe3007e9f/FundusImages/RET051OD.jpg,True
PAPILA,RET051OD,mask,data/processed/papila_masks/RET051OD_exp1.png,True
PAPILA,RET051OS,image,data/external/kaggle/papila/PapilaDB-PAPILA-17f8fa7746adb20275b5b6a0d99dc9dfe3007e9f/FundusImages/RET051OS.jpg,True
PAPILA,RET051OS,mask,data/processed/papila_masks/RET051OS_exp1.png,True
PAPILA,RET053OD,image,data/external/kaggle/papila/PapilaDB-PAPILA-17f8fa7746adb20275b5b6a0d99dc9dfe3007e9f/FundusImages/RET053OD.jpg,True
PAPILA,RET053OD,mask,data/processed/papila_masks/RET053OD_exp1.png,True
PAPILA,RET053OS,image,data/external/kaggle/papila/PapilaDB-PAPILA-17f8fa7746adb20275b5b6a0d99dc9dfe3007e9f/FundusImages/RET053OS.jpg,True
PAPILA,RET053OS,mask,data/processed/papila_masks/RET053OS_exp1.png,True
PAPILA,RET055OD,image,data/external/kaggle/papila/PapilaDB-PAPILA-17f8fa7746adb20275b5b6a0d99dc9dfe3007e9f/FundusImages/RET055OD.jpg,True
PAPILA,RET055OD,mask,data/processed/papila_masks/RET055OD_exp1.png,True
PAPILA,RET055OS,image,data/external/kaggle/papila/PapilaDB-PAPILA-17f8fa7746adb20275b5b6a0d99dc9dfe3007e9f/FundusImages/RET055OS.jpg,True
PAPILA,RET055OS,mask,data/processed/papila_masks/RET055OS_exp1.png,True
PAPILA,RET056OD,image,data/external/kaggle/papila/PapilaDB-PAPILA-17f8fa7746adb20275b5b6a0d99dc9dfe3007e9f/FundusImages/RET056OD.jpg,True
PAPILA,RET056OD,mask,data/processed/papila_masks/RET056OD_exp1.png,True
PAPILA,RET056OS,image,data/external/kaggle/papila/PapilaDB-PAPILA-17f8fa7746adb20275b5b6a0d99dc9dfe3007e9f/FundusImages/RET056OS.jpg,True
PAPILA,RET056OS,mask,data/processed/papila_masks/RET056OS_exp1.png,True
PAPILA,RET057OD,image,data/external/kaggle/papila/PapilaDB-PAPILA-17f8fa7746adb20275b5b6a0d99dc9dfe3007e9f/FundusImages/RET057OD.jpg,True
PAPILA,RET057OD,mask,data/processed/papila_masks/RET057OD_exp1.png,True
PAPILA,RET057OS,image,data/external/kaggle/papila/PapilaDB-PAPILA-17f8fa7746adb20275b5b6a0d99dc9dfe3007e9f/FundusImages/RET057OS.jpg,True
PAPILA,RET057OS,mask,data/processed/papila_masks/RET057OS_exp1.png,True
PAPILA,RET062OD,image,data/external/kaggle/papila/PapilaDB-PAPILA-17f8fa7746adb20275b5b6a0d99dc9dfe3007e9f/FundusImages/RET062OD.jpg,True
PAPILA,RET062OD,mask,data/processed/papila_masks/RET062OD_exp1.png,True
PAPILA,RET062OS,image,data/external/kaggle/papila/PapilaDB-PAPILA-17f8fa7746adb20275b5b6a0d99dc9dfe3007e9f/FundusImages/RET062OS.jpg,True
PAPILA,RET062OS,mask,data/processed/papila_masks/RET062OS_exp1.png,True
PAPILA,RET064OD,image,data/external/kaggle/papila/PapilaDB-PAPILA-17f8fa7746adb20275b5b6a0d99dc9dfe3007e9f/FundusImages/RET064OD.jpg,True
PAPILA,RET064OD,mask,data/processed/papila_masks/RET064OD_exp1.png,True
PAPILA,RET064OS,image,data/external/kaggle/papila/PapilaDB-PAPILA-17f8fa7746adb20275b5b6a0d99dc9dfe3007e9f/FundusImages/RET064OS.jpg,True
PAPILA,RET064OS,mask,data/processed/papila_masks/RET064OS_exp1.png,True
PAPILA,RET065OD,image,data/external/kaggle/papila/PapilaDB-PAPILA-17f8fa7746adb20275b5b6a0d99dc9dfe3007e9f/FundusImages/RET065OD.jpg,True
PAPILA,RET065OD,mask,data/processed/papila_masks/RET065OD_exp1.png,True
PAPILA,RET065OS,image,data/external/kaggle/papila/PapilaDB-PAPILA-17f8fa7746adb20275b5b6a0d99dc9dfe3007e9f/FundusImages/RET065OS.jpg,True
PAPILA,RET065OS,mask,data/processed/papila_masks/RET065OS_exp1.png,True
PAPILA,RET066OD,image,data/external/kaggle/papila/PapilaDB-PAPILA-17f8fa7746adb20275b5b6a0d99dc9dfe3007e9f/FundusImages/RET066OD.jpg,True
PAPILA,RET066OD,mask,data/processed/papila_masks/RET066OD_exp1.png,True
PAPILA,RET066OS,image,data/external/kaggle/papila/PapilaDB-PAPILA-17f8fa7746adb20275b5b6a0d99dc9dfe3007e9f/FundusImages/RET066OS.jpg,True
PAPILA,RET066OS,mask,data/processed/papila_masks/RET066OS_exp1.png,True
PAPILA,RET067OD,image,data/external/kaggle/papila/PapilaDB-PAPILA-17f8fa7746adb20275b5b6a0d99dc9dfe3007e9f/FundusImages/RET067OD.jpg,True
PAPILA,RET067OD,mask,data/processed/papila_masks/RET067OD_exp1.png,True
PAPILA,RET067OS,image,data/external/kaggle/papila/PapilaDB-PAPILA-17f8fa7746adb20275b5b6a0d99dc9dfe3007e9f/FundusImages/RET067OS.jpg,True
PAPILA,RET067OS,mask,data/processed/papila_masks/RET067OS_exp1.png,True
PAPILA,RET068OD,image,data/external/kaggle/papila/PapilaDB-PAPILA-17f8fa7746adb20275b5b6a0d99dc9dfe3007e9f/FundusImages/RET068OD.jpg,True
PAPILA,RET068OD,mask,data/processed/papila_masks/RET068OD_exp1.png,True
PAPILA,RET068OS,image,data/external/kaggle/papila/PapilaDB-PAPILA-17f8fa7746adb20275b5b6a0d99dc9dfe3007e9f/FundusImages/RET068OS.jpg,True
PAPILA,RET068OS,mask,data/processed/papila_masks/RET068OS_exp1.png,True
PAPILA,RET069OD,image,data/external/kaggle/papila/PapilaDB-PAPILA-17f8fa7746adb20275b5b6a0d99dc9dfe3007e9f/FundusImages/RET069OD.jpg,True
PAPILA,RET069OD,mask,data/processed/papila_masks/RET069OD_exp1.png,True
PAPILA,RET069OS,image,data/external/kaggle/papila/PapilaDB-PAPILA-17f8fa7746adb20275b5b6a0d99dc9dfe3007e9f/FundusImages/RET069OS.jpg,True
PAPILA,RET069OS,mask,data/processed/papila_masks/RET069OS_exp1.png,True
PAPILA,RET072OD,image,data/external/kaggle/papila/PapilaDB-PAPILA-17f8fa7746adb20275b5b6a0d99dc9dfe3007e9f/FundusImages/RET072OD.jpg,True
PAPILA,RET072OD,mask,data/processed/papila_masks/RET072OD_exp1.png,True
PAPILA,RET072OS,image,data/external/kaggle/papila/PapilaDB-PAPILA-17f8fa7746adb20275b5b6a0d99dc9dfe3007e9f/FundusImages/RET072OS.jpg,True
PAPILA,RET072OS,mask,data/processed/papila_masks/RET072OS_exp1.png,True
PAPILA,RET073OD,image,data/external/kaggle/papila/PapilaDB-PAPILA-17f8fa7746adb20275b5b6a0d99dc9dfe3007e9f/FundusImages/RET073OD.jpg,True
PAPILA,RET073OD,mask,data/processed/papila_masks/RET073OD_exp1.png,True
PAPILA,RET073OS,image,data/external/kaggle/papila/PapilaDB-PAPILA-17f8fa7746adb20275b5b6a0d99dc9dfe3007e9f/FundusImages/RET073OS.jpg,True
PAPILA,RET073OS,mask,data/processed/papila_masks/RET073OS_exp1.png,True
PAPILA,RET074OD,image,data/external/kaggle/papila/PapilaDB-PAPILA-17f8fa7746adb20275b5b6a0d99dc9dfe3007e9f/FundusImages/RET074OD.jpg,True
PAPILA,RET074OD,mask,data/processed/papila_masks/RET074OD_exp1.png,True
PAPILA,RET074OS,image,data/external/kaggle/papila/PapilaDB-PAPILA-17f8fa7746adb20275b5b6a0d99dc9dfe3007e9f/FundusImages/RET074OS.jpg,True
PAPILA,RET074OS,mask,data/processed/papila_masks/RET074OS_exp1.png,True
PAPILA,RET077OD,image,data/external/kaggle/papila/PapilaDB-PAPILA-17f8fa7746adb20275b5b6a0d99dc9dfe3007e9f/FundusImages/RET077OD.jpg,True
PAPILA,RET077OD,mask,data/processed/papila_masks/RET077OD_exp1.png,True
PAPILA,RET077OS,image,data/external/kaggle/papila/PapilaDB-PAPILA-17f8fa7746adb20275b5b6a0d99dc9dfe3007e9f/FundusImages/RET077OS.jpg,True
PAPILA,RET077OS,mask,data/processed/papila_masks/RET077OS_exp1.png,True
PAPILA,RET079OD,image,data/external/kaggle/papila/PapilaDB-PAPILA-17f8fa7746adb20275b5b6a0d99dc9dfe3007e9f/FundusImages/RET079OD.jpg,True
PAPILA,RET079OD,mask,data/processed/papila_masks/RET079OD_exp1.png,True
PAPILA,RET079OS,image,data/external/kaggle/papila/PapilaDB-PAPILA-17f8fa7746adb20275b5b6a0d99dc9dfe3007e9f/FundusImages/RET079OS.jpg,True
PAPILA,RET079OS,mask,data/processed/papila_masks/RET079OS_exp1.png,True
PAPILA,RET081OD,image,data/external/kaggle/papila/PapilaDB-PAPILA-17f8fa7746adb20275b5b6a0d99dc9dfe3007e9f/FundusImages/RET081OD.jpg,True
PAPILA,RET081OD,mask,data/processed/papila_masks/RET081OD_exp1.png,True
PAPILA,RET081OS,image,data/external/kaggle/papila/PapilaDB-PAPILA-17f8fa7746adb20275b5b6a0d99dc9dfe3007e9f/FundusImages/RET081OS.jpg,True
PAPILA,RET081OS,mask,data/processed/papila_masks/RET081OS_exp1.png,True
PAPILA,RET084OD,image,data/external/kaggle/papila/PapilaDB-PAPILA-17f8fa7746adb20275b5b6a0d99dc9dfe3007e9f/FundusImages/RET084OD.jpg,True
PAPILA,RET084OD,mask,data/processed/papila_masks/RET084OD_exp1.png,True
PAPILA,RET084OS,image,data/external/kaggle/papila/PapilaDB-PAPILA-17f8fa7746adb20275b5b6a0d99dc9dfe3007e9f/FundusImages/RET084OS.jpg,True
PAPILA,RET084OS,mask,data/processed/papila_masks/RET084OS_exp1.png,True
PAPILA,RET087OD,image,data/external/kaggle/papila/PapilaDB-PAPILA-17f8fa7746adb20275b5b6a0d99dc9dfe3007e9f/FundusImages/RET087OD.jpg,True
PAPILA,RET087OD,mask,data/processed/papila_masks/RET087OD_exp1.png,True
PAPILA,RET087OS,image,data/external/kaggle/papila/PapilaDB-PAPILA-17f8fa7746adb20275b5b6a0d99dc9dfe3007e9f/FundusImages/RET087OS.jpg,True
PAPILA,RET087OS,mask,data/processed/papila_masks/RET087OS_exp1.png,True
PAPILA,RET088OD,image,data/external/kaggle/papila/PapilaDB-PAPILA-17f8fa7746adb20275b5b6a0d99dc9dfe3007e9f/FundusImages/RET088OD.jpg,True
PAPILA,RET088OD,mask,data/processed/papila_masks/RET088OD_exp1.png,True
PAPILA,RET088OS,image,data/external/kaggle/papila/PapilaDB-PAPILA-17f8fa7746adb20275b5b6a0d99dc9dfe3007e9f/FundusImages/RET088OS.jpg,True
PAPILA,RET088OS,mask,data/processed/papila_masks/RET088OS_exp1.png,True
PAPILA,RET089OD,image,data/external/kaggle/papila/PapilaDB-PAPILA-17f8fa7746adb20275b5b6a0d99dc9dfe3007e9f/FundusImages/RET089OD.jpg,True
PAPILA,RET089OD,mask,data/processed/papila_masks/RET089OD_exp1.png,True
PAPILA,RET089OS,image,data/external/kaggle/papila/PapilaDB-PAPILA-17f8fa7746adb20275b5b6a0d99dc9dfe3007e9f/FundusImages/RET089OS.jpg,True
PAPILA,RET089OS,mask,data/processed/papila_masks/RET089OS_exp1.png,True
PAPILA,RET090OD,image,data/external/kaggle/papila/PapilaDB-PAPILA-17f8fa7746adb20275b5b6a0d99dc9dfe3007e9f/FundusImages/RET090OD.jpg,True
PAPILA,RET090OD,mask,data/processed/papila_masks/RET090OD_exp1.png,True
PAPILA,RET090OS,image,data/external/kaggle/papila/PapilaDB-PAPILA-17f8fa7746adb20275b5b6a0d99dc9dfe3007e9f/FundusImages/RET090OS.jpg,True
PAPILA,RET090OS,mask,data/processed/papila_masks/RET090OS_exp1.png,True
PAPILA,RET091OD,image,data/external/kaggle/papila/PapilaDB-PAPILA-17f8fa7746adb20275b5b6a0d99dc9dfe3007e9f/FundusImages/RET091OD.jpg,True
PAPILA,RET091OD,mask,data/processed/papila_masks/RET091OD_exp1.png,True
PAPILA,RET091OS,image,data/external/kaggle/papila/PapilaDB-PAPILA-17f8fa7746adb20275b5b6a0d99dc9dfe3007e9f/FundusImages/RET091OS.jpg,True
PAPILA,RET091OS,mask,data/processed/papila_masks/RET091OS_exp1.png,True
PAPILA,RET092OD,image,data/external/kaggle/papila/PapilaDB-PAPILA-17f8fa7746adb20275b5b6a0d99dc9dfe3007e9f/FundusImages/RET092OD.jpg,True
PAPILA,RET092OD,mask,data/processed/papila_masks/RET092OD_exp1.png,True
PAPILA,RET092OS,image,data/external/kaggle/papila/PapilaDB-PAPILA-17f8fa7746adb20275b5b6a0d99dc9dfe3007e9f/FundusImages/RET092OS.jpg,True
PAPILA,RET092OS,mask,data/processed/papila_masks/RET092OS_exp1.png,True
PAPILA,RET093OD,image,data/external/kaggle/papila/PapilaDB-PAPILA-17f8fa7746adb20275b5b6a0d99dc9dfe3007e9f/FundusImages/RET093OD.jpg,True
PAPILA,RET093OD,mask,data/processed/papila_masks/RET093OD_exp1.png,True
PAPILA,RET093OS,image,data/external/kaggle/papila/PapilaDB-PAPILA-17f8fa7746adb20275b5b6a0d99dc9dfe3007e9f/FundusImages/RET093OS.jpg,True
PAPILA,RET093OS,mask,data/processed/papila_masks/RET093OS_exp1.png,True
PAPILA,RET096OD,image,data/external/kaggle/papila/PapilaDB-PAPILA-17f8fa7746adb20275b5b6a0d99dc9dfe3007e9f/FundusImages/RET096OD.jpg,True
PAPILA,RET096OD,mask,data/processed/papila_masks/RET096OD_exp1.png,True
PAPILA,RET096OS,image,data/external/kaggle/papila/PapilaDB-PAPILA-17f8fa7746adb20275b5b6a0d99dc9dfe3007e9f/FundusImages/RET096OS.jpg,True
PAPILA,RET096OS,mask,data/processed/papila_masks/RET096OS_exp1.png,True
PAPILA,RET098OD,image,data/external/kaggle/papila/PapilaDB-PAPILA-17f8fa7746adb20275b5b6a0d99dc9dfe3007e9f/FundusImages/RET098OD.jpg,True
PAPILA,RET098OD,mask,data/processed/papila_masks/RET098OD_exp1.png,True
PAPILA,RET098OS,image,data/external/kaggle/papila/PapilaDB-PAPILA-17f8fa7746adb20275b5b6a0d99dc9dfe3007e9f/FundusImages/RET098OS.jpg,True
PAPILA,RET098OS,mask,data/processed/papila_masks/RET098OS_exp1.png,True
PAPILA,RET101OD,image,data/external/kaggle/papila/PapilaDB-PAPILA-17f8fa7746adb20275b5b6a0d99dc9dfe3007e9f/FundusImages/RET101OD.jpg,True
PAPILA,RET101OD,mask,data/processed/papila_masks/RET101OD_exp1.png,True
PAPILA,RET101OS,image,data/external/kaggle/papila/PapilaDB-PAPILA-17f8fa7746adb20275b5b6a0d99dc9dfe3007e9f/FundusImages/RET101OS.jpg,True
PAPILA,RET101OS,mask,data/processed/papila_masks/RET101OS_exp1.png,True
PAPILA,RET102OD,image,data/external/kaggle/papila/PapilaDB-PAPILA-17f8fa7746adb20275b5b6a0d99dc9dfe3007e9f/FundusImages/RET102OD.jpg,True
PAPILA,RET102OD,mask,data/processed/papila_masks/RET102OD_exp1.png,True
PAPILA,RET102OS,image,data/external/kaggle/papila/PapilaDB-PAPILA-17f8fa7746adb20275b5b6a0d99dc9dfe3007e9f/FundusImages/RET102OS.jpg,True
PAPILA,RET102OS,mask,data/processed/papila_masks/RET102OS_exp1.png,True
PAPILA,RET104OD,image,data/external/kaggle/papila/PapilaDB-PAPILA-17f8fa7746adb20275b5b6a0d99dc9dfe3007e9f/FundusImages/RET104OD.jpg,True
PAPILA,RET104OD,mask,data/processed/papila_masks/RET104OD_exp1.png,True
PAPILA,RET104OS,image,data/external/kaggle/papila/PapilaDB-PAPILA-17f8fa7746adb20275b5b6a0d99dc9dfe3007e9f/FundusImages/RET104OS.jpg,True
PAPILA,RET104OS,mask,data/processed/papila_masks/RET104OS_exp1.png,True
PAPILA,RET105OD,image,data/external/kaggle/papila/PapilaDB-PAPILA-17f8fa7746adb20275b5b6a0d99dc9dfe3007e9f/FundusImages/RET105OD.jpg,True
PAPILA,RET105OD,mask,data/processed/papila_masks/RET105OD_exp1.png,True
PAPILA,RET105OS,image,data/external/kaggle/papila/PapilaDB-PAPILA-17f8fa7746adb20275b5b6a0d99dc9dfe3007e9f/FundusImages/RET105OS.jpg,True
PAPILA,RET105OS,mask,data/processed/papila_masks/RET105OS_exp1.png,True
PAPILA,RET106OD,image,data/external/kaggle/papila/PapilaDB-PAPILA-17f8fa7746adb20275b5b6a0d99dc9dfe3007e9f/FundusImages/RET106OD.jpg,True
PAPILA,RET106OD,mask,data/processed/papila_masks/RET106OD_exp1.png,True
PAPILA,RET106OS,image,data/external/kaggle/papila/PapilaDB-PAPILA-17f8fa7746adb20275b5b6a0d99dc9dfe3007e9f/FundusImages/RET106OS.jpg,True
PAPILA,RET106OS,mask,data/processed/papila_masks/RET106OS_exp1.png,True
PAPILA,RET107OD,image,data/external/kaggle/papila/PapilaDB-PAPILA-17f8fa7746adb20275b5b6a0d99dc9dfe3007e9f/FundusImages/RET107OD.jpg,True
PAPILA,RET107OD,mask,data/processed/papila_masks/RET107OD_exp1.png,True
PAPILA,RET107OS,image,data/external/kaggle/papila/PapilaDB-PAPILA-17f8fa7746adb20275b5b6a0d99dc9dfe3007e9f/FundusImages/RET107OS.jpg,True
PAPILA,RET107OS,mask,data/processed/papila_masks/RET107OS_exp1.png,True
PAPILA,RET108OD,image,data/external/kaggle/papila/PapilaDB-PAPILA-17f8fa7746adb20275b5b6a0d99dc9dfe3007e9f/FundusImages/RET108OD.jpg,True
PAPILA,RET108OD,mask,data/processed/papila_masks/RET108OD_exp1.png,True
PAPILA,RET108OS,image,data/external/kaggle/papila/PapilaDB-PAPILA-17f8fa7746adb20275b5b6a0d99dc9dfe3007e9f/FundusImages/RET108OS.jpg,True
PAPILA,RET108OS,mask,data/processed/papila_masks/RET108OS_exp1.png,True
PAPILA,RET112OD,image,data/external/kaggle/papila/PapilaDB-PAPILA-17f8fa7746adb20275b5b6a0d99dc9dfe3007e9f/FundusImages/RET112OD.jpg,True
PAPILA,RET112OD,mask,data/processed/papila_masks/RET112OD_exp1.png,True
PAPILA,RET112OS,image,data/external/kaggle/papila/PapilaDB-PAPILA-17f8fa7746adb20275b5b6a0d99dc9dfe3007e9f/FundusImages/RET112OS.jpg,True
PAPILA,RET112OS,mask,data/processed/papila_masks/RET112OS_exp1.png,True
PAPILA,RET113OD,image,data/external/kaggle/papila/PapilaDB-PAPILA-17f8fa7746adb20275b5b6a0d99dc9dfe3007e9f/FundusImages/RET113OD.jpg,True
PAPILA,RET113OD,mask,data/processed/papila_masks/RET113OD_exp1.png,True
PAPILA,RET113OS,image,data/external/kaggle/papila/PapilaDB-PAPILA-17f8fa7746adb20275b5b6a0d99dc9dfe3007e9f/FundusImages/RET113OS.jpg,True
PAPILA,RET113OS,mask,data/processed/papila_masks/RET113OS_exp1.png,True
PAPILA,RET114OD,image,data/external/kaggle/papila/PapilaDB-PAPILA-17f8fa7746adb20275b5b6a0d99dc9dfe3007e9f/FundusImages/RET114OD.jpg,True
PAPILA,RET114OD,mask,data/processed/papila_masks/RET114OD_exp1.png,True
PAPILA,RET114OS,image,data/external/kaggle/papila/PapilaDB-PAPILA-17f8fa7746adb20275b5b6a0d99dc9dfe3007e9f/FundusImages/RET114OS.jpg,True
PAPILA,RET114OS,mask,data/processed/papila_masks/RET114OS_exp1.png,True
PAPILA,RET116OD,image,data/external/kaggle/papila/PapilaDB-PAPILA-17f8fa7746adb20275b5b6a0d99dc9dfe3007e9f/FundusImages/RET116OD.jpg,True
PAPILA,RET116OD,mask,data/processed/papila_masks/RET116OD_exp1.png,True
PAPILA,RET116OS,image,data/external/kaggle/papila/PapilaDB-PAPILA-17f8fa7746adb20275b5b6a0d99dc9dfe3007e9f/FundusImages/RET116OS.jpg,True
PAPILA,RET116OS,mask,data/processed/papila_masks/RET116OS_exp1.png,True
PAPILA,RET119OD,image,data/external/kaggle/papila/PapilaDB-PAPILA-17f8fa7746adb20275b5b6a0d99dc9dfe3007e9f/FundusImages/RET119OD.jpg,True
PAPILA,RET119OD,mask,data/processed/papila_masks/RET119OD_exp1.png,True
PAPILA,RET119OS,image,data/external/kaggle/papila/PapilaDB-PAPILA-17f8fa7746adb20275b5b6a0d99dc9dfe3007e9f/FundusImages/RET119OS.jpg,True
PAPILA,RET119OS,mask,data/processed/papila_masks/RET119OS_exp1.png,True
PAPILA,RET120OD,image,data/external/kaggle/papila/PapilaDB-PAPILA-17f8fa7746adb20275b5b6a0d99dc9dfe3007e9f/FundusImages/RET120OD.jpg,True
PAPILA,RET120OD,mask,data/processed/papila_masks/RET120OD_exp1.png,True
PAPILA,RET120OS,image,data/external/kaggle/papila/PapilaDB-PAPILA-17f8fa7746adb20275b5b6a0d99dc9dfe3007e9f/FundusImages/RET120OS.jpg,True
PAPILA,RET120OS,mask,data/processed/papila_masks/RET120OS_exp1.png,True
PAPILA,RET121OD,image,data/external/kaggle/papila/PapilaDB-PAPILA-17f8fa7746adb20275b5b6a0d99dc9dfe3007e9f/FundusImages/RET121OD.jpg,True
PAPILA,RET121OD,mask,data/processed/papila_masks/RET121OD_exp1.png,True
PAPILA,RET121OS,image,data/external/kaggle/papila/PapilaDB-PAPILA-17f8fa7746adb20275b5b6a0d99dc9dfe3007e9f/FundusImages/RET121OS.jpg,True
PAPILA,RET121OS,mask,data/processed/papila_masks/RET121OS_exp1.png,True
PAPILA,RET122OD,image,data/external/kaggle/papila/PapilaDB-PAPILA-17f8fa7746adb20275b5b6a0d99dc9dfe3007e9f/FundusImages/RET122OD.jpg,True
PAPILA,RET122OD,mask,data/processed/papila_masks/RET122OD_exp1.png,True
PAPILA,RET122OS,image,data/external/kaggle/papila/PapilaDB-PAPILA-17f8fa7746adb20275b5b6a0d99dc9dfe3007e9f/FundusImages/RET122OS.jpg,True
PAPILA,RET122OS,mask,data/processed/papila_masks/RET122OS_exp1.png,True
PAPILA,RET123OD,image,data/external/kaggle/papila/PapilaDB-PAPILA-17f8fa7746adb20275b5b6a0d99dc9dfe3007e9f/FundusImages/RET123OD.jpg,True
PAPILA,RET123OD,mask,data/processed/papila_masks/RET123OD_exp1.png,True
PAPILA,RET123OS,image,data/external/kaggle/papila/PapilaDB-PAPILA-17f8fa7746adb20275b5b6a0d99dc9dfe3007e9f/FundusImages/RET123OS.jpg,True
PAPILA,RET123OS,mask,data/processed/papila_masks/RET123OS_exp1.png,True
PAPILA,RET124OD,image,data/external/kaggle/papila/PapilaDB-PAPILA-17f8fa7746adb20275b5b6a0d99dc9dfe3007e9f/FundusImages/RET124OD.jpg,True
PAPILA,RET124OD,mask,data/processed/papila_masks/RET124OD_exp1.png,True
PAPILA,RET124OS,image,data/external/kaggle/papila/PapilaDB-PAPILA-17f8fa7746adb20275b5b6a0d99dc9dfe3007e9f/FundusImages/RET124OS.jpg,True
PAPILA,RET124OS,mask,data/processed/papila_masks/RET124OS_exp1.png,True
PAPILA,RET125OD,image,data/external/kaggle/papila/PapilaDB-PAPILA-17f8fa7746adb20275b5b6a0d99dc9dfe3007e9f/FundusImages/RET125OD.jpg,True
PAPILA,RET125OD,mask,data/processed/papila_masks/RET125OD_exp1.png,True
PAPILA,RET125OS,image,data/external/kaggle/papila/PapilaDB-PAPILA-17f8fa7746adb20275b5b6a0d99dc9dfe3007e9f/FundusImages/RET125OS.jpg,True
PAPILA,RET125OS,mask,data/processed/papila_masks/RET125OS_exp1.png,True
PAPILA,RET126OD,image,data/external/kaggle/papila/PapilaDB-PAPILA-17f8fa7746adb20275b5b6a0d99dc9dfe3007e9f/FundusImages/RET126OD.jpg,True
PAPILA,RET126OD,mask,data/processed/papila_masks/RET126OD_exp1.png,True
PAPILA,RET126OS,image,data/external/kaggle/papila/PapilaDB-PAPILA-17f8fa7746adb20275b5b6a0d99dc9dfe3007e9f/FundusImages/RET126OS.jpg,True
PAPILA,RET126OS,mask,data/processed/papila_masks/RET126OS_exp1.png,True
PAPILA,RET127OD,image,data/external/kaggle/papila/PapilaDB-PAPILA-17f8fa7746adb20275b5b6a0d99dc9dfe3007e9f/FundusImages/RET127OD.jpg,True
PAPILA,RET127OD,mask,data/processed/papila_masks/RET127OD_exp1.png,True
PAPILA,RET127OS,image,data/external/kaggle/papila/PapilaDB-PAPILA-17f8fa7746adb20275b5b6a0d99dc9dfe3007e9f/FundusImages/RET127OS.jpg,True
PAPILA,RET127OS,mask,data/processed/papila_masks/RET127OS_exp1.png,True
PAPILA,RET128OD,image,data/external/kaggle/papila/PapilaDB-PAPILA-17f8fa7746adb20275b5b6a0d99dc9dfe3007e9f/FundusImages/RET128OD.jpg,True
PAPILA,RET128OD,mask,data/processed/papila_masks/RET128OD_exp1.png,True
PAPILA,RET128OS,image,data/external/kaggle/papila/PapilaDB-PAPILA-17f8fa7746adb20275b5b6a0d99dc9dfe3007e9f/FundusImages/RET128OS.jpg,True
PAPILA,RET128OS,mask,data/processed/papila_masks/RET128OS_exp1.png,True
PAPILA,RET129OD,image,data/external/kaggle/papila/PapilaDB-PAPILA-17f8fa7746adb20275b5b6a0d99dc9dfe3007e9f/FundusImages/RET129OD.jpg,True
PAPILA,RET129OD,mask,data/processed/papila_masks/RET129OD_exp1.png,True
PAPILA,RET129OS,image,data/external/kaggle/papila/PapilaDB-PAPILA-17f8fa7746adb20275b5b6a0d99dc9dfe3007e9f/FundusImages/RET129OS.jpg,True
PAPILA,RET129OS,mask,data/processed/papila_masks/RET129OS_exp1.png,True
PAPILA,RET130OD,image,data/external/kaggle/papila/PapilaDB-PAPILA-17f8fa7746adb20275b5b6a0d99dc9dfe3007e9f/FundusImages/RET130OD.jpg,True
PAPILA,RET130OD,mask,data/processed/papila_masks/RET130OD_exp1.png,True
PAPILA,RET130OS,image,data/external/kaggle/papila/PapilaDB-PAPILA-17f8fa7746adb20275b5b6a0d99dc9dfe3007e9f/FundusImages/RET130OS.jpg,True
PAPILA,RET130OS,mask,data/processed/papila_masks/RET130OS_exp1.png,True
PAPILA,RET131OD,image,data/external/kaggle/papila/PapilaDB-PAPILA-17f8fa7746adb20275b5b6a0d99dc9dfe3007e9f/FundusImages/RET131OD.jpg,True
PAPILA,RET131OD,mask,data/processed/papila_masks/RET131OD_exp1.png,True
PAPILA,RET131OS,image,data/external/kaggle/papila/PapilaDB-PAPILA-17f8fa7746adb20275b5b6a0d99dc9dfe3007e9f/FundusImages/RET131OS.jpg,True
PAPILA,RET131OS,mask,data/processed/papila_masks/RET131OS_exp1.png,True
PAPILA,RET132OD,image,data/external/kaggle/papila/PapilaDB-PAPILA-17f8fa7746adb20275b5b6a0d99dc9dfe3007e9f/FundusImages/RET132OD.jpg,True
PAPILA,RET132OD,mask,data/processed/papila_masks/RET132OD_exp1.png,True
PAPILA,RET132OS,image,data/external/kaggle/papila/PapilaDB-PAPILA-17f8fa7746adb20275b5b6a0d99dc9dfe3007e9f/FundusImages/RET132OS.jpg,True
PAPILA,RET132OS,mask,data/processed/papila_masks/RET132OS_exp1.png,True
PAPILA,RET133OD,image,data/external/kaggle/papila/PapilaDB-PAPILA-17f8fa7746adb20275b5b6a0d99dc9dfe3007e9f/FundusImages/RET133OD.jpg,True
PAPILA,RET133OD,mask,data/processed/papila_masks/RET133OD_exp1.png,True
PAPILA,RET133OS,image,data/external/kaggle/papila/PapilaDB-PAPILA-17f8fa7746adb20275b5b6a0d99dc9dfe3007e9f/FundusImages/RET133OS.jpg,True
PAPILA,RET133OS,mask,data/processed/papila_masks/RET133OS_exp1.png,True
PAPILA,RET134OD,image,data/external/kaggle/papila/PapilaDB-PAPILA-17f8fa7746adb20275b5b6a0d99dc9dfe3007e9f/FundusImages/RET134OD.jpg,True
PAPILA,RET134OD,mask,data/processed/papila_masks/RET134OD_exp1.png,True
PAPILA,RET134OS,image,data/external/kaggle/papila/PapilaDB-PAPILA-17f8fa7746adb20275b5b6a0d99dc9dfe3007e9f/FundusImages/RET134OS.jpg,True
PAPILA,RET134OS,mask,data/processed/papila_masks/RET134OS_exp1.png,True
PAPILA,RET135OD,image,data/external/kaggle/papila/PapilaDB-PAPILA-17f8fa7746adb20275b5b6a0d99dc9dfe3007e9f/FundusImages/RET135OD.jpg,True
PAPILA,RET135OD,mask,data/processed/papila_masks/RET135OD_exp1.png,True
PAPILA,RET135OS,image,data/external/kaggle/papila/PapilaDB-PAPILA-17f8fa7746adb20275b5b6a0d99dc9dfe3007e9f/FundusImages/RET135OS.jpg,True
PAPILA,RET135OS,mask,data/processed/papila_masks/RET135OS_exp1.png,True
PAPILA,RET136OD,image,data/external/kaggle/papila/PapilaDB-PAPILA-17f8fa7746adb20275b5b6a0d99dc9dfe3007e9f/FundusImages/RET136OD.jpg,True
PAPILA,RET136OD,mask,data/processed/papila_masks/RET136OD_exp1.png,True
PAPILA,RET136OS,image,data/external/kaggle/papila/PapilaDB-PAPILA-17f8fa7746adb20275b5b6a0d99dc9dfe3007e9f/FundusImages/RET136OS.jpg,True
PAPILA,RET136OS,mask,data/processed/papila_masks/RET136OS_exp1.png,True
PAPILA,RET137OD,image,data/external/kaggle/papila/PapilaDB-PAPILA-17f8fa7746adb20275b5b6a0d99dc9dfe3007e9f/FundusImages/RET137OD.jpg,True
PAPILA,RET137OD,mask,data/processed/papila_masks/RET137OD_exp1.png,True
PAPILA,RET137OS,image,data/external/kaggle/papila/PapilaDB-PAPILA-17f8fa7746adb20275b5b6a0d99dc9dfe3007e9f/FundusImages/RET137OS.jpg,True
PAPILA,RET137OS,mask,data/processed/papila_masks/RET137OS_exp1.png,True
PAPILA,RET138OD,image,data/external/kaggle/papila/PapilaDB-PAPILA-17f8fa7746adb20275b5b6a0d99dc9dfe3007e9f/FundusImages/RET138OD.jpg,True
PAPILA,RET138OD,mask,data/processed/papila_masks/RET138OD_exp1.png,True
PAPILA,RET138OS,image,data/external/kaggle/papila/PapilaDB-PAPILA-17f8fa7746adb20275b5b6a0d99dc9dfe3007e9f/FundusImages/RET138OS.jpg,True
PAPILA,RET138OS,mask,data/processed/papila_masks/RET138OS_exp1.png,True
PAPILA,RET139OD,image,data/external/kaggle/papila/PapilaDB-PAPILA-17f8fa7746adb20275b5b6a0d99dc9dfe3007e9f/FundusImages/RET139OD.jpg,True
PAPILA,RET139OD,mask,data/processed/papila_masks/RET139OD_exp1.png,True
PAPILA,RET139OS,image,data/external/kaggle/papila/PapilaDB-PAPILA-17f8fa7746adb20275b5b6a0d99dc9dfe3007e9f/FundusImages/RET139OS.jpg,True
PAPILA,RET139OS,mask,data/processed/papila_masks/RET139OS_exp1.png,True
PAPILA,RET140OD,image,data/external/kaggle/papila/PapilaDB-PAPILA-17f8fa7746adb20275b5b6a0d99dc9dfe3007e9f/FundusImages/RET140OD.jpg,True
PAPILA,RET140OD,mask,data/processed/papila_masks/RET140OD_exp1.png,True
PAPILA,RET140OS,image,data/external/kaggle/papila/PapilaDB-PAPILA-17f8fa7746adb20275b5b6a0d99dc9dfe3007e9f/FundusImages/RET140OS.jpg,True
PAPILA,RET140OS,mask,data/processed/papila_masks/RET140OS_exp1.png,True
PAPILA,RET141OD,image,data/external/kaggle/papila/PapilaDB-PAPILA-17f8fa7746adb20275b5b6a0d99dc9dfe3007e9f/FundusImages/RET141OD.jpg,True
PAPILA,RET141OD,mask,data/processed/papila_masks/RET141OD_exp1.png,True
PAPILA,RET141OS,image,data/external/kaggle/papila/PapilaDB-PAPILA-17f8fa7746adb20275b5b6a0d99dc9dfe3007e9f/FundusImages/RET141OS.jpg,True
PAPILA,RET141OS,mask,data/processed/papila_masks/RET141OS_exp1.png,True
PAPILA,RET142OD,image,data/external/kaggle/papila/PapilaDB-PAPILA-17f8fa7746adb20275b5b6a0d99dc9dfe3007e9f/FundusImages/RET142OD.jpg,True
PAPILA,RET142OD,mask,data/processed/papila_masks/RET142OD_exp1.png,True
PAPILA,RET142OS,image,data/external/kaggle/papila/PapilaDB-PAPILA-17f8fa7746adb20275b5b6a0d99dc9dfe3007e9f/FundusImages/RET142OS.jpg,True
PAPILA,RET142OS,mask,data/processed/papila_masks/RET142OS_exp1.png,True
PAPILA,RET143OD,image,data/external/kaggle/papila/PapilaDB-PAPILA-17f8fa7746adb20275b5b6a0d99dc9dfe3007e9f/FundusImages/RET143OD.jpg,True
PAPILA,RET143OD,mask,data/processed/papila_masks/RET143OD_exp1.png,True
PAPILA,RET143OS,image,data/external/kaggle/papila/PapilaDB-PAPILA-17f8fa7746adb20275b5b6a0d99dc9dfe3007e9f/FundusImages/RET143OS.jpg,True
PAPILA,RET143OS,mask,data/processed/papila_masks/RET143OS_exp1.png,True
PAPILA,RET144OD,image,data/external/kaggle/papila/PapilaDB-PAPILA-17f8fa7746adb20275b5b6a0d99dc9dfe3007e9f/FundusImages/RET144OD.jpg,True
PAPILA,RET144OD,mask,data/processed/papila_masks/RET144OD_exp1.png,True
PAPILA,RET144OS,image,data/external/kaggle/papila/PapilaDB-PAPILA-17f8fa7746adb20275b5b6a0d99dc9dfe3007e9f/FundusImages/RET144OS.jpg,True
PAPILA,RET144OS,mask,data/processed/papila_masks/RET144OS_exp1.png,True
PAPILA,RET146OD,image,data/external/kaggle/papila/PapilaDB-PAPILA-17f8fa7746adb20275b5b6a0d99dc9dfe3007e9f/FundusImages/RET146OD.jpg,True
PAPILA,RET146OD,mask,data/processed/papila_masks/RET146OD_exp1.png,True
PAPILA,RET146OS,image,data/external/kaggle/papila/PapilaDB-PAPILA-17f8fa7746adb20275b5b6a0d99dc9dfe3007e9f/FundusImages/RET146OS.jpg,True
PAPILA,RET146OS,mask,data/processed/papila_masks/RET146OS_exp1.png,True
PAPILA,RET147OD,image,data/external/kaggle/papila/PapilaDB-PAPILA-17f8fa7746adb20275b5b6a0d99dc9dfe3007e9f/FundusImages/RET147OD.jpg,True
PAPILA,RET147OD,mask,data/processed/papila_masks/RET147OD_exp1.png,True
PAPILA,RET147OS,image,data/external/kaggle/papila/PapilaDB-PAPILA-17f8fa7746adb20275b5b6a0d99dc9dfe3007e9f/FundusImages/RET147OS.jpg,True
PAPILA,RET147OS,mask,data/processed/papila_masks/RET147OS_exp1.png,True
PAPILA,RET149OD,image,data/external/kaggle/papila/PapilaDB-PAPILA-17f8fa7746adb20275b5b6a0d99dc9dfe3007e9f/FundusImages/RET149OD.jpg,True
PAPILA,RET149OD,mask,data/processed/papila_masks/RET149OD_exp1.png,True
PAPILA,RET149OS,image,data/external/kaggle/papila/PapilaDB-PAPILA-17f8fa7746adb20275b5b6a0d99dc9dfe3007e9f/FundusImages/RET149OS.jpg,True
PAPILA,RET149OS,mask,data/processed/papila_masks/RET149OS_exp1.png,True
PAPILA,RET150OD,image,data/external/kaggle/papila/PapilaDB-PAPILA-17f8fa7746adb20275b5b6a0d99dc9dfe3007e9f/FundusImages/RET150OD.jpg,True
PAPILA,RET150OD,mask,data/processed/papila_masks/RET150OD_exp1.png,True
PAPILA,RET150OS,image,data/external/kaggle/papila/PapilaDB-PAPILA-17f8fa7746adb20275b5b6a0d99dc9dfe3007e9f/FundusImages/RET150OS.jpg,True
PAPILA,RET150OS,mask,data/processed/papila_masks/RET150OS_exp1.png,True
PAPILA,RET151OD,image,data/external/kaggle/papila/PapilaDB-PAPILA-17f8fa7746adb20275b5b6a0d99dc9dfe3007e9f/FundusImages/RET151OD.jpg,True
PAPILA,RET151OD,mask,data/processed/papila_masks/RET151OD_exp1.png,True
PAPILA,RET151OS,image,data/external/kaggle/papila/PapilaDB-PAPILA-17f8fa7746adb20275b5b6a0d99dc9dfe3007e9f/FundusImages/RET151OS.jpg,True
PAPILA,RET151OS,mask,data/processed/papila_masks/RET151OS_exp1.png,True
PAPILA,RET152OD,image,data/external/kaggle/papila/PapilaDB-PAPILA-17f8fa7746adb20275b5b6a0d99dc9dfe3007e9f/FundusImages/RET152OD.jpg,True
PAPILA,RET152OD,mask,data/processed/papila_masks/RET152OD_exp1.png,True
PAPILA,RET152OS,image,data/external/kaggle/papila/PapilaDB-PAPILA-17f8fa7746adb20275b5b6a0d99dc9dfe3007e9f/FundusImages/RET152OS.jpg,True
PAPILA,RET152OS,mask,data/processed/papila_masks/RET152OS_exp1.png,True
PAPILA,RET153OD,image,data/external/kaggle/papila/PapilaDB-PAPILA-17f8fa7746adb20275b5b6a0d99dc9dfe3007e9f/FundusImages/RET153OD.jpg,True
PAPILA,RET153OD,mask,data/processed/papila_masks/RET153OD_exp1.png,True
PAPILA,RET153OS,image,data/external/kaggle/papila/PapilaDB-PAPILA-17f8fa7746adb20275b5b6a0d99dc9dfe3007e9f/FundusImages/RET153OS.jpg,True
PAPILA,RET153OS,mask,data/processed/papila_masks/RET153OS_exp1.png,True
PAPILA,RET154OD,image,data/external/kaggle/papila/PapilaDB-PAPILA-17f8fa7746adb20275b5b6a0d99dc9dfe3007e9f/FundusImages/RET154OD.jpg,True
PAPILA,RET154OD,mask,data/processed/papila_masks/RET154OD_exp1.png,True
PAPILA,RET154OS,image,data/external/kaggle/papila/PapilaDB-PAPILA-17f8fa7746adb20275b5b6a0d99dc9dfe3007e9f/FundusImages/RET154OS.jpg,True
PAPILA,RET154OS,mask,data/processed/papila_masks/RET154OS_exp1.png,True
PAPILA,RET155OD,image,data/external/kaggle/papila/PapilaDB-PAPILA-17f8fa7746adb20275b5b6a0d99dc9dfe3007e9f/FundusImages/RET155OD.jpg,True
PAPILA,RET155OD,mask,data/processed/papila_masks/RET155OD_exp1.png,True
PAPILA,RET155OS,image,data/external/kaggle/papila/PapilaDB-PAPILA-17f8fa7746adb20275b5b6a0d99dc9dfe3007e9f/FundusImages/RET155OS.jpg,True
PAPILA,RET155OS,mask,data/processed/papila_masks/RET155OS_exp1.png,True
PAPILA,RET156OD,image,data/external/kaggle/papila/PapilaDB-PAPILA-17f8fa7746adb20275b5b6a0d99dc9dfe3007e9f/FundusImages/RET156OD.jpg,True
PAPILA,RET156OD,mask,data/processed/papila_masks/RET156OD_exp1.png,True
PAPILA,RET156OS,image,data/external/kaggle/papila/PapilaDB-PAPILA-17f8fa7746adb20275b5b6a0d99dc9dfe3007e9f/FundusImages/RET156OS.jpg,True
PAPILA,RET156OS,mask,data/processed/papila_masks/RET156OS_exp1.png,True
PAPILA,RET157OD,image,data/external/kaggle/papila/PapilaDB-PAPILA-17f8fa7746adb20275b5b6a0d99dc9dfe3007e9f/FundusImages/RET157OD.jpg,True
PAPILA,RET157OD,mask,data/processed/papila_masks/RET157OD_exp1.png,True
PAPILA,RET157OS,image,data/external/kaggle/papila/PapilaDB-PAPILA-17f8fa7746adb20275b5b6a0d99dc9dfe3007e9f/FundusImages/RET157OS.jpg,True
PAPILA,RET157OS,mask,data/processed/papila_masks/RET157OS_exp1.png,True
PAPILA,RET158OD,image,data/external/kaggle/papila/PapilaDB-PAPILA-17f8fa7746adb20275b5b6a0d99dc9dfe3007e9f/FundusImages/RET158OD.jpg,True
PAPILA,RET158OD,mask,data/processed/papila_masks/RET158OD_exp1.png,True
PAPILA,RET158OS,image,data/external/kaggle/papila/PapilaDB-PAPILA-17f8fa7746adb20275b5b6a0d99dc9dfe3007e9f/FundusImages/RET158OS.jpg,True
PAPILA,RET158OS,mask,data/processed/papila_masks/RET158OS_exp1.png,True
PAPILA,RET159OD,image,data/external/kaggle/papila/PapilaDB-PAPILA-17f8fa7746adb20275b5b6a0d99dc9dfe3007e9f/FundusImages/RET159OD.jpg,True
PAPILA,RET159OD,mask,data/processed/papila_masks/RET159OD_exp1.png,True
PAPILA,RET159OS,image,data/external/kaggle/papila/PapilaDB-PAPILA-17f8fa7746adb20275b5b6a0d99dc9dfe3007e9f/FundusImages/RET159OS.jpg,True
PAPILA,RET159OS,mask,data/processed/papila_masks/RET159OS_exp1.png,True
PAPILA,RET160OD,image,data/external/kaggle/papila/PapilaDB-PAPILA-17f8fa7746adb20275b5b6a0d99dc9dfe3007e9f/FundusImages/RET160OD.jpg,True
PAPILA,RET160OD,mask,data/processed/papila_masks/RET160OD_exp1.png,True
PAPILA,RET160OS,image,data/external/kaggle/papila/PapilaDB-PAPILA-17f8fa7746adb20275b5b6a0d99dc9dfe3007e9f/FundusImages/RET160OS.jpg,True
PAPILA,RET160OS,mask,data/processed/papila_masks/RET160OS_exp1.png,True
PAPILA,RET162OD,image,data/external/kaggle/papila/PapilaDB-PAPILA-17f8fa7746adb20275b5b6a0d99dc9dfe3007e9f/FundusImages/RET162OD.jpg,True
PAPILA,RET162OD,mask,data/processed/papila_masks/RET162OD_exp1.png,True
PAPILA,RET162OS,image,data/external/kaggle/papila/PapilaDB-PAPILA-17f8fa7746adb20275b5b6a0d99dc9dfe3007e9f/FundusImages/RET162OS.jpg,True
PAPILA,RET162OS,mask,data/processed/papila_masks/RET162OS_exp1.png,True
PAPILA,RET163OD,image,data/external/kaggle/papila/PapilaDB-PAPILA-17f8fa7746adb20275b5b6a0d99dc9dfe3007e9f/FundusImages/RET163OD.jpg,True
PAPILA,RET163OD,mask,data/processed/papila_masks/RET163OD_exp1.png,True
PAPILA,RET163OS,image,data/external/kaggle/papila/PapilaDB-PAPILA-17f8fa7746adb20275b5b6a0d99dc9dfe3007e9f/FundusImages/RET163OS.jpg,True
PAPILA,RET163OS,mask,data/processed/papila_masks/RET163OS_exp1.png,True
PAPILA,RET164OD,image,data/external/kaggle/papila/PapilaDB-PAPILA-17f8fa7746adb20275b5b6a0d99dc9dfe3007e9f/FundusImages/RET164OD.jpg,True
PAPILA,RET164OD,mask,data/processed/papila_masks/RET164OD_exp1.png,True
PAPILA,RET164OS,image,data/external/kaggle/papila/PapilaDB-PAPILA-17f8fa7746adb20275b5b6a0d99dc9dfe3007e9f/FundusImages/RET164OS.jpg,True
PAPILA,RET164OS,mask,data/processed/papila_masks/RET164OS_exp1.png,True
PAPILA,RET165OD,image,data/external/kaggle/papila/PapilaDB-PAPILA-17f8fa7746adb20275b5b6a0d99dc9dfe3007e9f/FundusImages/RET165OD.jpg,True
PAPILA,RET165OD,mask,data/processed/papila_masks/RET165OD_exp1.png,True
PAPILA,RET165OS,image,data/external/kaggle/papila/PapilaDB-PAPILA-17f8fa7746adb20275b5b6a0d99dc9dfe3007e9f/FundusImages/RET165OS.jpg,True
PAPILA,RET165OS,mask,data/processed/papila_masks/RET165OS_exp1.png,True
PAPILA,RET166OD,image,data/external/kaggle/papila/PapilaDB-PAPILA-17f8fa7746adb20275b5b6a0d99dc9dfe3007e9f/FundusImages/RET166OD.jpg,True
PAPILA,RET166OD,mask,data/processed/papila_masks/RET166OD_exp1.png,True
PAPILA,RET166OS,image,data/external/kaggle/papila/PapilaDB-PAPILA-17f8fa7746adb20275b5b6a0d99dc9dfe3007e9f/FundusImages/RET166OS.jpg,True
PAPILA,RET166OS,mask,data/processed/papila_masks/RET166OS_exp1.png,True
PAPILA,RET168OD,image,data/external/kaggle/papila/PapilaDB-PAPILA-17f8fa7746adb20275b5b6a0d99dc9dfe3007e9f/FundusImages/RET168OD.jpg,True
PAPILA,RET168OD,mask,data/processed/papila_masks/RET168OD_exp1.png,True
PAPILA,RET168OS,image,data/external/kaggle/papila/PapilaDB-PAPILA-17f8fa7746adb20275b5b6a0d99dc9dfe3007e9f/FundusImages/RET168OS.jpg,True
PAPILA,RET168OS,mask,data/processed/papila_masks/RET168OS_exp1.png,True
PAPILA,RET169OD,image,data/external/kaggle/papila/PapilaDB-PAPILA-17f8fa7746adb20275b5b6a0d99dc9dfe3007e9f/FundusImages/RET169OD.jpg,True
PAPILA,RET169OD,mask,data/processed/papila_masks/RET169OD_exp1.png,True
PAPILA,RET169OS,image,data/external/kaggle/papila/PapilaDB-PAPILA-17f8fa7746adb20275b5b6a0d99dc9dfe3007e9f/FundusImages/RET169OS.jpg,True
PAPILA,RET169OS,mask,data/processed/papila_masks/RET169OS_exp1.png,True
PAPILA,RET170OD,image,data/external/kaggle/papila/PapilaDB-PAPILA-17f8fa7746adb20275b5b6a0d99dc9dfe3007e9f/FundusImages/RET170OD.jpg,True
PAPILA,RET170OD,mask,data/processed/papila_masks/RET170OD_exp1.png,True
PAPILA,RET170OS,image,data/external/kaggle/papila/PapilaDB-PAPILA-17f8fa7746adb20275b5b6a0d99dc9dfe3007e9f/FundusImages/RET170OS.jpg,True
PAPILA,RET170OS,mask,data/processed/papila_masks/RET170OS_exp1.png,True
PAPILA,RET171OD,image,data/external/kaggle/papila/PapilaDB-PAPILA-17f8fa7746adb20275b5b6a0d99dc9dfe3007e9f/FundusImages/RET171OD.jpg,True
PAPILA,RET171OD,mask,data/processed/papila_masks/RET171OD_exp1.png,True
PAPILA,RET171OS,image,data/external/kaggle/papila/PapilaDB-PAPILA-17f8fa7746adb20275b5b6a0d99dc9dfe3007e9f/FundusImages/RET171OS.jpg,True
PAPILA,RET171OS,mask,data/processed/papila_masks/RET171OS_exp1.png,True
PAPILA,RET172OD,image,data/external/kaggle/papila/PapilaDB-PAPILA-17f8fa7746adb20275b5b6a0d99dc9dfe3007e9f/FundusImages/RET172OD.jpg,True
PAPILA,RET172OD,mask,data/processed/papila_masks/RET172OD_exp1.png,True
PAPILA,RET172OS,image,data/external/kaggle/papila/PapilaDB-PAPILA-17f8fa7746adb20275b5b6a0d99dc9dfe3007e9f/FundusImages/RET172OS.jpg,True
PAPILA,RET172OS,mask,data/processed/papila_masks/RET172OS_exp1.png,True
PAPILA,RET174OD,image,data/external/kaggle/papila/PapilaDB-PAPILA-17f8fa7746adb20275b5b6a0d99dc9dfe3007e9f/FundusImages/RET174OD.jpg,True
PAPILA,RET174OD,mask,data/processed/papila_masks/RET174OD_exp1.png,True
PAPILA,RET174OS,image,data/external/kaggle/papila/PapilaDB-PAPILA-17f8fa7746adb20275b5b6a0d99dc9dfe3007e9f/FundusImages/RET174OS.jpg,True
PAPILA,RET174OS,mask,data/processed/papila_masks/RET174OS_exp1.png,True
PAPILA,RET175OD,image,data/external/kaggle/papila/PapilaDB-PAPILA-17f8fa7746adb20275b5b6a0d99dc9dfe3007e9f/FundusImages/RET175OD.jpg,True
PAPILA,RET175OD,mask,data/processed/papila_masks/RET175OD_exp1.png,True
PAPILA,RET175OS,image,data/external/kaggle/papila/PapilaDB-PAPILA-17f8fa7746adb20275b5b6a0d99dc9dfe3007e9f/FundusImages/RET175OS.jpg,True
PAPILA,RET175OS,mask,data/processed/papila_masks/RET175OS_exp1.png,True
PAPILA,RET176OD,image,data/external/kaggle/papila/PapilaDB-PAPILA-17f8fa7746adb20275b5b6a0d99dc9dfe3007e9f/FundusImages/RET176OD.jpg,True
PAPILA,RET176OD,mask,data/processed/papila_masks/RET176OD_exp1.png,True
PAPILA,RET176OS,image,data/external/kaggle/papila/PapilaDB-PAPILA-17f8fa7746adb20275b5b6a0d99dc9dfe3007e9f/FundusImages/RET176OS.jpg,True
PAPILA,RET176OS,mask,data/processed/papila_masks/RET176OS_exp1.png,True
PAPILA,RET177OD,image,data/external/kaggle/papila/PapilaDB-PAPILA-17f8fa7746adb20275b5b6a0d99dc9dfe3007e9f/FundusImages/RET177OD.jpg,True
PAPILA,RET177OD,mask,data/processed/papila_masks/RET177OD_exp1.png,True
PAPILA,RET177OS,image,data/external/kaggle/papila/PapilaDB-PAPILA-17f8fa7746adb20275b5b6a0d99dc9dfe3007e9f/FundusImages/RET177OS.jpg,True
PAPILA,RET177OS,mask,data/processed/papila_masks/RET177OS_exp1.png,True
PAPILA,RET178OD,image,data/external/kaggle/papila/PapilaDB-PAPILA-17f8fa7746adb20275b5b6a0d99dc9dfe3007e9f/FundusImages/RET178OD.jpg,True
PAPILA,RET178OD,mask,data/processed/papila_masks/RET178OD_exp1.png,True
PAPILA,RET178OS,image,data/external/kaggle/papila/PapilaDB-PAPILA-17f8fa7746adb20275b5b6a0d99dc9dfe3007e9f/FundusImages/RET178OS.jpg,True
PAPILA,RET178OS,mask,data/processed/papila_masks/RET178OS_exp1.png,True
PAPILA,RET179OD,image,data/external/kaggle/papila/PapilaDB-PAPILA-17f8fa7746adb20275b5b6a0d99dc9dfe3007e9f/FundusImages/RET179OD.jpg,True
PAPILA,RET179OD,mask,data/processed/papila_masks/RET179OD_exp1.png,True
PAPILA,RET179OS,image,data/external/kaggle/papila/PapilaDB-PAPILA-17f8fa7746adb20275b5b6a0d99dc9dfe3007e9f/FundusImages/RET179OS.jpg,True
PAPILA,RET179OS,mask,data/processed/papila_masks/RET179OS_exp1.png,True
PAPILA,RET180OD,image,data/external/kaggle/papila/PapilaDB-PAPILA-17f8fa7746adb20275b5b6a0d99dc9dfe3007e9f/FundusImages/RET180OD.jpg,True
PAPILA,RET180OD,mask,data/processed/papila_masks/RET180OD_exp1.png,True
PAPILA,RET180OS,image,data/external/kaggle/papila/PapilaDB-PAPILA-17f8fa7746adb20275b5b6a0d99dc9dfe3007e9f/FundusImages/RET180OS.jpg,True
PAPILA,RET180OS,mask,data/processed/papila_masks/RET180OS_exp1.png,True
PAPILA,RET181OD,image,data/external/kaggle/papila/PapilaDB-PAPILA-17f8fa7746adb20275b5b6a0d99dc9dfe3007e9f/FundusImages/RET181OD.jpg,True
PAPILA,RET181OD,mask,data/processed/papila_masks/RET181OD_exp1.png,True
PAPILA,RET181OS,image,data/external/kaggle/papila/PapilaDB-PAPILA-17f8fa7746adb20275b5b6a0d99dc9dfe3007e9f/FundusImages/RET181OS.jpg,True
PAPILA,RET181OS,mask,data/processed/papila_masks/RET181OS_exp1.png,True
PAPILA,RET182OD,image,data/external/kaggle/papila/PapilaDB-PAPILA-17f8fa7746adb20275b5b6a0d99dc9dfe3007e9f/FundusImages/RET182OD.jpg,True
PAPILA,RET182OD,mask,data/processed/papila_masks/RET182OD_exp1.png,True
PAPILA,RET182OS,image,data/external/kaggle/papila/PapilaDB-PAPILA-17f8fa7746adb20275b5b6a0d99dc9dfe3007e9f/FundusImages/RET182OS.jpg,True
PAPILA,RET182OS,mask,data/processed/papila_masks/RET182OS_exp1.png,True
PAPILA,RET183OD,image,data/external/kaggle/papila/PapilaDB-PAPILA-17f8fa7746adb20275b5b6a0d99dc9dfe3007e9f/FundusImages/RET183OD.jpg,True
PAPILA,RET183OD,mask,data/processed/papila_masks/RET183OD_exp1.png,True
PAPILA,RET183OS,image,data/external/kaggle/papila/PapilaDB-PAPILA-17f8fa7746adb20275b5b6a0d99dc9dfe3007e9f/FundusImages/RET183OS.jpg,True
PAPILA,RET183OS,mask,data/processed/papila_masks/RET183OS_exp1.png,True
PAPILA,RET184OD,image,data/external/kaggle/papila/PapilaDB-PAPILA-17f8fa7746adb20275b5b6a0d99dc9dfe3007e9f/FundusImages/RET184OD.jpg,True
PAPILA,RET184OD,mask,data/processed/papila_masks/RET184OD_exp1.png,True
PAPILA,RET184OS,image,data/external/kaggle/papila/PapilaDB-PAPILA-17f8fa7746adb20275b5b6a0d99dc9dfe3007e9f/FundusImages/RET184OS.jpg,True
PAPILA,RET184OS,mask,data/processed/papila_masks/RET184OS_exp1.png,True
PAPILA,RET186OD,image,data/external/kaggle/papila/PapilaDB-PAPILA-17f8fa7746adb20275b5b6a0d99dc9dfe3007e9f/FundusImages/RET186OD.jpg,True
PAPILA,RET186OD,mask,data/processed/papila_masks/RET186OD_exp1.png,True
PAPILA,RET186OS,image,data/external/kaggle/papila/PapilaDB-PAPILA-17f8fa7746adb20275b5b6a0d99dc9dfe3007e9f/FundusImages/RET186OS.jpg,True
PAPILA,RET186OS,mask,data/processed/papila_masks/RET186OS_exp1.png,True
PAPILA,RET187OD,image,data/external/kaggle/papila/PapilaDB-PAPILA-17f8fa7746adb20275b5b6a0d99dc9dfe3007e9f/FundusImages/RET187OD.jpg,True
PAPILA,RET187OD,mask,data/processed/papila_masks/RET187OD_exp1.png,True
PAPILA,RET187OS,image,data/external/kaggle/papila/PapilaDB-PAPILA-17f8fa7746adb20275b5b6a0d99dc9dfe3007e9f/FundusImages/RET187OS.jpg,True
PAPILA,RET187OS,mask,data/processed/papila_masks/RET187OS_exp1.png,True
PAPILA,RET188OD,image,data/external/kaggle/papila/PapilaDB-PAPILA-17f8fa7746adb20275b5b6a0d99dc9dfe3007e9f/FundusImages/RET188OD.jpg,True
PAPILA,RET188OD,mask,data/processed/papila_masks/RET188OD_exp1.png,True
PAPILA,RET188OS,image,data/external/kaggle/papila/PapilaDB-PAPILA-17f8fa7746adb20275b5b6a0d99dc9dfe3007e9f/FundusImages/RET188OS.jpg,True
PAPILA,RET188OS,mask,data/processed/papila_masks/RET188OS_exp1.png,True
PAPILA,RET189OD,image,data/external/kaggle/papila/PapilaDB-PAPILA-17f8fa7746adb20275b5b6a0d99dc9dfe3007e9f/FundusImages/RET189OD.jpg,True
PAPILA,RET189OD,mask,data/processed/papila_masks/RET189OD_exp1.png,True
PAPILA,RET189OS,image,data/external/kaggle/papila/PapilaDB-PAPILA-17f8fa7746adb20275b5b6a0d99dc9dfe3007e9f/FundusImages/RET189OS.jpg,True
PAPILA,RET189OS,mask,data/processed/papila_masks/RET189OS_exp1.png,True
PAPILA,RET190OD,image,data/external/kaggle/papila/PapilaDB-PAPILA-17f8fa7746adb20275b5b6a0d99dc9dfe3007e9f/FundusImages/RET190OD.jpg,True
PAPILA,RET190OD,mask,data/processed/papila_masks/RET190OD_exp1.png,True
PAPILA,RET190OS,image,data/external/kaggle/papila/PapilaDB-PAPILA-17f8fa7746adb20275b5b6a0d99dc9dfe3007e9f/FundusImages/RET190OS.jpg,True
PAPILA,RET190OS,mask,data/processed/papila_masks/RET190OS_exp1.png,True
PAPILA,RET191OD,image,data/external/kaggle/papila/PapilaDB-PAPILA-17f8fa7746adb20275b5b6a0d99dc9dfe3007e9f/FundusImages/RET191OD.jpg,True
PAPILA,RET191OD,mask,data/processed/papila_masks/RET191OD_exp1.png,True
PAPILA,RET191OS,image,data/external/kaggle/papila/PapilaDB-PAPILA-17f8fa7746adb20275b5b6a0d99dc9dfe3007e9f/FundusImages/RET191OS.jpg,True
PAPILA,RET191OS,mask,data/processed/papila_masks/RET191OS_exp1.png,True
PAPILA,RET192OD,image,data/external/kaggle/papila/PapilaDB-PAPILA-17f8fa7746adb20275b5b6a0d99dc9dfe3007e9f/FundusImages/RET192OD.jpg,True
PAPILA,RET192OD,mask,data/processed/papila_masks/RET192OD_exp1.png,True
PAPILA,RET192OS,image,data/external/kaggle/papila/PapilaDB-PAPILA-17f8fa7746adb20275b5b6a0d99dc9dfe3007e9f/FundusImages/RET192OS.jpg,True
PAPILA,RET192OS,mask,data/processed/papila_masks/RET192OS_exp1.png,True
PAPILA,RET193OD,image,data/external/kaggle/papila/PapilaDB-PAPILA-17f8fa7746adb20275b5b6a0d99dc9dfe3007e9f/FundusImages/RET193OD.jpg,True
PAPILA,RET193OD,mask,data/processed/papila_masks/RET193OD_exp1.png,True
PAPILA,RET193OS,image,data/external/kaggle/papila/PapilaDB-PAPILA-17f8fa7746adb20275b5b6a0d99dc9dfe3007e9f/FundusImages/RET193OS.jpg,True
PAPILA,RET193OS,mask,data/processed/papila_masks/RET193OS_exp1.png,True
PAPILA,RET194OD,image,data/external/kaggle/papila/PapilaDB-PAPILA-17f8fa7746adb20275b5b6a0d99dc9dfe3007e9f/FundusImages/RET194OD.jpg,True
PAPILA,RET194OD,mask,data/processed/papila_masks/RET194OD_exp1.png,True
PAPILA,RET194OS,image,data/external/kaggle/papila/PapilaDB-PAPILA-17f8fa7746adb20275b5b6a0d99dc9dfe3007e9f/FundusImages/RET194OS.jpg,True
PAPILA,RET194OS,mask,data/processed/papila_masks/RET194OS_exp1.png,True
PAPILA,RET195OD,image,data/external/kaggle/papila/PapilaDB-PAPILA-17f8fa7746adb20275b5b6a0d99dc9dfe3007e9f/FundusImages/RET195OD.jpg,True
PAPILA,RET195OD,mask,data/processed/papila_masks/RET195OD_exp1.png,True
PAPILA,RET195OS,image,data/external/kaggle/papila/PapilaDB-PAPILA-17f8fa7746adb20275b5b6a0d99dc9dfe3007e9f/FundusImages/RET195OS.jpg,True
PAPILA,RET195OS,mask,data/processed/papila_masks/RET195OS_exp1.png,True
PAPILA,RET196OD,image,data/external/kaggle/papila/PapilaDB-PAPILA-17f8fa7746adb20275b5b6a0d99dc9dfe3007e9f/FundusImages/RET196OD.jpg,True
PAPILA,RET196OD,mask,data/processed/papila_masks/RET196OD_exp1.png,True
PAPILA,RET196OS,image,data/external/kaggle/papila/PapilaDB-PAPILA-17f8fa7746adb20275b5b6a0d99dc9dfe3007e9f/FundusImages/RET196OS.jpg,True
PAPILA,RET196OS,mask,data/processed/papila_masks/RET196OS_exp1.png,True
PAPILA,RET197OD,image,data/external/kaggle/papila/PapilaDB-PAPILA-17f8fa7746adb20275b5b6a0d99dc9dfe3007e9f/FundusImages/RET197OD.jpg,True
PAPILA,RET197OD,mask,data/processed/papila_masks/RET197OD_exp1.png,True
PAPILA,RET197OS,image,data/external/kaggle/papila/PapilaDB-PAPILA-17f8fa7746adb20275b5b6a0d99dc9dfe3007e9f/FundusImages/RET197OS.jpg,True
PAPILA,RET197OS,mask,data/processed/papila_masks/RET197OS_exp1.png,True
PAPILA,RET198OD,image,data/external/kaggle/papila/PapilaDB-PAPILA-17f8fa7746adb20275b5b6a0d99dc9dfe3007e9f/FundusImages/RET198OD.jpg,True
PAPILA,RET198OD,mask,data/processed/papila_masks/RET198OD_exp1.png,True
PAPILA,RET198OS,image,data/external/kaggle/papila/PapilaDB-PAPILA-17f8fa7746adb20275b5b6a0d99dc9dfe3007e9f/FundusImages/RET198OS.jpg,True
PAPILA,RET198OS,mask,data/processed/papila_masks/RET198OS_exp1.png,True
PAPILA,RET199OD,image,data/external/kaggle/papila/PapilaDB-PAPILA-17f8fa7746adb20275b5b6a0d99dc9dfe3007e9f/FundusImages/RET199OD.jpg,True
PAPILA,RET199OD,mask,data/processed/papila_masks/RET199OD_exp1.png,True
PAPILA,RET199OS,image,data/external/kaggle/papila/PapilaDB-PAPILA-17f8fa7746adb20275b5b6a0d99dc9dfe3007e9f/FundusImages/RET199OS.jpg,True
PAPILA,RET199OS,mask,data/processed/papila_masks/RET199OS_exp1.png,True
PAPILA,RET200OD,image,data/external/kaggle/papila/PapilaDB-PAPILA-17f8fa7746adb20275b5b6a0d99dc9dfe3007e9f/FundusImages/RET200OD.jpg,True
PAPILA,RET200OD,mask,data/processed/papila_masks/RET200OD_exp1.png,True
PAPILA,RET200OS,image,data/external/kaggle/papila/PapilaDB-PAPILA-17f8fa7746adb20275b5b6a0d99dc9dfe3007e9f/FundusImages/RET200OS.jpg,True
PAPILA,RET200OS,mask,data/processed/papila_masks/RET200OS_exp1.png,True
PAPILA,RET201OD,image,data/external/kaggle/papila/PapilaDB-PAPILA-17f8fa7746adb20275b5b6a0d99dc9dfe3007e9f/FundusImages/RET201OD.jpg,True
PAPILA,RET201OD,mask,data/processed/papila_masks/RET201OD_exp1.png,True
PAPILA,RET201OS,image,data/external/kaggle/papila/PapilaDB-PAPILA-17f8fa7746adb20275b5b6a0d99dc9dfe3007e9f/FundusImages/RET201OS.jpg,True
PAPILA,RET201OS,mask,data/processed/papila_masks/RET201OS_exp1.png,True
PAPILA,RET202OD,image,data/external/kaggle/papila/PapilaDB-PAPILA-17f8fa7746adb20275b5b6a0d99dc9dfe3007e9f/FundusImages/RET202OD.jpg,True
PAPILA,RET202OD,mask,data/processed/papila_masks/RET202OD_exp1.png,True
PAPILA,RET202OS,image,data/external/kaggle/papila/PapilaDB-PAPILA-17f8fa7746adb20275b5b6a0d99dc9dfe3007e9f/FundusImages/RET202OS.jpg,True
PAPILA,RET202OS,mask,data/processed/papila_masks/RET202OS_exp1.png,True
PAPILA,RET203OD,image,data/external/kaggle/papila/PapilaDB-PAPILA-17f8fa7746adb20275b5b6a0d99dc9dfe3007e9f/FundusImages/RET203OD.jpg,True
PAPILA,RET203OD,mask,data/processed/papila_masks/RET203OD_exp1.png,True
PAPILA,RET203OS,image,data/external/kaggle/papila/PapilaDB-PAPILA-17f8fa7746adb20275b5b6a0d99dc9dfe3007e9f/FundusImages/RET203OS.jpg,True
PAPILA,RET203OS,mask,data/processed/papila_masks/RET203OS_exp1.png,True
PAPILA,RET204OD,image,data/external/kaggle/papila/PapilaDB-PAPILA-17f8fa7746adb20275b5b6a0d99dc9dfe3007e9f/FundusImages/RET204OD.jpg,True
PAPILA,RET204OD,mask,data/processed/papila_masks/RET204OD_exp1.png,True
PAPILA,RET204OS,image,data/external/kaggle/papila/PapilaDB-PAPILA-17f8fa7746adb20275b5b6a0d99dc9dfe3007e9f/FundusImages/RET204OS.jpg,True
PAPILA,RET204OS,mask,data/processed/papila_masks/RET204OS_exp1.png,True
PAPILA,RET205OD,image,data/external/kaggle/papila/PapilaDB-PAPILA-17f8fa7746adb20275b5b6a0d99dc9dfe3007e9f/FundusImages/RET205OD.jpg,True
PAPILA,RET205OD,mask,data/processed/papila_masks/RET205OD_exp1.png,True
PAPILA,RET205OS,image,data/external/kaggle/papila/PapilaDB-PAPILA-17f8fa7746adb20275b5b6a0d99dc9dfe3007e9f/FundusImages/RET205OS.jpg,True
PAPILA,RET205OS,mask,data/processed/papila_masks/RET205OS_exp1.png,True
PAPILA,RET206OD,image,data/external/kaggle/papila/PapilaDB-PAPILA-17f8fa7746adb20275b5b6a0d99dc9dfe3007e9f/FundusImages/RET206OD.jpg,True
PAPILA,RET206OD,mask,data/processed/papila_masks/RET206OD_exp1.png,True
PAPILA,RET206OS,image,data/external/kaggle/papila/PapilaDB-PAPILA-17f8fa7746adb20275b5b6a0d99dc9dfe3007e9f/FundusImages/RET206OS.jpg,True
PAPILA,RET206OS,mask,data/processed/papila_masks/RET206OS_exp1.png,True
PAPILA,RET207OD,image,data/external/kaggle/papila/PapilaDB-PAPILA-17f8fa7746adb20275b5b6a0d99dc9dfe3007e9f/FundusImages/RET207OD.jpg,True
PAPILA,RET207OD,mask,data/processed/papila_masks/RET207OD_exp1.png,True
PAPILA,RET207OS,image,data/external/kaggle/papila/PapilaDB-PAPILA-17f8fa7746adb20275b5b6a0d99dc9dfe3007e9f/FundusImages/RET207OS.jpg,True
PAPILA,RET207OS,mask,data/processed/papila_masks/RET207OS_exp1.png,True
PAPILA,RET208OD,image,data/external/kaggle/papila/PapilaDB-PAPILA-17f8fa7746adb20275b5b6a0d99dc9dfe3007e9f/FundusImages/RET208OD.jpg,True
PAPILA,RET208OD,mask,data/processed/papila_masks/RET208OD_exp1.png,True
PAPILA,RET208OS,image,data/external/kaggle/papila/PapilaDB-PAPILA-17f8fa7746adb20275b5b6a0d99dc9dfe3007e9f/FundusImages/RET208OS.jpg,True
PAPILA,RET208OS,mask,data/processed/papila_masks/RET208OS_exp1.png,True
PAPILA,RET209OD,image,data/external/kaggle/papila/PapilaDB-PAPILA-17f8fa7746adb20275b5b6a0d99dc9dfe3007e9f/FundusImages/RET209OD.jpg,True
PAPILA,RET209OD,mask,data/processed/papila_masks/RET209OD_exp1.png,True
PAPILA,RET209OS,image,data/external/kaggle/papila/PapilaDB-PAPILA-17f8fa7746adb20275b5b6a0d99dc9dfe3007e9f/FundusImages/RET209OS.jpg,True
PAPILA,RET209OS,mask,data/processed/papila_masks/RET209OS_exp1.png,True
PAPILA,RET210OD,image,data/external/kaggle/papila/PapilaDB-PAPILA-17f8fa7746adb20275b5b6a0d99dc9dfe3007e9f/FundusImages/RET210OD.jpg,True
PAPILA,RET210OD,mask,data/processed/papila_masks/RET210OD_exp1.png,True
PAPILA,RET210OS,image,data/external/kaggle/papila/PapilaDB-PAPILA-17f8fa7746adb20275b5b6a0d99dc9dfe3007e9f/FundusImages/RET210OS.jpg,True
PAPILA,RET210OS,mask,data/processed/papila_masks/RET210OS_exp1.png,True
PAPILA,RET211OD,image,data/external/kaggle/papila/PapilaDB-PAPILA-17f8fa7746adb20275b5b6a0d99dc9dfe3007e9f/FundusImages/RET211OD.jpg,True
PAPILA,RET211OD,mask,data/processed/papila_masks/RET211OD_exp1.png,True
PAPILA,RET211OS,image,data/external/kaggle/papila/PapilaDB-PAPILA-17f8fa7746adb20275b5b6a0d99dc9dfe3007e9f/FundusImages/RET211OS.jpg,True
PAPILA,RET211OS,mask,data/processed/papila_masks/RET211OS_exp1.png,True
PAPILA,RET212OD,image,data/external/kaggle/papila/PapilaDB-PAPILA-17f8fa7746adb20275b5b6a0d99dc9dfe3007e9f/FundusImages/RET212OD.jpg,True
PAPILA,RET212OD,mask,data/processed/papila_masks/RET212OD_exp1.png,True
PAPILA,RET212OS,image,data/external/kaggle/papila/PapilaDB-PAPILA-17f8fa7746adb20275b5b6a0d99dc9dfe3007e9f/FundusImages/RET212OS.jpg,True
PAPILA,RET212OS,mask,data/processed/papila_masks/RET212OS_exp1.png,True
PAPILA,RET213OD,image,data/external/kaggle/papila/PapilaDB-PAPILA-17f8fa7746adb20275b5b6a0d99dc9dfe3007e9f/FundusImages/RET213OD.jpg,True
PAPILA,RET213OD,mask,data/processed/papila_masks/RET213OD_exp1.png,True
PAPILA,RET213OS,image,data/external/kaggle/papila/PapilaDB-PAPILA-17f8fa7746adb20275b5b6a0d99dc9dfe3007e9f/FundusImages/RET213OS.jpg,True
PAPILA,RET213OS,mask,data/processed/papila_masks/RET213OS_exp1.png,True
PAPILA,RET214OD,image,data/external/kaggle/papila/PapilaDB-PAPILA-17f8fa7746adb20275b5b6a0d99dc9dfe3007e9f/FundusImages/RET214OD.jpg,True
PAPILA,RET214OD,mask,data/processed/papila_masks/RET214OD_exp1.png,True
PAPILA,RET214OS,image,data/external/kaggle/papila/PapilaDB-PAPILA-17f8fa7746adb20275b5b6a0d99dc9dfe3007e9f/FundusImages/RET214OS.jpg,True
PAPILA,RET214OS,mask,data/processed/papila_masks/RET214OS_exp1.png,True
PAPILA,RET215OD,image,data/external/kaggle/papila/PapilaDB-PAPILA-17f8fa7746adb20275b5b6a0d99dc9dfe3007e9f/FundusImages/RET215OD.jpg,True
PAPILA,RET215OD,mask,data/processed/papila_masks/RET215OD_exp1.png,True
PAPILA,RET215OS,image,data/external/kaggle/papila/PapilaDB-PAPILA-17f8fa7746adb20275b5b6a0d99dc9dfe3007e9f/FundusImages/RET215OS.jpg,True
PAPILA,RET215OS,mask,data/processed/papila_masks/RET215OS_exp1.png,True
PAPILA,RET216OD,image,data/external/kaggle/papila/PapilaDB-PAPILA-17f8fa7746adb20275b5b6a0d99dc9dfe3007e9f/FundusImages/RET216OD.jpg,True
PAPILA,RET216OD,mask,data/processed/papila_masks/RET216OD_exp1.png,True
PAPILA,RET216OS,image,data/external/kaggle/papila/PapilaDB-PAPILA-17f8fa7746adb20275b5b6a0d99dc9dfe3007e9f/FundusImages/RET216OS.jpg,True
PAPILA,RET216OS,mask,data/processed/papila_masks/RET216OS_exp1.png,True
PAPILA,RET217OD,image,data/external/kaggle/papila/PapilaDB-PAPILA-17f8fa7746adb20275b5b6a0d99dc9dfe3007e9f/FundusImages/RET217OD.jpg,True
PAPILA,RET217OD,mask,data/processed/papila_masks/RET217OD_exp1.png,True
PAPILA,RET217OS,image,data/external/kaggle/papila/PapilaDB-PAPILA-17f8fa7746adb20275b5b6a0d99dc9dfe3007e9f/FundusImages/RET217OS.jpg,True
PAPILA,RET217OS,mask,data/processed/papila_masks/RET217OS_exp1.png,True
PAPILA,RET218OD,image,data/external/kaggle/papila/PapilaDB-PAPILA-17f8fa7746adb20275b5b6a0d99dc9dfe3007e9f/FundusImages/RET218OD.jpg,True
PAPILA,RET218OD,mask,data/processed/papila_masks/RET218OD_exp1.png,True
PAPILA,RET218OS,image,data/external/kaggle/papila/PapilaDB-PAPILA-17f8fa7746adb20275b5b6a0d99dc9dfe3007e9f/FundusImages/RET218OS.jpg,True
PAPILA,RET218OS,mask,data/processed/papila_masks/RET218OS_exp1.png,True
PAPILA,RET219OD,image,data/external/kaggle/papila/PapilaDB-PAPILA-17f8fa7746adb20275b5b6a0d99dc9dfe3007e9f/FundusImages/RET219OD.jpg,True
PAPILA,RET219OD,mask,data/processed/papila_masks/RET219OD_exp1.png,True
PAPILA,RET219OS,image,data/external/kaggle/papila/PapilaDB-PAPILA-17f8fa7746adb20275b5b6a0d99dc9dfe3007e9f/FundusImages/RET219OS.jpg,True
PAPILA,RET219OS,mask,data/processed/papila_masks/RET219OS_exp1.png,True
PAPILA,RET220OD,image,data/external/kaggle/papila/PapilaDB-PAPILA-17f8fa7746adb20275b5b6a0d99dc9dfe3007e9f/FundusImages/RET220OD.jpg,True
PAPILA,RET220OD,mask,data/processed/papila_masks/RET220OD_exp1.png,True
PAPILA,RET220OS,image,data/external/kaggle/papila/PapilaDB-PAPILA-17f8fa7746adb20275b5b6a0d99dc9dfe3007e9f/FundusImages/RET220OS.jpg,True
PAPILA,RET220OS,mask,data/processed/papila_masks/RET220OS_exp1.png,True
PAPILA,RET221OD,image,data/external/kaggle/papila/PapilaDB-PAPILA-17f8fa7746adb20275b5b6a0d99dc9dfe3007e9f/FundusImages/RET221OD.jpg,True
PAPILA,RET221OD,mask,data/processed/papila_masks/RET221OD_exp1.png,True
PAPILA,RET221OS,image,data/external/kaggle/papila/PapilaDB-PAPILA-17f8fa7746adb20275b5b6a0d99dc9dfe3007e9f/FundusImages/RET221OS.jpg,True
PAPILA,RET221OS,mask,data/processed/papila_masks/RET221OS_exp1.png,True
PAPILA,RET222OD,image,data/external/kaggle/papila/PapilaDB-PAPILA-17f8fa7746adb20275b5b6a0d99dc9dfe3007e9f/FundusImages/RET222OD.jpg,True
PAPILA,RET222OD,mask,data/processed/papila_masks/RET222OD_exp1.png,True
PAPILA,RET222OS,image,data/external/kaggle/papila/PapilaDB-PAPILA-17f8fa7746adb20275b5b6a0d99dc9dfe3007e9f/FundusImages/RET222OS.jpg,True
PAPILA,RET222OS,mask,data/processed/papila_masks/RET222OS_exp1.png,True
PAPILA,RET223OD,image,data/external/kaggle/papila/PapilaDB-PAPILA-17f8fa7746adb20275b5b6a0d99dc9dfe3007e9f/FundusImages/RET223OD.jpg,True
PAPILA,RET223OD,mask,data/processed/papila_masks/RET223OD_exp1.png,True
PAPILA,RET223OS,image,data/external/kaggle/papila/PapilaDB-PAPILA-17f8fa7746adb20275b5b6a0d99dc9dfe3007e9f/FundusImages/RET223OS.jpg,True
PAPILA,RET223OS,mask,data/processed/papila_masks/RET223OS_exp1.png,True
PAPILA,RET224OD,image,data/external/kaggle/papila/PapilaDB-PAPILA-17f8fa7746adb20275b5b6a0d99dc9dfe3007e9f/FundusImages/RET224OD.jpg,True
PAPILA,RET224OD,mask,data/processed/papila_masks/RET224OD_exp1.png,True
PAPILA,RET224OS,image,data/external/kaggle/papila/PapilaDB-PAPILA-17f8fa7746adb20275b5b6a0d99dc9dfe3007e9f/FundusImages/RET224OS.jpg,True
PAPILA,RET224OS,mask,data/processed/papila_masks/RET224OS_exp1.png,True
PAPILA,RET225OD,image,data/external/kaggle/papila/PapilaDB-PAPILA-17f8fa7746adb20275b5b6a0d99dc9dfe3007e9f/FundusImages/RET225OD.jpg,True
PAPILA,RET225OD,mask,data/processed/papila_masks/RET225OD_exp1.png,True
PAPILA,RET225OS,image,data/external/kaggle/papila/PapilaDB-PAPILA-17f8fa7746adb20275b5b6a0d99dc9dfe3007e9f/FundusImages/RET225OS.jpg,True
PAPILA,RET225OS,mask,data/processed/papila_masks/RET225OS_exp1.png,True
PAPILA,RET227OD,image,data/external/kaggle/papila/PapilaDB-PAPILA-17f8fa7746adb20275b5b6a0d99dc9dfe3007e9f/FundusImages/RET227OD.jpg,True
PAPILA,RET227OD,mask,data/processed/papila_masks/RET227OD_exp1.png,True
PAPILA,RET227OS,image,data/external/kaggle/papila/PapilaDB-PAPILA-17f8fa7746adb20275b5b6a0d99dc9dfe3007e9f/FundusImages/RET227OS.jpg,True
PAPILA,RET227OS,mask,data/processed/papila_masks/RET227OS_exp1.png,True
PAPILA,RET228OD,image,data/external/kaggle/papila/PapilaDB-PAPILA-17f8fa7746adb20275b5b6a0d99dc9dfe3007e9f/FundusImages/RET228OD.jpg,True
PAPILA,RET228OD,mask,data/processed/papila_masks/RET228OD_exp1.png,True
PAPILA,RET228OS,image,data/external/kaggle/papila/PapilaDB-PAPILA-17f8fa7746adb20275b5b6a0d99dc9dfe3007e9f/FundusImages/RET228OS.jpg,True
PAPILA,RET228OS,mask,data/processed/papila_masks/RET228OS_exp1.png,True
PAPILA,RET229OD,image,data/external/kaggle/papila/PapilaDB-PAPILA-17f8fa7746adb20275b5b6a0d99dc9dfe3007e9f/FundusImages/RET229OD.jpg,True
PAPILA,RET229OD,mask,data/processed/papila_masks/RET229OD_exp1.png,True
PAPILA,RET229OS,image,data/external/kaggle/papila/PapilaDB-PAPILA-17f8fa7746adb20275b5b6a0d99dc9dfe3007e9f/FundusImages/RET229OS.jpg,True
PAPILA,RET229OS,mask,data/processed/papila_masks/RET229OS_exp1.png,True
PAPILA,RET230OD,image,data/external/kaggle/papila/PapilaDB-PAPILA-17f8fa7746adb20275b5b6a0d99dc9dfe3007e9f/FundusImages/RET230OD.jpg,True
PAPILA,RET230OD,mask,data/processed/papila_masks/RET230OD_exp1.png,True
PAPILA,RET230OS,image,data/external/kaggle/papila/PapilaDB-PAPILA-17f8fa7746adb20275b5b6a0d99dc9dfe3007e9f/FundusImages/RET230OS.jpg,True
PAPILA,RET230OS,mask,data/processed/papila_masks/RET230OS_exp1.png,True
PAPILA,RET231OD,image,data/external/kaggle/papila/PapilaDB-PAPILA-17f8fa7746adb20275b5b6a0d99dc9dfe3007e9f/FundusImages/RET231OD.jpg,True
PAPILA,RET231OD,mask,data/processed/papila_masks/RET231OD_exp1.png,True
PAPILA,RET231OS,image,data/external/kaggle/papila/PapilaDB-PAPILA-17f8fa7746adb20275b5b6a0d99dc9dfe3007e9f/FundusImages/RET231OS.jpg,True
PAPILA,RET231OS,mask,data/processed/papila_masks/RET231OS_exp1.png,True
PAPILA,RET232OD,image,data/external/kaggle/papila/PapilaDB-PAPILA-17f8fa7746adb20275b5b6a0d99dc9dfe3007e9f/FundusImages/RET232OD.jpg,True
PAPILA,RET232OD,mask,data/processed/papila_masks/RET232OD_exp1.png,True
PAPILA,RET232OS,image,data/external/kaggle/papila/PapilaDB-PAPILA-17f8fa7746adb20275b5b6a0d99dc9dfe3007e9f/FundusImages/RET232OS.jpg,True
PAPILA,RET232OS,mask,data/processed/papila_masks/RET232OS_exp1.png,True
PAPILA,RET233OD,image,data/external/kaggle/papila/PapilaDB-PAPILA-17f8fa7746adb20275b5b6a0d99dc9dfe3007e9f/FundusImages/RET233OD.jpg,True
PAPILA,RET233OD,mask,data/processed/papila_masks/RET233OD_exp1.png,True
PAPILA,RET233OS,image,data/external/kaggle/papila/PapilaDB-PAPILA-17f8fa7746adb20275b5b6a0d99dc9dfe3007e9f/FundusImages/RET233OS.jpg,True
PAPILA,RET233OS,mask,data/processed/papila_masks/RET233OS_exp1.png,True
PAPILA,RET234OD,image,data/external/kaggle/papila/PapilaDB-PAPILA-17f8fa7746adb20275b5b6a0d99dc9dfe3007e9f/FundusImages/RET234OD.jpg,True
PAPILA,RET234OD,mask,data/processed/papila_masks/RET234OD_exp1.png,True
PAPILA,RET234OS,image,data/external/kaggle/papila/PapilaDB-PAPILA-17f8fa7746adb20275b5b6a0d99dc9dfe3007e9f/FundusImages/RET234OS.jpg,True
PAPILA,RET234OS,mask,data/processed/papila_masks/RET234OS_exp1.png,True
PAPILA,RET235OD,image,data/external/kaggle/papila/PapilaDB-PAPILA-17f8fa7746adb20275b5b6a0d99dc9dfe3007e9f/FundusImages/RET235OD.jpg,True
PAPILA,RET235OD,mask,data/processed/papila_masks/RET235OD_exp1.png,True
PAPILA,RET235OS,image,data/external/kaggle/papila/PapilaDB-PAPILA-17f8fa7746adb20275b5b6a0d99dc9dfe3007e9f/FundusImages/RET235OS.jpg,True
PAPILA,RET235OS,mask,data/processed/papila_masks/RET235OS_exp1.png,True
PAPILA,RET236OD,image,data/external/kaggle/papila/PapilaDB-PAPILA-17f8fa7746adb20275b5b6a0d99dc9dfe3007e9f/FundusImages/RET236OD.jpg,True
PAPILA,RET236OD,mask,data/processed/papila_masks/RET236OD_exp1.png,True
PAPILA,RET236OS,image,data/external/kaggle/papila/PapilaDB-PAPILA-17f8fa7746adb20275b5b6a0d99dc9dfe3007e9f/FundusImages/RET236OS.jpg,True
PAPILA,RET236OS,mask,data/processed/papila_masks/RET236OS_exp1.png,True
PAPILA,RET237OD,image,data/external/kaggle/papila/PapilaDB-PAPILA-17f8fa7746adb20275b5b6a0d99dc9dfe3007e9f/FundusImages/RET237OD.jpg,True
PAPILA,RET237OD,mask,data/processed/papila_masks/RET237OD_exp1.png,True
PAPILA,RET237OS,image,data/external/kaggle/papila/PapilaDB-PAPILA-17f8fa7746adb20275b5b6a0d99dc9dfe3007e9f/FundusImages/RET237OS.jpg,True
PAPILA,RET237OS,mask,data/processed/papila_masks/RET237OS_exp1.png,True
PAPILA,RET238OD,image,data/external/kaggle/papila/PapilaDB-PAPILA-17f8fa7746adb20275b5b6a0d99dc9dfe3007e9f/FundusImages/RET238OD.jpg,True
PAPILA,RET238OD,mask,data/processed/papila_masks/RET238OD_exp1.png,True
PAPILA,RET238OS,image,data/external/kaggle/papila/PapilaDB-PAPILA-17f8fa7746adb20275b5b6a0d99dc9dfe3007e9f/FundusImages/RET238OS.jpg,True
PAPILA,RET238OS,mask,data/processed/papila_masks/RET238OS_exp1.png,True
PAPILA,RET239OD,image,data/external/kaggle/papila/PapilaDB-PAPILA-17f8fa7746adb20275b5b6a0d99dc9dfe3007e9f/FundusImages/RET239OD.jpg,True
PAPILA,RET239OD,mask,data/processed/papila_masks/RET239OD_exp1.png,True
PAPILA,RET239OS,image,data/external/kaggle/papila/PapilaDB-PAPILA-17f8fa7746adb20275b5b6a0d99dc9dfe3007e9f/FundusImages/RET239OS.jpg,True
PAPILA,RET239OS,mask,data/processed/papila_masks/RET239OS_exp1.png,True
PAPILA,RET240OD,image,data/external/kaggle/papila/PapilaDB-PAPILA-17f8fa7746adb20275b5b6a0d99dc9dfe3007e9f/FundusImages/RET240OD.jpg,True
PAPILA,RET240OD,mask,data/processed/papila_masks/RET240OD_exp1.png,True
PAPILA,RET240OS,image,data/external/kaggle/papila/PapilaDB-PAPILA-17f8fa7746adb20275b5b6a0d99dc9dfe3007e9f/FundusImages/RET240OS.jpg,True
PAPILA,RET240OS,mask,data/processed/papila_masks/RET240OS_exp1.png,True
PAPILA,RET241OD,image,data/external/kaggle/papila/PapilaDB-PAPILA-17f8fa7746adb20275b5b6a0d99dc9dfe3007e9f/FundusImages/RET241OD.jpg,True
PAPILA,RET241OD,mask,data/processed/papila_masks/RET241OD_exp1.png,True
PAPILA,RET241OS,image,data/external/kaggle/papila/PapilaDB-PAPILA-17f8fa7746adb20275b5b6a0d99dc9dfe3007e9f/FundusImages/RET241OS.jpg,True
PAPILA,RET241OS,mask,data/processed/papila_masks/RET241OS_exp1.png,True
PAPILA,RET242OD,image,data/external/kaggle/papila/PapilaDB-PAPILA-17f8fa7746adb20275b5b6a0d99dc9dfe3007e9f/FundusImages/RET242OD.jpg,True
PAPILA,RET242OD,mask,data/processed/papila_masks/RET242OD_exp1.png,True
PAPILA,RET242OS,image,data/external/kaggle/papila/PapilaDB-PAPILA-17f8fa7746adb20275b5b6a0d99dc9dfe3007e9f/FundusImages/RET242OS.jpg,True
PAPILA,RET242OS,mask,data/processed/papila_masks/RET242OS_exp1.png,True
PAPILA,RET243OD,image,data/external/kaggle/papila/PapilaDB-PAPILA-17f8fa7746adb20275b5b6a0d99dc9dfe3007e9f/FundusImages/RET243OD.jpg,True
PAPILA,RET243OD,mask,data/processed/papila_masks/RET243OD_exp1.png,True
PAPILA,RET243OS,image,data/external/kaggle/papila/PapilaDB-PAPILA-17f8fa7746adb20275b5b6a0d99dc9dfe3007e9f/FundusImages/RET243OS.jpg,True
PAPILA,RET243OS,mask,data/processed/papila_masks/RET243OS_exp1.png,True
PAPILA,RET244OD,image,data/external/kaggle/papila/PapilaDB-PAPILA-17f8fa7746adb20275b5b6a0d99dc9dfe3007e9f/FundusImages/RET244OD.jpg,True
PAPILA,RET244OD,mask,data/processed/papila_masks/RET244OD_exp1.png,True
PAPILA,RET244OS,image,data/external/kaggle/papila/PapilaDB-PAPILA-17f8fa7746adb20275b5b6a0d99dc9dfe3007e9f/FundusImages/RET244OS.jpg,True
PAPILA,RET244OS,mask,data/processed/papila_masks/RET244OS_exp1.png,True
PAPILA,RET245OD,image,data/external/kaggle/papila/PapilaDB-PAPILA-17f8fa7746adb20275b5b6a0d99dc9dfe3007e9f/FundusImages/RET245OD.jpg,True
PAPILA,RET245OD,mask,data/processed/papila_masks/RET245OD_exp1.png,True
PAPILA,RET245OS,image,data/external/kaggle/papila/PapilaDB-PAPILA-17f8fa7746adb20275b5b6a0d99dc9dfe3007e9f/FundusImages/RET245OS.jpg,True
PAPILA,RET245OS,mask,data/processed/papila_masks/RET245OS_exp1.png,True
PAPILA,RET246OD,image,data/external/kaggle/papila/PapilaDB-PAPILA-17f8fa7746adb20275b5b6a0d99dc9dfe3007e9f/FundusImages/RET246OD.jpg,True
PAPILA,RET246OD,mask,data/processed/papila_masks/RET246OD_exp1.png,True
PAPILA,RET246OS,image,data/external/kaggle/papila/PapilaDB-PAPILA-17f8fa7746adb20275b5b6a0d99dc9dfe3007e9f/FundusImages/RET246OS.jpg,True
PAPILA,RET246OS,mask,data/processed/papila_masks/RET246OS_exp1.png,True
PAPILA,RET248OD,image,data/external/kaggle/papila/PapilaDB-PAPILA-17f8fa7746adb20275b5b6a0d99dc9dfe3007e9f/FundusImages/RET248OD.jpg,True
PAPILA,RET248OD,mask,data/processed/papila_masks/RET248OD_exp1.png,True
PAPILA,RET248OS,image,data/external/kaggle/papila/PapilaDB-PAPILA-17f8fa7746adb20275b5b6a0d99dc9dfe3007e9f/FundusImages/RET248OS.jpg,True
PAPILA,RET248OS,mask,data/processed/papila_masks/RET248OS_exp1.png,True
PAPILA,RET249OD,image,data/external/kaggle/papila/PapilaDB-PAPILA-17f8fa7746adb20275b5b6a0d99dc9dfe3007e9f/FundusImages/RET249OD.jpg,True
PAPILA,RET249OD,mask,data/processed/papila_masks/RET249OD_exp1.png,True
PAPILA,RET249OS,image,data/external/kaggle/papila/PapilaDB-PAPILA-17f8fa7746adb20275b5b6a0d99dc9dfe3007e9f/FundusImages/RET249OS.jpg,True
PAPILA,RET249OS,mask,data/processed/papila_masks/RET249OS_exp1.png,True
PAPILA,RET250OD,image,data/external/kaggle/papila/PapilaDB-PAPILA-17f8fa7746adb20275b5b6a0d99dc9dfe3007e9f/FundusImages/RET250OD.jpg,True
PAPILA,RET250OD,mask,data/processed/papila_masks/RET250OD_exp1.png,True
PAPILA,RET250OS,image,data/external/kaggle/papila/PapilaDB-PAPILA-17f8fa7746adb20275b5b6a0d99dc9dfe3007e9f/FundusImages/RET250OS.jpg,True
PAPILA,RET250OS,mask,data/processed/papila_masks/RET250OS_exp1.png,True
PAPILA,RET251OD,image,data/external/kaggle/papila/PapilaDB-PAPILA-17f8fa7746adb20275b5b6a0d99dc9dfe3007e9f/FundusImages/RET251OD.jpg,True
PAPILA,RET251OD,mask,data/processed/papila_masks/RET251OD_exp1.png,True
PAPILA,RET251OS,image,data/external/kaggle/papila/PapilaDB-PAPILA-17f8fa7746adb20275b5b6a0d99dc9dfe3007e9f/FundusImages/RET251OS.jpg,True
PAPILA,RET251OS,mask,data/processed/papila_masks/RET251OS_exp1.png,True
PAPILA,RET252OD,image,data/external/kaggle/papila/PapilaDB-PAPILA-17f8fa7746adb20275b5b6a0d99dc9dfe3007e9f/FundusImages/RET252OD.jpg,True
PAPILA,RET252OD,mask,data/processed/papila_masks/RET252OD_exp1.png,True
PAPILA,RET252OS,image,data/external/kaggle/papila/PapilaDB-PAPILA-17f8fa7746adb20275b5b6a0d99dc9dfe3007e9f/FundusImages/RET252OS.jpg,True
PAPILA,RET252OS,mask,data/processed/papila_masks/RET252OS_exp1.png,True
PAPILA,RET253OD,image,data/external/kaggle/papila/PapilaDB-PAPILA-17f8fa7746adb20275b5b6a0d99dc9dfe3007e9f/FundusImages/RET253OD.jpg,True
PAPILA,RET253OD,mask,data/processed/papila_masks/RET253OD_exp1.png,True
PAPILA,RET253OS,image,data/external/kaggle/papila/PapilaDB-PAPILA-17f8fa7746adb20275b5b6a0d99dc9dfe3007e9f/FundusImages/RET253OS.jpg,True
PAPILA,RET253OS,mask,data/processed/papila_masks/RET253OS_exp1.png,True
PAPILA,RET254OD,image,data/external/kaggle/papila/PapilaDB-PAPILA-17f8fa7746adb20275b5b6a0d99dc9dfe3007e9f/FundusImages/RET254OD.jpg,True
PAPILA,RET254OD,mask,data/processed/papila_masks/RET254OD_exp1.png,True
PAPILA,RET254OS,image,data/external/kaggle/papila/PapilaDB-PAPILA-17f8fa7746adb20275b5b6a0d99dc9dfe3007e9f/FundusImages/RET254OS.jpg,True
PAPILA,RET254OS,mask,data/processed/papila_masks/RET254OS_exp1.png,True
PAPILA,RET255OD,image,data/external/kaggle/papila/PapilaDB-PAPILA-17f8fa7746adb20275b5b6a0d99dc9dfe3007e9f/FundusImages/RET255OD.jpg,True
PAPILA,RET255OD,mask,data/processed/papila_masks/RET255OD_exp1.png,True
PAPILA,RET255OS,image,data/external/kaggle/papila/PapilaDB-PAPILA-17f8fa7746adb20275b5b6a0d99dc9dfe3007e9f/FundusImages/RET255OS.jpg,True
PAPILA,RET255OS,mask,data/processed/papila_masks/RET255OS_exp1.png,True
PAPILA,RET256OD,image,data/external/kaggle/papila/PapilaDB-PAPILA-17f8fa7746adb20275b5b6a0d99dc9dfe3007e9f/FundusImages/RET256OD.jpg,True
PAPILA,RET256OD,mask,data/processed/papila_masks/RET256OD_exp1.png,True
PAPILA,RET256OS,image,data/external/kaggle/papila/PapilaDB-PAPILA-17f8fa7746adb20275b5b6a0d99dc9dfe3007e9f/FundusImages/RET256OS.jpg,True
PAPILA,RET256OS,mask,data/processed/papila_masks/RET256OS_exp1.png,True
PAPILA,RET257OD,image,data/external/kaggle/papila/PapilaDB-PAPILA-17f8fa7746adb20275b5b6a0d99dc9dfe3007e9f/FundusImages/RET257OD.jpg,True
PAPILA,RET257OD,mask,data/processed/papila_masks/RET257OD_exp1.png,True
PAPILA,RET257OS,image,data/external/kaggle/papila/PapilaDB-PAPILA-17f8fa7746adb20275b5b6a0d99dc9dfe3007e9f/FundusImages/RET257OS.jpg,True
PAPILA,RET257OS,mask,data/processed/papila_masks/RET257OS_exp1.png,True
PAPILA,RET258OD,image,data/external/kaggle/papila/PapilaDB-PAPILA-17f8fa7746adb20275b5b6a0d99dc9dfe3007e9f/FundusImages/RET258OD.jpg,True
PAPILA,RET258OD,mask,data/processed/papila_masks/RET258OD_exp1.png,True
PAPILA,RET258OS,image,data/external/kaggle/papila/PapilaDB-PAPILA-17f8fa7746adb20275b5b6a0d99dc9dfe3007e9f/FundusImages/RET258OS.jpg,True
PAPILA,RET258OS,mask,data/processed/papila_masks/RET258OS_exp1.png,True
PAPILA,RET259OD,image,data/external/kaggle/papila/PapilaDB-PAPILA-17f8fa7746adb20275b5b6a0d99dc9dfe3007e9f/FundusImages/RET259OD.jpg,True
PAPILA,RET259OD,mask,data/processed/papila_masks/RET259OD_exp1.png,True
PAPILA,RET259OS,image,data/external/kaggle/papila/PapilaDB-PAPILA-17f8fa7746adb20275b5b6a0d99dc9dfe3007e9f/FundusImages/RET259OS.jpg,True
PAPILA,RET259OS,mask,data/processed/papila_masks/RET259OS_exp1.png,True
PAPILA,RET260OD,image,data/external/kaggle/papila/PapilaDB-PAPILA-17f8fa7746adb20275b5b6a0d99dc9dfe3007e9f/FundusImages/RET260OD.jpg,True
PAPILA,RET260OD,mask,data/processed/papila_masks/RET260OD_exp1.png,True
PAPILA,RET260OS,image,data/external/kaggle/papila/PapilaDB-PAPILA-17f8fa7746adb20275b5b6a0d99dc9dfe3007e9f/FundusImages/RET260OS.jpg,True
PAPILA,RET260OS,mask,data/processed/papila_masks/RET260OS_exp1.png,True
PAPILA,RET261OD,image,data/external/kaggle/papila/PapilaDB-PAPILA-17f8fa7746adb20275b5b6a0d99dc9dfe3007e9f/FundusImages/RET261OD.jpg,True
PAPILA,RET261OD,mask,data/processed/papila_masks/RET261OD_exp1.png,True
PAPILA,RET261OS,image,data/external/kaggle/papila/PapilaDB-PAPILA-17f8fa7746adb20275b5b6a0d99dc9dfe3007e9f/FundusImages/RET261OS.jpg,True
PAPILA,RET261OS,mask,data/processed/papila_masks/RET261OS_exp1.png,True
PAPILA,RET262OD,image,data/external/kaggle/papila/PapilaDB-PAPILA-17f8fa7746adb20275b5b6a0d99dc9dfe3007e9f/FundusImages/RET262OD.jpg,True
PAPILA,RET262OD,mask,data/processed/papila_masks/RET262OD_exp1.png,True
PAPILA,RET262OS,image,data/external/kaggle/papila/PapilaDB-PAPILA-17f8fa7746adb20275b5b6a0d99dc9dfe3007e9f/FundusImages/RET262OS.jpg,True
PAPILA,RET262OS,mask,data/processed/papila_masks/RET262OS_exp1.png,True
PAPILA,RET264OD,image,data/external/kaggle/papila/PapilaDB-PAPILA-17f8fa7746adb20275b5b6a0d99dc9dfe3007e9f/FundusImages/RET264OD.jpg,True
PAPILA,RET264OD,mask,data/processed/papila_masks/RET264OD_exp1.png,True
PAPILA,RET264OS,image,data/external/kaggle/papila/PapilaDB-PAPILA-17f8fa7746adb20275b5b6a0d99dc9dfe3007e9f/FundusImages/RET264OS.jpg,True
PAPILA,RET264OS,mask,data/processed/papila_masks/RET264OS_exp1.png,True
PAPILA,RET265OD,image,data/external/kaggle/papila/PapilaDB-PAPILA-17f8fa7746adb20275b5b6a0d99dc9dfe3007e9f/FundusImages/RET265OD.jpg,True
PAPILA,RET265OD,mask,data/processed/papila_masks/RET265OD_exp1.png,True
PAPILA,RET265OS,image,data/external/kaggle/papila/PapilaDB-PAPILA-17f8fa7746adb20275b5b6a0d99dc9dfe3007e9f/FundusImages/RET265OS.jpg,True
PAPILA,RET265OS,mask,data/processed/papila_masks/RET265OS_exp1.png,True
PAPILA,RET266OD,image,data/external/kaggle/papila/PapilaDB-PAPILA-17f8fa7746adb20275b5b6a0d99dc9dfe3007e9f/FundusImages/RET266OD.jpg,True
PAPILA,RET266OD,mask,data/processed/papila_masks/RET266OD_exp1.png,True
PAPILA,RET266OS,image,data/external/kaggle/papila/PapilaDB-PAPILA-17f8fa7746adb20275b5b6a0d99dc9dfe3007e9f/FundusImages/RET266OS.jpg,True
PAPILA,RET266OS,mask,data/processed/papila_masks/RET266OS_exp1.png,True
PAPILA,RET267OD,image,data/external/kaggle/papila/PapilaDB-PAPILA-17f8fa7746adb20275b5b6a0d99dc9dfe3007e9f/FundusImages/RET267OD.jpg,True
PAPILA,RET267OD,mask,data/processed/papila_masks/RET267OD_exp1.png,True
PAPILA,RET267OS,image,data/external/kaggle/papila/PapilaDB-PAPILA-17f8fa7746adb20275b5b6a0d99dc9dfe3007e9f/FundusImages/RET267OS.jpg,True
PAPILA,RET267OS,mask,data/processed/papila_masks/RET267OS_exp1.png,True
PAPILA,RET268OD,image,data/external/kaggle/papila/PapilaDB-PAPILA-17f8fa7746adb20275b5b6a0d99dc9dfe3007e9f/FundusImages/RET268OD.jpg,True
PAPILA,RET268OD,mask,data/processed/papila_masks/RET268OD_exp1.png,True
PAPILA,RET268OS,image,data/external/kaggle/papila/PapilaDB-PAPILA-17f8fa7746adb20275b5b6a0d99dc9dfe3007e9f/FundusImages/RET268OS.jpg,True
PAPILA,RET268OS,mask,data/processed/papila_masks/RET268OS_exp1.png,True
PAPILA,RET269OD,image,data/external/kaggle/papila/PapilaDB-PAPILA-17f8fa7746adb20275b5b6a0d99dc9dfe3007e9f/FundusImages/RET269OD.jpg,True
PAPILA,RET269OD,mask,data/processed/papila_masks/RET269OD_exp1.png,True
PAPILA,RET269OS,image,data/external/kaggle/papila/PapilaDB-PAPILA-17f8fa7746adb20275b5b6a0d99dc9dfe3007e9f/FundusImages/RET269OS.jpg,True
PAPILA,RET269OS,mask,data/processed/papila_masks/RET269OS_exp1.png,True
PAPILA,RET270OD,image,data/external/kaggle/papila/PapilaDB-PAPILA-17f8fa7746adb20275b5b6a0d99dc9dfe3007e9f/FundusImages/RET270OD.jpg,True
PAPILA,RET270OD,mask,data/processed/papila_masks/RET270OD_exp1.png,True
PAPILA,RET270OS,image,data/external/kaggle/papila/PapilaDB-PAPILA-17f8fa7746adb20275b5b6a0d99dc9dfe3007e9f/FundusImages/RET270OS.jpg,True
PAPILA,RET270OS,mask,data/processed/papila_masks/RET270OS_exp1.png,True
PAPILA,RET271OD,image,data/external/kaggle/papila/PapilaDB-PAPILA-17f8fa7746adb20275b5b6a0d99dc9dfe3007e9f/FundusImages/RET271OD.jpg,True
PAPILA,RET271OD,mask,data/processed/papila_masks/RET271OD_exp1.png,True
PAPILA,RET271OS,image,data/external/kaggle/papila/PapilaDB-PAPILA-17f8fa7746adb20275b5b6a0d99dc9dfe3007e9f/FundusImages/RET271OS.jpg,True
PAPILA,RET271OS,mask,data/processed/papila_masks/RET271OS_exp1.png,True
PAPILA,RET272OD,image,data/external/kaggle/papila/PapilaDB-PAPILA-17f8fa7746adb20275b5b6a0d99dc9dfe3007e9f/FundusImages/RET272OD.jpg,True
PAPILA,RET272OD,mask,data/processed/papila_masks/RET272OD_exp1.png,True
PAPILA,RET272OS,image,data/external/kaggle/papila/PapilaDB-PAPILA-17f8fa7746adb20275b5b6a0d99dc9dfe3007e9f/FundusImages/RET272OS.jpg,True
PAPILA,RET272OS,mask,data/processed/papila_masks/RET272OS_exp1.png,True
PAPILA,RET273OD,image,data/external/kaggle/papila/PapilaDB-PAPILA-17f8fa7746adb20275b5b6a0d99dc9dfe3007e9f/FundusImages/RET273OD.jpg,True
PAPILA,RET273OD,mask,data/processed/papila_masks/RET273OD_exp1.png,True
PAPILA,RET273OS,image,data/external/kaggle/papila/PapilaDB-PAPILA-17f8fa7746adb20275b5b6a0d99dc9dfe3007e9f/FundusImages/RET273OS.jpg,True
PAPILA,RET273OS,mask,data/processed/papila_masks/RET273OS_exp1.png,True
PAPILA,RET274OD,image,data/external/kaggle/papila/PapilaDB-PAPILA-17f8fa7746adb20275b5b6a0d99dc9dfe3007e9f/FundusImages/RET274OD.jpg,True
PAPILA,RET274OD,mask,data/processed/papila_masks/RET274OD_exp1.png,True
PAPILA,RET274OS,image,data/external/kaggle/papila/PapilaDB-PAPILA-17f8fa7746adb20275b5b6a0d99dc9dfe3007e9f/FundusImages/RET274OS.jpg,True
PAPILA,RET274OS,mask,data/processed/papila_masks/RET274OS_exp1.png,True
PAPILA,RET275OD,image,data/external/kaggle/papila/PapilaDB-PAPILA-17f8fa7746adb20275b5b6a0d99dc9dfe3007e9f/FundusImages/RET275OD.jpg,True
PAPILA,RET275OD,mask,data/processed/papila_masks/RET275OD_exp1.png,True
PAPILA,RET275OS,image,data/external/kaggle/papila/PapilaDB-PAPILA-17f8fa7746adb20275b5b6a0d99dc9dfe3007e9f/FundusImages/RET275OS.jpg,True
PAPILA,RET275OS,mask,data/processed/papila_masks/RET275OS_exp1.png,True
PAPILA,RET276OD,image,data/external/kaggle/papila/PapilaDB-PAPILA-17f8fa7746adb20275b5b6a0d99dc9dfe3007e9f/FundusImages/RET276OD.jpg,True
PAPILA,RET276OD,mask,data/processed/papila_masks/RET276OD_exp1.png,True
PAPILA,RET276OS,image,data/external/kaggle/papila/PapilaDB-PAPILA-17f8fa7746adb20275b5b6a0d99dc9dfe3007e9f/FundusImages/RET276OS.jpg,True
PAPILA,RET276OS,mask,data/processed/papila_masks/RET276OS_exp1.png,True
PAPILA,RET277OD,image,data/external/kaggle/papila/PapilaDB-PAPILA-17f8fa7746adb20275b5b6a0d99dc9dfe3007e9f/FundusImages/RET277OD.jpg,True
PAPILA,RET277OD,mask,data/processed/papila_masks/RET277OD_exp1.png,True
PAPILA,RET277OS,image,data/external/kaggle/papila/PapilaDB-PAPILA-17f8fa7746adb20275b5b6a0d99dc9dfe3007e9f/FundusImages/RET277OS.jpg,True
PAPILA,RET277OS,mask,data/processed/papila_masks/RET277OS_exp1.png,True
PAPILA,RET280OD,image,data/external/kaggle/papila/PapilaDB-PAPILA-17f8fa7746adb20275b5b6a0d99dc9dfe3007e9f/FundusImages/RET280OD.jpg,True
PAPILA,RET280OD,mask,data/processed/papila_masks/RET280OD_exp1.png,True
PAPILA,RET280OS,image,data/external/kaggle/papila/PapilaDB-PAPILA-17f8fa7746adb20275b5b6a0d99dc9dfe3007e9f/FundusImages/RET280OS.jpg,True
PAPILA,RET280OS,mask,data/processed/papila_masks/RET280OS_exp1.png,True
PAPILA,RET281OD,image,data/external/kaggle/papila/PapilaDB-PAPILA-17f8fa7746adb20275b5b6a0d99dc9dfe3007e9f/FundusImages/RET281OD.jpg,True
PAPILA,RET281OD,mask,data/processed/papila_masks/RET281OD_exp1.png,True
PAPILA,RET281OS,image,data/external/kaggle/papila/PapilaDB-PAPILA-17f8fa7746adb20275b5b6a0d99dc9dfe3007e9f/FundusImages/RET281OS.jpg,True
PAPILA,RET281OS,mask,data/processed/papila_masks/RET281OS_exp1.png,True
PAPILA,RET282OD,image,data/external/kaggle/papila/PapilaDB-PAPILA-17f8fa7746adb20275b5b6a0d99dc9dfe3007e9f/FundusImages/RET282OD.jpg,True
PAPILA,RET282OD,mask,data/processed/papila_masks/RET282OD_exp1.png,True
PAPILA,RET282OS,image,data/external/kaggle/papila/PapilaDB-PAPILA-17f8fa7746adb20275b5b6a0d99dc9dfe3007e9f/FundusImages/RET282OS.jpg,True
PAPILA,RET282OS,mask,data/processed/papila_masks/RET282OS_exp1.png,True
PAPILA,RET283OD,image,data/external/kaggle/papila/PapilaDB-PAPILA-17f8fa7746adb20275b5b6a0d99dc9dfe3007e9f/FundusImages/RET283OD.jpg,True
PAPILA,RET283OD,mask,data/processed/papila_masks/RET283OD_exp1.png,True
PAPILA,RET283OS,image,data/external/kaggle/papila/PapilaDB-PAPILA-17f8fa7746adb20275b5b6a0d99dc9dfe3007e9f/FundusImages/RET283OS.jpg,True
PAPILA,RET283OS,mask,data/processed/papila_masks/RET283OS_exp1.png,True
PAPILA,RET284OD,image,data/external/kaggle/papila/PapilaDB-PAPILA-17f8fa7746adb20275b5b6a0d99dc9dfe3007e9f/FundusImages/RET284OD.jpg,True
PAPILA,RET284OD,mask,data/processed/papila_masks/RET284OD_exp1.png,True
PAPILA,RET284OS,image,data/external/kaggle/papila/PapilaDB-PAPILA-17f8fa7746adb20275b5b6a0d99dc9dfe3007e9f/FundusImages/RET284OS.jpg,True
PAPILA,RET284OS,mask,data/processed/papila_masks/RET284OS_exp1.png,True
PAPILA,RET285OD,image,data/external/kaggle/papila/PapilaDB-PAPILA-17f8fa7746adb20275b5b6a0d99dc9dfe3007e9f/FundusImages/RET285OD.jpg,True
PAPILA,RET285OD,mask,data/processed/papila_masks/RET285OD_exp1.png,True
PAPILA,RET285OS,image,data/external/kaggle/papila/PapilaDB-PAPILA-17f8fa7746adb20275b5b6a0d99dc9dfe3007e9f/FundusImages/RET285OS.jpg,True
PAPILA,RET285OS,mask,data/processed/papila_masks/RET285OS_exp1.png,True
PAPILA,RET286OD,image,data/external/kaggle/papila/PapilaDB-PAPILA-17f8fa7746adb20275b5b6a0d99dc9dfe3007e9f/FundusImages/RET286OD.jpg,True
PAPILA,RET286OD,mask,data/processed/papila_masks/RET286OD_exp1.png,True
PAPILA,RET286OS,image,data/external/kaggle/papila/PapilaDB-PAPILA-17f8fa7746adb20275b5b6a0d99dc9dfe3007e9f/FundusImages/RET286OS.jpg,True
PAPILA,RET286OS,mask,data/processed/papila_masks/RET286OS_exp1.png,True
PAPILA,RET287OD,image,data/external/kaggle/papila/PapilaDB-PAPILA-17f8fa7746adb20275b5b6a0d99dc9dfe3007e9f/FundusImages/RET287OD.jpg,True
PAPILA,RET287OD,mask,data/processed/papila_masks/RET287OD_exp1.png,True
PAPILA,RET287OS,image,data/external/kaggle/papila/PapilaDB-PAPILA-17f8fa7746adb20275b5b6a0d99dc9dfe3007e9f/FundusImages/RET287OS.jpg,True
PAPILA,RET287OS,mask,data/processed/papila_masks/RET287OS_exp1.png,True
PAPILA,RET288OD,image,data/external/kaggle/papila/PapilaDB-PAPILA-17f8fa7746adb20275b5b6a0d99dc9dfe3007e9f/FundusImages/RET288OD.jpg,True
PAPILA,RET288OD,mask,data/processed/papila_masks/RET288OD_exp1.png,True
PAPILA,RET288OS,image,data/external/kaggle/papila/PapilaDB-PAPILA-17f8fa7746adb20275b5b6a0d99dc9dfe3007e9f/FundusImages/RET288OS.jpg,True
PAPILA,RET288OS,mask,data/processed/papila_masks/RET288OS_exp1.png,True
PAPILA,RET289OD,image,data/external/kaggle/papila/PapilaDB-PAPILA-17f8fa7746adb20275b5b6a0d99dc9dfe3007e9f/FundusImages/RET289OD.jpg,True
PAPILA,RET289OD,mask,data/processed/papila_masks/RET289OD_exp1.png,True
PAPILA,RET289OS,image,data/external/kaggle/papila/PapilaDB-PAPILA-17f8fa7746adb20275b5b6a0d99dc9dfe3007e9f/FundusImages/RET289OS.jpg,True
PAPILA,RET289OS,mask,data/processed/papila_masks/RET289OS_exp1.png,True
PAPILA,RET290OD,image,data/external/kaggle/papila/PapilaDB-PAPILA-17f8fa7746adb20275b5b6a0d99dc9dfe3007e9f/FundusImages/RET290OD.jpg,True
PAPILA,RET290OD,mask,data/processed/papila_masks/RET290OD_exp1.png,True
PAPILA,RET290OS,image,data/external/kaggle/papila/PapilaDB-PAPILA-17f8fa7746adb20275b5b6a0d99dc9dfe3007e9f/FundusImages/RET290OS.jpg,True
PAPILA,RET290OS,mask,data/processed/papila_masks/RET290OS_exp1.png,True
PAPILA,RET291OD,image,data/external/kaggle/papila/PapilaDB-PAPILA-17f8fa7746adb20275b5b6a0d99dc9dfe3007e9f/FundusImages/RET291OD.jpg,True
PAPILA,RET291OD,mask,data/processed/papila_masks/RET291OD_exp1.png,True
PAPILA,RET291OS,image,data/external/kaggle/papila/PapilaDB-PAPILA-17f8fa7746adb20275b5b6a0d99dc9dfe3007e9f/FundusImages/RET291OS.jpg,True
PAPILA,RET291OS,mask,data/processed/papila_masks/RET291OS_exp1.png,True
PAPILA,RET292OD,image,data/external/kaggle/papila/PapilaDB-PAPILA-17f8fa7746adb20275b5b6a0d99dc9dfe3007e9f/FundusImages/RET292OD.jpg,True
PAPILA,RET292OD,mask,data/processed/papila_masks/RET292OD_exp1.png,True
PAPILA,RET292OS,image,data/external/kaggle/papila/PapilaDB-PAPILA-17f8fa7746adb20275b5b6a0d99dc9dfe3007e9f/FundusImages/RET292OS.jpg,True
PAPILA,RET292OS,mask,data/processed/papila_masks/RET292OS_exp1.png,True
PAPILA,RET293OD,image,data/external/kaggle/papila/PapilaDB-PAPILA-17f8fa7746adb20275b5b6a0d99dc9dfe3007e9f/FundusImages/RET293OD.jpg,True
PAPILA,RET293OD,mask,data/processed/papila_masks/RET293OD_exp1.png,True
PAPILA,RET293OS,image,data/external/kaggle/papila/PapilaDB-PAPILA-17f8fa7746adb20275b5b6a0d99dc9dfe3007e9f/FundusImages/RET293OS.jpg,True
PAPILA,RET293OS,mask,data/processed/papila_masks/RET293OS_exp1.png,True
