extension,file_count,total_size_mb
.jpg,8144,1670.328387
.png,7105,745.759912
.txt,1957,3.884429
.mat,650,16.017994
.py,19,0.150592
.docx,9,1.274978
.csv,9,0.200359
.sh,6,0.00681
.ckpt,6,778.432848
.pdf,4,23.860342
.psd,4,15.080081
.mp4,2,642.237878
.zip,2,428.205204
.tif,2,0.047823
.xlsx,2,0.036036
.pptx,2,8.180976
.pyc,2,0.015803
.yaml,2,2.1e-05
.log,1,0.000322
.ipynb,1,0.167791
.pth,1,43.252275
.bat,1,0.001008
.0,1,0.001062
