source_dataset,official_split,file_id,raw_mask_path,standardized_mask_path,raw_mask_unique_values,standardized_mask_unique_values,standardization_status
REFUGE,train,g0001,data/external/kaggle/glaucoma_fundus_imaging_bundle/REFUGE/train/Masks/g0001.png,data/processed/standardized_masks/refuge/train_g0001.png,"[0, 1, 2]","[0, 1, 2]",already_0_1_2
REFUGE,train,g0002,data/external/kaggle/glaucoma_fundus_imaging_bundle/REFUGE/train/Masks/g0002.png,data/processed/standardized_masks/refuge/train_g0002.png,"[0, 1, 2]","[0, 1, 2]",already_0_1_2
REFUGE,train,g0003,data/external/kaggle/glaucoma_fundus_imaging_bundle/REFUGE/train/Masks/g0003.png,data/processed/standardized_masks/refuge/train_g0003.png,"[0, 1, 2]","[0, 1, 2]",already_0_1_2
REFUGE,train,g0004,data/external/kaggle/glaucoma_fundus_imaging_bundle/REFUGE/train/Masks/g0004.png,data/processed/standardized_masks/refuge/train_g0004.png,"[0, 1, 2]","[0, 1, 2]",already_0_1_2
REFUGE,train,g0005,data/external/kaggle/glaucoma_fundus_imaging_bundle/REFUGE/train/Masks/g0005.png,data/processed/standardized_masks/refuge/train_g0005.png,"[0, 1, 2]","[0, 1, 2]",already_0_1_2
REFUGE,train,g0006,data/external/kaggle/glaucoma_fundus_imaging_bundle/REFUGE/train/Masks/g0006.png,data/processed/standardized_masks/refuge/train_g0006.png,"[0, 1, 2]","[0, 1, 2]",already_0_1_2
REFUGE,train,g0007,data/external/kaggle/glaucoma_fundus_imaging_bundle/REFUGE/train/Masks/g0007.png,data/processed/standardized_masks/refuge/train_g0007.png,"[0, 1, 2]","[0, 1, 2]",already_0_1_2
REFUGE,train,g0008,data/external/kaggle/glaucoma_fundus_imaging_bundle/REFUGE/train/Masks/g0008.png,data/processed/standardized_masks/refuge/train_g0008.png,"[0, 1, 2]","[0, 1, 2]",already_0_1_2
REFUGE,train,g0009,data/external/kaggle/glaucoma_fundus_imaging_bundle/REFUGE/train/Masks/g0009.png,data/processed/standardized_masks/refuge/train_g0009.png,"[0, 1, 2]","[0, 1, 2]",already_0_1_2
REFUGE,train,g0010,data/external/kaggle/glaucoma_fundus_imaging_bundle/REFUGE/train/Masks/g0010.png,data/processed/standardized_masks/refuge/train_g0010.png,"[0, 1, 2]","[0, 1, 2]",already_0_1_2
REFUGE,train,g0011,data/external/kaggle/glaucoma_fundus_imaging_bundle/REFUGE/train/Masks/g0011.png,data/processed/standardized_masks/refuge/train_g0011.png,"[0, 1, 2]","[0, 1, 2]",already_0_1_2
REFUGE,train,g0012,data/external/kaggle/glaucoma_fundus_imaging_bundle/REFUGE/train/Masks/g0012.png,data/processed/standardized_masks/refuge/train_g0012.png,"[0, 1, 2]","[0, 1, 2]",already_0_1_2
REFUGE,train,g0013,data/external/kaggle/glaucoma_fundus_imaging_bundle/REFUGE/train/Masks/g0013.png,data/processed/standardized_masks/refuge/train_g0013.png,"[0, 1, 2]","[0, 1, 2]",already_0_1_2
REFUGE,train,g0014,data/external/kaggle/glaucoma_fundus_imaging_bundle/REFUGE/train/Masks/g0014.png,data/processed/standardized_masks/refuge/train_g0014.png,"[0, 1, 2]","[0, 1, 2]",already_0_1_2
REFUGE,train,g0015,data/external/kaggle/glaucoma_fundus_imaging_bundle/REFUGE/train/Masks/g0015.png,data/processed/standardized_masks/refuge/train_g0015.png,"[0, 1, 2]","[0, 1, 2]",already_0_1_2
REFUGE,train,g0016,data/external/kaggle/glaucoma_fundus_imaging_bundle/REFUGE/train/Masks/g0016.png,data/processed/standardized_masks/refuge/train_g0016.png,"[0, 1, 2]","[0, 1, 2]",already_0_1_2
REFUGE,train,g0017,data/external/kaggle/glaucoma_fundus_imaging_bundle/REFUGE/train/Masks/g0017.png,data/processed/standardized_masks/refuge/train_g0017.png,"[0, 1, 2]","[0, 1, 2]",already_0_1_2
REFUGE,train,g0018,data/external/kaggle/glaucoma_fundus_imaging_bundle/REFUGE/train/Masks/g0018.png,data/processed/standardized_masks/refuge/train_g0018.png,"[0, 1, 2]","[0, 1, 2]",already_0_1_2
REFUGE,train,g0019,data/external/kaggle/glaucoma_fundus_imaging_bundle/REFUGE/train/Masks/g0019.png,data/processed/standardized_masks/refuge/train_g0019.png,"[0, 1, 2]","[0, 1, 2]",already_0_1_2
REFUGE,train,g0020,data/external/kaggle/glaucoma_fundus_imaging_bundle/REFUGE/train/Masks/g0020.png,data/processed/standardized_masks/refuge/train_g0020.png,"[0, 1, 2]","[0, 1, 2]",already_0_1_2
REFUGE,train,g0021,data/external/kaggle/glaucoma_fundus_imaging_bundle/REFUGE/train/Masks/g0021.png,data/processed/standardized_masks/refuge/train_g0021.png,"[0, 1, 2]","[0, 1, 2]",already_0_1_2
REFUGE,train,g0022,data/external/kaggle/glaucoma_fundus_imaging_bundle/REFUGE/train/Masks/g0022.png,data/processed/standardized_masks/refuge/train_g0022.png,"[0, 1, 2]","[0, 1, 2]",already_0_1_2
REFUGE,train,g0023,data/external/kaggle/glaucoma_fundus_imaging_bundle/REFUGE/train/Masks/g0023.png,data/processed/standardized_masks/refuge/train_g0023.png,"[0, 1, 2]","[0, 1, 2]",already_0_1_2
REFUGE,train,g0024,data/external/kaggle/glaucoma_fundus_imaging_bundle/REFUGE/train/Masks/g0024.png,data/processed/standardized_masks/refuge/train_g0024.png,"[0, 1, 2]","[0, 1, 2]",already_0_1_2
REFUGE,train,g0025,data/external/kaggle/glaucoma_fundus_imaging_bundle/REFUGE/train/Masks/g0025.png,data/processed/standardized_masks/refuge/train_g0025.png,"[0, 1, 2]","[0, 1, 2]",already_0_1_2
REFUGE,train,g0026,data/external/kaggle/glaucoma_fundus_imaging_bundle/REFUGE/train/Masks/g0026.png,data/processed/standardized_masks/refuge/train_g0026.png,"[0, 1, 2]","[0, 1, 2]",already_0_1_2
REFUGE,train,g0027,data/external/kaggle/glaucoma_fundus_imaging_bundle/REFUGE/train/Masks/g0027.png,data/processed/standardized_masks/refuge/train_g0027.png,"[0, 1, 2]","[0, 1, 2]",already_0_1_2
REFUGE,train,g0028,data/external/kaggle/glaucoma_fundus_imaging_bundle/REFUGE/train/Masks/g0028.png,data/processed/standardized_masks/refuge/train_g0028.png,"[0, 1, 2]","[0, 1, 2]",already_0_1_2
REFUGE,train,g0029,data/external/kaggle/glaucoma_fundus_imaging_bundle/REFUGE/train/Masks/g0029.png,data/processed/standardized_masks/refuge/train_g0029.png,"[0, 1, 2]","[0, 1, 2]",already_0_1_2
REFUGE,train,g0030,data/external/kaggle/glaucoma_fundus_imaging_bundle/REFUGE/train/Masks/g0030.png,data/processed/standardized_masks/refuge/train_g0030.png,"[0, 1, 2]","[0, 1, 2]",already_0_1_2
REFUGE,train,g0031,data/external/kaggle/glaucoma_fundus_imaging_bundle/REFUGE/train/Masks/g0031.png,data/processed/standardized_masks/refuge/train_g0031.png,"[0, 1, 2]","[0, 1, 2]",already_0_1_2
REFUGE,train,g0032,data/external/kaggle/glaucoma_fundus_imaging_bundle/REFUGE/train/Masks/g0032.png,data/processed/standardized_masks/refuge/train_g0032.png,"[0, 1, 2]","[0, 1, 2]",already_0_1_2
REFUGE,train,g0033,data/external/kaggle/glaucoma_fundus_imaging_bundle/REFUGE/train/Masks/g0033.png,data/processed/standardized_masks/refuge/train_g0033.png,"[0, 1, 2]","[0, 1, 2]",already_0_1_2
REFUGE,train,g0034,data/external/kaggle/glaucoma_fundus_imaging_bundle/REFUGE/train/Masks/g0034.png,data/processed/standardized_masks/refuge/train_g0034.png,"[0, 1, 2]","[0, 1, 2]",already_0_1_2
REFUGE,train,g0035,data/external/kaggle/glaucoma_fundus_imaging_bundle/REFUGE/train/Masks/g0035.png,data/processed/standardized_masks/refuge/train_g0035.png,"[0, 1, 2]","[0, 1, 2]",already_0_1_2
REFUGE,train,g0036,data/external/kaggle/glaucoma_fundus_imaging_bundle/REFUGE/train/Masks/g0036.png,data/processed/standardized_masks/refuge/train_g0036.png,"[0, 1, 2]","[0, 1, 2]",already_0_1_2
REFUGE,train,g0037,data/external/kaggle/glaucoma_fundus_imaging_bundle/REFUGE/train/Masks/g0037.png,data/processed/standardized_masks/refuge/train_g0037.png,"[0, 1, 2]","[0, 1, 2]",already_0_1_2
REFUGE,train,g0038,data/external/kaggle/glaucoma_fundus_imaging_bundle/REFUGE/train/Masks/g0038.png,data/processed/standardized_masks/refuge/train_g0038.png,"[0, 1, 2]","[0, 1, 2]",already_0_1_2
REFUGE,train,g0039,data/external/kaggle/glaucoma_fundus_imaging_bundle/REFUGE/train/Masks/g0039.png,data/processed/standardized_masks/refuge/train_g0039.png,"[0, 1, 2]","[0, 1, 2]",already_0_1_2
REFUGE,train,g0040,data/external/kaggle/glaucoma_fundus_imaging_bundle/REFUGE/train/Masks/g0040.png,data/processed/standardized_masks/refuge/train_g0040.png,"[0, 1, 2]","[0, 1, 2]",already_0_1_2
REFUGE,train,n0001,data/external/kaggle/glaucoma_fundus_imaging_bundle/REFUGE/train/Masks/n0001.png,data/processed/standardized_masks/refuge/train_n0001.png,"[0, 1, 2]","[0, 1, 2]",already_0_1_2
REFUGE,train,n0002,data/external/kaggle/glaucoma_fundus_imaging_bundle/REFUGE/train/Masks/n0002.png,data/processed/standardized_masks/refuge/train_n0002.png,"[0, 1, 2]","[0, 1, 2]",already_0_1_2
REFUGE,train,n0003,data/external/kaggle/glaucoma_fundus_imaging_bundle/REFUGE/train/Masks/n0003.png,data/processed/standardized_masks/refuge/train_n0003.png,"[0, 1, 2]","[0, 1, 2]",already_0_1_2
REFUGE,train,n0004,data/external/kaggle/glaucoma_fundus_imaging_bundle/REFUGE/train/Masks/n0004.png,data/processed/standardized_masks/refuge/train_n0004.png,"[0, 1, 2]","[0, 1, 2]",already_0_1_2
REFUGE,train,n0005,data/external/kaggle/glaucoma_fundus_imaging_bundle/REFUGE/train/Masks/n0005.png,data/processed/standardized_masks/refuge/train_n0005.png,"[0, 1, 2]","[0, 1, 2]",already_0_1_2
REFUGE,train,n0006,data/external/kaggle/glaucoma_fundus_imaging_bundle/REFUGE/train/Masks/n0006.png,data/processed/standardized_masks/refuge/train_n0006.png,"[0, 1, 2]","[0, 1, 2]",already_0_1_2
REFUGE,train,n0007,data/external/kaggle/glaucoma_fundus_imaging_bundle/REFUGE/train/Masks/n0007.png,data/processed/standardized_masks/refuge/train_n0007.png,"[0, 1, 2]","[0, 1, 2]",already_0_1_2
REFUGE,train,n0008,data/external/kaggle/glaucoma_fundus_imaging_bundle/REFUGE/train/Masks/n0008.png,data/processed/standardized_masks/refuge/train_n0008.png,"[0, 1, 2]","[0, 1, 2]",already_0_1_2
REFUGE,train,n0009,data/external/kaggle/glaucoma_fundus_imaging_bundle/REFUGE/train/Masks/n0009.png,data/processed/standardized_masks/refuge/train_n0009.png,"[0, 1, 2]","[0, 1, 2]",already_0_1_2
REFUGE,train,n0010,data/external/kaggle/glaucoma_fundus_imaging_bundle/REFUGE/train/Masks/n0010.png,data/processed/standardized_masks/refuge/train_n0010.png,"[0, 1, 2]","[0, 1, 2]",already_0_1_2
REFUGE,train,n0011,data/external/kaggle/glaucoma_fundus_imaging_bundle/REFUGE/train/Masks/n0011.png,data/processed/standardized_masks/refuge/train_n0011.png,"[0, 1, 2]","[0, 1, 2]",already_0_1_2
REFUGE,train,n0012,data/external/kaggle/glaucoma_fundus_imaging_bundle/REFUGE/train/Masks/n0012.png,data/processed/standardized_masks/refuge/train_n0012.png,"[0, 1, 2]","[0, 1, 2]",already_0_1_2
REFUGE,train,n0013,data/external/kaggle/glaucoma_fundus_imaging_bundle/REFUGE/train/Masks/n0013.png,data/processed/standardized_masks/refuge/train_n0013.png,"[0, 1, 2]","[0, 1, 2]",already_0_1_2
REFUGE,train,n0014,data/external/kaggle/glaucoma_fundus_imaging_bundle/REFUGE/train/Masks/n0014.png,data/processed/standardized_masks/refuge/train_n0014.png,"[0, 1, 2]","[0, 1, 2]",already_0_1_2
REFUGE,train,n0015,data/external/kaggle/glaucoma_fundus_imaging_bundle/REFUGE/train/Masks/n0015.png,data/processed/standardized_masks/refuge/train_n0015.png,"[0, 1, 2]","[0, 1, 2]",already_0_1_2
REFUGE,train,n0016,data/external/kaggle/glaucoma_fundus_imaging_bundle/REFUGE/train/Masks/n0016.png,data/processed/standardized_masks/refuge/train_n0016.png,"[0, 1, 2]","[0, 1, 2]",already_0_1_2
REFUGE,train,n0017,data/external/kaggle/glaucoma_fundus_imaging_bundle/REFUGE/train/Masks/n0017.png,data/processed/standardized_masks/refuge/train_n0017.png,"[0, 1, 2]","[0, 1, 2]",already_0_1_2
REFUGE,train,n0018,data/external/kaggle/glaucoma_fundus_imaging_bundle/REFUGE/train/Masks/n0018.png,data/processed/standardized_masks/refuge/train_n0018.png,"[0, 1, 2]","[0, 1, 2]",already_0_1_2
REFUGE,train,n0019,data/external/kaggle/glaucoma_fundus_imaging_bundle/REFUGE/train/Masks/n0019.png,data/processed/standardized_masks/refuge/train_n0019.png,"[0, 1, 2]","[0, 1, 2]",already_0_1_2
REFUGE,train,n0020,data/external/kaggle/glaucoma_fundus_imaging_bundle/REFUGE/train/Masks/n0020.png,data/processed/standardized_masks/refuge/train_n0020.png,"[0, 1, 2]","[0, 1, 2]",already_0_1_2
REFUGE,train,n0021,data/external/kaggle/glaucoma_fundus_imaging_bundle/REFUGE/train/Masks/n0021.png,data/processed/standardized_masks/refuge/train_n0021.png,"[0, 1, 2]","[0, 1, 2]",already_0_1_2
REFUGE,train,n0022,data/external/kaggle/glaucoma_fundus_imaging_bundle/REFUGE/train/Masks/n0022.png,data/processed/standardized_masks/refuge/train_n0022.png,"[0, 1, 2]","[0, 1, 2]",already_0_1_2
REFUGE,train,n0023,data/external/kaggle/glaucoma_fundus_imaging_bundle/REFUGE/train/Masks/n0023.png,data/processed/standardized_masks/refuge/train_n0023.png,"[0, 1, 2]","[0, 1, 2]",already_0_1_2
REFUGE,train,n0024,data/external/kaggle/glaucoma_fundus_imaging_bundle/REFUGE/train/Masks/n0024.png,data/processed/standardized_masks/refuge/train_n0024.png,"[0, 1, 2]","[0, 1, 2]",already_0_1_2
REFUGE,train,n0025,data/external/kaggle/glaucoma_fundus_imaging_bundle/REFUGE/train/Masks/n0025.png,data/processed/standardized_masks/refuge/train_n0025.png,"[0, 1, 2]","[0, 1, 2]",already_0_1_2
REFUGE,train,n0026,data/external/kaggle/glaucoma_fundus_imaging_bundle/REFUGE/train/Masks/n0026.png,data/processed/standardized_masks/refuge/train_n0026.png,"[0, 1, 2]","[0, 1, 2]",already_0_1_2
REFUGE,train,n0027,data/external/kaggle/glaucoma_fundus_imaging_bundle/REFUGE/train/Masks/n0027.png,data/processed/standardized_masks/refuge/train_n0027.png,"[0, 1, 2]","[0, 1, 2]",already_0_1_2
REFUGE,train,n0028,data/external/kaggle/glaucoma_fundus_imaging_bundle/REFUGE/train/Masks/n0028.png,data/processed/standardized_masks/refuge/train_n0028.png,"[0, 1, 2]","[0, 1, 2]",already_0_1_2
REFUGE,train,n0029,data/external/kaggle/glaucoma_fundus_imaging_bundle/REFUGE/train/Masks/n0029.png,data/processed/standardized_masks/refuge/train_n0029.png,"[0, 1, 2]","[0, 1, 2]",already_0_1_2
REFUGE,train,n0030,data/external/kaggle/glaucoma_fundus_imaging_bundle/REFUGE/train/Masks/n0030.png,data/processed/standardized_masks/refuge/train_n0030.png,"[0, 1, 2]","[0, 1, 2]",already_0_1_2
REFUGE,train,n0031,data/external/kaggle/glaucoma_fundus_imaging_bundle/REFUGE/train/Masks/n0031.png,data/processed/standardized_masks/refuge/train_n0031.png,"[0, 1, 2]","[0, 1, 2]",already_0_1_2
REFUGE,train,n0032,data/external/kaggle/glaucoma_fundus_imaging_bundle/REFUGE/train/Masks/n0032.png,data/processed/standardized_masks/refuge/train_n0032.png,"[0, 1, 2]","[0, 1, 2]",already_0_1_2
REFUGE,train,n0033,data/external/kaggle/glaucoma_fundus_imaging_bundle/REFUGE/train/Masks/n0033.png,data/processed/standardized_masks/refuge/train_n0033.png,"[0, 1, 2]","[0, 1, 2]",already_0_1_2
REFUGE,train,n0034,data/external/kaggle/glaucoma_fundus_imaging_bundle/REFUGE/train/Masks/n0034.png,data/processed/standardized_masks/refuge/train_n0034.png,"[0, 1, 2]","[0, 1, 2]",already_0_1_2
REFUGE,train,n0035,data/external/kaggle/glaucoma_fundus_imaging_bundle/REFUGE/train/Masks/n0035.png,data/processed/standardized_masks/refuge/train_n0035.png,"[0, 1, 2]","[0, 1, 2]",already_0_1_2
REFUGE,train,n0036,data/external/kaggle/glaucoma_fundus_imaging_bundle/REFUGE/train/Masks/n0036.png,data/processed/standardized_masks/refuge/train_n0036.png,"[0, 1, 2]","[0, 1, 2]",already_0_1_2
REFUGE,train,n0037,data/external/kaggle/glaucoma_fundus_imaging_bundle/REFUGE/train/Masks/n0037.png,data/processed/standardized_masks/refuge/train_n0037.png,"[0, 1, 2]","[0, 1, 2]",already_0_1_2
REFUGE,train,n0038,data/external/kaggle/glaucoma_fundus_imaging_bundle/REFUGE/train/Masks/n0038.png,data/processed/standardized_masks/refuge/train_n0038.png,"[0, 1, 2]","[0, 1, 2]",already_0_1_2
REFUGE,train,n0039,data/external/kaggle/glaucoma_fundus_imaging_bundle/REFUGE/train/Masks/n0039.png,data/processed/standardized_masks/refuge/train_n0039.png,"[0, 1, 2]","[0, 1, 2]",already_0_1_2
REFUGE,train,n0040,data/external/kaggle/glaucoma_fundus_imaging_bundle/REFUGE/train/Masks/n0040.png,data/processed/standardized_masks/refuge/train_n0040.png,"[0, 1, 2]","[0, 1, 2]",already_0_1_2
REFUGE,train,n0041,data/external/kaggle/glaucoma_fundus_imaging_bundle/REFUGE/train/Masks/n0041.png,data/processed/standardized_masks/refuge/train_n0041.png,"[0, 1, 2]","[0, 1, 2]",already_0_1_2
REFUGE,train,n0042,data/external/kaggle/glaucoma_fundus_imaging_bundle/REFUGE/train/Masks/n0042.png,data/processed/standardized_masks/refuge/train_n0042.png,"[0, 1, 2]","[0, 1, 2]",already_0_1_2
REFUGE,train,n0043,data/external/kaggle/glaucoma_fundus_imaging_bundle/REFUGE/train/Masks/n0043.png,data/processed/standardized_masks/refuge/train_n0043.png,"[0, 1, 2]","[0, 1, 2]",already_0_1_2
REFUGE,train,n0044,data/external/kaggle/glaucoma_fundus_imaging_bundle/REFUGE/train/Masks/n0044.png,data/processed/standardized_masks/refuge/train_n0044.png,"[0, 1, 2]","[0, 1, 2]",already_0_1_2
REFUGE,train,n0045,data/external/kaggle/glaucoma_fundus_imaging_bundle/REFUGE/train/Masks/n0045.png,data/processed/standardized_masks/refuge/train_n0045.png,"[0, 1, 2]","[0, 1, 2]",already_0_1_2
REFUGE,train,n0046,data/external/kaggle/glaucoma_fundus_imaging_bundle/REFUGE/train/Masks/n0046.png,data/processed/standardized_masks/refuge/train_n0046.png,"[0, 1, 2]","[0, 1, 2]",already_0_1_2
REFUGE,train,n0047,data/external/kaggle/glaucoma_fundus_imaging_bundle/REFUGE/train/Masks/n0047.png,data/processed/standardized_masks/refuge/train_n0047.png,"[0, 1, 2]","[0, 1, 2]",already_0_1_2
REFUGE,train,n0048,data/external/kaggle/glaucoma_fundus_imaging_bundle/REFUGE/train/Masks/n0048.png,data/processed/standardized_masks/refuge/train_n0048.png,"[0, 1, 2]","[0, 1, 2]",already_0_1_2
REFUGE,train,n0049,data/external/kaggle/glaucoma_fundus_imaging_bundle/REFUGE/train/Masks/n0049.png,data/processed/standardized_masks/refuge/train_n0049.png,"[0, 1, 2]","[0, 1, 2]",already_0_1_2
REFUGE,train,n0050,data/external/kaggle/glaucoma_fundus_imaging_bundle/REFUGE/train/Masks/n0050.png,data/processed/standardized_masks/refuge/train_n0050.png,"[0, 1, 2]","[0, 1, 2]",already_0_1_2
REFUGE,train,n0051,data/external/kaggle/glaucoma_fundus_imaging_bundle/REFUGE/train/Masks/n0051.png,data/processed/standardized_masks/refuge/train_n0051.png,"[0, 1, 2]","[0, 1, 2]",already_0_1_2
REFUGE,train,n0052,data/external/kaggle/glaucoma_fundus_imaging_bundle/REFUGE/train/Masks/n0052.png,data/processed/standardized_masks/refuge/train_n0052.png,"[0, 1, 2]","[0, 1, 2]",already_0_1_2
REFUGE,train,n0053,data/external/kaggle/glaucoma_fundus_imaging_bundle/REFUGE/train/Masks/n0053.png,data/processed/standardized_masks/refuge/train_n0053.png,"[0, 1, 2]","[0, 1, 2]",already_0_1_2
REFUGE,train,n0054,data/external/kaggle/glaucoma_fundus_imaging_bundle/REFUGE/train/Masks/n0054.png,data/processed/standardized_masks/refuge/train_n0054.png,"[0, 1, 2]","[0, 1, 2]",already_0_1_2
REFUGE,train,n0055,data/external/kaggle/glaucoma_fundus_imaging_bundle/REFUGE/train/Masks/n0055.png,data/processed/standardized_masks/refuge/train_n0055.png,"[0, 1, 2]","[0, 1, 2]",already_0_1_2
REFUGE,train,n0056,data/external/kaggle/glaucoma_fundus_imaging_bundle/REFUGE/train/Masks/n0056.png,data/processed/standardized_masks/refuge/train_n0056.png,"[0, 1, 2]","[0, 1, 2]",already_0_1_2
REFUGE,train,n0057,data/external/kaggle/glaucoma_fundus_imaging_bundle/REFUGE/train/Masks/n0057.png,data/processed/standardized_masks/refuge/train_n0057.png,"[0, 1, 2]","[0, 1, 2]",already_0_1_2
REFUGE,train,n0058,data/external/kaggle/glaucoma_fundus_imaging_bundle/REFUGE/train/Masks/n0058.png,data/processed/standardized_masks/refuge/train_n0058.png,"[0, 1, 2]","[0, 1, 2]",already_0_1_2
REFUGE,train,n0059,data/external/kaggle/glaucoma_fundus_imaging_bundle/REFUGE/train/Masks/n0059.png,data/processed/standardized_masks/refuge/train_n0059.png,"[0, 1, 2]","[0, 1, 2]",already_0_1_2
REFUGE,train,n0060,data/external/kaggle/glaucoma_fundus_imaging_bundle/REFUGE/train/Masks/n0060.png,data/processed/standardized_masks/refuge/train_n0060.png,"[0, 1, 2]","[0, 1, 2]",already_0_1_2
REFUGE,train,n0061,data/external/kaggle/glaucoma_fundus_imaging_bundle/REFUGE/train/Masks/n0061.png,data/processed/standardized_masks/refuge/train_n0061.png,"[0, 1, 2]","[0, 1, 2]",already_0_1_2
REFUGE,train,n0062,data/external/kaggle/glaucoma_fundus_imaging_bundle/REFUGE/train/Masks/n0062.png,data/processed/standardized_masks/refuge/train_n0062.png,"[0, 1, 2]","[0, 1, 2]",already_0_1_2
REFUGE,train,n0063,data/external/kaggle/glaucoma_fundus_imaging_bundle/REFUGE/train/Masks/n0063.png,data/processed/standardized_masks/refuge/train_n0063.png,"[0, 1, 2]","[0, 1, 2]",already_0_1_2
REFUGE,train,n0064,data/external/kaggle/glaucoma_fundus_imaging_bundle/REFUGE/train/Masks/n0064.png,data/processed/standardized_masks/refuge/train_n0064.png,"[0, 1, 2]","[0, 1, 2]",already_0_1_2
REFUGE,train,n0065,data/external/kaggle/glaucoma_fundus_imaging_bundle/REFUGE/train/Masks/n0065.png,data/processed/standardized_masks/refuge/train_n0065.png,"[0, 1, 2]","[0, 1, 2]",already_0_1_2
REFUGE,train,n0066,data/external/kaggle/glaucoma_fundus_imaging_bundle/REFUGE/train/Masks/n0066.png,data/processed/standardized_masks/refuge/train_n0066.png,"[0, 1, 2]","[0, 1, 2]",already_0_1_2
REFUGE,train,n0067,data/external/kaggle/glaucoma_fundus_imaging_bundle/REFUGE/train/Masks/n0067.png,data/processed/standardized_masks/refuge/train_n0067.png,"[0, 1, 2]","[0, 1, 2]",already_0_1_2
REFUGE,train,n0068,data/external/kaggle/glaucoma_fundus_imaging_bundle/REFUGE/train/Masks/n0068.png,data/processed/standardized_masks/refuge/train_n0068.png,"[0, 1, 2]","[0, 1, 2]",already_0_1_2
REFUGE,train,n0069,data/external/kaggle/glaucoma_fundus_imaging_bundle/REFUGE/train/Masks/n0069.png,data/processed/standardized_masks/refuge/train_n0069.png,"[0, 1, 2]","[0, 1, 2]",already_0_1_2
REFUGE,train,n0070,data/external/kaggle/glaucoma_fundus_imaging_bundle/REFUGE/train/Masks/n0070.png,data/processed/standardized_masks/refuge/train_n0070.png,"[0, 1, 2]","[0, 1, 2]",already_0_1_2
REFUGE,train,n0071,data/external/kaggle/glaucoma_fundus_imaging_bundle/REFUGE/train/Masks/n0071.png,data/processed/standardized_masks/refuge/train_n0071.png,"[0, 1, 2]","[0, 1, 2]",already_0_1_2
REFUGE,train,n0072,data/external/kaggle/glaucoma_fundus_imaging_bundle/REFUGE/train/Masks/n0072.png,data/processed/standardized_masks/refuge/train_n0072.png,"[0, 1, 2]","[0, 1, 2]",already_0_1_2
REFUGE,train,n0073,data/external/kaggle/glaucoma_fundus_imaging_bundle/REFUGE/train/Masks/n0073.png,data/processed/standardized_masks/refuge/train_n0073.png,"[0, 1, 2]","[0, 1, 2]",already_0_1_2
REFUGE,train,n0074,data/external/kaggle/glaucoma_fundus_imaging_bundle/REFUGE/train/Masks/n0074.png,data/processed/standardized_masks/refuge/train_n0074.png,"[0, 1, 2]","[0, 1, 2]",already_0_1_2
REFUGE,train,n0075,data/external/kaggle/glaucoma_fundus_imaging_bundle/REFUGE/train/Masks/n0075.png,data/processed/standardized_masks/refuge/train_n0075.png,"[0, 1, 2]","[0, 1, 2]",already_0_1_2
REFUGE,train,n0076,data/external/kaggle/glaucoma_fundus_imaging_bundle/REFUGE/train/Masks/n0076.png,data/processed/standardized_masks/refuge/train_n0076.png,"[0, 1, 2]","[0, 1, 2]",already_0_1_2
REFUGE,train,n0077,data/external/kaggle/glaucoma_fundus_imaging_bundle/REFUGE/train/Masks/n0077.png,data/processed/standardized_masks/refuge/train_n0077.png,"[0, 1, 2]","[0, 1, 2]",already_0_1_2
REFUGE,train,n0078,data/external/kaggle/glaucoma_fundus_imaging_bundle/REFUGE/train/Masks/n0078.png,data/processed/standardized_masks/refuge/train_n0078.png,"[0, 1, 2]","[0, 1, 2]",already_0_1_2
REFUGE,train,n0079,data/external/kaggle/glaucoma_fundus_imaging_bundle/REFUGE/train/Masks/n0079.png,data/processed/standardized_masks/refuge/train_n0079.png,"[0, 1, 2]","[0, 1, 2]",already_0_1_2
REFUGE,train,n0080,data/external/kaggle/glaucoma_fundus_imaging_bundle/REFUGE/train/Masks/n0080.png,data/processed/standardized_masks/refuge/train_n0080.png,"[0, 1, 2]","[0, 1, 2]",already_0_1_2
REFUGE,train,n0081,data/external/kaggle/glaucoma_fundus_imaging_bundle/REFUGE/train/Masks/n0081.png,data/processed/standardized_masks/refuge/train_n0081.png,"[0, 1, 2]","[0, 1, 2]",already_0_1_2
REFUGE,train,n0082,data/external/kaggle/glaucoma_fundus_imaging_bundle/REFUGE/train/Masks/n0082.png,data/processed/standardized_masks/refuge/train_n0082.png,"[0, 1, 2]","[0, 1, 2]",already_0_1_2
REFUGE,train,n0083,data/external/kaggle/glaucoma_fundus_imaging_bundle/REFUGE/train/Masks/n0083.png,data/processed/standardized_masks/refuge/train_n0083.png,"[0, 1, 2]","[0, 1, 2]",already_0_1_2
REFUGE,train,n0084,data/external/kaggle/glaucoma_fundus_imaging_bundle/REFUGE/train/Masks/n0084.png,data/processed/standardized_masks/refuge/train_n0084.png,"[0, 1, 2]","[0, 1, 2]",already_0_1_2
REFUGE,train,n0085,data/external/kaggle/glaucoma_fundus_imaging_bundle/REFUGE/train/Masks/n0085.png,data/processed/standardized_masks/refuge/train_n0085.png,"[0, 1, 2]","[0, 1, 2]",already_0_1_2
REFUGE,train,n0086,data/external/kaggle/glaucoma_fundus_imaging_bundle/REFUGE/train/Masks/n0086.png,data/processed/standardized_masks/refuge/train_n0086.png,"[0, 1, 2]","[0, 1, 2]",already_0_1_2
REFUGE,train,n0087,data/external/kaggle/glaucoma_fundus_imaging_bundle/REFUGE/train/Masks/n0087.png,data/processed/standardized_masks/refuge/train_n0087.png,"[0, 1, 2]","[0, 1, 2]",already_0_1_2
REFUGE,train,n0088,data/external/kaggle/glaucoma_fundus_imaging_bundle/REFUGE/train/Masks/n0088.png,data/processed/standardized_masks/refuge/train_n0088.png,"[0, 1, 2]","[0, 1, 2]",already_0_1_2
REFUGE,train,n0089,data/external/kaggle/glaucoma_fundus_imaging_bundle/REFUGE/train/Masks/n0089.png,data/processed/standardized_masks/refuge/train_n0089.png,"[0, 1, 2]","[0, 1, 2]",already_0_1_2
REFUGE,train,n0090,data/external/kaggle/glaucoma_fundus_imaging_bundle/REFUGE/train/Masks/n0090.png,data/processed/standardized_masks/refuge/train_n0090.png,"[0, 1, 2]","[0, 1, 2]",already_0_1_2
REFUGE,train,n0091,data/external/kaggle/glaucoma_fundus_imaging_bundle/REFUGE/train/Masks/n0091.png,data/processed/standardized_masks/refuge/train_n0091.png,"[0, 1, 2]","[0, 1, 2]",already_0_1_2
REFUGE,train,n0092,data/external/kaggle/glaucoma_fundus_imaging_bundle/REFUGE/train/Masks/n0092.png,data/processed/standardized_masks/refuge/train_n0092.png,"[0, 1, 2]","[0, 1, 2]",already_0_1_2
REFUGE,train,n0093,data/external/kaggle/glaucoma_fundus_imaging_bundle/REFUGE/train/Masks/n0093.png,data/processed/standardized_masks/refuge/train_n0093.png,"[0, 1, 2]","[0, 1, 2]",already_0_1_2
REFUGE,train,n0094,data/external/kaggle/glaucoma_fundus_imaging_bundle/REFUGE/train/Masks/n0094.png,data/processed/standardized_masks/refuge/train_n0094.png,"[0, 1, 2]","[0, 1, 2]",already_0_1_2
REFUGE,train,n0095,data/external/kaggle/glaucoma_fundus_imaging_bundle/REFUGE/train/Masks/n0095.png,data/processed/standardized_masks/refuge/train_n0095.png,"[0, 1, 2]","[0, 1, 2]",already_0_1_2
REFUGE,train,n0096,data/external/kaggle/glaucoma_fundus_imaging_bundle/REFUGE/train/Masks/n0096.png,data/processed/standardized_masks/refuge/train_n0096.png,"[0, 1, 2]","[0, 1, 2]",already_0_1_2
REFUGE,train,n0097,data/external/kaggle/glaucoma_fundus_imaging_bundle/REFUGE/train/Masks/n0097.png,data/processed/standardized_masks/refuge/train_n0097.png,"[0, 1, 2]","[0, 1, 2]",already_0_1_2
REFUGE,train,n0098,data/external/kaggle/glaucoma_fundus_imaging_bundle/REFUGE/train/Masks/n0098.png,data/processed/standardized_masks/refuge/train_n0098.png,"[0, 1, 2]","[0, 1, 2]",already_0_1_2
REFUGE,train,n0099,data/external/kaggle/glaucoma_fundus_imaging_bundle/REFUGE/train/Masks/n0099.png,data/processed/standardized_masks/refuge/train_n0099.png,"[0, 1, 2]","[0, 1, 2]",already_0_1_2
REFUGE,train,n0100,data/external/kaggle/glaucoma_fundus_imaging_bundle/REFUGE/train/Masks/n0100.png,data/processed/standardized_masks/refuge/train_n0100.png,"[0, 1, 2]","[0, 1, 2]",already_0_1_2
REFUGE,train,n0101,data/external/kaggle/glaucoma_fundus_imaging_bundle/REFUGE/train/Masks/n0101.png,data/processed/standardized_masks/refuge/train_n0101.png,"[0, 1, 2]","[0, 1, 2]",already_0_1_2
REFUGE,train,n0102,data/external/kaggle/glaucoma_fundus_imaging_bundle/REFUGE/train/Masks/n0102.png,data/processed/standardized_masks/refuge/train_n0102.png,"[0, 1, 2]","[0, 1, 2]",already_0_1_2
REFUGE,train,n0103,data/external/kaggle/glaucoma_fundus_imaging_bundle/REFUGE/train/Masks/n0103.png,data/processed/standardized_masks/refuge/train_n0103.png,"[0, 1, 2]","[0, 1, 2]",already_0_1_2
REFUGE,train,n0104,data/external/kaggle/glaucoma_fundus_imaging_bundle/REFUGE/train/Masks/n0104.png,data/processed/standardized_masks/refuge/train_n0104.png,"[0, 1, 2]","[0, 1, 2]",already_0_1_2
REFUGE,train,n0105,data/external/kaggle/glaucoma_fundus_imaging_bundle/REFUGE/train/Masks/n0105.png,data/processed/standardized_masks/refuge/train_n0105.png,"[0, 1, 2]","[0, 1, 2]",already_0_1_2
REFUGE,train,n0106,data/external/kaggle/glaucoma_fundus_imaging_bundle/REFUGE/train/Masks/n0106.png,data/processed/standardized_masks/refuge/train_n0106.png,"[0, 1, 2]","[0, 1, 2]",already_0_1_2
REFUGE,train,n0107,data/external/kaggle/glaucoma_fundus_imaging_bundle/REFUGE/train/Masks/n0107.png,data/processed/standardized_masks/refuge/train_n0107.png,"[0, 1, 2]","[0, 1, 2]",already_0_1_2
REFUGE,train,n0108,data/external/kaggle/glaucoma_fundus_imaging_bundle/REFUGE/train/Masks/n0108.png,data/processed/standardized_masks/refuge/train_n0108.png,"[0, 1, 2]","[0, 1, 2]",already_0_1_2
REFUGE,train,n0109,data/external/kaggle/glaucoma_fundus_imaging_bundle/REFUGE/train/Masks/n0109.png,data/processed/standardized_masks/refuge/train_n0109.png,"[0, 1, 2]","[0, 1, 2]",already_0_1_2
REFUGE,train,n0110,data/external/kaggle/glaucoma_fundus_imaging_bundle/REFUGE/train/Masks/n0110.png,data/processed/standardized_masks/refuge/train_n0110.png,"[0, 1, 2]","[0, 1, 2]",already_0_1_2
REFUGE,train,n0111,data/external/kaggle/glaucoma_fundus_imaging_bundle/REFUGE/train/Masks/n0111.png,data/processed/standardized_masks/refuge/train_n0111.png,"[0, 1, 2]","[0, 1, 2]",already_0_1_2
REFUGE,train,n0112,data/external/kaggle/glaucoma_fundus_imaging_bundle/REFUGE/train/Masks/n0112.png,data/processed/standardized_masks/refuge/train_n0112.png,"[0, 1, 2]","[0, 1, 2]",already_0_1_2
REFUGE,train,n0113,data/external/kaggle/glaucoma_fundus_imaging_bundle/REFUGE/train/Masks/n0113.png,data/processed/standardized_masks/refuge/train_n0113.png,"[0, 1, 2]","[0, 1, 2]",already_0_1_2
REFUGE,train,n0114,data/external/kaggle/glaucoma_fundus_imaging_bundle/REFUGE/train/Masks/n0114.png,data/processed/standardized_masks/refuge/train_n0114.png,"[0, 1, 2]","[0, 1, 2]",already_0_1_2
REFUGE,train,n0115,data/external/kaggle/glaucoma_fundus_imaging_bundle/REFUGE/train/Masks/n0115.png,data/processed/standardized_masks/refuge/train_n0115.png,"[0, 1, 2]","[0, 1, 2]",already_0_1_2
REFUGE,train,n0116,data/external/kaggle/glaucoma_fundus_imaging_bundle/REFUGE/train/Masks/n0116.png,data/processed/standardized_masks/refuge/train_n0116.png,"[0, 1, 2]","[0, 1, 2]",already_0_1_2
REFUGE,train,n0117,data/external/kaggle/glaucoma_fundus_imaging_bundle/REFUGE/train/Masks/n0117.png,data/processed/standardized_masks/refuge/train_n0117.png,"[0, 1, 2]","[0, 1, 2]",already_0_1_2
REFUGE,train,n0118,data/external/kaggle/glaucoma_fundus_imaging_bundle/REFUGE/train/Masks/n0118.png,data/processed/standardized_masks/refuge/train_n0118.png,"[0, 1, 2]","[0, 1, 2]",already_0_1_2
REFUGE,train,n0119,data/external/kaggle/glaucoma_fundus_imaging_bundle/REFUGE/train/Masks/n0119.png,data/processed/standardized_masks/refuge/train_n0119.png,"[0, 1, 2]","[0, 1, 2]",already_0_1_2
REFUGE,train,n0120,data/external/kaggle/glaucoma_fundus_imaging_bundle/REFUGE/train/Masks/n0120.png,data/processed/standardized_masks/refuge/train_n0120.png,"[0, 1, 2]","[0, 1, 2]",already_0_1_2
REFUGE,train,n0121,data/external/kaggle/glaucoma_fundus_imaging_bundle/REFUGE/train/Masks/n0121.png,data/processed/standardized_masks/refuge/train_n0121.png,"[0, 1, 2]","[0, 1, 2]",already_0_1_2
REFUGE,train,n0122,data/external/kaggle/glaucoma_fundus_imaging_bundle/REFUGE/train/Masks/n0122.png,data/processed/standardized_masks/refuge/train_n0122.png,"[0, 1, 2]","[0, 1, 2]",already_0_1_2
REFUGE,train,n0123,data/external/kaggle/glaucoma_fundus_imaging_bundle/REFUGE/train/Masks/n0123.png,data/processed/standardized_masks/refuge/train_n0123.png,"[0, 1, 2]","[0, 1, 2]",already_0_1_2
REFUGE,train,n0124,data/external/kaggle/glaucoma_fundus_imaging_bundle/REFUGE/train/Masks/n0124.png,data/processed/standardized_masks/refuge/train_n0124.png,"[0, 1, 2]","[0, 1, 2]",already_0_1_2
REFUGE,train,n0125,data/external/kaggle/glaucoma_fundus_imaging_bundle/REFUGE/train/Masks/n0125.png,data/processed/standardized_masks/refuge/train_n0125.png,"[0, 1, 2]","[0, 1, 2]",already_0_1_2
REFUGE,train,n0126,data/external/kaggle/glaucoma_fundus_imaging_bundle/REFUGE/train/Masks/n0126.png,data/processed/standardized_masks/refuge/train_n0126.png,"[0, 1, 2]","[0, 1, 2]",already_0_1_2
REFUGE,train,n0127,data/external/kaggle/glaucoma_fundus_imaging_bundle/REFUGE/train/Masks/n0127.png,data/processed/standardized_masks/refuge/train_n0127.png,"[0, 1, 2]","[0, 1, 2]",already_0_1_2
REFUGE,train,n0128,data/external/kaggle/glaucoma_fundus_imaging_bundle/REFUGE/train/Masks/n0128.png,data/processed/standardized_masks/refuge/train_n0128.png,"[0, 1, 2]","[0, 1, 2]",already_0_1_2
REFUGE,train,n0129,data/external/kaggle/glaucoma_fundus_imaging_bundle/REFUGE/train/Masks/n0129.png,data/processed/standardized_masks/refuge/train_n0129.png,"[0, 1, 2]","[0, 1, 2]",already_0_1_2
REFUGE,train,n0130,data/external/kaggle/glaucoma_fundus_imaging_bundle/REFUGE/train/Masks/n0130.png,data/processed/standardized_masks/refuge/train_n0130.png,"[0, 1, 2]","[0, 1, 2]",already_0_1_2
REFUGE,train,n0131,data/external/kaggle/glaucoma_fundus_imaging_bundle/REFUGE/train/Masks/n0131.png,data/processed/standardized_masks/refuge/train_n0131.png,"[0, 1, 2]","[0, 1, 2]",already_0_1_2
REFUGE,train,n0132,data/external/kaggle/glaucoma_fundus_imaging_bundle/REFUGE/train/Masks/n0132.png,data/processed/standardized_masks/refuge/train_n0132.png,"[0, 1, 2]","[0, 1, 2]",already_0_1_2
REFUGE,train,n0133,data/external/kaggle/glaucoma_fundus_imaging_bundle/REFUGE/train/Masks/n0133.png,data/processed/standardized_masks/refuge/train_n0133.png,"[0, 1, 2]","[0, 1, 2]",already_0_1_2
REFUGE,train,n0134,data/external/kaggle/glaucoma_fundus_imaging_bundle/REFUGE/train/Masks/n0134.png,data/processed/standardized_masks/refuge/train_n0134.png,"[0, 1, 2]","[0, 1, 2]",already_0_1_2
REFUGE,train,n0135,data/external/kaggle/glaucoma_fundus_imaging_bundle/REFUGE/train/Masks/n0135.png,data/processed/standardized_masks/refuge/train_n0135.png,"[0, 1, 2]","[0, 1, 2]",already_0_1_2
REFUGE,train,n0136,data/external/kaggle/glaucoma_fundus_imaging_bundle/REFUGE/train/Masks/n0136.png,data/processed/standardized_masks/refuge/train_n0136.png,"[0, 1, 2]","[0, 1, 2]",already_0_1_2
REFUGE,train,n0137,data/external/kaggle/glaucoma_fundus_imaging_bundle/REFUGE/train/Masks/n0137.png,data/processed/standardized_masks/refuge/train_n0137.png,"[0, 1, 2]","[0, 1, 2]",already_0_1_2
REFUGE,train,n0138,data/external/kaggle/glaucoma_fundus_imaging_bundle/REFUGE/train/Masks/n0138.png,data/processed/standardized_masks/refuge/train_n0138.png,"[0, 1, 2]","[0, 1, 2]",already_0_1_2
REFUGE,train,n0139,data/external/kaggle/glaucoma_fundus_imaging_bundle/REFUGE/train/Masks/n0139.png,data/processed/standardized_masks/refuge/train_n0139.png,"[0, 1, 2]","[0, 1, 2]",already_0_1_2
REFUGE,train,n0140,data/external/kaggle/glaucoma_fundus_imaging_bundle/REFUGE/train/Masks/n0140.png,data/processed/standardized_masks/refuge/train_n0140.png,"[0, 1, 2]","[0, 1, 2]",already_0_1_2
REFUGE,train,n0141,data/external/kaggle/glaucoma_fundus_imaging_bundle/REFUGE/train/Masks/n0141.png,data/processed/standardized_masks/refuge/train_n0141.png,"[0, 1, 2]","[0, 1, 2]",already_0_1_2
REFUGE,train,n0142,data/external/kaggle/glaucoma_fundus_imaging_bundle/REFUGE/train/Masks/n0142.png,data/processed/standardized_masks/refuge/train_n0142.png,"[0, 1, 2]","[0, 1, 2]",already_0_1_2
REFUGE,train,n0143,data/external/kaggle/glaucoma_fundus_imaging_bundle/REFUGE/train/Masks/n0143.png,data/processed/standardized_masks/refuge/train_n0143.png,"[0, 1, 2]","[0, 1, 2]",already_0_1_2
REFUGE,train,n0144,data/external/kaggle/glaucoma_fundus_imaging_bundle/REFUGE/train/Masks/n0144.png,data/processed/standardized_masks/refuge/train_n0144.png,"[0, 1, 2]","[0, 1, 2]",already_0_1_2
REFUGE,train,n0145,data/external/kaggle/glaucoma_fundus_imaging_bundle/REFUGE/train/Masks/n0145.png,data/processed/standardized_masks/refuge/train_n0145.png,"[0, 1, 2]","[0, 1, 2]",already_0_1_2
REFUGE,train,n0146,data/external/kaggle/glaucoma_fundus_imaging_bundle/REFUGE/train/Masks/n0146.png,data/processed/standardized_masks/refuge/train_n0146.png,"[0, 1, 2]","[0, 1, 2]",already_0_1_2
REFUGE,train,n0147,data/external/kaggle/glaucoma_fundus_imaging_bundle/REFUGE/train/Masks/n0147.png,data/processed/standardized_masks/refuge/train_n0147.png,"[0, 1, 2]","[0, 1, 2]",already_0_1_2
REFUGE,train,n0148,data/external/kaggle/glaucoma_fundus_imaging_bundle/REFUGE/train/Masks/n0148.png,data/processed/standardized_masks/refuge/train_n0148.png,"[0, 1, 2]","[0, 1, 2]",already_0_1_2
REFUGE,train,n0149,data/external/kaggle/glaucoma_fundus_imaging_bundle/REFUGE/train/Masks/n0149.png,data/processed/standardized_masks/refuge/train_n0149.png,"[0, 1, 2]","[0, 1, 2]",already_0_1_2
REFUGE,train,n0150,data/external/kaggle/glaucoma_fundus_imaging_bundle/REFUGE/train/Masks/n0150.png,data/processed/standardized_masks/refuge/train_n0150.png,"[0, 1, 2]","[0, 1, 2]",already_0_1_2
REFUGE,train,n0151,data/external/kaggle/glaucoma_fundus_imaging_bundle/REFUGE/train/Masks/n0151.png,data/processed/standardized_masks/refuge/train_n0151.png,"[0, 1, 2]","[0, 1, 2]",already_0_1_2
REFUGE,train,n0152,data/external/kaggle/glaucoma_fundus_imaging_bundle/REFUGE/train/Masks/n0152.png,data/processed/standardized_masks/refuge/train_n0152.png,"[0, 1, 2]","[0, 1, 2]",already_0_1_2
REFUGE,train,n0153,data/external/kaggle/glaucoma_fundus_imaging_bundle/REFUGE/train/Masks/n0153.png,data/processed/standardized_masks/refuge/train_n0153.png,"[0, 1, 2]","[0, 1, 2]",already_0_1_2
REFUGE,train,n0154,data/external/kaggle/glaucoma_fundus_imaging_bundle/REFUGE/train/Masks/n0154.png,data/processed/standardized_masks/refuge/train_n0154.png,"[0, 1, 2]","[0, 1, 2]",already_0_1_2
REFUGE,train,n0155,data/external/kaggle/glaucoma_fundus_imaging_bundle/REFUGE/train/Masks/n0155.png,data/processed/standardized_masks/refuge/train_n0155.png,"[0, 1, 2]","[0, 1, 2]",already_0_1_2
REFUGE,train,n0156,data/external/kaggle/glaucoma_fundus_imaging_bundle/REFUGE/train/Masks/n0156.png,data/processed/standardized_masks/refuge/train_n0156.png,"[0, 1, 2]","[0, 1, 2]",already_0_1_2
REFUGE,train,n0157,data/external/kaggle/glaucoma_fundus_imaging_bundle/REFUGE/train/Masks/n0157.png,data/processed/standardized_masks/refuge/train_n0157.png,"[0, 1, 2]","[0, 1, 2]",already_0_1_2
REFUGE,train,n0158,data/external/kaggle/glaucoma_fundus_imaging_bundle/REFUGE/train/Masks/n0158.png,data/processed/standardized_masks/refuge/train_n0158.png,"[0, 1, 2]","[0, 1, 2]",already_0_1_2
REFUGE,train,n0159,data/external/kaggle/glaucoma_fundus_imaging_bundle/REFUGE/train/Masks/n0159.png,data/processed/standardized_masks/refuge/train_n0159.png,"[0, 1, 2]","[0, 1, 2]",already_0_1_2
REFUGE,train,n0160,data/external/kaggle/glaucoma_fundus_imaging_bundle/REFUGE/train/Masks/n0160.png,data/processed/standardized_masks/refuge/train_n0160.png,"[0, 1, 2]","[0, 1, 2]",already_0_1_2
REFUGE,train,n0161,data/external/kaggle/glaucoma_fundus_imaging_bundle/REFUGE/train/Masks/n0161.png,data/processed/standardized_masks/refuge/train_n0161.png,"[0, 1, 2]","[0, 1, 2]",already_0_1_2
REFUGE,train,n0162,data/external/kaggle/glaucoma_fundus_imaging_bundle/REFUGE/train/Masks/n0162.png,data/processed/standardized_masks/refuge/train_n0162.png,"[0, 1, 2]","[0, 1, 2]",already_0_1_2
REFUGE,train,n0163,data/external/kaggle/glaucoma_fundus_imaging_bundle/REFUGE/train/Masks/n0163.png,data/processed/standardized_masks/refuge/train_n0163.png,"[0, 1, 2]","[0, 1, 2]",already_0_1_2
REFUGE,train,n0164,data/external/kaggle/glaucoma_fundus_imaging_bundle/REFUGE/train/Masks/n0164.png,data/processed/standardized_masks/refuge/train_n0164.png,"[0, 1, 2]","[0, 1, 2]",already_0_1_2
REFUGE,train,n0165,data/external/kaggle/glaucoma_fundus_imaging_bundle/REFUGE/train/Masks/n0165.png,data/processed/standardized_masks/refuge/train_n0165.png,"[0, 1, 2]","[0, 1, 2]",already_0_1_2
REFUGE,train,n0166,data/external/kaggle/glaucoma_fundus_imaging_bundle/REFUGE/train/Masks/n0166.png,data/processed/standardized_masks/refuge/train_n0166.png,"[0, 1, 2]","[0, 1, 2]",already_0_1_2
REFUGE,train,n0167,data/external/kaggle/glaucoma_fundus_imaging_bundle/REFUGE/train/Masks/n0167.png,data/processed/standardized_masks/refuge/train_n0167.png,"[0, 1, 2]","[0, 1, 2]",already_0_1_2
REFUGE,train,n0168,data/external/kaggle/glaucoma_fundus_imaging_bundle/REFUGE/train/Masks/n0168.png,data/processed/standardized_masks/refuge/train_n0168.png,"[0, 1, 2]","[0, 1, 2]",already_0_1_2
REFUGE,train,n0169,data/external/kaggle/glaucoma_fundus_imaging_bundle/REFUGE/train/Masks/n0169.png,data/processed/standardized_masks/refuge/train_n0169.png,"[0, 1, 2]","[0, 1, 2]",already_0_1_2
REFUGE,train,n0170,data/external/kaggle/glaucoma_fundus_imaging_bundle/REFUGE/train/Masks/n0170.png,data/processed/standardized_masks/refuge/train_n0170.png,"[0, 1, 2]","[0, 1, 2]",already_0_1_2
REFUGE,train,n0171,data/external/kaggle/glaucoma_fundus_imaging_bundle/REFUGE/train/Masks/n0171.png,data/processed/standardized_masks/refuge/train_n0171.png,"[0, 1, 2]","[0, 1, 2]",already_0_1_2
REFUGE,train,n0172,data/external/kaggle/glaucoma_fundus_imaging_bundle/REFUGE/train/Masks/n0172.png,data/processed/standardized_masks/refuge/train_n0172.png,"[0, 1, 2]","[0, 1, 2]",already_0_1_2
REFUGE,train,n0173,data/external/kaggle/glaucoma_fundus_imaging_bundle/REFUGE/train/Masks/n0173.png,data/processed/standardized_masks/refuge/train_n0173.png,"[0, 1, 2]","[0, 1, 2]",already_0_1_2
REFUGE,train,n0174,data/external/kaggle/glaucoma_fundus_imaging_bundle/REFUGE/train/Masks/n0174.png,data/processed/standardized_masks/refuge/train_n0174.png,"[0, 1, 2]","[0, 1, 2]",already_0_1_2
REFUGE,train,n0175,data/external/kaggle/glaucoma_fundus_imaging_bundle/REFUGE/train/Masks/n0175.png,data/processed/standardized_masks/refuge/train_n0175.png,"[0, 1, 2]","[0, 1, 2]",already_0_1_2
REFUGE,train,n0176,data/external/kaggle/glaucoma_fundus_imaging_bundle/REFUGE/train/Masks/n0176.png,data/processed/standardized_masks/refuge/train_n0176.png,"[0, 1, 2]","[0, 1, 2]",already_0_1_2
REFUGE,train,n0177,data/external/kaggle/glaucoma_fundus_imaging_bundle/REFUGE/train/Masks/n0177.png,data/processed/standardized_masks/refuge/train_n0177.png,"[0, 1, 2]","[0, 1, 2]",already_0_1_2
REFUGE,train,n0178,data/external/kaggle/glaucoma_fundus_imaging_bundle/REFUGE/train/Masks/n0178.png,data/processed/standardized_masks/refuge/train_n0178.png,"[0, 1, 2]","[0, 1, 2]",already_0_1_2
REFUGE,train,n0179,data/external/kaggle/glaucoma_fundus_imaging_bundle/REFUGE/train/Masks/n0179.png,data/processed/standardized_masks/refuge/train_n0179.png,"[0, 1, 2]","[0, 1, 2]",already_0_1_2
REFUGE,train,n0180,data/external/kaggle/glaucoma_fundus_imaging_bundle/REFUGE/train/Masks/n0180.png,data/processed/standardized_masks/refuge/train_n0180.png,"[0, 1, 2]","[0, 1, 2]",already_0_1_2
REFUGE,train,n0181,data/external/kaggle/glaucoma_fundus_imaging_bundle/REFUGE/train/Masks/n0181.png,data/processed/standardized_masks/refuge/train_n0181.png,"[0, 1, 2]","[0, 1, 2]",already_0_1_2
REFUGE,train,n0182,data/external/kaggle/glaucoma_fundus_imaging_bundle/REFUGE/train/Masks/n0182.png,data/processed/standardized_masks/refuge/train_n0182.png,"[0, 1, 2]","[0, 1, 2]",already_0_1_2
REFUGE,train,n0183,data/external/kaggle/glaucoma_fundus_imaging_bundle/REFUGE/train/Masks/n0183.png,data/processed/standardized_masks/refuge/train_n0183.png,"[0, 1, 2]","[0, 1, 2]",already_0_1_2
REFUGE,train,n0184,data/external/kaggle/glaucoma_fundus_imaging_bundle/REFUGE/train/Masks/n0184.png,data/processed/standardized_masks/refuge/train_n0184.png,"[0, 1, 2]","[0, 1, 2]",already_0_1_2
REFUGE,train,n0185,data/external/kaggle/glaucoma_fundus_imaging_bundle/REFUGE/train/Masks/n0185.png,data/processed/standardized_masks/refuge/train_n0185.png,"[0, 1, 2]","[0, 1, 2]",already_0_1_2
REFUGE,train,n0186,data/external/kaggle/glaucoma_fundus_imaging_bundle/REFUGE/train/Masks/n0186.png,data/processed/standardized_masks/refuge/train_n0186.png,"[0, 1, 2]","[0, 1, 2]",already_0_1_2
REFUGE,train,n0187,data/external/kaggle/glaucoma_fundus_imaging_bundle/REFUGE/train/Masks/n0187.png,data/processed/standardized_masks/refuge/train_n0187.png,"[0, 1, 2]","[0, 1, 2]",already_0_1_2
REFUGE,train,n0188,data/external/kaggle/glaucoma_fundus_imaging_bundle/REFUGE/train/Masks/n0188.png,data/processed/standardized_masks/refuge/train_n0188.png,"[0, 1, 2]","[0, 1, 2]",already_0_1_2
REFUGE,train,n0189,data/external/kaggle/glaucoma_fundus_imaging_bundle/REFUGE/train/Masks/n0189.png,data/processed/standardized_masks/refuge/train_n0189.png,"[0, 1, 2]","[0, 1, 2]",already_0_1_2
REFUGE,train,n0190,data/external/kaggle/glaucoma_fundus_imaging_bundle/REFUGE/train/Masks/n0190.png,data/processed/standardized_masks/refuge/train_n0190.png,"[0, 1, 2]","[0, 1, 2]",already_0_1_2
REFUGE,train,n0191,data/external/kaggle/glaucoma_fundus_imaging_bundle/REFUGE/train/Masks/n0191.png,data/processed/standardized_masks/refuge/train_n0191.png,"[0, 1, 2]","[0, 1, 2]",already_0_1_2
REFUGE,train,n0192,data/external/kaggle/glaucoma_fundus_imaging_bundle/REFUGE/train/Masks/n0192.png,data/processed/standardized_masks/refuge/train_n0192.png,"[0, 1, 2]","[0, 1, 2]",already_0_1_2
REFUGE,train,n0193,data/external/kaggle/glaucoma_fundus_imaging_bundle/REFUGE/train/Masks/n0193.png,data/processed/standardized_masks/refuge/train_n0193.png,"[0, 1, 2]","[0, 1, 2]",already_0_1_2
REFUGE,train,n0194,data/external/kaggle/glaucoma_fundus_imaging_bundle/REFUGE/train/Masks/n0194.png,data/processed/standardized_masks/refuge/train_n0194.png,"[0, 1, 2]","[0, 1, 2]",already_0_1_2
REFUGE,train,n0195,data/external/kaggle/glaucoma_fundus_imaging_bundle/REFUGE/train/Masks/n0195.png,data/processed/standardized_masks/refuge/train_n0195.png,"[0, 1, 2]","[0, 1, 2]",already_0_1_2
REFUGE,train,n0196,data/external/kaggle/glaucoma_fundus_imaging_bundle/REFUGE/train/Masks/n0196.png,data/processed/standardized_masks/refuge/train_n0196.png,"[0, 1, 2]","[0, 1, 2]",already_0_1_2
REFUGE,train,n0197,data/external/kaggle/glaucoma_fundus_imaging_bundle/REFUGE/train/Masks/n0197.png,data/processed/standardized_masks/refuge/train_n0197.png,"[0, 1, 2]","[0, 1, 2]",already_0_1_2
REFUGE,train,n0198,data/external/kaggle/glaucoma_fundus_imaging_bundle/REFUGE/train/Masks/n0198.png,data/processed/standardized_masks/refuge/train_n0198.png,"[0, 1, 2]","[0, 1, 2]",already_0_1_2
REFUGE,train,n0199,data/external/kaggle/glaucoma_fundus_imaging_bundle/REFUGE/train/Masks/n0199.png,data/processed/standardized_masks/refuge/train_n0199.png,"[0, 1, 2]","[0, 1, 2]",already_0_1_2
REFUGE,train,n0200,data/external/kaggle/glaucoma_fundus_imaging_bundle/REFUGE/train/Masks/n0200.png,data/processed/standardized_masks/refuge/train_n0200.png,"[0, 1, 2]","[0, 1, 2]",already_0_1_2
REFUGE,train,n0201,data/external/kaggle/glaucoma_fundus_imaging_bundle/REFUGE/train/Masks/n0201.png,data/processed/standardized_masks/refuge/train_n0201.png,"[0, 1, 2]","[0, 1, 2]",already_0_1_2
REFUGE,train,n0202,data/external/kaggle/glaucoma_fundus_imaging_bundle/REFUGE/train/Masks/n0202.png,data/processed/standardized_masks/refuge/train_n0202.png,"[0, 1, 2]","[0, 1, 2]",already_0_1_2
REFUGE,train,n0203,data/external/kaggle/glaucoma_fundus_imaging_bundle/REFUGE/train/Masks/n0203.png,data/processed/standardized_masks/refuge/train_n0203.png,"[0, 1, 2]","[0, 1, 2]",already_0_1_2
REFUGE,train,n0204,data/external/kaggle/glaucoma_fundus_imaging_bundle/REFUGE/train/Masks/n0204.png,data/processed/standardized_masks/refuge/train_n0204.png,"[0, 1, 2]","[0, 1, 2]",already_0_1_2
REFUGE,train,n0205,data/external/kaggle/glaucoma_fundus_imaging_bundle/REFUGE/train/Masks/n0205.png,data/processed/standardized_masks/refuge/train_n0205.png,"[0, 1, 2]","[0, 1, 2]",already_0_1_2
REFUGE,train,n0206,data/external/kaggle/glaucoma_fundus_imaging_bundle/REFUGE/train/Masks/n0206.png,data/processed/standardized_masks/refuge/train_n0206.png,"[0, 1, 2]","[0, 1, 2]",already_0_1_2
REFUGE,train,n0207,data/external/kaggle/glaucoma_fundus_imaging_bundle/REFUGE/train/Masks/n0207.png,data/processed/standardized_masks/refuge/train_n0207.png,"[0, 1, 2]","[0, 1, 2]",already_0_1_2
REFUGE,train,n0208,data/external/kaggle/glaucoma_fundus_imaging_bundle/REFUGE/train/Masks/n0208.png,data/processed/standardized_masks/refuge/train_n0208.png,"[0, 1, 2]","[0, 1, 2]",already_0_1_2
REFUGE,train,n0209,data/external/kaggle/glaucoma_fundus_imaging_bundle/REFUGE/train/Masks/n0209.png,data/processed/standardized_masks/refuge/train_n0209.png,"[0, 1, 2]","[0, 1, 2]",already_0_1_2
REFUGE,train,n0210,data/external/kaggle/glaucoma_fundus_imaging_bundle/REFUGE/train/Masks/n0210.png,data/processed/standardized_masks/refuge/train_n0210.png,"[0, 1, 2]","[0, 1, 2]",already_0_1_2
REFUGE,train,n0211,data/external/kaggle/glaucoma_fundus_imaging_bundle/REFUGE/train/Masks/n0211.png,data/processed/standardized_masks/refuge/train_n0211.png,"[0, 1, 2]","[0, 1, 2]",already_0_1_2
REFUGE,train,n0212,data/external/kaggle/glaucoma_fundus_imaging_bundle/REFUGE/train/Masks/n0212.png,data/processed/standardized_masks/refuge/train_n0212.png,"[0, 1, 2]","[0, 1, 2]",already_0_1_2
REFUGE,train,n0213,data/external/kaggle/glaucoma_fundus_imaging_bundle/REFUGE/train/Masks/n0213.png,data/processed/standardized_masks/refuge/train_n0213.png,"[0, 1, 2]","[0, 1, 2]",already_0_1_2
REFUGE,train,n0214,data/external/kaggle/glaucoma_fundus_imaging_bundle/REFUGE/train/Masks/n0214.png,data/processed/standardized_masks/refuge/train_n0214.png,"[0, 1, 2]","[0, 1, 2]",already_0_1_2
REFUGE,train,n0215,data/external/kaggle/glaucoma_fundus_imaging_bundle/REFUGE/train/Masks/n0215.png,data/processed/standardized_masks/refuge/train_n0215.png,"[0, 1, 2]","[0, 1, 2]",already_0_1_2
REFUGE,train,n0216,data/external/kaggle/glaucoma_fundus_imaging_bundle/REFUGE/train/Masks/n0216.png,data/processed/standardized_masks/refuge/train_n0216.png,"[0, 1, 2]","[0, 1, 2]",already_0_1_2
REFUGE,train,n0217,data/external/kaggle/glaucoma_fundus_imaging_bundle/REFUGE/train/Masks/n0217.png,data/processed/standardized_masks/refuge/train_n0217.png,"[0, 1, 2]","[0, 1, 2]",already_0_1_2
REFUGE,train,n0218,data/external/kaggle/glaucoma_fundus_imaging_bundle/REFUGE/train/Masks/n0218.png,data/processed/standardized_masks/refuge/train_n0218.png,"[0, 1, 2]","[0, 1, 2]",already_0_1_2
REFUGE,train,n0219,data/external/kaggle/glaucoma_fundus_imaging_bundle/REFUGE/train/Masks/n0219.png,data/processed/standardized_masks/refuge/train_n0219.png,"[0, 1, 2]","[0, 1, 2]",already_0_1_2
REFUGE,train,n0220,data/external/kaggle/glaucoma_fundus_imaging_bundle/REFUGE/train/Masks/n0220.png,data/processed/standardized_masks/refuge/train_n0220.png,"[0, 1, 2]","[0, 1, 2]",already_0_1_2
REFUGE,train,n0221,data/external/kaggle/glaucoma_fundus_imaging_bundle/REFUGE/train/Masks/n0221.png,data/processed/standardized_masks/refuge/train_n0221.png,"[0, 1, 2]","[0, 1, 2]",already_0_1_2
REFUGE,train,n0222,data/external/kaggle/glaucoma_fundus_imaging_bundle/REFUGE/train/Masks/n0222.png,data/processed/standardized_masks/refuge/train_n0222.png,"[0, 1, 2]","[0, 1, 2]",already_0_1_2
REFUGE,train,n0223,data/external/kaggle/glaucoma_fundus_imaging_bundle/REFUGE/train/Masks/n0223.png,data/processed/standardized_masks/refuge/train_n0223.png,"[0, 1, 2]","[0, 1, 2]",already_0_1_2
REFUGE,train,n0224,data/external/kaggle/glaucoma_fundus_imaging_bundle/REFUGE/train/Masks/n0224.png,data/processed/standardized_masks/refuge/train_n0224.png,"[0, 1, 2]","[0, 1, 2]",already_0_1_2
REFUGE,train,n0225,data/external/kaggle/glaucoma_fundus_imaging_bundle/REFUGE/train/Masks/n0225.png,data/processed/standardized_masks/refuge/train_n0225.png,"[0, 1, 2]","[0, 1, 2]",already_0_1_2
REFUGE,train,n0226,data/external/kaggle/glaucoma_fundus_imaging_bundle/REFUGE/train/Masks/n0226.png,data/processed/standardized_masks/refuge/train_n0226.png,"[0, 1, 2]","[0, 1, 2]",already_0_1_2
REFUGE,train,n0227,data/external/kaggle/glaucoma_fundus_imaging_bundle/REFUGE/train/Masks/n0227.png,data/processed/standardized_masks/refuge/train_n0227.png,"[0, 1, 2]","[0, 1, 2]",already_0_1_2
REFUGE,train,n0228,data/external/kaggle/glaucoma_fundus_imaging_bundle/REFUGE/train/Masks/n0228.png,data/processed/standardized_masks/refuge/train_n0228.png,"[0, 1, 2]","[0, 1, 2]",already_0_1_2
REFUGE,train,n0229,data/external/kaggle/glaucoma_fundus_imaging_bundle/REFUGE/train/Masks/n0229.png,data/processed/standardized_masks/refuge/train_n0229.png,"[0, 1, 2]","[0, 1, 2]",already_0_1_2
REFUGE,train,n0230,data/external/kaggle/glaucoma_fundus_imaging_bundle/REFUGE/train/Masks/n0230.png,data/processed/standardized_masks/refuge/train_n0230.png,"[0, 1, 2]","[0, 1, 2]",already_0_1_2
REFUGE,train,n0231,data/external/kaggle/glaucoma_fundus_imaging_bundle/REFUGE/train/Masks/n0231.png,data/processed/standardized_masks/refuge/train_n0231.png,"[0, 1, 2]","[0, 1, 2]",already_0_1_2
REFUGE,train,n0232,data/external/kaggle/glaucoma_fundus_imaging_bundle/REFUGE/train/Masks/n0232.png,data/processed/standardized_masks/refuge/train_n0232.png,"[0, 1, 2]","[0, 1, 2]",already_0_1_2
REFUGE,train,n0233,data/external/kaggle/glaucoma_fundus_imaging_bundle/REFUGE/train/Masks/n0233.png,data/processed/standardized_masks/refuge/train_n0233.png,"[0, 1, 2]","[0, 1, 2]",already_0_1_2
REFUGE,train,n0234,data/external/kaggle/glaucoma_fundus_imaging_bundle/REFUGE/train/Masks/n0234.png,data/processed/standardized_masks/refuge/train_n0234.png,"[0, 1, 2]","[0, 1, 2]",already_0_1_2
REFUGE,train,n0235,data/external/kaggle/glaucoma_fundus_imaging_bundle/REFUGE/train/Masks/n0235.png,data/processed/standardized_masks/refuge/train_n0235.png,"[0, 1, 2]","[0, 1, 2]",already_0_1_2
REFUGE,train,n0236,data/external/kaggle/glaucoma_fundus_imaging_bundle/REFUGE/train/Masks/n0236.png,data/processed/standardized_masks/refuge/train_n0236.png,"[0, 1, 2]","[0, 1, 2]",already_0_1_2
REFUGE,train,n0237,data/external/kaggle/glaucoma_fundus_imaging_bundle/REFUGE/train/Masks/n0237.png,data/processed/standardized_masks/refuge/train_n0237.png,"[0, 1, 2]","[0, 1, 2]",already_0_1_2
REFUGE,train,n0238,data/external/kaggle/glaucoma_fundus_imaging_bundle/REFUGE/train/Masks/n0238.png,data/processed/standardized_masks/refuge/train_n0238.png,"[0, 1, 2]","[0, 1, 2]",already_0_1_2
REFUGE,train,n0239,data/external/kaggle/glaucoma_fundus_imaging_bundle/REFUGE/train/Masks/n0239.png,data/processed/standardized_masks/refuge/train_n0239.png,"[0, 1, 2]","[0, 1, 2]",already_0_1_2
REFUGE,train,n0240,data/external/kaggle/glaucoma_fundus_imaging_bundle/REFUGE/train/Masks/n0240.png,data/processed/standardized_masks/refuge/train_n0240.png,"[0, 1, 2]","[0, 1, 2]",already_0_1_2
REFUGE,train,n0241,data/external/kaggle/glaucoma_fundus_imaging_bundle/REFUGE/train/Masks/n0241.png,data/processed/standardized_masks/refuge/train_n0241.png,"[0, 1, 2]","[0, 1, 2]",already_0_1_2
REFUGE,train,n0242,data/external/kaggle/glaucoma_fundus_imaging_bundle/REFUGE/train/Masks/n0242.png,data/processed/standardized_masks/refuge/train_n0242.png,"[0, 1, 2]","[0, 1, 2]",already_0_1_2
REFUGE,train,n0243,data/external/kaggle/glaucoma_fundus_imaging_bundle/REFUGE/train/Masks/n0243.png,data/processed/standardized_masks/refuge/train_n0243.png,"[0, 1, 2]","[0, 1, 2]",already_0_1_2
REFUGE,train,n0244,data/external/kaggle/glaucoma_fundus_imaging_bundle/REFUGE/train/Masks/n0244.png,data/processed/standardized_masks/refuge/train_n0244.png,"[0, 1, 2]","[0, 1, 2]",already_0_1_2
REFUGE,train,n0245,data/external/kaggle/glaucoma_fundus_imaging_bundle/REFUGE/train/Masks/n0245.png,data/processed/standardized_masks/refuge/train_n0245.png,"[0, 1, 2]","[0, 1, 2]",already_0_1_2
REFUGE,train,n0246,data/external/kaggle/glaucoma_fundus_imaging_bundle/REFUGE/train/Masks/n0246.png,data/processed/standardized_masks/refuge/train_n0246.png,"[0, 1, 2]","[0, 1, 2]",already_0_1_2
REFUGE,train,n0247,data/external/kaggle/glaucoma_fundus_imaging_bundle/REFUGE/train/Masks/n0247.png,data/processed/standardized_masks/refuge/train_n0247.png,"[0, 1, 2]","[0, 1, 2]",already_0_1_2
REFUGE,train,n0248,data/external/kaggle/glaucoma_fundus_imaging_bundle/REFUGE/train/Masks/n0248.png,data/processed/standardized_masks/refuge/train_n0248.png,"[0, 1, 2]","[0, 1, 2]",already_0_1_2
REFUGE,train,n0249,data/external/kaggle/glaucoma_fundus_imaging_bundle/REFUGE/train/Masks/n0249.png,data/processed/standardized_masks/refuge/train_n0249.png,"[0, 1, 2]","[0, 1, 2]",already_0_1_2
REFUGE,train,n0250,data/external/kaggle/glaucoma_fundus_imaging_bundle/REFUGE/train/Masks/n0250.png,data/processed/standardized_masks/refuge/train_n0250.png,"[0, 1, 2]","[0, 1, 2]",already_0_1_2
REFUGE,train,n0251,data/external/kaggle/glaucoma_fundus_imaging_bundle/REFUGE/train/Masks/n0251.png,data/processed/standardized_masks/refuge/train_n0251.png,"[0, 1, 2]","[0, 1, 2]",already_0_1_2
REFUGE,train,n0252,data/external/kaggle/glaucoma_fundus_imaging_bundle/REFUGE/train/Masks/n0252.png,data/processed/standardized_masks/refuge/train_n0252.png,"[0, 1, 2]","[0, 1, 2]",already_0_1_2
REFUGE,train,n0253,data/external/kaggle/glaucoma_fundus_imaging_bundle/REFUGE/train/Masks/n0253.png,data/processed/standardized_masks/refuge/train_n0253.png,"[0, 1, 2]","[0, 1, 2]",already_0_1_2
REFUGE,train,n0254,data/external/kaggle/glaucoma_fundus_imaging_bundle/REFUGE/train/Masks/n0254.png,data/processed/standardized_masks/refuge/train_n0254.png,"[0, 1, 2]","[0, 1, 2]",already_0_1_2
REFUGE,train,n0255,data/external/kaggle/glaucoma_fundus_imaging_bundle/REFUGE/train/Masks/n0255.png,data/processed/standardized_masks/refuge/train_n0255.png,"[0, 1, 2]","[0, 1, 2]",already_0_1_2
REFUGE,train,n0256,data/external/kaggle/glaucoma_fundus_imaging_bundle/REFUGE/train/Masks/n0256.png,data/processed/standardized_masks/refuge/train_n0256.png,"[0, 1, 2]","[0, 1, 2]",already_0_1_2
REFUGE,train,n0257,data/external/kaggle/glaucoma_fundus_imaging_bundle/REFUGE/train/Masks/n0257.png,data/processed/standardized_masks/refuge/train_n0257.png,"[0, 1, 2]","[0, 1, 2]",already_0_1_2
REFUGE,train,n0258,data/external/kaggle/glaucoma_fundus_imaging_bundle/REFUGE/train/Masks/n0258.png,data/processed/standardized_masks/refuge/train_n0258.png,"[0, 1, 2]","[0, 1, 2]",already_0_1_2
REFUGE,train,n0259,data/external/kaggle/glaucoma_fundus_imaging_bundle/REFUGE/train/Masks/n0259.png,data/processed/standardized_masks/refuge/train_n0259.png,"[0, 1, 2]","[0, 1, 2]",already_0_1_2
REFUGE,train,n0260,data/external/kaggle/glaucoma_fundus_imaging_bundle/REFUGE/train/Masks/n0260.png,data/processed/standardized_masks/refuge/train_n0260.png,"[0, 1, 2]","[0, 1, 2]",already_0_1_2
REFUGE,train,n0261,data/external/kaggle/glaucoma_fundus_imaging_bundle/REFUGE/train/Masks/n0261.png,data/processed/standardized_masks/refuge/train_n0261.png,"[0, 1, 2]","[0, 1, 2]",already_0_1_2
REFUGE,train,n0262,data/external/kaggle/glaucoma_fundus_imaging_bundle/REFUGE/train/Masks/n0262.png,data/processed/standardized_masks/refuge/train_n0262.png,"[0, 1, 2]","[0, 1, 2]",already_0_1_2
REFUGE,train,n0263,data/external/kaggle/glaucoma_fundus_imaging_bundle/REFUGE/train/Masks/n0263.png,data/processed/standardized_masks/refuge/train_n0263.png,"[0, 1, 2]","[0, 1, 2]",already_0_1_2
REFUGE,train,n0264,data/external/kaggle/glaucoma_fundus_imaging_bundle/REFUGE/train/Masks/n0264.png,data/processed/standardized_masks/refuge/train_n0264.png,"[0, 1, 2]","[0, 1, 2]",already_0_1_2
REFUGE,train,n0265,data/external/kaggle/glaucoma_fundus_imaging_bundle/REFUGE/train/Masks/n0265.png,data/processed/standardized_masks/refuge/train_n0265.png,"[0, 1, 2]","[0, 1, 2]",already_0_1_2
REFUGE,train,n0266,data/external/kaggle/glaucoma_fundus_imaging_bundle/REFUGE/train/Masks/n0266.png,data/processed/standardized_masks/refuge/train_n0266.png,"[0, 1, 2]","[0, 1, 2]",already_0_1_2
REFUGE,train,n0267,data/external/kaggle/glaucoma_fundus_imaging_bundle/REFUGE/train/Masks/n0267.png,data/processed/standardized_masks/refuge/train_n0267.png,"[0, 1, 2]","[0, 1, 2]",already_0_1_2
REFUGE,train,n0268,data/external/kaggle/glaucoma_fundus_imaging_bundle/REFUGE/train/Masks/n0268.png,data/processed/standardized_masks/refuge/train_n0268.png,"[0, 1, 2]","[0, 1, 2]",already_0_1_2
REFUGE,train,n0269,data/external/kaggle/glaucoma_fundus_imaging_bundle/REFUGE/train/Masks/n0269.png,data/processed/standardized_masks/refuge/train_n0269.png,"[0, 1, 2]","[0, 1, 2]",already_0_1_2
REFUGE,train,n0270,data/external/kaggle/glaucoma_fundus_imaging_bundle/REFUGE/train/Masks/n0270.png,data/processed/standardized_masks/refuge/train_n0270.png,"[0, 1, 2]","[0, 1, 2]",already_0_1_2
REFUGE,train,n0271,data/external/kaggle/glaucoma_fundus_imaging_bundle/REFUGE/train/Masks/n0271.png,data/processed/standardized_masks/refuge/train_n0271.png,"[0, 1, 2]","[0, 1, 2]",already_0_1_2
REFUGE,train,n0272,data/external/kaggle/glaucoma_fundus_imaging_bundle/REFUGE/train/Masks/n0272.png,data/processed/standardized_masks/refuge/train_n0272.png,"[0, 1, 2]","[0, 1, 2]",already_0_1_2
REFUGE,train,n0273,data/external/kaggle/glaucoma_fundus_imaging_bundle/REFUGE/train/Masks/n0273.png,data/processed/standardized_masks/refuge/train_n0273.png,"[0, 1, 2]","[0, 1, 2]",already_0_1_2
REFUGE,train,n0274,data/external/kaggle/glaucoma_fundus_imaging_bundle/REFUGE/train/Masks/n0274.png,data/processed/standardized_masks/refuge/train_n0274.png,"[0, 1, 2]","[0, 1, 2]",already_0_1_2
REFUGE,train,n0275,data/external/kaggle/glaucoma_fundus_imaging_bundle/REFUGE/train/Masks/n0275.png,data/processed/standardized_masks/refuge/train_n0275.png,"[0, 1, 2]","[0, 1, 2]",already_0_1_2
REFUGE,train,n0276,data/external/kaggle/glaucoma_fundus_imaging_bundle/REFUGE/train/Masks/n0276.png,data/processed/standardized_masks/refuge/train_n0276.png,"[0, 1, 2]","[0, 1, 2]",already_0_1_2
REFUGE,train,n0277,data/external/kaggle/glaucoma_fundus_imaging_bundle/REFUGE/train/Masks/n0277.png,data/processed/standardized_masks/refuge/train_n0277.png,"[0, 1, 2]","[0, 1, 2]",already_0_1_2
REFUGE,train,n0278,data/external/kaggle/glaucoma_fundus_imaging_bundle/REFUGE/train/Masks/n0278.png,data/processed/standardized_masks/refuge/train_n0278.png,"[0, 1, 2]","[0, 1, 2]",already_0_1_2
REFUGE,train,n0279,data/external/kaggle/glaucoma_fundus_imaging_bundle/REFUGE/train/Masks/n0279.png,data/processed/standardized_masks/refuge/train_n0279.png,"[0, 1, 2]","[0, 1, 2]",already_0_1_2
REFUGE,train,n0280,data/external/kaggle/glaucoma_fundus_imaging_bundle/REFUGE/train/Masks/n0280.png,data/processed/standardized_masks/refuge/train_n0280.png,"[0, 1, 2]","[0, 1, 2]",already_0_1_2
REFUGE,train,n0281,data/external/kaggle/glaucoma_fundus_imaging_bundle/REFUGE/train/Masks/n0281.png,data/processed/standardized_masks/refuge/train_n0281.png,"[0, 1, 2]","[0, 1, 2]",already_0_1_2
REFUGE,train,n0282,data/external/kaggle/glaucoma_fundus_imaging_bundle/REFUGE/train/Masks/n0282.png,data/processed/standardized_masks/refuge/train_n0282.png,"[0, 1, 2]","[0, 1, 2]",already_0_1_2
REFUGE,train,n0283,data/external/kaggle/glaucoma_fundus_imaging_bundle/REFUGE/train/Masks/n0283.png,data/processed/standardized_masks/refuge/train_n0283.png,"[0, 1, 2]","[0, 1, 2]",already_0_1_2
REFUGE,train,n0284,data/external/kaggle/glaucoma_fundus_imaging_bundle/REFUGE/train/Masks/n0284.png,data/processed/standardized_masks/refuge/train_n0284.png,"[0, 1, 2]","[0, 1, 2]",already_0_1_2
REFUGE,train,n0285,data/external/kaggle/glaucoma_fundus_imaging_bundle/REFUGE/train/Masks/n0285.png,data/processed/standardized_masks/refuge/train_n0285.png,"[0, 1, 2]","[0, 1, 2]",already_0_1_2
REFUGE,train,n0286,data/external/kaggle/glaucoma_fundus_imaging_bundle/REFUGE/train/Masks/n0286.png,data/processed/standardized_masks/refuge/train_n0286.png,"[0, 1, 2]","[0, 1, 2]",already_0_1_2
REFUGE,train,n0287,data/external/kaggle/glaucoma_fundus_imaging_bundle/REFUGE/train/Masks/n0287.png,data/processed/standardized_masks/refuge/train_n0287.png,"[0, 1, 2]","[0, 1, 2]",already_0_1_2
REFUGE,train,n0288,data/external/kaggle/glaucoma_fundus_imaging_bundle/REFUGE/train/Masks/n0288.png,data/processed/standardized_masks/refuge/train_n0288.png,"[0, 1, 2]","[0, 1, 2]",already_0_1_2
REFUGE,train,n0289,data/external/kaggle/glaucoma_fundus_imaging_bundle/REFUGE/train/Masks/n0289.png,data/processed/standardized_masks/refuge/train_n0289.png,"[0, 1, 2]","[0, 1, 2]",already_0_1_2
REFUGE,train,n0290,data/external/kaggle/glaucoma_fundus_imaging_bundle/REFUGE/train/Masks/n0290.png,data/processed/standardized_masks/refuge/train_n0290.png,"[0, 1, 2]","[0, 1, 2]",already_0_1_2
REFUGE,train,n0291,data/external/kaggle/glaucoma_fundus_imaging_bundle/REFUGE/train/Masks/n0291.png,data/processed/standardized_masks/refuge/train_n0291.png,"[0, 1, 2]","[0, 1, 2]",already_0_1_2
REFUGE,train,n0292,data/external/kaggle/glaucoma_fundus_imaging_bundle/REFUGE/train/Masks/n0292.png,data/processed/standardized_masks/refuge/train_n0292.png,"[0, 1, 2]","[0, 1, 2]",already_0_1_2
REFUGE,train,n0293,data/external/kaggle/glaucoma_fundus_imaging_bundle/REFUGE/train/Masks/n0293.png,data/processed/standardized_masks/refuge/train_n0293.png,"[0, 1, 2]","[0, 1, 2]",already_0_1_2
REFUGE,train,n0294,data/external/kaggle/glaucoma_fundus_imaging_bundle/REFUGE/train/Masks/n0294.png,data/processed/standardized_masks/refuge/train_n0294.png,"[0, 1, 2]","[0, 1, 2]",already_0_1_2
REFUGE,train,n0295,data/external/kaggle/glaucoma_fundus_imaging_bundle/REFUGE/train/Masks/n0295.png,data/processed/standardized_masks/refuge/train_n0295.png,"[0, 1, 2]","[0, 1, 2]",already_0_1_2
REFUGE,train,n0296,data/external/kaggle/glaucoma_fundus_imaging_bundle/REFUGE/train/Masks/n0296.png,data/processed/standardized_masks/refuge/train_n0296.png,"[0, 1, 2]","[0, 1, 2]",already_0_1_2
REFUGE,train,n0297,data/external/kaggle/glaucoma_fundus_imaging_bundle/REFUGE/train/Masks/n0297.png,data/processed/standardized_masks/refuge/train_n0297.png,"[0, 1, 2]","[0, 1, 2]",already_0_1_2
REFUGE,train,n0298,data/external/kaggle/glaucoma_fundus_imaging_bundle/REFUGE/train/Masks/n0298.png,data/processed/standardized_masks/refuge/train_n0298.png,"[0, 1, 2]","[0, 1, 2]",already_0_1_2
REFUGE,train,n0299,data/external/kaggle/glaucoma_fundus_imaging_bundle/REFUGE/train/Masks/n0299.png,data/processed/standardized_masks/refuge/train_n0299.png,"[0, 1, 2]","[0, 1, 2]",already_0_1_2
REFUGE,train,n0300,data/external/kaggle/glaucoma_fundus_imaging_bundle/REFUGE/train/Masks/n0300.png,data/processed/standardized_masks/refuge/train_n0300.png,"[0, 1, 2]","[0, 1, 2]",already_0_1_2
REFUGE,train,n0301,data/external/kaggle/glaucoma_fundus_imaging_bundle/REFUGE/train/Masks/n0301.png,data/processed/standardized_masks/refuge/train_n0301.png,"[0, 1, 2]","[0, 1, 2]",already_0_1_2
REFUGE,train,n0302,data/external/kaggle/glaucoma_fundus_imaging_bundle/REFUGE/train/Masks/n0302.png,data/processed/standardized_masks/refuge/train_n0302.png,"[0, 1, 2]","[0, 1, 2]",already_0_1_2
REFUGE,train,n0303,data/external/kaggle/glaucoma_fundus_imaging_bundle/REFUGE/train/Masks/n0303.png,data/processed/standardized_masks/refuge/train_n0303.png,"[0, 1, 2]","[0, 1, 2]",already_0_1_2
REFUGE,train,n0304,data/external/kaggle/glaucoma_fundus_imaging_bundle/REFUGE/train/Masks/n0304.png,data/processed/standardized_masks/refuge/train_n0304.png,"[0, 1, 2]","[0, 1, 2]",already_0_1_2
REFUGE,train,n0305,data/external/kaggle/glaucoma_fundus_imaging_bundle/REFUGE/train/Masks/n0305.png,data/processed/standardized_masks/refuge/train_n0305.png,"[0, 1, 2]","[0, 1, 2]",already_0_1_2
REFUGE,train,n0306,data/external/kaggle/glaucoma_fundus_imaging_bundle/REFUGE/train/Masks/n0306.png,data/processed/standardized_masks/refuge/train_n0306.png,"[0, 1, 2]","[0, 1, 2]",already_0_1_2
REFUGE,train,n0307,data/external/kaggle/glaucoma_fundus_imaging_bundle/REFUGE/train/Masks/n0307.png,data/processed/standardized_masks/refuge/train_n0307.png,"[0, 1, 2]","[0, 1, 2]",already_0_1_2
REFUGE,train,n0308,data/external/kaggle/glaucoma_fundus_imaging_bundle/REFUGE/train/Masks/n0308.png,data/processed/standardized_masks/refuge/train_n0308.png,"[0, 1, 2]","[0, 1, 2]",already_0_1_2
REFUGE,train,n0309,data/external/kaggle/glaucoma_fundus_imaging_bundle/REFUGE/train/Masks/n0309.png,data/processed/standardized_masks/refuge/train_n0309.png,"[0, 1, 2]","[0, 1, 2]",already_0_1_2
REFUGE,train,n0310,data/external/kaggle/glaucoma_fundus_imaging_bundle/REFUGE/train/Masks/n0310.png,data/processed/standardized_masks/refuge/train_n0310.png,"[0, 1, 2]","[0, 1, 2]",already_0_1_2
REFUGE,train,n0311,data/external/kaggle/glaucoma_fundus_imaging_bundle/REFUGE/train/Masks/n0311.png,data/processed/standardized_masks/refuge/train_n0311.png,"[0, 1, 2]","[0, 1, 2]",already_0_1_2
REFUGE,train,n0312,data/external/kaggle/glaucoma_fundus_imaging_bundle/REFUGE/train/Masks/n0312.png,data/processed/standardized_masks/refuge/train_n0312.png,"[0, 1, 2]","[0, 1, 2]",already_0_1_2
REFUGE,train,n0313,data/external/kaggle/glaucoma_fundus_imaging_bundle/REFUGE/train/Masks/n0313.png,data/processed/standardized_masks/refuge/train_n0313.png,"[0, 1, 2]","[0, 1, 2]",already_0_1_2
REFUGE,train,n0314,data/external/kaggle/glaucoma_fundus_imaging_bundle/REFUGE/train/Masks/n0314.png,data/processed/standardized_masks/refuge/train_n0314.png,"[0, 1, 2]","[0, 1, 2]",already_0_1_2
REFUGE,train,n0315,data/external/kaggle/glaucoma_fundus_imaging_bundle/REFUGE/train/Masks/n0315.png,data/processed/standardized_masks/refuge/train_n0315.png,"[0, 1, 2]","[0, 1, 2]",already_0_1_2
REFUGE,train,n0316,data/external/kaggle/glaucoma_fundus_imaging_bundle/REFUGE/train/Masks/n0316.png,data/processed/standardized_masks/refuge/train_n0316.png,"[0, 1, 2]","[0, 1, 2]",already_0_1_2
REFUGE,train,n0317,data/external/kaggle/glaucoma_fundus_imaging_bundle/REFUGE/train/Masks/n0317.png,data/processed/standardized_masks/refuge/train_n0317.png,"[0, 1, 2]","[0, 1, 2]",already_0_1_2
REFUGE,train,n0318,data/external/kaggle/glaucoma_fundus_imaging_bundle/REFUGE/train/Masks/n0318.png,data/processed/standardized_masks/refuge/train_n0318.png,"[0, 1, 2]","[0, 1, 2]",already_0_1_2
REFUGE,train,n0319,data/external/kaggle/glaucoma_fundus_imaging_bundle/REFUGE/train/Masks/n0319.png,data/processed/standardized_masks/refuge/train_n0319.png,"[0, 1, 2]","[0, 1, 2]",already_0_1_2
REFUGE,train,n0320,data/external/kaggle/glaucoma_fundus_imaging_bundle/REFUGE/train/Masks/n0320.png,data/processed/standardized_masks/refuge/train_n0320.png,"[0, 1, 2]","[0, 1, 2]",already_0_1_2
REFUGE,train,n0321,data/external/kaggle/glaucoma_fundus_imaging_bundle/REFUGE/train/Masks/n0321.png,data/processed/standardized_masks/refuge/train_n0321.png,"[0, 1, 2]","[0, 1, 2]",already_0_1_2
REFUGE,train,n0322,data/external/kaggle/glaucoma_fundus_imaging_bundle/REFUGE/train/Masks/n0322.png,data/processed/standardized_masks/refuge/train_n0322.png,"[0, 1, 2]","[0, 1, 2]",already_0_1_2
REFUGE,train,n0323,data/external/kaggle/glaucoma_fundus_imaging_bundle/REFUGE/train/Masks/n0323.png,data/processed/standardized_masks/refuge/train_n0323.png,"[0, 1, 2]","[0, 1, 2]",already_0_1_2
REFUGE,train,n0324,data/external/kaggle/glaucoma_fundus_imaging_bundle/REFUGE/train/Masks/n0324.png,data/processed/standardized_masks/refuge/train_n0324.png,"[0, 1, 2]","[0, 1, 2]",already_0_1_2
REFUGE,train,n0325,data/external/kaggle/glaucoma_fundus_imaging_bundle/REFUGE/train/Masks/n0325.png,data/processed/standardized_masks/refuge/train_n0325.png,"[0, 1, 2]","[0, 1, 2]",already_0_1_2
REFUGE,train,n0326,data/external/kaggle/glaucoma_fundus_imaging_bundle/REFUGE/train/Masks/n0326.png,data/processed/standardized_masks/refuge/train_n0326.png,"[0, 1, 2]","[0, 1, 2]",already_0_1_2
REFUGE,train,n0327,data/external/kaggle/glaucoma_fundus_imaging_bundle/REFUGE/train/Masks/n0327.png,data/processed/standardized_masks/refuge/train_n0327.png,"[0, 1, 2]","[0, 1, 2]",already_0_1_2
REFUGE,train,n0328,data/external/kaggle/glaucoma_fundus_imaging_bundle/REFUGE/train/Masks/n0328.png,data/processed/standardized_masks/refuge/train_n0328.png,"[0, 1, 2]","[0, 1, 2]",already_0_1_2
REFUGE,train,n0329,data/external/kaggle/glaucoma_fundus_imaging_bundle/REFUGE/train/Masks/n0329.png,data/processed/standardized_masks/refuge/train_n0329.png,"[0, 1, 2]","[0, 1, 2]",already_0_1_2
REFUGE,train,n0330,data/external/kaggle/glaucoma_fundus_imaging_bundle/REFUGE/train/Masks/n0330.png,data/processed/standardized_masks/refuge/train_n0330.png,"[0, 1, 2]","[0, 1, 2]",already_0_1_2
REFUGE,train,n0331,data/external/kaggle/glaucoma_fundus_imaging_bundle/REFUGE/train/Masks/n0331.png,data/processed/standardized_masks/refuge/train_n0331.png,"[0, 1, 2]","[0, 1, 2]",already_0_1_2
REFUGE,train,n0332,data/external/kaggle/glaucoma_fundus_imaging_bundle/REFUGE/train/Masks/n0332.png,data/processed/standardized_masks/refuge/train_n0332.png,"[0, 1, 2]","[0, 1, 2]",already_0_1_2
REFUGE,train,n0333,data/external/kaggle/glaucoma_fundus_imaging_bundle/REFUGE/train/Masks/n0333.png,data/processed/standardized_masks/refuge/train_n0333.png,"[0, 1, 2]","[0, 1, 2]",already_0_1_2
REFUGE,train,n0334,data/external/kaggle/glaucoma_fundus_imaging_bundle/REFUGE/train/Masks/n0334.png,data/processed/standardized_masks/refuge/train_n0334.png,"[0, 1, 2]","[0, 1, 2]",already_0_1_2
REFUGE,train,n0335,data/external/kaggle/glaucoma_fundus_imaging_bundle/REFUGE/train/Masks/n0335.png,data/processed/standardized_masks/refuge/train_n0335.png,"[0, 1, 2]","[0, 1, 2]",already_0_1_2
REFUGE,train,n0336,data/external/kaggle/glaucoma_fundus_imaging_bundle/REFUGE/train/Masks/n0336.png,data/processed/standardized_masks/refuge/train_n0336.png,"[0, 1, 2]","[0, 1, 2]",already_0_1_2
REFUGE,train,n0337,data/external/kaggle/glaucoma_fundus_imaging_bundle/REFUGE/train/Masks/n0337.png,data/processed/standardized_masks/refuge/train_n0337.png,"[0, 1, 2]","[0, 1, 2]",already_0_1_2
REFUGE,train,n0338,data/external/kaggle/glaucoma_fundus_imaging_bundle/REFUGE/train/Masks/n0338.png,data/processed/standardized_masks/refuge/train_n0338.png,"[0, 1, 2]","[0, 1, 2]",already_0_1_2
REFUGE,train,n0339,data/external/kaggle/glaucoma_fundus_imaging_bundle/REFUGE/train/Masks/n0339.png,data/processed/standardized_masks/refuge/train_n0339.png,"[0, 1, 2]","[0, 1, 2]",already_0_1_2
REFUGE,train,n0340,data/external/kaggle/glaucoma_fundus_imaging_bundle/REFUGE/train/Masks/n0340.png,data/processed/standardized_masks/refuge/train_n0340.png,"[0, 1, 2]","[0, 1, 2]",already_0_1_2
REFUGE,train,n0341,data/external/kaggle/glaucoma_fundus_imaging_bundle/REFUGE/train/Masks/n0341.png,data/processed/standardized_masks/refuge/train_n0341.png,"[0, 1, 2]","[0, 1, 2]",already_0_1_2
REFUGE,train,n0342,data/external/kaggle/glaucoma_fundus_imaging_bundle/REFUGE/train/Masks/n0342.png,data/processed/standardized_masks/refuge/train_n0342.png,"[0, 1, 2]","[0, 1, 2]",already_0_1_2
REFUGE,train,n0343,data/external/kaggle/glaucoma_fundus_imaging_bundle/REFUGE/train/Masks/n0343.png,data/processed/standardized_masks/refuge/train_n0343.png,"[0, 1, 2]","[0, 1, 2]",already_0_1_2
REFUGE,train,n0344,data/external/kaggle/glaucoma_fundus_imaging_bundle/REFUGE/train/Masks/n0344.png,data/processed/standardized_masks/refuge/train_n0344.png,"[0, 1, 2]","[0, 1, 2]",already_0_1_2
REFUGE,train,n0345,data/external/kaggle/glaucoma_fundus_imaging_bundle/REFUGE/train/Masks/n0345.png,data/processed/standardized_masks/refuge/train_n0345.png,"[0, 1, 2]","[0, 1, 2]",already_0_1_2
REFUGE,train,n0346,data/external/kaggle/glaucoma_fundus_imaging_bundle/REFUGE/train/Masks/n0346.png,data/processed/standardized_masks/refuge/train_n0346.png,"[0, 1, 2]","[0, 1, 2]",already_0_1_2
REFUGE,train,n0347,data/external/kaggle/glaucoma_fundus_imaging_bundle/REFUGE/train/Masks/n0347.png,data/processed/standardized_masks/refuge/train_n0347.png,"[0, 1, 2]","[0, 1, 2]",already_0_1_2
REFUGE,train,n0348,data/external/kaggle/glaucoma_fundus_imaging_bundle/REFUGE/train/Masks/n0348.png,data/processed/standardized_masks/refuge/train_n0348.png,"[0, 1, 2]","[0, 1, 2]",already_0_1_2
REFUGE,train,n0349,data/external/kaggle/glaucoma_fundus_imaging_bundle/REFUGE/train/Masks/n0349.png,data/processed/standardized_masks/refuge/train_n0349.png,"[0, 1, 2]","[0, 1, 2]",already_0_1_2
REFUGE,train,n0350,data/external/kaggle/glaucoma_fundus_imaging_bundle/REFUGE/train/Masks/n0350.png,data/processed/standardized_masks/refuge/train_n0350.png,"[0, 1, 2]","[0, 1, 2]",already_0_1_2
REFUGE,train,n0351,data/external/kaggle/glaucoma_fundus_imaging_bundle/REFUGE/train/Masks/n0351.png,data/processed/standardized_masks/refuge/train_n0351.png,"[0, 1, 2]","[0, 1, 2]",already_0_1_2
REFUGE,train,n0352,data/external/kaggle/glaucoma_fundus_imaging_bundle/REFUGE/train/Masks/n0352.png,data/processed/standardized_masks/refuge/train_n0352.png,"[0, 1, 2]","[0, 1, 2]",already_0_1_2
REFUGE,train,n0353,data/external/kaggle/glaucoma_fundus_imaging_bundle/REFUGE/train/Masks/n0353.png,data/processed/standardized_masks/refuge/train_n0353.png,"[0, 1, 2]","[0, 1, 2]",already_0_1_2
REFUGE,train,n0354,data/external/kaggle/glaucoma_fundus_imaging_bundle/REFUGE/train/Masks/n0354.png,data/processed/standardized_masks/refuge/train_n0354.png,"[0, 1, 2]","[0, 1, 2]",already_0_1_2
REFUGE,train,n0355,data/external/kaggle/glaucoma_fundus_imaging_bundle/REFUGE/train/Masks/n0355.png,data/processed/standardized_masks/refuge/train_n0355.png,"[0, 1, 2]","[0, 1, 2]",already_0_1_2
REFUGE,train,n0356,data/external/kaggle/glaucoma_fundus_imaging_bundle/REFUGE/train/Masks/n0356.png,data/processed/standardized_masks/refuge/train_n0356.png,"[0, 1, 2]","[0, 1, 2]",already_0_1_2
REFUGE,train,n0357,data/external/kaggle/glaucoma_fundus_imaging_bundle/REFUGE/train/Masks/n0357.png,data/processed/standardized_masks/refuge/train_n0357.png,"[0, 1, 2]","[0, 1, 2]",already_0_1_2
REFUGE,train,n0358,data/external/kaggle/glaucoma_fundus_imaging_bundle/REFUGE/train/Masks/n0358.png,data/processed/standardized_masks/refuge/train_n0358.png,"[0, 1, 2]","[0, 1, 2]",already_0_1_2
REFUGE,train,n0359,data/external/kaggle/glaucoma_fundus_imaging_bundle/REFUGE/train/Masks/n0359.png,data/processed/standardized_masks/refuge/train_n0359.png,"[0, 1, 2]","[0, 1, 2]",already_0_1_2
REFUGE,train,n0360,data/external/kaggle/glaucoma_fundus_imaging_bundle/REFUGE/train/Masks/n0360.png,data/processed/standardized_masks/refuge/train_n0360.png,"[0, 1, 2]","[0, 1, 2]",already_0_1_2
REFUGE,val,V0001,data/external/kaggle/glaucoma_fundus_imaging_bundle/REFUGE/val/Masks/V0001.png,data/processed/standardized_masks/refuge/val_V0001.png,"[0, 1, 2]","[0, 1, 2]",already_0_1_2
REFUGE,val,V0002,data/external/kaggle/glaucoma_fundus_imaging_bundle/REFUGE/val/Masks/V0002.png,data/processed/standardized_masks/refuge/val_V0002.png,"[0, 1, 2]","[0, 1, 2]",already_0_1_2
REFUGE,val,V0003,data/external/kaggle/glaucoma_fundus_imaging_bundle/REFUGE/val/Masks/V0003.png,data/processed/standardized_masks/refuge/val_V0003.png,"[0, 1, 2]","[0, 1, 2]",already_0_1_2
REFUGE,val,V0004,data/external/kaggle/glaucoma_fundus_imaging_bundle/REFUGE/val/Masks/V0004.png,data/processed/standardized_masks/refuge/val_V0004.png,"[0, 1, 2]","[0, 1, 2]",already_0_1_2
REFUGE,val,V0005,data/external/kaggle/glaucoma_fundus_imaging_bundle/REFUGE/val/Masks/V0005.png,data/processed/standardized_masks/refuge/val_V0005.png,"[0, 1, 2]","[0, 1, 2]",already_0_1_2
REFUGE,val,V0006,data/external/kaggle/glaucoma_fundus_imaging_bundle/REFUGE/val/Masks/V0006.png,data/processed/standardized_masks/refuge/val_V0006.png,"[0, 1, 2]","[0, 1, 2]",already_0_1_2
REFUGE,val,V0007,data/external/kaggle/glaucoma_fundus_imaging_bundle/REFUGE/val/Masks/V0007.png,data/processed/standardized_masks/refuge/val_V0007.png,"[0, 1, 2]","[0, 1, 2]",already_0_1_2
REFUGE,val,V0008,data/external/kaggle/glaucoma_fundus_imaging_bundle/REFUGE/val/Masks/V0008.png,data/processed/standardized_masks/refuge/val_V0008.png,"[0, 1, 2]","[0, 1, 2]",already_0_1_2
REFUGE,val,V0009,data/external/kaggle/glaucoma_fundus_imaging_bundle/REFUGE/val/Masks/V0009.png,data/processed/standardized_masks/refuge/val_V0009.png,"[0, 1, 2]","[0, 1, 2]",already_0_1_2
REFUGE,val,V0010,data/external/kaggle/glaucoma_fundus_imaging_bundle/REFUGE/val/Masks/V0010.png,data/processed/standardized_masks/refuge/val_V0010.png,"[0, 1, 2]","[0, 1, 2]",already_0_1_2
REFUGE,val,V0011,data/external/kaggle/glaucoma_fundus_imaging_bundle/REFUGE/val/Masks/V0011.png,data/processed/standardized_masks/refuge/val_V0011.png,"[0, 1, 2]","[0, 1, 2]",already_0_1_2
REFUGE,val,V0012,data/external/kaggle/glaucoma_fundus_imaging_bundle/REFUGE/val/Masks/V0012.png,data/processed/standardized_masks/refuge/val_V0012.png,"[0, 1, 2]","[0, 1, 2]",already_0_1_2
REFUGE,val,V0013,data/external/kaggle/glaucoma_fundus_imaging_bundle/REFUGE/val/Masks/V0013.png,data/processed/standardized_masks/refuge/val_V0013.png,"[0, 1, 2]","[0, 1, 2]",already_0_1_2
REFUGE,val,V0014,data/external/kaggle/glaucoma_fundus_imaging_bundle/REFUGE/val/Masks/V0014.png,data/processed/standardized_masks/refuge/val_V0014.png,"[0, 1, 2]","[0, 1, 2]",already_0_1_2
REFUGE,val,V0015,data/external/kaggle/glaucoma_fundus_imaging_bundle/REFUGE/val/Masks/V0015.png,data/processed/standardized_masks/refuge/val_V0015.png,"[0, 1, 2]","[0, 1, 2]",already_0_1_2
REFUGE,val,V0016,data/external/kaggle/glaucoma_fundus_imaging_bundle/REFUGE/val/Masks/V0016.png,data/processed/standardized_masks/refuge/val_V0016.png,"[0, 1, 2]","[0, 1, 2]",already_0_1_2
REFUGE,val,V0017,data/external/kaggle/glaucoma_fundus_imaging_bundle/REFUGE/val/Masks/V0017.png,data/processed/standardized_masks/refuge/val_V0017.png,"[0, 1, 2]","[0, 1, 2]",already_0_1_2
REFUGE,val,V0018,data/external/kaggle/glaucoma_fundus_imaging_bundle/REFUGE/val/Masks/V0018.png,data/processed/standardized_masks/refuge/val_V0018.png,"[0, 1, 2]","[0, 1, 2]",already_0_1_2
REFUGE,val,V0019,data/external/kaggle/glaucoma_fundus_imaging_bundle/REFUGE/val/Masks/V0019.png,data/processed/standardized_masks/refuge/val_V0019.png,"[0, 1, 2]","[0, 1, 2]",already_0_1_2
REFUGE,val,V0020,data/external/kaggle/glaucoma_fundus_imaging_bundle/REFUGE/val/Masks/V0020.png,data/processed/standardized_masks/refuge/val_V0020.png,"[0, 1, 2]","[0, 1, 2]",already_0_1_2
REFUGE,val,V0021,data/external/kaggle/glaucoma_fundus_imaging_bundle/REFUGE/val/Masks/V0021.png,data/processed/standardized_masks/refuge/val_V0021.png,"[0, 1, 2]","[0, 1, 2]",already_0_1_2
REFUGE,val,V0022,data/external/kaggle/glaucoma_fundus_imaging_bundle/REFUGE/val/Masks/V0022.png,data/processed/standardized_masks/refuge/val_V0022.png,"[0, 1, 2]","[0, 1, 2]",already_0_1_2
REFUGE,val,V0023,data/external/kaggle/glaucoma_fundus_imaging_bundle/REFUGE/val/Masks/V0023.png,data/processed/standardized_masks/refuge/val_V0023.png,"[0, 1, 2]","[0, 1, 2]",already_0_1_2
REFUGE,val,V0024,data/external/kaggle/glaucoma_fundus_imaging_bundle/REFUGE/val/Masks/V0024.png,data/processed/standardized_masks/refuge/val_V0024.png,"[0, 1, 2]","[0, 1, 2]",already_0_1_2
REFUGE,val,V0025,data/external/kaggle/glaucoma_fundus_imaging_bundle/REFUGE/val/Masks/V0025.png,data/processed/standardized_masks/refuge/val_V0025.png,"[0, 1, 2]","[0, 1, 2]",already_0_1_2
REFUGE,val,V0026,data/external/kaggle/glaucoma_fundus_imaging_bundle/REFUGE/val/Masks/V0026.png,data/processed/standardized_masks/refuge/val_V0026.png,"[0, 1, 2]","[0, 1, 2]",already_0_1_2
REFUGE,val,V0027,data/external/kaggle/glaucoma_fundus_imaging_bundle/REFUGE/val/Masks/V0027.png,data/processed/standardized_masks/refuge/val_V0027.png,"[0, 1, 2]","[0, 1, 2]",already_0_1_2
REFUGE,val,V0028,data/external/kaggle/glaucoma_fundus_imaging_bundle/REFUGE/val/Masks/V0028.png,data/processed/standardized_masks/refuge/val_V0028.png,"[0, 1, 2]","[0, 1, 2]",already_0_1_2
REFUGE,val,V0029,data/external/kaggle/glaucoma_fundus_imaging_bundle/REFUGE/val/Masks/V0029.png,data/processed/standardized_masks/refuge/val_V0029.png,"[0, 1, 2]","[0, 1, 2]",already_0_1_2
REFUGE,val,V0030,data/external/kaggle/glaucoma_fundus_imaging_bundle/REFUGE/val/Masks/V0030.png,data/processed/standardized_masks/refuge/val_V0030.png,"[0, 1, 2]","[0, 1, 2]",already_0_1_2
REFUGE,val,V0031,data/external/kaggle/glaucoma_fundus_imaging_bundle/REFUGE/val/Masks/V0031.png,data/processed/standardized_masks/refuge/val_V0031.png,"[0, 1, 2]","[0, 1, 2]",already_0_1_2
REFUGE,val,V0032,data/external/kaggle/glaucoma_fundus_imaging_bundle/REFUGE/val/Masks/V0032.png,data/processed/standardized_masks/refuge/val_V0032.png,"[0, 1, 2]","[0, 1, 2]",already_0_1_2
REFUGE,val,V0033,data/external/kaggle/glaucoma_fundus_imaging_bundle/REFUGE/val/Masks/V0033.png,data/processed/standardized_masks/refuge/val_V0033.png,"[0, 1, 2]","[0, 1, 2]",already_0_1_2
REFUGE,val,V0034,data/external/kaggle/glaucoma_fundus_imaging_bundle/REFUGE/val/Masks/V0034.png,data/processed/standardized_masks/refuge/val_V0034.png,"[0, 1, 2]","[0, 1, 2]",already_0_1_2
REFUGE,val,V0035,data/external/kaggle/glaucoma_fundus_imaging_bundle/REFUGE/val/Masks/V0035.png,data/processed/standardized_masks/refuge/val_V0035.png,"[0, 1, 2]","[0, 1, 2]",already_0_1_2
REFUGE,val,V0036,data/external/kaggle/glaucoma_fundus_imaging_bundle/REFUGE/val/Masks/V0036.png,data/processed/standardized_masks/refuge/val_V0036.png,"[0, 1, 2]","[0, 1, 2]",already_0_1_2
REFUGE,val,V0037,data/external/kaggle/glaucoma_fundus_imaging_bundle/REFUGE/val/Masks/V0037.png,data/processed/standardized_masks/refuge/val_V0037.png,"[0, 1, 2]","[0, 1, 2]",already_0_1_2
REFUGE,val,V0038,data/external/kaggle/glaucoma_fundus_imaging_bundle/REFUGE/val/Masks/V0038.png,data/processed/standardized_masks/refuge/val_V0038.png,"[0, 1, 2]","[0, 1, 2]",already_0_1_2
REFUGE,val,V0039,data/external/kaggle/glaucoma_fundus_imaging_bundle/REFUGE/val/Masks/V0039.png,data/processed/standardized_masks/refuge/val_V0039.png,"[0, 1, 2]","[0, 1, 2]",already_0_1_2
REFUGE,val,V0040,data/external/kaggle/glaucoma_fundus_imaging_bundle/REFUGE/val/Masks/V0040.png,data/processed/standardized_masks/refuge/val_V0040.png,"[0, 1, 2]","[0, 1, 2]",already_0_1_2
REFUGE,val,V0041,data/external/kaggle/glaucoma_fundus_imaging_bundle/REFUGE/val/Masks/V0041.png,data/processed/standardized_masks/refuge/val_V0041.png,"[0, 1, 2]","[0, 1, 2]",already_0_1_2
REFUGE,val,V0042,data/external/kaggle/glaucoma_fundus_imaging_bundle/REFUGE/val/Masks/V0042.png,data/processed/standardized_masks/refuge/val_V0042.png,"[0, 1, 2]","[0, 1, 2]",already_0_1_2
REFUGE,val,V0043,data/external/kaggle/glaucoma_fundus_imaging_bundle/REFUGE/val/Masks/V0043.png,data/processed/standardized_masks/refuge/val_V0043.png,"[0, 1, 2]","[0, 1, 2]",already_0_1_2
REFUGE,val,V0044,data/external/kaggle/glaucoma_fundus_imaging_bundle/REFUGE/val/Masks/V0044.png,data/processed/standardized_masks/refuge/val_V0044.png,"[0, 1, 2]","[0, 1, 2]",already_0_1_2
REFUGE,val,V0045,data/external/kaggle/glaucoma_fundus_imaging_bundle/REFUGE/val/Masks/V0045.png,data/processed/standardized_masks/refuge/val_V0045.png,"[0, 1, 2]","[0, 1, 2]",already_0_1_2
REFUGE,val,V0046,data/external/kaggle/glaucoma_fundus_imaging_bundle/REFUGE/val/Masks/V0046.png,data/processed/standardized_masks/refuge/val_V0046.png,"[0, 1, 2]","[0, 1, 2]",already_0_1_2
REFUGE,val,V0047,data/external/kaggle/glaucoma_fundus_imaging_bundle/REFUGE/val/Masks/V0047.png,data/processed/standardized_masks/refuge/val_V0047.png,"[0, 1, 2]","[0, 1, 2]",already_0_1_2
REFUGE,val,V0048,data/external/kaggle/glaucoma_fundus_imaging_bundle/REFUGE/val/Masks/V0048.png,data/processed/standardized_masks/refuge/val_V0048.png,"[0, 1, 2]","[0, 1, 2]",already_0_1_2
REFUGE,val,V0049,data/external/kaggle/glaucoma_fundus_imaging_bundle/REFUGE/val/Masks/V0049.png,data/processed/standardized_masks/refuge/val_V0049.png,"[0, 1, 2]","[0, 1, 2]",already_0_1_2
REFUGE,val,V0050,data/external/kaggle/glaucoma_fundus_imaging_bundle/REFUGE/val/Masks/V0050.png,data/processed/standardized_masks/refuge/val_V0050.png,"[0, 1, 2]","[0, 1, 2]",already_0_1_2
REFUGE,val,V0051,data/external/kaggle/glaucoma_fundus_imaging_bundle/REFUGE/val/Masks/V0051.png,data/processed/standardized_masks/refuge/val_V0051.png,"[0, 1, 2]","[0, 1, 2]",already_0_1_2
REFUGE,val,V0052,data/external/kaggle/glaucoma_fundus_imaging_bundle/REFUGE/val/Masks/V0052.png,data/processed/standardized_masks/refuge/val_V0052.png,"[0, 1, 2]","[0, 1, 2]",already_0_1_2
REFUGE,val,V0053,data/external/kaggle/glaucoma_fundus_imaging_bundle/REFUGE/val/Masks/V0053.png,data/processed/standardized_masks/refuge/val_V0053.png,"[0, 1, 2]","[0, 1, 2]",already_0_1_2
REFUGE,val,V0054,data/external/kaggle/glaucoma_fundus_imaging_bundle/REFUGE/val/Masks/V0054.png,data/processed/standardized_masks/refuge/val_V0054.png,"[0, 1, 2]","[0, 1, 2]",already_0_1_2
REFUGE,val,V0055,data/external/kaggle/glaucoma_fundus_imaging_bundle/REFUGE/val/Masks/V0055.png,data/processed/standardized_masks/refuge/val_V0055.png,"[0, 1, 2]","[0, 1, 2]",already_0_1_2
REFUGE,val,V0056,data/external/kaggle/glaucoma_fundus_imaging_bundle/REFUGE/val/Masks/V0056.png,data/processed/standardized_masks/refuge/val_V0056.png,"[0, 1, 2]","[0, 1, 2]",already_0_1_2
REFUGE,val,V0057,data/external/kaggle/glaucoma_fundus_imaging_bundle/REFUGE/val/Masks/V0057.png,data/processed/standardized_masks/refuge/val_V0057.png,"[0, 1, 2]","[0, 1, 2]",already_0_1_2
REFUGE,val,V0058,data/external/kaggle/glaucoma_fundus_imaging_bundle/REFUGE/val/Masks/V0058.png,data/processed/standardized_masks/refuge/val_V0058.png,"[0, 1, 2]","[0, 1, 2]",already_0_1_2
REFUGE,val,V0059,data/external/kaggle/glaucoma_fundus_imaging_bundle/REFUGE/val/Masks/V0059.png,data/processed/standardized_masks/refuge/val_V0059.png,"[0, 1, 2]","[0, 1, 2]",already_0_1_2
REFUGE,val,V0060,data/external/kaggle/glaucoma_fundus_imaging_bundle/REFUGE/val/Masks/V0060.png,data/processed/standardized_masks/refuge/val_V0060.png,"[0, 1, 2]","[0, 1, 2]",already_0_1_2
REFUGE,val,V0061,data/external/kaggle/glaucoma_fundus_imaging_bundle/REFUGE/val/Masks/V0061.png,data/processed/standardized_masks/refuge/val_V0061.png,"[0, 1, 2]","[0, 1, 2]",already_0_1_2
REFUGE,val,V0062,data/external/kaggle/glaucoma_fundus_imaging_bundle/REFUGE/val/Masks/V0062.png,data/processed/standardized_masks/refuge/val_V0062.png,"[0, 1, 2]","[0, 1, 2]",already_0_1_2
REFUGE,val,V0063,data/external/kaggle/glaucoma_fundus_imaging_bundle/REFUGE/val/Masks/V0063.png,data/processed/standardized_masks/refuge/val_V0063.png,"[0, 1, 2]","[0, 1, 2]",already_0_1_2
REFUGE,val,V0064,data/external/kaggle/glaucoma_fundus_imaging_bundle/REFUGE/val/Masks/V0064.png,data/processed/standardized_masks/refuge/val_V0064.png,"[0, 1, 2]","[0, 1, 2]",already_0_1_2
REFUGE,val,V0065,data/external/kaggle/glaucoma_fundus_imaging_bundle/REFUGE/val/Masks/V0065.png,data/processed/standardized_masks/refuge/val_V0065.png,"[0, 1, 2]","[0, 1, 2]",already_0_1_2
REFUGE,val,V0066,data/external/kaggle/glaucoma_fundus_imaging_bundle/REFUGE/val/Masks/V0066.png,data/processed/standardized_masks/refuge/val_V0066.png,"[0, 1, 2]","[0, 1, 2]",already_0_1_2
REFUGE,val,V0067,data/external/kaggle/glaucoma_fundus_imaging_bundle/REFUGE/val/Masks/V0067.png,data/processed/standardized_masks/refuge/val_V0067.png,"[0, 1, 2]","[0, 1, 2]",already_0_1_2
REFUGE,val,V0068,data/external/kaggle/glaucoma_fundus_imaging_bundle/REFUGE/val/Masks/V0068.png,data/processed/standardized_masks/refuge/val_V0068.png,"[0, 1, 2]","[0, 1, 2]",already_0_1_2
REFUGE,val,V0069,data/external/kaggle/glaucoma_fundus_imaging_bundle/REFUGE/val/Masks/V0069.png,data/processed/standardized_masks/refuge/val_V0069.png,"[0, 1, 2]","[0, 1, 2]",already_0_1_2
REFUGE,val,V0070,data/external/kaggle/glaucoma_fundus_imaging_bundle/REFUGE/val/Masks/V0070.png,data/processed/standardized_masks/refuge/val_V0070.png,"[0, 1, 2]","[0, 1, 2]",already_0_1_2
REFUGE,val,V0071,data/external/kaggle/glaucoma_fundus_imaging_bundle/REFUGE/val/Masks/V0071.png,data/processed/standardized_masks/refuge/val_V0071.png,"[0, 1, 2]","[0, 1, 2]",already_0_1_2
REFUGE,val,V0072,data/external/kaggle/glaucoma_fundus_imaging_bundle/REFUGE/val/Masks/V0072.png,data/processed/standardized_masks/refuge/val_V0072.png,"[0, 1, 2]","[0, 1, 2]",already_0_1_2
REFUGE,val,V0073,data/external/kaggle/glaucoma_fundus_imaging_bundle/REFUGE/val/Masks/V0073.png,data/processed/standardized_masks/refuge/val_V0073.png,"[0, 1, 2]","[0, 1, 2]",already_0_1_2
REFUGE,val,V0074,data/external/kaggle/glaucoma_fundus_imaging_bundle/REFUGE/val/Masks/V0074.png,data/processed/standardized_masks/refuge/val_V0074.png,"[0, 1, 2]","[0, 1, 2]",already_0_1_2
REFUGE,val,V0075,data/external/kaggle/glaucoma_fundus_imaging_bundle/REFUGE/val/Masks/V0075.png,data/processed/standardized_masks/refuge/val_V0075.png,"[0, 1, 2]","[0, 1, 2]",already_0_1_2
REFUGE,val,V0076,data/external/kaggle/glaucoma_fundus_imaging_bundle/REFUGE/val/Masks/V0076.png,data/processed/standardized_masks/refuge/val_V0076.png,"[0, 1, 2]","[0, 1, 2]",already_0_1_2
REFUGE,val,V0077,data/external/kaggle/glaucoma_fundus_imaging_bundle/REFUGE/val/Masks/V0077.png,data/processed/standardized_masks/refuge/val_V0077.png,"[0, 1, 2]","[0, 1, 2]",already_0_1_2
REFUGE,val,V0078,data/external/kaggle/glaucoma_fundus_imaging_bundle/REFUGE/val/Masks/V0078.png,data/processed/standardized_masks/refuge/val_V0078.png,"[0, 1, 2]","[0, 1, 2]",already_0_1_2
REFUGE,val,V0079,data/external/kaggle/glaucoma_fundus_imaging_bundle/REFUGE/val/Masks/V0079.png,data/processed/standardized_masks/refuge/val_V0079.png,"[0, 1, 2]","[0, 1, 2]",already_0_1_2
REFUGE,val,V0080,data/external/kaggle/glaucoma_fundus_imaging_bundle/REFUGE/val/Masks/V0080.png,data/processed/standardized_masks/refuge/val_V0080.png,"[0, 1, 2]","[0, 1, 2]",already_0_1_2
REFUGE,val,V0081,data/external/kaggle/glaucoma_fundus_imaging_bundle/REFUGE/val/Masks/V0081.png,data/processed/standardized_masks/refuge/val_V0081.png,"[0, 1, 2]","[0, 1, 2]",already_0_1_2
REFUGE,val,V0082,data/external/kaggle/glaucoma_fundus_imaging_bundle/REFUGE/val/Masks/V0082.png,data/processed/standardized_masks/refuge/val_V0082.png,"[0, 1, 2]","[0, 1, 2]",already_0_1_2
REFUGE,val,V0083,data/external/kaggle/glaucoma_fundus_imaging_bundle/REFUGE/val/Masks/V0083.png,data/processed/standardized_masks/refuge/val_V0083.png,"[0, 1, 2]","[0, 1, 2]",already_0_1_2
REFUGE,val,V0084,data/external/kaggle/glaucoma_fundus_imaging_bundle/REFUGE/val/Masks/V0084.png,data/processed/standardized_masks/refuge/val_V0084.png,"[0, 1, 2]","[0, 1, 2]",already_0_1_2
REFUGE,val,V0085,data/external/kaggle/glaucoma_fundus_imaging_bundle/REFUGE/val/Masks/V0085.png,data/processed/standardized_masks/refuge/val_V0085.png,"[0, 1, 2]","[0, 1, 2]",already_0_1_2
REFUGE,val,V0086,data/external/kaggle/glaucoma_fundus_imaging_bundle/REFUGE/val/Masks/V0086.png,data/processed/standardized_masks/refuge/val_V0086.png,"[0, 1, 2]","[0, 1, 2]",already_0_1_2
REFUGE,val,V0087,data/external/kaggle/glaucoma_fundus_imaging_bundle/REFUGE/val/Masks/V0087.png,data/processed/standardized_masks/refuge/val_V0087.png,"[0, 1, 2]","[0, 1, 2]",already_0_1_2
REFUGE,val,V0088,data/external/kaggle/glaucoma_fundus_imaging_bundle/REFUGE/val/Masks/V0088.png,data/processed/standardized_masks/refuge/val_V0088.png,"[0, 1, 2]","[0, 1, 2]",already_0_1_2
REFUGE,val,V0089,data/external/kaggle/glaucoma_fundus_imaging_bundle/REFUGE/val/Masks/V0089.png,data/processed/standardized_masks/refuge/val_V0089.png,"[0, 1, 2]","[0, 1, 2]",already_0_1_2
REFUGE,val,V0090,data/external/kaggle/glaucoma_fundus_imaging_bundle/REFUGE/val/Masks/V0090.png,data/processed/standardized_masks/refuge/val_V0090.png,"[0, 1, 2]","[0, 1, 2]",already_0_1_2
REFUGE,val,V0091,data/external/kaggle/glaucoma_fundus_imaging_bundle/REFUGE/val/Masks/V0091.png,data/processed/standardized_masks/refuge/val_V0091.png,"[0, 1, 2]","[0, 1, 2]",already_0_1_2
REFUGE,val,V0092,data/external/kaggle/glaucoma_fundus_imaging_bundle/REFUGE/val/Masks/V0092.png,data/processed/standardized_masks/refuge/val_V0092.png,"[0, 1, 2]","[0, 1, 2]",already_0_1_2
REFUGE,val,V0093,data/external/kaggle/glaucoma_fundus_imaging_bundle/REFUGE/val/Masks/V0093.png,data/processed/standardized_masks/refuge/val_V0093.png,"[0, 1, 2]","[0, 1, 2]",already_0_1_2
REFUGE,val,V0094,data/external/kaggle/glaucoma_fundus_imaging_bundle/REFUGE/val/Masks/V0094.png,data/processed/standardized_masks/refuge/val_V0094.png,"[0, 1, 2]","[0, 1, 2]",already_0_1_2
REFUGE,val,V0095,data/external/kaggle/glaucoma_fundus_imaging_bundle/REFUGE/val/Masks/V0095.png,data/processed/standardized_masks/refuge/val_V0095.png,"[0, 1, 2]","[0, 1, 2]",already_0_1_2
REFUGE,val,V0096,data/external/kaggle/glaucoma_fundus_imaging_bundle/REFUGE/val/Masks/V0096.png,data/processed/standardized_masks/refuge/val_V0096.png,"[0, 1, 2]","[0, 1, 2]",already_0_1_2
REFUGE,val,V0097,data/external/kaggle/glaucoma_fundus_imaging_bundle/REFUGE/val/Masks/V0097.png,data/processed/standardized_masks/refuge/val_V0097.png,"[0, 1, 2]","[0, 1, 2]",already_0_1_2
REFUGE,val,V0098,data/external/kaggle/glaucoma_fundus_imaging_bundle/REFUGE/val/Masks/V0098.png,data/processed/standardized_masks/refuge/val_V0098.png,"[0, 1, 2]","[0, 1, 2]",already_0_1_2
REFUGE,val,V0099,data/external/kaggle/glaucoma_fundus_imaging_bundle/REFUGE/val/Masks/V0099.png,data/processed/standardized_masks/refuge/val_V0099.png,"[0, 1, 2]","[0, 1, 2]",already_0_1_2
REFUGE,val,V0100,data/external/kaggle/glaucoma_fundus_imaging_bundle/REFUGE/val/Masks/V0100.png,data/processed/standardized_masks/refuge/val_V0100.png,"[0, 1, 2]","[0, 1, 2]",already_0_1_2
REFUGE,val,V0101,data/external/kaggle/glaucoma_fundus_imaging_bundle/REFUGE/val/Masks/V0101.png,data/processed/standardized_masks/refuge/val_V0101.png,"[0, 1, 2]","[0, 1, 2]",already_0_1_2
REFUGE,val,V0102,data/external/kaggle/glaucoma_fundus_imaging_bundle/REFUGE/val/Masks/V0102.png,data/processed/standardized_masks/refuge/val_V0102.png,"[0, 1, 2]","[0, 1, 2]",already_0_1_2
REFUGE,val,V0103,data/external/kaggle/glaucoma_fundus_imaging_bundle/REFUGE/val/Masks/V0103.png,data/processed/standardized_masks/refuge/val_V0103.png,"[0, 1, 2]","[0, 1, 2]",already_0_1_2
REFUGE,val,V0104,data/external/kaggle/glaucoma_fundus_imaging_bundle/REFUGE/val/Masks/V0104.png,data/processed/standardized_masks/refuge/val_V0104.png,"[0, 1, 2]","[0, 1, 2]",already_0_1_2
REFUGE,val,V0105,data/external/kaggle/glaucoma_fundus_imaging_bundle/REFUGE/val/Masks/V0105.png,data/processed/standardized_masks/refuge/val_V0105.png,"[0, 1, 2]","[0, 1, 2]",already_0_1_2
REFUGE,val,V0106,data/external/kaggle/glaucoma_fundus_imaging_bundle/REFUGE/val/Masks/V0106.png,data/processed/standardized_masks/refuge/val_V0106.png,"[0, 1, 2]","[0, 1, 2]",already_0_1_2
REFUGE,val,V0107,data/external/kaggle/glaucoma_fundus_imaging_bundle/REFUGE/val/Masks/V0107.png,data/processed/standardized_masks/refuge/val_V0107.png,"[0, 1, 2]","[0, 1, 2]",already_0_1_2
REFUGE,val,V0108,data/external/kaggle/glaucoma_fundus_imaging_bundle/REFUGE/val/Masks/V0108.png,data/processed/standardized_masks/refuge/val_V0108.png,"[0, 1, 2]","[0, 1, 2]",already_0_1_2
REFUGE,val,V0109,data/external/kaggle/glaucoma_fundus_imaging_bundle/REFUGE/val/Masks/V0109.png,data/processed/standardized_masks/refuge/val_V0109.png,"[0, 1, 2]","[0, 1, 2]",already_0_1_2
REFUGE,val,V0110,data/external/kaggle/glaucoma_fundus_imaging_bundle/REFUGE/val/Masks/V0110.png,data/processed/standardized_masks/refuge/val_V0110.png,"[0, 1, 2]","[0, 1, 2]",already_0_1_2
REFUGE,val,V0111,data/external/kaggle/glaucoma_fundus_imaging_bundle/REFUGE/val/Masks/V0111.png,data/processed/standardized_masks/refuge/val_V0111.png,"[0, 1, 2]","[0, 1, 2]",already_0_1_2
REFUGE,val,V0112,data/external/kaggle/glaucoma_fundus_imaging_bundle/REFUGE/val/Masks/V0112.png,data/processed/standardized_masks/refuge/val_V0112.png,"[0, 1, 2]","[0, 1, 2]",already_0_1_2
REFUGE,val,V0113,data/external/kaggle/glaucoma_fundus_imaging_bundle/REFUGE/val/Masks/V0113.png,data/processed/standardized_masks/refuge/val_V0113.png,"[0, 1, 2]","[0, 1, 2]",already_0_1_2
REFUGE,val,V0114,data/external/kaggle/glaucoma_fundus_imaging_bundle/REFUGE/val/Masks/V0114.png,data/processed/standardized_masks/refuge/val_V0114.png,"[0, 1, 2]","[0, 1, 2]",already_0_1_2
REFUGE,val,V0115,data/external/kaggle/glaucoma_fundus_imaging_bundle/REFUGE/val/Masks/V0115.png,data/processed/standardized_masks/refuge/val_V0115.png,"[0, 1, 2]","[0, 1, 2]",already_0_1_2
REFUGE,val,V0116,data/external/kaggle/glaucoma_fundus_imaging_bundle/REFUGE/val/Masks/V0116.png,data/processed/standardized_masks/refuge/val_V0116.png,"[0, 1, 2]","[0, 1, 2]",already_0_1_2
REFUGE,val,V0117,data/external/kaggle/glaucoma_fundus_imaging_bundle/REFUGE/val/Masks/V0117.png,data/processed/standardized_masks/refuge/val_V0117.png,"[0, 1, 2]","[0, 1, 2]",already_0_1_2
REFUGE,val,V0118,data/external/kaggle/glaucoma_fundus_imaging_bundle/REFUGE/val/Masks/V0118.png,data/processed/standardized_masks/refuge/val_V0118.png,"[0, 1, 2]","[0, 1, 2]",already_0_1_2
REFUGE,val,V0119,data/external/kaggle/glaucoma_fundus_imaging_bundle/REFUGE/val/Masks/V0119.png,data/processed/standardized_masks/refuge/val_V0119.png,"[0, 1, 2]","[0, 1, 2]",already_0_1_2
REFUGE,val,V0120,data/external/kaggle/glaucoma_fundus_imaging_bundle/REFUGE/val/Masks/V0120.png,data/processed/standardized_masks/refuge/val_V0120.png,"[0, 1, 2]","[0, 1, 2]",already_0_1_2
REFUGE,val,V0121,data/external/kaggle/glaucoma_fundus_imaging_bundle/REFUGE/val/Masks/V0121.png,data/processed/standardized_masks/refuge/val_V0121.png,"[0, 1, 2]","[0, 1, 2]",already_0_1_2
REFUGE,val,V0122,data/external/kaggle/glaucoma_fundus_imaging_bundle/REFUGE/val/Masks/V0122.png,data/processed/standardized_masks/refuge/val_V0122.png,"[0, 1, 2]","[0, 1, 2]",already_0_1_2
REFUGE,val,V0123,data/external/kaggle/glaucoma_fundus_imaging_bundle/REFUGE/val/Masks/V0123.png,data/processed/standardized_masks/refuge/val_V0123.png,"[0, 1, 2]","[0, 1, 2]",already_0_1_2
REFUGE,val,V0124,data/external/kaggle/glaucoma_fundus_imaging_bundle/REFUGE/val/Masks/V0124.png,data/processed/standardized_masks/refuge/val_V0124.png,"[0, 1, 2]","[0, 1, 2]",already_0_1_2
REFUGE,val,V0125,data/external/kaggle/glaucoma_fundus_imaging_bundle/REFUGE/val/Masks/V0125.png,data/processed/standardized_masks/refuge/val_V0125.png,"[0, 1, 2]","[0, 1, 2]",already_0_1_2
REFUGE,val,V0126,data/external/kaggle/glaucoma_fundus_imaging_bundle/REFUGE/val/Masks/V0126.png,data/processed/standardized_masks/refuge/val_V0126.png,"[0, 1, 2]","[0, 1, 2]",already_0_1_2
REFUGE,val,V0127,data/external/kaggle/glaucoma_fundus_imaging_bundle/REFUGE/val/Masks/V0127.png,data/processed/standardized_masks/refuge/val_V0127.png,"[0, 1, 2]","[0, 1, 2]",already_0_1_2
REFUGE,val,V0128,data/external/kaggle/glaucoma_fundus_imaging_bundle/REFUGE/val/Masks/V0128.png,data/processed/standardized_masks/refuge/val_V0128.png,"[0, 1, 2]","[0, 1, 2]",already_0_1_2
REFUGE,val,V0129,data/external/kaggle/glaucoma_fundus_imaging_bundle/REFUGE/val/Masks/V0129.png,data/processed/standardized_masks/refuge/val_V0129.png,"[0, 1, 2]","[0, 1, 2]",already_0_1_2
REFUGE,val,V0130,data/external/kaggle/glaucoma_fundus_imaging_bundle/REFUGE/val/Masks/V0130.png,data/processed/standardized_masks/refuge/val_V0130.png,"[0, 1, 2]","[0, 1, 2]",already_0_1_2
REFUGE,val,V0131,data/external/kaggle/glaucoma_fundus_imaging_bundle/REFUGE/val/Masks/V0131.png,data/processed/standardized_masks/refuge/val_V0131.png,"[0, 1, 2]","[0, 1, 2]",already_0_1_2
REFUGE,val,V0132,data/external/kaggle/glaucoma_fundus_imaging_bundle/REFUGE/val/Masks/V0132.png,data/processed/standardized_masks/refuge/val_V0132.png,"[0, 1, 2]","[0, 1, 2]",already_0_1_2
REFUGE,val,V0133,data/external/kaggle/glaucoma_fundus_imaging_bundle/REFUGE/val/Masks/V0133.png,data/processed/standardized_masks/refuge/val_V0133.png,"[0, 1, 2]","[0, 1, 2]",already_0_1_2
REFUGE,val,V0134,data/external/kaggle/glaucoma_fundus_imaging_bundle/REFUGE/val/Masks/V0134.png,data/processed/standardized_masks/refuge/val_V0134.png,"[0, 1, 2]","[0, 1, 2]",already_0_1_2
REFUGE,val,V0135,data/external/kaggle/glaucoma_fundus_imaging_bundle/REFUGE/val/Masks/V0135.png,data/processed/standardized_masks/refuge/val_V0135.png,"[0, 1, 2]","[0, 1, 2]",already_0_1_2
REFUGE,val,V0136,data/external/kaggle/glaucoma_fundus_imaging_bundle/REFUGE/val/Masks/V0136.png,data/processed/standardized_masks/refuge/val_V0136.png,"[0, 1, 2]","[0, 1, 2]",already_0_1_2
REFUGE,val,V0137,data/external/kaggle/glaucoma_fundus_imaging_bundle/REFUGE/val/Masks/V0137.png,data/processed/standardized_masks/refuge/val_V0137.png,"[0, 1, 2]","[0, 1, 2]",already_0_1_2
REFUGE,val,V0138,data/external/kaggle/glaucoma_fundus_imaging_bundle/REFUGE/val/Masks/V0138.png,data/processed/standardized_masks/refuge/val_V0138.png,"[0, 1, 2]","[0, 1, 2]",already_0_1_2
REFUGE,val,V0139,data/external/kaggle/glaucoma_fundus_imaging_bundle/REFUGE/val/Masks/V0139.png,data/processed/standardized_masks/refuge/val_V0139.png,"[0, 1, 2]","[0, 1, 2]",already_0_1_2
REFUGE,val,V0140,data/external/kaggle/glaucoma_fundus_imaging_bundle/REFUGE/val/Masks/V0140.png,data/processed/standardized_masks/refuge/val_V0140.png,"[0, 1, 2]","[0, 1, 2]",already_0_1_2
REFUGE,val,V0141,data/external/kaggle/glaucoma_fundus_imaging_bundle/REFUGE/val/Masks/V0141.png,data/processed/standardized_masks/refuge/val_V0141.png,"[0, 1, 2]","[0, 1, 2]",already_0_1_2
REFUGE,val,V0142,data/external/kaggle/glaucoma_fundus_imaging_bundle/REFUGE/val/Masks/V0142.png,data/processed/standardized_masks/refuge/val_V0142.png,"[0, 1, 2]","[0, 1, 2]",already_0_1_2
REFUGE,val,V0143,data/external/kaggle/glaucoma_fundus_imaging_bundle/REFUGE/val/Masks/V0143.png,data/processed/standardized_masks/refuge/val_V0143.png,"[0, 1, 2]","[0, 1, 2]",already_0_1_2
REFUGE,val,V0144,data/external/kaggle/glaucoma_fundus_imaging_bundle/REFUGE/val/Masks/V0144.png,data/processed/standardized_masks/refuge/val_V0144.png,"[0, 1, 2]","[0, 1, 2]",already_0_1_2
REFUGE,val,V0145,data/external/kaggle/glaucoma_fundus_imaging_bundle/REFUGE/val/Masks/V0145.png,data/processed/standardized_masks/refuge/val_V0145.png,"[0, 1, 2]","[0, 1, 2]",already_0_1_2
REFUGE,val,V0146,data/external/kaggle/glaucoma_fundus_imaging_bundle/REFUGE/val/Masks/V0146.png,data/processed/standardized_masks/refuge/val_V0146.png,"[0, 1, 2]","[0, 1, 2]",already_0_1_2
REFUGE,val,V0147,data/external/kaggle/glaucoma_fundus_imaging_bundle/REFUGE/val/Masks/V0147.png,data/processed/standardized_masks/refuge/val_V0147.png,"[0, 1, 2]","[0, 1, 2]",already_0_1_2
REFUGE,val,V0148,data/external/kaggle/glaucoma_fundus_imaging_bundle/REFUGE/val/Masks/V0148.png,data/processed/standardized_masks/refuge/val_V0148.png,"[0, 1, 2]","[0, 1, 2]",already_0_1_2
REFUGE,val,V0149,data/external/kaggle/glaucoma_fundus_imaging_bundle/REFUGE/val/Masks/V0149.png,data/processed/standardized_masks/refuge/val_V0149.png,"[0, 1, 2]","[0, 1, 2]",already_0_1_2
REFUGE,val,V0150,data/external/kaggle/glaucoma_fundus_imaging_bundle/REFUGE/val/Masks/V0150.png,data/processed/standardized_masks/refuge/val_V0150.png,"[0, 1, 2]","[0, 1, 2]",already_0_1_2
REFUGE,val,V0151,data/external/kaggle/glaucoma_fundus_imaging_bundle/REFUGE/val/Masks/V0151.png,data/processed/standardized_masks/refuge/val_V0151.png,"[0, 1, 2]","[0, 1, 2]",already_0_1_2
REFUGE,val,V0152,data/external/kaggle/glaucoma_fundus_imaging_bundle/REFUGE/val/Masks/V0152.png,data/processed/standardized_masks/refuge/val_V0152.png,"[0, 1, 2]","[0, 1, 2]",already_0_1_2
REFUGE,val,V0153,data/external/kaggle/glaucoma_fundus_imaging_bundle/REFUGE/val/Masks/V0153.png,data/processed/standardized_masks/refuge/val_V0153.png,"[0, 1, 2]","[0, 1, 2]",already_0_1_2
REFUGE,val,V0154,data/external/kaggle/glaucoma_fundus_imaging_bundle/REFUGE/val/Masks/V0154.png,data/processed/standardized_masks/refuge/val_V0154.png,"[0, 1, 2]","[0, 1, 2]",already_0_1_2
REFUGE,val,V0155,data/external/kaggle/glaucoma_fundus_imaging_bundle/REFUGE/val/Masks/V0155.png,data/processed/standardized_masks/refuge/val_V0155.png,"[0, 1, 2]","[0, 1, 2]",already_0_1_2
REFUGE,val,V0156,data/external/kaggle/glaucoma_fundus_imaging_bundle/REFUGE/val/Masks/V0156.png,data/processed/standardized_masks/refuge/val_V0156.png,"[0, 1, 2]","[0, 1, 2]",already_0_1_2
REFUGE,val,V0157,data/external/kaggle/glaucoma_fundus_imaging_bundle/REFUGE/val/Masks/V0157.png,data/processed/standardized_masks/refuge/val_V0157.png,"[0, 1, 2]","[0, 1, 2]",already_0_1_2
REFUGE,val,V0158,data/external/kaggle/glaucoma_fundus_imaging_bundle/REFUGE/val/Masks/V0158.png,data/processed/standardized_masks/refuge/val_V0158.png,"[0, 1, 2]","[0, 1, 2]",already_0_1_2
REFUGE,val,V0159,data/external/kaggle/glaucoma_fundus_imaging_bundle/REFUGE/val/Masks/V0159.png,data/processed/standardized_masks/refuge/val_V0159.png,"[0, 1, 2]","[0, 1, 2]",already_0_1_2
REFUGE,val,V0160,data/external/kaggle/glaucoma_fundus_imaging_bundle/REFUGE/val/Masks/V0160.png,data/processed/standardized_masks/refuge/val_V0160.png,"[0, 1, 2]","[0, 1, 2]",already_0_1_2
REFUGE,val,V0161,data/external/kaggle/glaucoma_fundus_imaging_bundle/REFUGE/val/Masks/V0161.png,data/processed/standardized_masks/refuge/val_V0161.png,"[0, 1, 2]","[0, 1, 2]",already_0_1_2
REFUGE,val,V0162,data/external/kaggle/glaucoma_fundus_imaging_bundle/REFUGE/val/Masks/V0162.png,data/processed/standardized_masks/refuge/val_V0162.png,"[0, 1, 2]","[0, 1, 2]",already_0_1_2
REFUGE,val,V0163,data/external/kaggle/glaucoma_fundus_imaging_bundle/REFUGE/val/Masks/V0163.png,data/processed/standardized_masks/refuge/val_V0163.png,"[0, 1, 2]","[0, 1, 2]",already_0_1_2
REFUGE,val,V0164,data/external/kaggle/glaucoma_fundus_imaging_bundle/REFUGE/val/Masks/V0164.png,data/processed/standardized_masks/refuge/val_V0164.png,"[0, 1, 2]","[0, 1, 2]",already_0_1_2
REFUGE,val,V0165,data/external/kaggle/glaucoma_fundus_imaging_bundle/REFUGE/val/Masks/V0165.png,data/processed/standardized_masks/refuge/val_V0165.png,"[0, 1, 2]","[0, 1, 2]",already_0_1_2
REFUGE,val,V0166,data/external/kaggle/glaucoma_fundus_imaging_bundle/REFUGE/val/Masks/V0166.png,data/processed/standardized_masks/refuge/val_V0166.png,"[0, 1, 2]","[0, 1, 2]",already_0_1_2
REFUGE,val,V0167,data/external/kaggle/glaucoma_fundus_imaging_bundle/REFUGE/val/Masks/V0167.png,data/processed/standardized_masks/refuge/val_V0167.png,"[0, 1, 2]","[0, 1, 2]",already_0_1_2
REFUGE,val,V0168,data/external/kaggle/glaucoma_fundus_imaging_bundle/REFUGE/val/Masks/V0168.png,data/processed/standardized_masks/refuge/val_V0168.png,"[0, 1, 2]","[0, 1, 2]",already_0_1_2
REFUGE,val,V0169,data/external/kaggle/glaucoma_fundus_imaging_bundle/REFUGE/val/Masks/V0169.png,data/processed/standardized_masks/refuge/val_V0169.png,"[0, 1, 2]","[0, 1, 2]",already_0_1_2
REFUGE,val,V0170,data/external/kaggle/glaucoma_fundus_imaging_bundle/REFUGE/val/Masks/V0170.png,data/processed/standardized_masks/refuge/val_V0170.png,"[0, 1, 2]","[0, 1, 2]",already_0_1_2
REFUGE,val,V0171,data/external/kaggle/glaucoma_fundus_imaging_bundle/REFUGE/val/Masks/V0171.png,data/processed/standardized_masks/refuge/val_V0171.png,"[0, 1, 2]","[0, 1, 2]",already_0_1_2
REFUGE,val,V0172,data/external/kaggle/glaucoma_fundus_imaging_bundle/REFUGE/val/Masks/V0172.png,data/processed/standardized_masks/refuge/val_V0172.png,"[0, 1, 2]","[0, 1, 2]",already_0_1_2
REFUGE,val,V0173,data/external/kaggle/glaucoma_fundus_imaging_bundle/REFUGE/val/Masks/V0173.png,data/processed/standardized_masks/refuge/val_V0173.png,"[0, 1, 2]","[0, 1, 2]",already_0_1_2
REFUGE,val,V0174,data/external/kaggle/glaucoma_fundus_imaging_bundle/REFUGE/val/Masks/V0174.png,data/processed/standardized_masks/refuge/val_V0174.png,"[0, 1, 2]","[0, 1, 2]",already_0_1_2
REFUGE,val,V0175,data/external/kaggle/glaucoma_fundus_imaging_bundle/REFUGE/val/Masks/V0175.png,data/processed/standardized_masks/refuge/val_V0175.png,"[0, 1, 2]","[0, 1, 2]",already_0_1_2
REFUGE,val,V0176,data/external/kaggle/glaucoma_fundus_imaging_bundle/REFUGE/val/Masks/V0176.png,data/processed/standardized_masks/refuge/val_V0176.png,"[0, 1, 2]","[0, 1, 2]",already_0_1_2
REFUGE,val,V0177,data/external/kaggle/glaucoma_fundus_imaging_bundle/REFUGE/val/Masks/V0177.png,data/processed/standardized_masks/refuge/val_V0177.png,"[0, 1, 2]","[0, 1, 2]",already_0_1_2
REFUGE,val,V0178,data/external/kaggle/glaucoma_fundus_imaging_bundle/REFUGE/val/Masks/V0178.png,data/processed/standardized_masks/refuge/val_V0178.png,"[0, 1, 2]","[0, 1, 2]",already_0_1_2
REFUGE,val,V0179,data/external/kaggle/glaucoma_fundus_imaging_bundle/REFUGE/val/Masks/V0179.png,data/processed/standardized_masks/refuge/val_V0179.png,"[0, 1, 2]","[0, 1, 2]",already_0_1_2
REFUGE,val,V0180,data/external/kaggle/glaucoma_fundus_imaging_bundle/REFUGE/val/Masks/V0180.png,data/processed/standardized_masks/refuge/val_V0180.png,"[0, 1, 2]","[0, 1, 2]",already_0_1_2
REFUGE,val,V0181,data/external/kaggle/glaucoma_fundus_imaging_bundle/REFUGE/val/Masks/V0181.png,data/processed/standardized_masks/refuge/val_V0181.png,"[0, 1, 2]","[0, 1, 2]",already_0_1_2
REFUGE,val,V0182,data/external/kaggle/glaucoma_fundus_imaging_bundle/REFUGE/val/Masks/V0182.png,data/processed/standardized_masks/refuge/val_V0182.png,"[0, 1, 2]","[0, 1, 2]",already_0_1_2
REFUGE,val,V0183,data/external/kaggle/glaucoma_fundus_imaging_bundle/REFUGE/val/Masks/V0183.png,data/processed/standardized_masks/refuge/val_V0183.png,"[0, 1, 2]","[0, 1, 2]",already_0_1_2
REFUGE,val,V0184,data/external/kaggle/glaucoma_fundus_imaging_bundle/REFUGE/val/Masks/V0184.png,data/processed/standardized_masks/refuge/val_V0184.png,"[0, 1, 2]","[0, 1, 2]",already_0_1_2
REFUGE,val,V0185,data/external/kaggle/glaucoma_fundus_imaging_bundle/REFUGE/val/Masks/V0185.png,data/processed/standardized_masks/refuge/val_V0185.png,"[0, 1, 2]","[0, 1, 2]",already_0_1_2
REFUGE,val,V0186,data/external/kaggle/glaucoma_fundus_imaging_bundle/REFUGE/val/Masks/V0186.png,data/processed/standardized_masks/refuge/val_V0186.png,"[0, 1, 2]","[0, 1, 2]",already_0_1_2
REFUGE,val,V0187,data/external/kaggle/glaucoma_fundus_imaging_bundle/REFUGE/val/Masks/V0187.png,data/processed/standardized_masks/refuge/val_V0187.png,"[0, 1, 2]","[0, 1, 2]",already_0_1_2
REFUGE,val,V0188,data/external/kaggle/glaucoma_fundus_imaging_bundle/REFUGE/val/Masks/V0188.png,data/processed/standardized_masks/refuge/val_V0188.png,"[0, 1, 2]","[0, 1, 2]",already_0_1_2
REFUGE,val,V0189,data/external/kaggle/glaucoma_fundus_imaging_bundle/REFUGE/val/Masks/V0189.png,data/processed/standardized_masks/refuge/val_V0189.png,"[0, 1, 2]","[0, 1, 2]",already_0_1_2
REFUGE,val,V0190,data/external/kaggle/glaucoma_fundus_imaging_bundle/REFUGE/val/Masks/V0190.png,data/processed/standardized_masks/refuge/val_V0190.png,"[0, 1, 2]","[0, 1, 2]",already_0_1_2
REFUGE,val,V0191,data/external/kaggle/glaucoma_fundus_imaging_bundle/REFUGE/val/Masks/V0191.png,data/processed/standardized_masks/refuge/val_V0191.png,"[0, 1, 2]","[0, 1, 2]",already_0_1_2
REFUGE,val,V0192,data/external/kaggle/glaucoma_fundus_imaging_bundle/REFUGE/val/Masks/V0192.png,data/processed/standardized_masks/refuge/val_V0192.png,"[0, 1, 2]","[0, 1, 2]",already_0_1_2
REFUGE,val,V0193,data/external/kaggle/glaucoma_fundus_imaging_bundle/REFUGE/val/Masks/V0193.png,data/processed/standardized_masks/refuge/val_V0193.png,"[0, 1, 2]","[0, 1, 2]",already_0_1_2
REFUGE,val,V0194,data/external/kaggle/glaucoma_fundus_imaging_bundle/REFUGE/val/Masks/V0194.png,data/processed/standardized_masks/refuge/val_V0194.png,"[0, 1, 2]","[0, 1, 2]",already_0_1_2
REFUGE,val,V0195,data/external/kaggle/glaucoma_fundus_imaging_bundle/REFUGE/val/Masks/V0195.png,data/processed/standardized_masks/refuge/val_V0195.png,"[0, 1, 2]","[0, 1, 2]",already_0_1_2
REFUGE,val,V0196,data/external/kaggle/glaucoma_fundus_imaging_bundle/REFUGE/val/Masks/V0196.png,data/processed/standardized_masks/refuge/val_V0196.png,"[0, 1, 2]","[0, 1, 2]",already_0_1_2
REFUGE,val,V0197,data/external/kaggle/glaucoma_fundus_imaging_bundle/REFUGE/val/Masks/V0197.png,data/processed/standardized_masks/refuge/val_V0197.png,"[0, 1, 2]","[0, 1, 2]",already_0_1_2
REFUGE,val,V0198,data/external/kaggle/glaucoma_fundus_imaging_bundle/REFUGE/val/Masks/V0198.png,data/processed/standardized_masks/refuge/val_V0198.png,"[0, 1, 2]","[0, 1, 2]",already_0_1_2
REFUGE,val,V0199,data/external/kaggle/glaucoma_fundus_imaging_bundle/REFUGE/val/Masks/V0199.png,data/processed/standardized_masks/refuge/val_V0199.png,"[0, 1, 2]","[0, 1, 2]",already_0_1_2
REFUGE,val,V0200,data/external/kaggle/glaucoma_fundus_imaging_bundle/REFUGE/val/Masks/V0200.png,data/processed/standardized_masks/refuge/val_V0200.png,"[0, 1, 2]","[0, 1, 2]",already_0_1_2
REFUGE,val,V0201,data/external/kaggle/glaucoma_fundus_imaging_bundle/REFUGE/val/Masks/V0201.png,data/processed/standardized_masks/refuge/val_V0201.png,"[0, 1, 2]","[0, 1, 2]",already_0_1_2
REFUGE,val,V0202,data/external/kaggle/glaucoma_fundus_imaging_bundle/REFUGE/val/Masks/V0202.png,data/processed/standardized_masks/refuge/val_V0202.png,"[0, 1, 2]","[0, 1, 2]",already_0_1_2
REFUGE,val,V0203,data/external/kaggle/glaucoma_fundus_imaging_bundle/REFUGE/val/Masks/V0203.png,data/processed/standardized_masks/refuge/val_V0203.png,"[0, 1, 2]","[0, 1, 2]",already_0_1_2
REFUGE,val,V0204,data/external/kaggle/glaucoma_fundus_imaging_bundle/REFUGE/val/Masks/V0204.png,data/processed/standardized_masks/refuge/val_V0204.png,"[0, 1, 2]","[0, 1, 2]",already_0_1_2
REFUGE,val,V0205,data/external/kaggle/glaucoma_fundus_imaging_bundle/REFUGE/val/Masks/V0205.png,data/processed/standardized_masks/refuge/val_V0205.png,"[0, 1, 2]","[0, 1, 2]",already_0_1_2
REFUGE,val,V0206,data/external/kaggle/glaucoma_fundus_imaging_bundle/REFUGE/val/Masks/V0206.png,data/processed/standardized_masks/refuge/val_V0206.png,"[0, 1, 2]","[0, 1, 2]",already_0_1_2
REFUGE,val,V0207,data/external/kaggle/glaucoma_fundus_imaging_bundle/REFUGE/val/Masks/V0207.png,data/processed/standardized_masks/refuge/val_V0207.png,"[0, 1, 2]","[0, 1, 2]",already_0_1_2
REFUGE,val,V0208,data/external/kaggle/glaucoma_fundus_imaging_bundle/REFUGE/val/Masks/V0208.png,data/processed/standardized_masks/refuge/val_V0208.png,"[0, 1, 2]","[0, 1, 2]",already_0_1_2
REFUGE,val,V0209,data/external/kaggle/glaucoma_fundus_imaging_bundle/REFUGE/val/Masks/V0209.png,data/processed/standardized_masks/refuge/val_V0209.png,"[0, 1, 2]","[0, 1, 2]",already_0_1_2
REFUGE,val,V0210,data/external/kaggle/glaucoma_fundus_imaging_bundle/REFUGE/val/Masks/V0210.png,data/processed/standardized_masks/refuge/val_V0210.png,"[0, 1, 2]","[0, 1, 2]",already_0_1_2
REFUGE,val,V0211,data/external/kaggle/glaucoma_fundus_imaging_bundle/REFUGE/val/Masks/V0211.png,data/processed/standardized_masks/refuge/val_V0211.png,"[0, 1, 2]","[0, 1, 2]",already_0_1_2
REFUGE,val,V0212,data/external/kaggle/glaucoma_fundus_imaging_bundle/REFUGE/val/Masks/V0212.png,data/processed/standardized_masks/refuge/val_V0212.png,"[0, 1, 2]","[0, 1, 2]",already_0_1_2
REFUGE,val,V0213,data/external/kaggle/glaucoma_fundus_imaging_bundle/REFUGE/val/Masks/V0213.png,data/processed/standardized_masks/refuge/val_V0213.png,"[0, 1, 2]","[0, 1, 2]",already_0_1_2
REFUGE,val,V0214,data/external/kaggle/glaucoma_fundus_imaging_bundle/REFUGE/val/Masks/V0214.png,data/processed/standardized_masks/refuge/val_V0214.png,"[0, 1, 2]","[0, 1, 2]",already_0_1_2
REFUGE,val,V0215,data/external/kaggle/glaucoma_fundus_imaging_bundle/REFUGE/val/Masks/V0215.png,data/processed/standardized_masks/refuge/val_V0215.png,"[0, 1, 2]","[0, 1, 2]",already_0_1_2
REFUGE,val,V0216,data/external/kaggle/glaucoma_fundus_imaging_bundle/REFUGE/val/Masks/V0216.png,data/processed/standardized_masks/refuge/val_V0216.png,"[0, 1, 2]","[0, 1, 2]",already_0_1_2
REFUGE,val,V0217,data/external/kaggle/glaucoma_fundus_imaging_bundle/REFUGE/val/Masks/V0217.png,data/processed/standardized_masks/refuge/val_V0217.png,"[0, 1, 2]","[0, 1, 2]",already_0_1_2
REFUGE,val,V0218,data/external/kaggle/glaucoma_fundus_imaging_bundle/REFUGE/val/Masks/V0218.png,data/processed/standardized_masks/refuge/val_V0218.png,"[0, 1, 2]","[0, 1, 2]",already_0_1_2
REFUGE,val,V0219,data/external/kaggle/glaucoma_fundus_imaging_bundle/REFUGE/val/Masks/V0219.png,data/processed/standardized_masks/refuge/val_V0219.png,"[0, 1, 2]","[0, 1, 2]",already_0_1_2
REFUGE,val,V0220,data/external/kaggle/glaucoma_fundus_imaging_bundle/REFUGE/val/Masks/V0220.png,data/processed/standardized_masks/refuge/val_V0220.png,"[0, 1, 2]","[0, 1, 2]",already_0_1_2
REFUGE,val,V0221,data/external/kaggle/glaucoma_fundus_imaging_bundle/REFUGE/val/Masks/V0221.png,data/processed/standardized_masks/refuge/val_V0221.png,"[0, 1, 2]","[0, 1, 2]",already_0_1_2
REFUGE,val,V0222,data/external/kaggle/glaucoma_fundus_imaging_bundle/REFUGE/val/Masks/V0222.png,data/processed/standardized_masks/refuge/val_V0222.png,"[0, 1, 2]","[0, 1, 2]",already_0_1_2
REFUGE,val,V0223,data/external/kaggle/glaucoma_fundus_imaging_bundle/REFUGE/val/Masks/V0223.png,data/processed/standardized_masks/refuge/val_V0223.png,"[0, 1, 2]","[0, 1, 2]",already_0_1_2
REFUGE,val,V0224,data/external/kaggle/glaucoma_fundus_imaging_bundle/REFUGE/val/Masks/V0224.png,data/processed/standardized_masks/refuge/val_V0224.png,"[0, 1, 2]","[0, 1, 2]",already_0_1_2
REFUGE,val,V0225,data/external/kaggle/glaucoma_fundus_imaging_bundle/REFUGE/val/Masks/V0225.png,data/processed/standardized_masks/refuge/val_V0225.png,"[0, 1, 2]","[0, 1, 2]",already_0_1_2
REFUGE,val,V0226,data/external/kaggle/glaucoma_fundus_imaging_bundle/REFUGE/val/Masks/V0226.png,data/processed/standardized_masks/refuge/val_V0226.png,"[0, 1, 2]","[0, 1, 2]",already_0_1_2
REFUGE,val,V0227,data/external/kaggle/glaucoma_fundus_imaging_bundle/REFUGE/val/Masks/V0227.png,data/processed/standardized_masks/refuge/val_V0227.png,"[0, 1, 2]","[0, 1, 2]",already_0_1_2
REFUGE,val,V0228,data/external/kaggle/glaucoma_fundus_imaging_bundle/REFUGE/val/Masks/V0228.png,data/processed/standardized_masks/refuge/val_V0228.png,"[0, 1, 2]","[0, 1, 2]",already_0_1_2
REFUGE,val,V0229,data/external/kaggle/glaucoma_fundus_imaging_bundle/REFUGE/val/Masks/V0229.png,data/processed/standardized_masks/refuge/val_V0229.png,"[0, 1, 2]","[0, 1, 2]",already_0_1_2
REFUGE,val,V0230,data/external/kaggle/glaucoma_fundus_imaging_bundle/REFUGE/val/Masks/V0230.png,data/processed/standardized_masks/refuge/val_V0230.png,"[0, 1, 2]","[0, 1, 2]",already_0_1_2
REFUGE,val,V0231,data/external/kaggle/glaucoma_fundus_imaging_bundle/REFUGE/val/Masks/V0231.png,data/processed/standardized_masks/refuge/val_V0231.png,"[0, 1, 2]","[0, 1, 2]",already_0_1_2
REFUGE,val,V0232,data/external/kaggle/glaucoma_fundus_imaging_bundle/REFUGE/val/Masks/V0232.png,data/processed/standardized_masks/refuge/val_V0232.png,"[0, 1, 2]","[0, 1, 2]",already_0_1_2
REFUGE,val,V0233,data/external/kaggle/glaucoma_fundus_imaging_bundle/REFUGE/val/Masks/V0233.png,data/processed/standardized_masks/refuge/val_V0233.png,"[0, 1, 2]","[0, 1, 2]",already_0_1_2
REFUGE,val,V0234,data/external/kaggle/glaucoma_fundus_imaging_bundle/REFUGE/val/Masks/V0234.png,data/processed/standardized_masks/refuge/val_V0234.png,"[0, 1, 2]","[0, 1, 2]",already_0_1_2
REFUGE,val,V0235,data/external/kaggle/glaucoma_fundus_imaging_bundle/REFUGE/val/Masks/V0235.png,data/processed/standardized_masks/refuge/val_V0235.png,"[0, 1, 2]","[0, 1, 2]",already_0_1_2
REFUGE,val,V0236,data/external/kaggle/glaucoma_fundus_imaging_bundle/REFUGE/val/Masks/V0236.png,data/processed/standardized_masks/refuge/val_V0236.png,"[0, 1, 2]","[0, 1, 2]",already_0_1_2
REFUGE,val,V0237,data/external/kaggle/glaucoma_fundus_imaging_bundle/REFUGE/val/Masks/V0237.png,data/processed/standardized_masks/refuge/val_V0237.png,"[0, 1, 2]","[0, 1, 2]",already_0_1_2
REFUGE,val,V0238,data/external/kaggle/glaucoma_fundus_imaging_bundle/REFUGE/val/Masks/V0238.png,data/processed/standardized_masks/refuge/val_V0238.png,"[0, 1, 2]","[0, 1, 2]",already_0_1_2
REFUGE,val,V0239,data/external/kaggle/glaucoma_fundus_imaging_bundle/REFUGE/val/Masks/V0239.png,data/processed/standardized_masks/refuge/val_V0239.png,"[0, 1, 2]","[0, 1, 2]",already_0_1_2
REFUGE,val,V0240,data/external/kaggle/glaucoma_fundus_imaging_bundle/REFUGE/val/Masks/V0240.png,data/processed/standardized_masks/refuge/val_V0240.png,"[0, 1, 2]","[0, 1, 2]",already_0_1_2
REFUGE,val,V0241,data/external/kaggle/glaucoma_fundus_imaging_bundle/REFUGE/val/Masks/V0241.png,data/processed/standardized_masks/refuge/val_V0241.png,"[0, 1, 2]","[0, 1, 2]",already_0_1_2
REFUGE,val,V0242,data/external/kaggle/glaucoma_fundus_imaging_bundle/REFUGE/val/Masks/V0242.png,data/processed/standardized_masks/refuge/val_V0242.png,"[0, 1, 2]","[0, 1, 2]",already_0_1_2
REFUGE,val,V0243,data/external/kaggle/glaucoma_fundus_imaging_bundle/REFUGE/val/Masks/V0243.png,data/processed/standardized_masks/refuge/val_V0243.png,"[0, 1, 2]","[0, 1, 2]",already_0_1_2
REFUGE,val,V0244,data/external/kaggle/glaucoma_fundus_imaging_bundle/REFUGE/val/Masks/V0244.png,data/processed/standardized_masks/refuge/val_V0244.png,"[0, 1, 2]","[0, 1, 2]",already_0_1_2
REFUGE,val,V0245,data/external/kaggle/glaucoma_fundus_imaging_bundle/REFUGE/val/Masks/V0245.png,data/processed/standardized_masks/refuge/val_V0245.png,"[0, 1, 2]","[0, 1, 2]",already_0_1_2
REFUGE,val,V0246,data/external/kaggle/glaucoma_fundus_imaging_bundle/REFUGE/val/Masks/V0246.png,data/processed/standardized_masks/refuge/val_V0246.png,"[0, 1, 2]","[0, 1, 2]",already_0_1_2
REFUGE,val,V0247,data/external/kaggle/glaucoma_fundus_imaging_bundle/REFUGE/val/Masks/V0247.png,data/processed/standardized_masks/refuge/val_V0247.png,"[0, 1, 2]","[0, 1, 2]",already_0_1_2
REFUGE,val,V0248,data/external/kaggle/glaucoma_fundus_imaging_bundle/REFUGE/val/Masks/V0248.png,data/processed/standardized_masks/refuge/val_V0248.png,"[0, 1, 2]","[0, 1, 2]",already_0_1_2
REFUGE,val,V0249,data/external/kaggle/glaucoma_fundus_imaging_bundle/REFUGE/val/Masks/V0249.png,data/processed/standardized_masks/refuge/val_V0249.png,"[0, 1, 2]","[0, 1, 2]",already_0_1_2
REFUGE,val,V0250,data/external/kaggle/glaucoma_fundus_imaging_bundle/REFUGE/val/Masks/V0250.png,data/processed/standardized_masks/refuge/val_V0250.png,"[0, 1, 2]","[0, 1, 2]",already_0_1_2
REFUGE,val,V0251,data/external/kaggle/glaucoma_fundus_imaging_bundle/REFUGE/val/Masks/V0251.png,data/processed/standardized_masks/refuge/val_V0251.png,"[0, 1, 2]","[0, 1, 2]",already_0_1_2
REFUGE,val,V0252,data/external/kaggle/glaucoma_fundus_imaging_bundle/REFUGE/val/Masks/V0252.png,data/processed/standardized_masks/refuge/val_V0252.png,"[0, 1, 2]","[0, 1, 2]",already_0_1_2
REFUGE,val,V0253,data/external/kaggle/glaucoma_fundus_imaging_bundle/REFUGE/val/Masks/V0253.png,data/processed/standardized_masks/refuge/val_V0253.png,"[0, 1, 2]","[0, 1, 2]",already_0_1_2
REFUGE,val,V0254,data/external/kaggle/glaucoma_fundus_imaging_bundle/REFUGE/val/Masks/V0254.png,data/processed/standardized_masks/refuge/val_V0254.png,"[0, 1, 2]","[0, 1, 2]",already_0_1_2
REFUGE,val,V0255,data/external/kaggle/glaucoma_fundus_imaging_bundle/REFUGE/val/Masks/V0255.png,data/processed/standardized_masks/refuge/val_V0255.png,"[0, 1, 2]","[0, 1, 2]",already_0_1_2
REFUGE,val,V0256,data/external/kaggle/glaucoma_fundus_imaging_bundle/REFUGE/val/Masks/V0256.png,data/processed/standardized_masks/refuge/val_V0256.png,"[0, 1, 2]","[0, 1, 2]",already_0_1_2
REFUGE,val,V0257,data/external/kaggle/glaucoma_fundus_imaging_bundle/REFUGE/val/Masks/V0257.png,data/processed/standardized_masks/refuge/val_V0257.png,"[0, 1, 2]","[0, 1, 2]",already_0_1_2
REFUGE,val,V0258,data/external/kaggle/glaucoma_fundus_imaging_bundle/REFUGE/val/Masks/V0258.png,data/processed/standardized_masks/refuge/val_V0258.png,"[0, 1, 2]","[0, 1, 2]",already_0_1_2
REFUGE,val,V0259,data/external/kaggle/glaucoma_fundus_imaging_bundle/REFUGE/val/Masks/V0259.png,data/processed/standardized_masks/refuge/val_V0259.png,"[0, 1, 2]","[0, 1, 2]",already_0_1_2
REFUGE,val,V0260,data/external/kaggle/glaucoma_fundus_imaging_bundle/REFUGE/val/Masks/V0260.png,data/processed/standardized_masks/refuge/val_V0260.png,"[0, 1, 2]","[0, 1, 2]",already_0_1_2
REFUGE,val,V0261,data/external/kaggle/glaucoma_fundus_imaging_bundle/REFUGE/val/Masks/V0261.png,data/processed/standardized_masks/refuge/val_V0261.png,"[0, 1, 2]","[0, 1, 2]",already_0_1_2
REFUGE,val,V0262,data/external/kaggle/glaucoma_fundus_imaging_bundle/REFUGE/val/Masks/V0262.png,data/processed/standardized_masks/refuge/val_V0262.png,"[0, 1, 2]","[0, 1, 2]",already_0_1_2
REFUGE,val,V0263,data/external/kaggle/glaucoma_fundus_imaging_bundle/REFUGE/val/Masks/V0263.png,data/processed/standardized_masks/refuge/val_V0263.png,"[0, 1, 2]","[0, 1, 2]",already_0_1_2
REFUGE,val,V0264,data/external/kaggle/glaucoma_fundus_imaging_bundle/REFUGE/val/Masks/V0264.png,data/processed/standardized_masks/refuge/val_V0264.png,"[0, 1, 2]","[0, 1, 2]",already_0_1_2
REFUGE,val,V0265,data/external/kaggle/glaucoma_fundus_imaging_bundle/REFUGE/val/Masks/V0265.png,data/processed/standardized_masks/refuge/val_V0265.png,"[0, 1, 2]","[0, 1, 2]",already_0_1_2
REFUGE,val,V0266,data/external/kaggle/glaucoma_fundus_imaging_bundle/REFUGE/val/Masks/V0266.png,data/processed/standardized_masks/refuge/val_V0266.png,"[0, 1, 2]","[0, 1, 2]",already_0_1_2
REFUGE,val,V0267,data/external/kaggle/glaucoma_fundus_imaging_bundle/REFUGE/val/Masks/V0267.png,data/processed/standardized_masks/refuge/val_V0267.png,"[0, 1, 2]","[0, 1, 2]",already_0_1_2
REFUGE,val,V0268,data/external/kaggle/glaucoma_fundus_imaging_bundle/REFUGE/val/Masks/V0268.png,data/processed/standardized_masks/refuge/val_V0268.png,"[0, 1, 2]","[0, 1, 2]",already_0_1_2
REFUGE,val,V0269,data/external/kaggle/glaucoma_fundus_imaging_bundle/REFUGE/val/Masks/V0269.png,data/processed/standardized_masks/refuge/val_V0269.png,"[0, 1, 2]","[0, 1, 2]",already_0_1_2
REFUGE,val,V0270,data/external/kaggle/glaucoma_fundus_imaging_bundle/REFUGE/val/Masks/V0270.png,data/processed/standardized_masks/refuge/val_V0270.png,"[0, 1, 2]","[0, 1, 2]",already_0_1_2
REFUGE,val,V0271,data/external/kaggle/glaucoma_fundus_imaging_bundle/REFUGE/val/Masks/V0271.png,data/processed/standardized_masks/refuge/val_V0271.png,"[0, 1, 2]","[0, 1, 2]",already_0_1_2
REFUGE,val,V0272,data/external/kaggle/glaucoma_fundus_imaging_bundle/REFUGE/val/Masks/V0272.png,data/processed/standardized_masks/refuge/val_V0272.png,"[0, 1, 2]","[0, 1, 2]",already_0_1_2
REFUGE,val,V0273,data/external/kaggle/glaucoma_fundus_imaging_bundle/REFUGE/val/Masks/V0273.png,data/processed/standardized_masks/refuge/val_V0273.png,"[0, 1, 2]","[0, 1, 2]",already_0_1_2
REFUGE,val,V0274,data/external/kaggle/glaucoma_fundus_imaging_bundle/REFUGE/val/Masks/V0274.png,data/processed/standardized_masks/refuge/val_V0274.png,"[0, 1, 2]","[0, 1, 2]",already_0_1_2
REFUGE,val,V0275,data/external/kaggle/glaucoma_fundus_imaging_bundle/REFUGE/val/Masks/V0275.png,data/processed/standardized_masks/refuge/val_V0275.png,"[0, 1, 2]","[0, 1, 2]",already_0_1_2
REFUGE,val,V0276,data/external/kaggle/glaucoma_fundus_imaging_bundle/REFUGE/val/Masks/V0276.png,data/processed/standardized_masks/refuge/val_V0276.png,"[0, 1, 2]","[0, 1, 2]",already_0_1_2
REFUGE,val,V0277,data/external/kaggle/glaucoma_fundus_imaging_bundle/REFUGE/val/Masks/V0277.png,data/processed/standardized_masks/refuge/val_V0277.png,"[0, 1, 2]","[0, 1, 2]",already_0_1_2
REFUGE,val,V0278,data/external/kaggle/glaucoma_fundus_imaging_bundle/REFUGE/val/Masks/V0278.png,data/processed/standardized_masks/refuge/val_V0278.png,"[0, 1, 2]","[0, 1, 2]",already_0_1_2
REFUGE,val,V0279,data/external/kaggle/glaucoma_fundus_imaging_bundle/REFUGE/val/Masks/V0279.png,data/processed/standardized_masks/refuge/val_V0279.png,"[0, 1, 2]","[0, 1, 2]",already_0_1_2
REFUGE,val,V0280,data/external/kaggle/glaucoma_fundus_imaging_bundle/REFUGE/val/Masks/V0280.png,data/processed/standardized_masks/refuge/val_V0280.png,"[0, 1, 2]","[0, 1, 2]",already_0_1_2
REFUGE,val,V0281,data/external/kaggle/glaucoma_fundus_imaging_bundle/REFUGE/val/Masks/V0281.png,data/processed/standardized_masks/refuge/val_V0281.png,"[0, 1, 2]","[0, 1, 2]",already_0_1_2
REFUGE,val,V0282,data/external/kaggle/glaucoma_fundus_imaging_bundle/REFUGE/val/Masks/V0282.png,data/processed/standardized_masks/refuge/val_V0282.png,"[0, 1, 2]","[0, 1, 2]",already_0_1_2
REFUGE,val,V0283,data/external/kaggle/glaucoma_fundus_imaging_bundle/REFUGE/val/Masks/V0283.png,data/processed/standardized_masks/refuge/val_V0283.png,"[0, 1, 2]","[0, 1, 2]",already_0_1_2
REFUGE,val,V0284,data/external/kaggle/glaucoma_fundus_imaging_bundle/REFUGE/val/Masks/V0284.png,data/processed/standardized_masks/refuge/val_V0284.png,"[0, 1, 2]","[0, 1, 2]",already_0_1_2
REFUGE,val,V0285,data/external/kaggle/glaucoma_fundus_imaging_bundle/REFUGE/val/Masks/V0285.png,data/processed/standardized_masks/refuge/val_V0285.png,"[0, 1, 2]","[0, 1, 2]",already_0_1_2
REFUGE,val,V0286,data/external/kaggle/glaucoma_fundus_imaging_bundle/REFUGE/val/Masks/V0286.png,data/processed/standardized_masks/refuge/val_V0286.png,"[0, 1, 2]","[0, 1, 2]",already_0_1_2
REFUGE,val,V0287,data/external/kaggle/glaucoma_fundus_imaging_bundle/REFUGE/val/Masks/V0287.png,data/processed/standardized_masks/refuge/val_V0287.png,"[0, 1, 2]","[0, 1, 2]",already_0_1_2
REFUGE,val,V0288,data/external/kaggle/glaucoma_fundus_imaging_bundle/REFUGE/val/Masks/V0288.png,data/processed/standardized_masks/refuge/val_V0288.png,"[0, 1, 2]","[0, 1, 2]",already_0_1_2
REFUGE,val,V0289,data/external/kaggle/glaucoma_fundus_imaging_bundle/REFUGE/val/Masks/V0289.png,data/processed/standardized_masks/refuge/val_V0289.png,"[0, 1, 2]","[0, 1, 2]",already_0_1_2
REFUGE,val,V0290,data/external/kaggle/glaucoma_fundus_imaging_bundle/REFUGE/val/Masks/V0290.png,data/processed/standardized_masks/refuge/val_V0290.png,"[0, 1, 2]","[0, 1, 2]",already_0_1_2
REFUGE,val,V0291,data/external/kaggle/glaucoma_fundus_imaging_bundle/REFUGE/val/Masks/V0291.png,data/processed/standardized_masks/refuge/val_V0291.png,"[0, 1, 2]","[0, 1, 2]",already_0_1_2
REFUGE,val,V0292,data/external/kaggle/glaucoma_fundus_imaging_bundle/REFUGE/val/Masks/V0292.png,data/processed/standardized_masks/refuge/val_V0292.png,"[0, 1, 2]","[0, 1, 2]",already_0_1_2
REFUGE,val,V0293,data/external/kaggle/glaucoma_fundus_imaging_bundle/REFUGE/val/Masks/V0293.png,data/processed/standardized_masks/refuge/val_V0293.png,"[0, 1, 2]","[0, 1, 2]",already_0_1_2
REFUGE,val,V0294,data/external/kaggle/glaucoma_fundus_imaging_bundle/REFUGE/val/Masks/V0294.png,data/processed/standardized_masks/refuge/val_V0294.png,"[0, 1, 2]","[0, 1, 2]",already_0_1_2
REFUGE,val,V0295,data/external/kaggle/glaucoma_fundus_imaging_bundle/REFUGE/val/Masks/V0295.png,data/processed/standardized_masks/refuge/val_V0295.png,"[0, 1, 2]","[0, 1, 2]",already_0_1_2
REFUGE,val,V0296,data/external/kaggle/glaucoma_fundus_imaging_bundle/REFUGE/val/Masks/V0296.png,data/processed/standardized_masks/refuge/val_V0296.png,"[0, 1, 2]","[0, 1, 2]",already_0_1_2
REFUGE,val,V0297,data/external/kaggle/glaucoma_fundus_imaging_bundle/REFUGE/val/Masks/V0297.png,data/processed/standardized_masks/refuge/val_V0297.png,"[0, 1, 2]","[0, 1, 2]",already_0_1_2
REFUGE,val,V0298,data/external/kaggle/glaucoma_fundus_imaging_bundle/REFUGE/val/Masks/V0298.png,data/processed/standardized_masks/refuge/val_V0298.png,"[0, 1, 2]","[0, 1, 2]",already_0_1_2
REFUGE,val,V0299,data/external/kaggle/glaucoma_fundus_imaging_bundle/REFUGE/val/Masks/V0299.png,data/processed/standardized_masks/refuge/val_V0299.png,"[0, 1, 2]","[0, 1, 2]",already_0_1_2
REFUGE,val,V0300,data/external/kaggle/glaucoma_fundus_imaging_bundle/REFUGE/val/Masks/V0300.png,data/processed/standardized_masks/refuge/val_V0300.png,"[0, 1, 2]","[0, 1, 2]",already_0_1_2
REFUGE,val,V0301,data/external/kaggle/glaucoma_fundus_imaging_bundle/REFUGE/val/Masks/V0301.png,data/processed/standardized_masks/refuge/val_V0301.png,"[0, 1, 2]","[0, 1, 2]",already_0_1_2
REFUGE,val,V0302,data/external/kaggle/glaucoma_fundus_imaging_bundle/REFUGE/val/Masks/V0302.png,data/processed/standardized_masks/refuge/val_V0302.png,"[0, 1, 2]","[0, 1, 2]",already_0_1_2
REFUGE,val,V0303,data/external/kaggle/glaucoma_fundus_imaging_bundle/REFUGE/val/Masks/V0303.png,data/processed/standardized_masks/refuge/val_V0303.png,"[0, 1, 2]","[0, 1, 2]",already_0_1_2
REFUGE,val,V0304,data/external/kaggle/glaucoma_fundus_imaging_bundle/REFUGE/val/Masks/V0304.png,data/processed/standardized_masks/refuge/val_V0304.png,"[0, 1, 2]","[0, 1, 2]",already_0_1_2
REFUGE,val,V0305,data/external/kaggle/glaucoma_fundus_imaging_bundle/REFUGE/val/Masks/V0305.png,data/processed/standardized_masks/refuge/val_V0305.png,"[0, 1, 2]","[0, 1, 2]",already_0_1_2
REFUGE,val,V0306,data/external/kaggle/glaucoma_fundus_imaging_bundle/REFUGE/val/Masks/V0306.png,data/processed/standardized_masks/refuge/val_V0306.png,"[0, 1, 2]","[0, 1, 2]",already_0_1_2
REFUGE,val,V0307,data/external/kaggle/glaucoma_fundus_imaging_bundle/REFUGE/val/Masks/V0307.png,data/processed/standardized_masks/refuge/val_V0307.png,"[0, 1, 2]","[0, 1, 2]",already_0_1_2
REFUGE,val,V0308,data/external/kaggle/glaucoma_fundus_imaging_bundle/REFUGE/val/Masks/V0308.png,data/processed/standardized_masks/refuge/val_V0308.png,"[0, 1, 2]","[0, 1, 2]",already_0_1_2
REFUGE,val,V0309,data/external/kaggle/glaucoma_fundus_imaging_bundle/REFUGE/val/Masks/V0309.png,data/processed/standardized_masks/refuge/val_V0309.png,"[0, 1, 2]","[0, 1, 2]",already_0_1_2
REFUGE,val,V0310,data/external/kaggle/glaucoma_fundus_imaging_bundle/REFUGE/val/Masks/V0310.png,data/processed/standardized_masks/refuge/val_V0310.png,"[0, 1, 2]","[0, 1, 2]",already_0_1_2
REFUGE,val,V0311,data/external/kaggle/glaucoma_fundus_imaging_bundle/REFUGE/val/Masks/V0311.png,data/processed/standardized_masks/refuge/val_V0311.png,"[0, 1, 2]","[0, 1, 2]",already_0_1_2
REFUGE,val,V0312,data/external/kaggle/glaucoma_fundus_imaging_bundle/REFUGE/val/Masks/V0312.png,data/processed/standardized_masks/refuge/val_V0312.png,"[0, 1, 2]","[0, 1, 2]",already_0_1_2
REFUGE,val,V0313,data/external/kaggle/glaucoma_fundus_imaging_bundle/REFUGE/val/Masks/V0313.png,data/processed/standardized_masks/refuge/val_V0313.png,"[0, 1, 2]","[0, 1, 2]",already_0_1_2
REFUGE,val,V0314,data/external/kaggle/glaucoma_fundus_imaging_bundle/REFUGE/val/Masks/V0314.png,data/processed/standardized_masks/refuge/val_V0314.png,"[0, 1, 2]","[0, 1, 2]",already_0_1_2
REFUGE,val,V0315,data/external/kaggle/glaucoma_fundus_imaging_bundle/REFUGE/val/Masks/V0315.png,data/processed/standardized_masks/refuge/val_V0315.png,"[0, 1, 2]","[0, 1, 2]",already_0_1_2
REFUGE,val,V0316,data/external/kaggle/glaucoma_fundus_imaging_bundle/REFUGE/val/Masks/V0316.png,data/processed/standardized_masks/refuge/val_V0316.png,"[0, 1, 2]","[0, 1, 2]",already_0_1_2
REFUGE,val,V0317,data/external/kaggle/glaucoma_fundus_imaging_bundle/REFUGE/val/Masks/V0317.png,data/processed/standardized_masks/refuge/val_V0317.png,"[0, 1, 2]","[0, 1, 2]",already_0_1_2
REFUGE,val,V0318,data/external/kaggle/glaucoma_fundus_imaging_bundle/REFUGE/val/Masks/V0318.png,data/processed/standardized_masks/refuge/val_V0318.png,"[0, 1, 2]","[0, 1, 2]",already_0_1_2
REFUGE,val,V0319,data/external/kaggle/glaucoma_fundus_imaging_bundle/REFUGE/val/Masks/V0319.png,data/processed/standardized_masks/refuge/val_V0319.png,"[0, 1, 2]","[0, 1, 2]",already_0_1_2
REFUGE,val,V0320,data/external/kaggle/glaucoma_fundus_imaging_bundle/REFUGE/val/Masks/V0320.png,data/processed/standardized_masks/refuge/val_V0320.png,"[0, 1, 2]","[0, 1, 2]",already_0_1_2
REFUGE,val,V0321,data/external/kaggle/glaucoma_fundus_imaging_bundle/REFUGE/val/Masks/V0321.png,data/processed/standardized_masks/refuge/val_V0321.png,"[0, 1, 2]","[0, 1, 2]",already_0_1_2
REFUGE,val,V0322,data/external/kaggle/glaucoma_fundus_imaging_bundle/REFUGE/val/Masks/V0322.png,data/processed/standardized_masks/refuge/val_V0322.png,"[0, 1, 2]","[0, 1, 2]",already_0_1_2
REFUGE,val,V0323,data/external/kaggle/glaucoma_fundus_imaging_bundle/REFUGE/val/Masks/V0323.png,data/processed/standardized_masks/refuge/val_V0323.png,"[0, 1, 2]","[0, 1, 2]",already_0_1_2
REFUGE,val,V0324,data/external/kaggle/glaucoma_fundus_imaging_bundle/REFUGE/val/Masks/V0324.png,data/processed/standardized_masks/refuge/val_V0324.png,"[0, 1, 2]","[0, 1, 2]",already_0_1_2
REFUGE,val,V0325,data/external/kaggle/glaucoma_fundus_imaging_bundle/REFUGE/val/Masks/V0325.png,data/processed/standardized_masks/refuge/val_V0325.png,"[0, 1, 2]","[0, 1, 2]",already_0_1_2
REFUGE,val,V0326,data/external/kaggle/glaucoma_fundus_imaging_bundle/REFUGE/val/Masks/V0326.png,data/processed/standardized_masks/refuge/val_V0326.png,"[0, 1, 2]","[0, 1, 2]",already_0_1_2
REFUGE,val,V0327,data/external/kaggle/glaucoma_fundus_imaging_bundle/REFUGE/val/Masks/V0327.png,data/processed/standardized_masks/refuge/val_V0327.png,"[0, 1, 2]","[0, 1, 2]",already_0_1_2
REFUGE,val,V0328,data/external/kaggle/glaucoma_fundus_imaging_bundle/REFUGE/val/Masks/V0328.png,data/processed/standardized_masks/refuge/val_V0328.png,"[0, 1, 2]","[0, 1, 2]",already_0_1_2
REFUGE,val,V0329,data/external/kaggle/glaucoma_fundus_imaging_bundle/REFUGE/val/Masks/V0329.png,data/processed/standardized_masks/refuge/val_V0329.png,"[0, 1, 2]","[0, 1, 2]",already_0_1_2
REFUGE,val,V0330,data/external/kaggle/glaucoma_fundus_imaging_bundle/REFUGE/val/Masks/V0330.png,data/processed/standardized_masks/refuge/val_V0330.png,"[0, 1, 2]","[0, 1, 2]",already_0_1_2
REFUGE,val,V0331,data/external/kaggle/glaucoma_fundus_imaging_bundle/REFUGE/val/Masks/V0331.png,data/processed/standardized_masks/refuge/val_V0331.png,"[0, 1, 2]","[0, 1, 2]",already_0_1_2
REFUGE,val,V0332,data/external/kaggle/glaucoma_fundus_imaging_bundle/REFUGE/val/Masks/V0332.png,data/processed/standardized_masks/refuge/val_V0332.png,"[0, 1, 2]","[0, 1, 2]",already_0_1_2
REFUGE,val,V0333,data/external/kaggle/glaucoma_fundus_imaging_bundle/REFUGE/val/Masks/V0333.png,data/processed/standardized_masks/refuge/val_V0333.png,"[0, 1, 2]","[0, 1, 2]",already_0_1_2
REFUGE,val,V0334,data/external/kaggle/glaucoma_fundus_imaging_bundle/REFUGE/val/Masks/V0334.png,data/processed/standardized_masks/refuge/val_V0334.png,"[0, 1, 2]","[0, 1, 2]",already_0_1_2
REFUGE,val,V0335,data/external/kaggle/glaucoma_fundus_imaging_bundle/REFUGE/val/Masks/V0335.png,data/processed/standardized_masks/refuge/val_V0335.png,"[0, 1, 2]","[0, 1, 2]",already_0_1_2
REFUGE,val,V0336,data/external/kaggle/glaucoma_fundus_imaging_bundle/REFUGE/val/Masks/V0336.png,data/processed/standardized_masks/refuge/val_V0336.png,"[0, 1, 2]","[0, 1, 2]",already_0_1_2
REFUGE,val,V0337,data/external/kaggle/glaucoma_fundus_imaging_bundle/REFUGE/val/Masks/V0337.png,data/processed/standardized_masks/refuge/val_V0337.png,"[0, 1, 2]","[0, 1, 2]",already_0_1_2
REFUGE,val,V0338,data/external/kaggle/glaucoma_fundus_imaging_bundle/REFUGE/val/Masks/V0338.png,data/processed/standardized_masks/refuge/val_V0338.png,"[0, 1, 2]","[0, 1, 2]",already_0_1_2
REFUGE,val,V0339,data/external/kaggle/glaucoma_fundus_imaging_bundle/REFUGE/val/Masks/V0339.png,data/processed/standardized_masks/refuge/val_V0339.png,"[0, 1, 2]","[0, 1, 2]",already_0_1_2
REFUGE,val,V0340,data/external/kaggle/glaucoma_fundus_imaging_bundle/REFUGE/val/Masks/V0340.png,data/processed/standardized_masks/refuge/val_V0340.png,"[0, 1, 2]","[0, 1, 2]",already_0_1_2
REFUGE,val,V0341,data/external/kaggle/glaucoma_fundus_imaging_bundle/REFUGE/val/Masks/V0341.png,data/processed/standardized_masks/refuge/val_V0341.png,"[0, 1, 2]","[0, 1, 2]",already_0_1_2
REFUGE,val,V0342,data/external/kaggle/glaucoma_fundus_imaging_bundle/REFUGE/val/Masks/V0342.png,data/processed/standardized_masks/refuge/val_V0342.png,"[0, 1, 2]","[0, 1, 2]",already_0_1_2
REFUGE,val,V0343,data/external/kaggle/glaucoma_fundus_imaging_bundle/REFUGE/val/Masks/V0343.png,data/processed/standardized_masks/refuge/val_V0343.png,"[0, 1, 2]","[0, 1, 2]",already_0_1_2
REFUGE,val,V0344,data/external/kaggle/glaucoma_fundus_imaging_bundle/REFUGE/val/Masks/V0344.png,data/processed/standardized_masks/refuge/val_V0344.png,"[0, 1, 2]","[0, 1, 2]",already_0_1_2
REFUGE,val,V0345,data/external/kaggle/glaucoma_fundus_imaging_bundle/REFUGE/val/Masks/V0345.png,data/processed/standardized_masks/refuge/val_V0345.png,"[0, 1, 2]","[0, 1, 2]",already_0_1_2
REFUGE,val,V0346,data/external/kaggle/glaucoma_fundus_imaging_bundle/REFUGE/val/Masks/V0346.png,data/processed/standardized_masks/refuge/val_V0346.png,"[0, 1, 2]","[0, 1, 2]",already_0_1_2
REFUGE,val,V0347,data/external/kaggle/glaucoma_fundus_imaging_bundle/REFUGE/val/Masks/V0347.png,data/processed/standardized_masks/refuge/val_V0347.png,"[0, 1, 2]","[0, 1, 2]",already_0_1_2
REFUGE,val,V0348,data/external/kaggle/glaucoma_fundus_imaging_bundle/REFUGE/val/Masks/V0348.png,data/processed/standardized_masks/refuge/val_V0348.png,"[0, 1, 2]","[0, 1, 2]",already_0_1_2
REFUGE,val,V0349,data/external/kaggle/glaucoma_fundus_imaging_bundle/REFUGE/val/Masks/V0349.png,data/processed/standardized_masks/refuge/val_V0349.png,"[0, 1, 2]","[0, 1, 2]",already_0_1_2
REFUGE,val,V0350,data/external/kaggle/glaucoma_fundus_imaging_bundle/REFUGE/val/Masks/V0350.png,data/processed/standardized_masks/refuge/val_V0350.png,"[0, 1, 2]","[0, 1, 2]",already_0_1_2
REFUGE,val,V0351,data/external/kaggle/glaucoma_fundus_imaging_bundle/REFUGE/val/Masks/V0351.png,data/processed/standardized_masks/refuge/val_V0351.png,"[0, 1, 2]","[0, 1, 2]",already_0_1_2
REFUGE,val,V0352,data/external/kaggle/glaucoma_fundus_imaging_bundle/REFUGE/val/Masks/V0352.png,data/processed/standardized_masks/refuge/val_V0352.png,"[0, 1, 2]","[0, 1, 2]",already_0_1_2
REFUGE,val,V0353,data/external/kaggle/glaucoma_fundus_imaging_bundle/REFUGE/val/Masks/V0353.png,data/processed/standardized_masks/refuge/val_V0353.png,"[0, 1, 2]","[0, 1, 2]",already_0_1_2
REFUGE,val,V0354,data/external/kaggle/glaucoma_fundus_imaging_bundle/REFUGE/val/Masks/V0354.png,data/processed/standardized_masks/refuge/val_V0354.png,"[0, 1, 2]","[0, 1, 2]",already_0_1_2
REFUGE,val,V0355,data/external/kaggle/glaucoma_fundus_imaging_bundle/REFUGE/val/Masks/V0355.png,data/processed/standardized_masks/refuge/val_V0355.png,"[0, 1, 2]","[0, 1, 2]",already_0_1_2
REFUGE,val,V0356,data/external/kaggle/glaucoma_fundus_imaging_bundle/REFUGE/val/Masks/V0356.png,data/processed/standardized_masks/refuge/val_V0356.png,"[0, 1, 2]","[0, 1, 2]",already_0_1_2
REFUGE,val,V0357,data/external/kaggle/glaucoma_fundus_imaging_bundle/REFUGE/val/Masks/V0357.png,data/processed/standardized_masks/refuge/val_V0357.png,"[0, 1, 2]","[0, 1, 2]",already_0_1_2
REFUGE,val,V0358,data/external/kaggle/glaucoma_fundus_imaging_bundle/REFUGE/val/Masks/V0358.png,data/processed/standardized_masks/refuge/val_V0358.png,"[0, 1, 2]","[0, 1, 2]",already_0_1_2
REFUGE,val,V0359,data/external/kaggle/glaucoma_fundus_imaging_bundle/REFUGE/val/Masks/V0359.png,data/processed/standardized_masks/refuge/val_V0359.png,"[0, 1, 2]","[0, 1, 2]",already_0_1_2
REFUGE,val,V0360,data/external/kaggle/glaucoma_fundus_imaging_bundle/REFUGE/val/Masks/V0360.png,data/processed/standardized_masks/refuge/val_V0360.png,"[0, 1, 2]","[0, 1, 2]",already_0_1_2
REFUGE,val,V0361,data/external/kaggle/glaucoma_fundus_imaging_bundle/REFUGE/val/Masks/V0361.png,data/processed/standardized_masks/refuge/val_V0361.png,"[0, 1, 2]","[0, 1, 2]",already_0_1_2
REFUGE,val,V0362,data/external/kaggle/glaucoma_fundus_imaging_bundle/REFUGE/val/Masks/V0362.png,data/processed/standardized_masks/refuge/val_V0362.png,"[0, 1, 2]","[0, 1, 2]",already_0_1_2
REFUGE,val,V0363,data/external/kaggle/glaucoma_fundus_imaging_bundle/REFUGE/val/Masks/V0363.png,data/processed/standardized_masks/refuge/val_V0363.png,"[0, 1, 2]","[0, 1, 2]",already_0_1_2
REFUGE,val,V0364,data/external/kaggle/glaucoma_fundus_imaging_bundle/REFUGE/val/Masks/V0364.png,data/processed/standardized_masks/refuge/val_V0364.png,"[0, 1, 2]","[0, 1, 2]",already_0_1_2
REFUGE,val,V0365,data/external/kaggle/glaucoma_fundus_imaging_bundle/REFUGE/val/Masks/V0365.png,data/processed/standardized_masks/refuge/val_V0365.png,"[0, 1, 2]","[0, 1, 2]",already_0_1_2
REFUGE,val,V0366,data/external/kaggle/glaucoma_fundus_imaging_bundle/REFUGE/val/Masks/V0366.png,data/processed/standardized_masks/refuge/val_V0366.png,"[0, 1, 2]","[0, 1, 2]",already_0_1_2
REFUGE,val,V0367,data/external/kaggle/glaucoma_fundus_imaging_bundle/REFUGE/val/Masks/V0367.png,data/processed/standardized_masks/refuge/val_V0367.png,"[0, 1, 2]","[0, 1, 2]",already_0_1_2
REFUGE,val,V0368,data/external/kaggle/glaucoma_fundus_imaging_bundle/REFUGE/val/Masks/V0368.png,data/processed/standardized_masks/refuge/val_V0368.png,"[0, 1, 2]","[0, 1, 2]",already_0_1_2
REFUGE,val,V0369,data/external/kaggle/glaucoma_fundus_imaging_bundle/REFUGE/val/Masks/V0369.png,data/processed/standardized_masks/refuge/val_V0369.png,"[0, 1, 2]","[0, 1, 2]",already_0_1_2
REFUGE,val,V0370,data/external/kaggle/glaucoma_fundus_imaging_bundle/REFUGE/val/Masks/V0370.png,data/processed/standardized_masks/refuge/val_V0370.png,"[0, 1, 2]","[0, 1, 2]",already_0_1_2
REFUGE,val,V0371,data/external/kaggle/glaucoma_fundus_imaging_bundle/REFUGE/val/Masks/V0371.png,data/processed/standardized_masks/refuge/val_V0371.png,"[0, 1, 2]","[0, 1, 2]",already_0_1_2
REFUGE,val,V0372,data/external/kaggle/glaucoma_fundus_imaging_bundle/REFUGE/val/Masks/V0372.png,data/processed/standardized_masks/refuge/val_V0372.png,"[0, 1, 2]","[0, 1, 2]",already_0_1_2
REFUGE,val,V0373,data/external/kaggle/glaucoma_fundus_imaging_bundle/REFUGE/val/Masks/V0373.png,data/processed/standardized_masks/refuge/val_V0373.png,"[0, 1, 2]","[0, 1, 2]",already_0_1_2
REFUGE,val,V0374,data/external/kaggle/glaucoma_fundus_imaging_bundle/REFUGE/val/Masks/V0374.png,data/processed/standardized_masks/refuge/val_V0374.png,"[0, 1, 2]","[0, 1, 2]",already_0_1_2
REFUGE,val,V0375,data/external/kaggle/glaucoma_fundus_imaging_bundle/REFUGE/val/Masks/V0375.png,data/processed/standardized_masks/refuge/val_V0375.png,"[0, 1, 2]","[0, 1, 2]",already_0_1_2
REFUGE,val,V0376,data/external/kaggle/glaucoma_fundus_imaging_bundle/REFUGE/val/Masks/V0376.png,data/processed/standardized_masks/refuge/val_V0376.png,"[0, 1, 2]","[0, 1, 2]",already_0_1_2
REFUGE,val,V0377,data/external/kaggle/glaucoma_fundus_imaging_bundle/REFUGE/val/Masks/V0377.png,data/processed/standardized_masks/refuge/val_V0377.png,"[0, 1, 2]","[0, 1, 2]",already_0_1_2
REFUGE,val,V0378,data/external/kaggle/glaucoma_fundus_imaging_bundle/REFUGE/val/Masks/V0378.png,data/processed/standardized_masks/refuge/val_V0378.png,"[0, 1, 2]","[0, 1, 2]",already_0_1_2
REFUGE,val,V0379,data/external/kaggle/glaucoma_fundus_imaging_bundle/REFUGE/val/Masks/V0379.png,data/processed/standardized_masks/refuge/val_V0379.png,"[0, 1, 2]","[0, 1, 2]",already_0_1_2
REFUGE,val,V0380,data/external/kaggle/glaucoma_fundus_imaging_bundle/REFUGE/val/Masks/V0380.png,data/processed/standardized_masks/refuge/val_V0380.png,"[0, 1, 2]","[0, 1, 2]",already_0_1_2
REFUGE,val,V0381,data/external/kaggle/glaucoma_fundus_imaging_bundle/REFUGE/val/Masks/V0381.png,data/processed/standardized_masks/refuge/val_V0381.png,"[0, 1, 2]","[0, 1, 2]",already_0_1_2
REFUGE,val,V0382,data/external/kaggle/glaucoma_fundus_imaging_bundle/REFUGE/val/Masks/V0382.png,data/processed/standardized_masks/refuge/val_V0382.png,"[0, 1, 2]","[0, 1, 2]",already_0_1_2
REFUGE,val,V0383,data/external/kaggle/glaucoma_fundus_imaging_bundle/REFUGE/val/Masks/V0383.png,data/processed/standardized_masks/refuge/val_V0383.png,"[0, 1, 2]","[0, 1, 2]",already_0_1_2
REFUGE,val,V0384,data/external/kaggle/glaucoma_fundus_imaging_bundle/REFUGE/val/Masks/V0384.png,data/processed/standardized_masks/refuge/val_V0384.png,"[0, 1, 2]","[0, 1, 2]",already_0_1_2
REFUGE,val,V0385,data/external/kaggle/glaucoma_fundus_imaging_bundle/REFUGE/val/Masks/V0385.png,data/processed/standardized_masks/refuge/val_V0385.png,"[0, 1, 2]","[0, 1, 2]",already_0_1_2
REFUGE,val,V0386,data/external/kaggle/glaucoma_fundus_imaging_bundle/REFUGE/val/Masks/V0386.png,data/processed/standardized_masks/refuge/val_V0386.png,"[0, 1, 2]","[0, 1, 2]",already_0_1_2
REFUGE,val,V0387,data/external/kaggle/glaucoma_fundus_imaging_bundle/REFUGE/val/Masks/V0387.png,data/processed/standardized_masks/refuge/val_V0387.png,"[0, 1, 2]","[0, 1, 2]",already_0_1_2
REFUGE,val,V0388,data/external/kaggle/glaucoma_fundus_imaging_bundle/REFUGE/val/Masks/V0388.png,data/processed/standardized_masks/refuge/val_V0388.png,"[0, 1, 2]","[0, 1, 2]",already_0_1_2
REFUGE,val,V0389,data/external/kaggle/glaucoma_fundus_imaging_bundle/REFUGE/val/Masks/V0389.png,data/processed/standardized_masks/refuge/val_V0389.png,"[0, 1, 2]","[0, 1, 2]",already_0_1_2
REFUGE,val,V0390,data/external/kaggle/glaucoma_fundus_imaging_bundle/REFUGE/val/Masks/V0390.png,data/processed/standardized_masks/refuge/val_V0390.png,"[0, 1, 2]","[0, 1, 2]",already_0_1_2
REFUGE,val,V0391,data/external/kaggle/glaucoma_fundus_imaging_bundle/REFUGE/val/Masks/V0391.png,data/processed/standardized_masks/refuge/val_V0391.png,"[0, 1, 2]","[0, 1, 2]",already_0_1_2
REFUGE,val,V0392,data/external/kaggle/glaucoma_fundus_imaging_bundle/REFUGE/val/Masks/V0392.png,data/processed/standardized_masks/refuge/val_V0392.png,"[0, 1, 2]","[0, 1, 2]",already_0_1_2
REFUGE,val,V0393,data/external/kaggle/glaucoma_fundus_imaging_bundle/REFUGE/val/Masks/V0393.png,data/processed/standardized_masks/refuge/val_V0393.png,"[0, 1, 2]","[0, 1, 2]",already_0_1_2
REFUGE,val,V0394,data/external/kaggle/glaucoma_fundus_imaging_bundle/REFUGE/val/Masks/V0394.png,data/processed/standardized_masks/refuge/val_V0394.png,"[0, 1, 2]","[0, 1, 2]",already_0_1_2
REFUGE,val,V0395,data/external/kaggle/glaucoma_fundus_imaging_bundle/REFUGE/val/Masks/V0395.png,data/processed/standardized_masks/refuge/val_V0395.png,"[0, 1, 2]","[0, 1, 2]",already_0_1_2
REFUGE,val,V0396,data/external/kaggle/glaucoma_fundus_imaging_bundle/REFUGE/val/Masks/V0396.png,data/processed/standardized_masks/refuge/val_V0396.png,"[0, 1, 2]","[0, 1, 2]",already_0_1_2
REFUGE,val,V0397,data/external/kaggle/glaucoma_fundus_imaging_bundle/REFUGE/val/Masks/V0397.png,data/processed/standardized_masks/refuge/val_V0397.png,"[0, 1, 2]","[0, 1, 2]",already_0_1_2
REFUGE,val,V0398,data/external/kaggle/glaucoma_fundus_imaging_bundle/REFUGE/val/Masks/V0398.png,data/processed/standardized_masks/refuge/val_V0398.png,"[0, 1, 2]","[0, 1, 2]",already_0_1_2
REFUGE,val,V0399,data/external/kaggle/glaucoma_fundus_imaging_bundle/REFUGE/val/Masks/V0399.png,data/processed/standardized_masks/refuge/val_V0399.png,"[0, 1, 2]","[0, 1, 2]",already_0_1_2
REFUGE,val,V0400,data/external/kaggle/glaucoma_fundus_imaging_bundle/REFUGE/val/Masks/V0400.png,data/processed/standardized_masks/refuge/val_V0400.png,"[0, 1, 2]","[0, 1, 2]",already_0_1_2
REFUGE,test,T0001,data/external/kaggle/glaucoma_fundus_imaging_bundle/REFUGE/test/Masks/T0001.png,data/processed/standardized_masks/refuge/test_T0001.png,"[0, 1, 2]","[0, 1, 2]",already_0_1_2
REFUGE,test,T0002,data/external/kaggle/glaucoma_fundus_imaging_bundle/REFUGE/test/Masks/T0002.png,data/processed/standardized_masks/refuge/test_T0002.png,"[0, 1, 2]","[0, 1, 2]",already_0_1_2
REFUGE,test,T0003,data/external/kaggle/glaucoma_fundus_imaging_bundle/REFUGE/test/Masks/T0003.png,data/processed/standardized_masks/refuge/test_T0003.png,"[0, 1, 2]","[0, 1, 2]",already_0_1_2
REFUGE,test,T0004,data/external/kaggle/glaucoma_fundus_imaging_bundle/REFUGE/test/Masks/T0004.png,data/processed/standardized_masks/refuge/test_T0004.png,"[0, 1, 2]","[0, 1, 2]",already_0_1_2
REFUGE,test,T0005,data/external/kaggle/glaucoma_fundus_imaging_bundle/REFUGE/test/Masks/T0005.png,data/processed/standardized_masks/refuge/test_T0005.png,"[0, 1, 2]","[0, 1, 2]",already_0_1_2
REFUGE,test,T0006,data/external/kaggle/glaucoma_fundus_imaging_bundle/REFUGE/test/Masks/T0006.png,data/processed/standardized_masks/refuge/test_T0006.png,"[0, 1, 2]","[0, 1, 2]",already_0_1_2
REFUGE,test,T0007,data/external/kaggle/glaucoma_fundus_imaging_bundle/REFUGE/test/Masks/T0007.png,data/processed/standardized_masks/refuge/test_T0007.png,"[0, 1, 2]","[0, 1, 2]",already_0_1_2
REFUGE,test,T0008,data/external/kaggle/glaucoma_fundus_imaging_bundle/REFUGE/test/Masks/T0008.png,data/processed/standardized_masks/refuge/test_T0008.png,"[0, 1, 2]","[0, 1, 2]",already_0_1_2
REFUGE,test,T0009,data/external/kaggle/glaucoma_fundus_imaging_bundle/REFUGE/test/Masks/T0009.png,data/processed/standardized_masks/refuge/test_T0009.png,"[0, 1, 2]","[0, 1, 2]",already_0_1_2
REFUGE,test,T0010,data/external/kaggle/glaucoma_fundus_imaging_bundle/REFUGE/test/Masks/T0010.png,data/processed/standardized_masks/refuge/test_T0010.png,"[0, 1, 2]","[0, 1, 2]",already_0_1_2
REFUGE,test,T0011,data/external/kaggle/glaucoma_fundus_imaging_bundle/REFUGE/test/Masks/T0011.png,data/processed/standardized_masks/refuge/test_T0011.png,"[0, 1, 2]","[0, 1, 2]",already_0_1_2
REFUGE,test,T0012,data/external/kaggle/glaucoma_fundus_imaging_bundle/REFUGE/test/Masks/T0012.png,data/processed/standardized_masks/refuge/test_T0012.png,"[0, 1, 2]","[0, 1, 2]",already_0_1_2
REFUGE,test,T0013,data/external/kaggle/glaucoma_fundus_imaging_bundle/REFUGE/test/Masks/T0013.png,data/processed/standardized_masks/refuge/test_T0013.png,"[0, 1, 2]","[0, 1, 2]",already_0_1_2
REFUGE,test,T0014,data/external/kaggle/glaucoma_fundus_imaging_bundle/REFUGE/test/Masks/T0014.png,data/processed/standardized_masks/refuge/test_T0014.png,"[0, 1, 2]","[0, 1, 2]",already_0_1_2
REFUGE,test,T0015,data/external/kaggle/glaucoma_fundus_imaging_bundle/REFUGE/test/Masks/T0015.png,data/processed/standardized_masks/refuge/test_T0015.png,"[0, 1, 2]","[0, 1, 2]",already_0_1_2
REFUGE,test,T0016,data/external/kaggle/glaucoma_fundus_imaging_bundle/REFUGE/test/Masks/T0016.png,data/processed/standardized_masks/refuge/test_T0016.png,"[0, 1, 2]","[0, 1, 2]",already_0_1_2
REFUGE,test,T0017,data/external/kaggle/glaucoma_fundus_imaging_bundle/REFUGE/test/Masks/T0017.png,data/processed/standardized_masks/refuge/test_T0017.png,"[0, 1, 2]","[0, 1, 2]",already_0_1_2
REFUGE,test,T0018,data/external/kaggle/glaucoma_fundus_imaging_bundle/REFUGE/test/Masks/T0018.png,data/processed/standardized_masks/refuge/test_T0018.png,"[0, 1, 2]","[0, 1, 2]",already_0_1_2
REFUGE,test,T0019,data/external/kaggle/glaucoma_fundus_imaging_bundle/REFUGE/test/Masks/T0019.png,data/processed/standardized_masks/refuge/test_T0019.png,"[0, 1, 2]","[0, 1, 2]",already_0_1_2
REFUGE,test,T0020,data/external/kaggle/glaucoma_fundus_imaging_bundle/REFUGE/test/Masks/T0020.png,data/processed/standardized_masks/refuge/test_T0020.png,"[0, 1, 2]","[0, 1, 2]",already_0_1_2
REFUGE,test,T0021,data/external/kaggle/glaucoma_fundus_imaging_bundle/REFUGE/test/Masks/T0021.png,data/processed/standardized_masks/refuge/test_T0021.png,"[0, 1, 2]","[0, 1, 2]",already_0_1_2
REFUGE,test,T0022,data/external/kaggle/glaucoma_fundus_imaging_bundle/REFUGE/test/Masks/T0022.png,data/processed/standardized_masks/refuge/test_T0022.png,"[0, 1, 2]","[0, 1, 2]",already_0_1_2
REFUGE,test,T0023,data/external/kaggle/glaucoma_fundus_imaging_bundle/REFUGE/test/Masks/T0023.png,data/processed/standardized_masks/refuge/test_T0023.png,"[0, 1, 2]","[0, 1, 2]",already_0_1_2
REFUGE,test,T0024,data/external/kaggle/glaucoma_fundus_imaging_bundle/REFUGE/test/Masks/T0024.png,data/processed/standardized_masks/refuge/test_T0024.png,"[0, 1, 2]","[0, 1, 2]",already_0_1_2
REFUGE,test,T0025,data/external/kaggle/glaucoma_fundus_imaging_bundle/REFUGE/test/Masks/T0025.png,data/processed/standardized_masks/refuge/test_T0025.png,"[0, 1, 2]","[0, 1, 2]",already_0_1_2
REFUGE,test,T0026,data/external/kaggle/glaucoma_fundus_imaging_bundle/REFUGE/test/Masks/T0026.png,data/processed/standardized_masks/refuge/test_T0026.png,"[0, 1, 2]","[0, 1, 2]",already_0_1_2
REFUGE,test,T0027,data/external/kaggle/glaucoma_fundus_imaging_bundle/REFUGE/test/Masks/T0027.png,data/processed/standardized_masks/refuge/test_T0027.png,"[0, 1, 2]","[0, 1, 2]",already_0_1_2
REFUGE,test,T0028,data/external/kaggle/glaucoma_fundus_imaging_bundle/REFUGE/test/Masks/T0028.png,data/processed/standardized_masks/refuge/test_T0028.png,"[0, 1, 2]","[0, 1, 2]",already_0_1_2
REFUGE,test,T0029,data/external/kaggle/glaucoma_fundus_imaging_bundle/REFUGE/test/Masks/T0029.png,data/processed/standardized_masks/refuge/test_T0029.png,"[0, 1, 2]","[0, 1, 2]",already_0_1_2
REFUGE,test,T0030,data/external/kaggle/glaucoma_fundus_imaging_bundle/REFUGE/test/Masks/T0030.png,data/processed/standardized_masks/refuge/test_T0030.png,"[0, 1, 2]","[0, 1, 2]",already_0_1_2
REFUGE,test,T0031,data/external/kaggle/glaucoma_fundus_imaging_bundle/REFUGE/test/Masks/T0031.png,data/processed/standardized_masks/refuge/test_T0031.png,"[0, 1, 2]","[0, 1, 2]",already_0_1_2
REFUGE,test,T0032,data/external/kaggle/glaucoma_fundus_imaging_bundle/REFUGE/test/Masks/T0032.png,data/processed/standardized_masks/refuge/test_T0032.png,"[0, 1, 2]","[0, 1, 2]",already_0_1_2
REFUGE,test,T0033,data/external/kaggle/glaucoma_fundus_imaging_bundle/REFUGE/test/Masks/T0033.png,data/processed/standardized_masks/refuge/test_T0033.png,"[0, 1, 2]","[0, 1, 2]",already_0_1_2
REFUGE,test,T0034,data/external/kaggle/glaucoma_fundus_imaging_bundle/REFUGE/test/Masks/T0034.png,data/processed/standardized_masks/refuge/test_T0034.png,"[0, 1, 2]","[0, 1, 2]",already_0_1_2
REFUGE,test,T0035,data/external/kaggle/glaucoma_fundus_imaging_bundle/REFUGE/test/Masks/T0035.png,data/processed/standardized_masks/refuge/test_T0035.png,"[0, 1, 2]","[0, 1, 2]",already_0_1_2
REFUGE,test,T0036,data/external/kaggle/glaucoma_fundus_imaging_bundle/REFUGE/test/Masks/T0036.png,data/processed/standardized_masks/refuge/test_T0036.png,"[0, 1, 2]","[0, 1, 2]",already_0_1_2
REFUGE,test,T0037,data/external/kaggle/glaucoma_fundus_imaging_bundle/REFUGE/test/Masks/T0037.png,data/processed/standardized_masks/refuge/test_T0037.png,"[0, 1, 2]","[0, 1, 2]",already_0_1_2
REFUGE,test,T0038,data/external/kaggle/glaucoma_fundus_imaging_bundle/REFUGE/test/Masks/T0038.png,data/processed/standardized_masks/refuge/test_T0038.png,"[0, 1, 2]","[0, 1, 2]",already_0_1_2
REFUGE,test,T0039,data/external/kaggle/glaucoma_fundus_imaging_bundle/REFUGE/test/Masks/T0039.png,data/processed/standardized_masks/refuge/test_T0039.png,"[0, 1, 2]","[0, 1, 2]",already_0_1_2
REFUGE,test,T0040,data/external/kaggle/glaucoma_fundus_imaging_bundle/REFUGE/test/Masks/T0040.png,data/processed/standardized_masks/refuge/test_T0040.png,"[0, 1, 2]","[0, 1, 2]",already_0_1_2
REFUGE,test,T0041,data/external/kaggle/glaucoma_fundus_imaging_bundle/REFUGE/test/Masks/T0041.png,data/processed/standardized_masks/refuge/test_T0041.png,"[0, 1, 2]","[0, 1, 2]",already_0_1_2
REFUGE,test,T0042,data/external/kaggle/glaucoma_fundus_imaging_bundle/REFUGE/test/Masks/T0042.png,data/processed/standardized_masks/refuge/test_T0042.png,"[0, 1, 2]","[0, 1, 2]",already_0_1_2
REFUGE,test,T0043,data/external/kaggle/glaucoma_fundus_imaging_bundle/REFUGE/test/Masks/T0043.png,data/processed/standardized_masks/refuge/test_T0043.png,"[0, 1, 2]","[0, 1, 2]",already_0_1_2
REFUGE,test,T0044,data/external/kaggle/glaucoma_fundus_imaging_bundle/REFUGE/test/Masks/T0044.png,data/processed/standardized_masks/refuge/test_T0044.png,"[0, 1, 2]","[0, 1, 2]",already_0_1_2
REFUGE,test,T0045,data/external/kaggle/glaucoma_fundus_imaging_bundle/REFUGE/test/Masks/T0045.png,data/processed/standardized_masks/refuge/test_T0045.png,"[0, 1, 2]","[0, 1, 2]",already_0_1_2
REFUGE,test,T0046,data/external/kaggle/glaucoma_fundus_imaging_bundle/REFUGE/test/Masks/T0046.png,data/processed/standardized_masks/refuge/test_T0046.png,"[0, 1, 2]","[0, 1, 2]",already_0_1_2
REFUGE,test,T0047,data/external/kaggle/glaucoma_fundus_imaging_bundle/REFUGE/test/Masks/T0047.png,data/processed/standardized_masks/refuge/test_T0047.png,"[0, 1, 2]","[0, 1, 2]",already_0_1_2
REFUGE,test,T0048,data/external/kaggle/glaucoma_fundus_imaging_bundle/REFUGE/test/Masks/T0048.png,data/processed/standardized_masks/refuge/test_T0048.png,"[0, 1, 2]","[0, 1, 2]",already_0_1_2
REFUGE,test,T0049,data/external/kaggle/glaucoma_fundus_imaging_bundle/REFUGE/test/Masks/T0049.png,data/processed/standardized_masks/refuge/test_T0049.png,"[0, 1, 2]","[0, 1, 2]",already_0_1_2
REFUGE,test,T0050,data/external/kaggle/glaucoma_fundus_imaging_bundle/REFUGE/test/Masks/T0050.png,data/processed/standardized_masks/refuge/test_T0050.png,"[0, 1, 2]","[0, 1, 2]",already_0_1_2
REFUGE,test,T0051,data/external/kaggle/glaucoma_fundus_imaging_bundle/REFUGE/test/Masks/T0051.png,data/processed/standardized_masks/refuge/test_T0051.png,"[0, 1, 2]","[0, 1, 2]",already_0_1_2
REFUGE,test,T0052,data/external/kaggle/glaucoma_fundus_imaging_bundle/REFUGE/test/Masks/T0052.png,data/processed/standardized_masks/refuge/test_T0052.png,"[0, 1, 2]","[0, 1, 2]",already_0_1_2
REFUGE,test,T0053,data/external/kaggle/glaucoma_fundus_imaging_bundle/REFUGE/test/Masks/T0053.png,data/processed/standardized_masks/refuge/test_T0053.png,"[0, 1, 2]","[0, 1, 2]",already_0_1_2
REFUGE,test,T0054,data/external/kaggle/glaucoma_fundus_imaging_bundle/REFUGE/test/Masks/T0054.png,data/processed/standardized_masks/refuge/test_T0054.png,"[0, 1, 2]","[0, 1, 2]",already_0_1_2
REFUGE,test,T0055,data/external/kaggle/glaucoma_fundus_imaging_bundle/REFUGE/test/Masks/T0055.png,data/processed/standardized_masks/refuge/test_T0055.png,"[0, 1, 2]","[0, 1, 2]",already_0_1_2
REFUGE,test,T0056,data/external/kaggle/glaucoma_fundus_imaging_bundle/REFUGE/test/Masks/T0056.png,data/processed/standardized_masks/refuge/test_T0056.png,"[0, 1, 2]","[0, 1, 2]",already_0_1_2
REFUGE,test,T0057,data/external/kaggle/glaucoma_fundus_imaging_bundle/REFUGE/test/Masks/T0057.png,data/processed/standardized_masks/refuge/test_T0057.png,"[0, 1, 2]","[0, 1, 2]",already_0_1_2
REFUGE,test,T0058,data/external/kaggle/glaucoma_fundus_imaging_bundle/REFUGE/test/Masks/T0058.png,data/processed/standardized_masks/refuge/test_T0058.png,"[0, 1, 2]","[0, 1, 2]",already_0_1_2
REFUGE,test,T0059,data/external/kaggle/glaucoma_fundus_imaging_bundle/REFUGE/test/Masks/T0059.png,data/processed/standardized_masks/refuge/test_T0059.png,"[0, 1, 2]","[0, 1, 2]",already_0_1_2
REFUGE,test,T0060,data/external/kaggle/glaucoma_fundus_imaging_bundle/REFUGE/test/Masks/T0060.png,data/processed/standardized_masks/refuge/test_T0060.png,"[0, 1, 2]","[0, 1, 2]",already_0_1_2
REFUGE,test,T0061,data/external/kaggle/glaucoma_fundus_imaging_bundle/REFUGE/test/Masks/T0061.png,data/processed/standardized_masks/refuge/test_T0061.png,"[0, 1, 2]","[0, 1, 2]",already_0_1_2
REFUGE,test,T0062,data/external/kaggle/glaucoma_fundus_imaging_bundle/REFUGE/test/Masks/T0062.png,data/processed/standardized_masks/refuge/test_T0062.png,"[0, 1, 2]","[0, 1, 2]",already_0_1_2
REFUGE,test,T0063,data/external/kaggle/glaucoma_fundus_imaging_bundle/REFUGE/test/Masks/T0063.png,data/processed/standardized_masks/refuge/test_T0063.png,"[0, 1, 2]","[0, 1, 2]",already_0_1_2
REFUGE,test,T0064,data/external/kaggle/glaucoma_fundus_imaging_bundle/REFUGE/test/Masks/T0064.png,data/processed/standardized_masks/refuge/test_T0064.png,"[0, 1, 2]","[0, 1, 2]",already_0_1_2
REFUGE,test,T0065,data/external/kaggle/glaucoma_fundus_imaging_bundle/REFUGE/test/Masks/T0065.png,data/processed/standardized_masks/refuge/test_T0065.png,"[0, 1, 2]","[0, 1, 2]",already_0_1_2
REFUGE,test,T0066,data/external/kaggle/glaucoma_fundus_imaging_bundle/REFUGE/test/Masks/T0066.png,data/processed/standardized_masks/refuge/test_T0066.png,"[0, 1, 2]","[0, 1, 2]",already_0_1_2
REFUGE,test,T0067,data/external/kaggle/glaucoma_fundus_imaging_bundle/REFUGE/test/Masks/T0067.png,data/processed/standardized_masks/refuge/test_T0067.png,"[0, 1, 2]","[0, 1, 2]",already_0_1_2
REFUGE,test,T0068,data/external/kaggle/glaucoma_fundus_imaging_bundle/REFUGE/test/Masks/T0068.png,data/processed/standardized_masks/refuge/test_T0068.png,"[0, 1, 2]","[0, 1, 2]",already_0_1_2
REFUGE,test,T0069,data/external/kaggle/glaucoma_fundus_imaging_bundle/REFUGE/test/Masks/T0069.png,data/processed/standardized_masks/refuge/test_T0069.png,"[0, 1, 2]","[0, 1, 2]",already_0_1_2
REFUGE,test,T0070,data/external/kaggle/glaucoma_fundus_imaging_bundle/REFUGE/test/Masks/T0070.png,data/processed/standardized_masks/refuge/test_T0070.png,"[0, 1, 2]","[0, 1, 2]",already_0_1_2
REFUGE,test,T0071,data/external/kaggle/glaucoma_fundus_imaging_bundle/REFUGE/test/Masks/T0071.png,data/processed/standardized_masks/refuge/test_T0071.png,"[0, 1, 2]","[0, 1, 2]",already_0_1_2
REFUGE,test,T0072,data/external/kaggle/glaucoma_fundus_imaging_bundle/REFUGE/test/Masks/T0072.png,data/processed/standardized_masks/refuge/test_T0072.png,"[0, 1, 2]","[0, 1, 2]",already_0_1_2
REFUGE,test,T0073,data/external/kaggle/glaucoma_fundus_imaging_bundle/REFUGE/test/Masks/T0073.png,data/processed/standardized_masks/refuge/test_T0073.png,"[0, 1, 2]","[0, 1, 2]",already_0_1_2
REFUGE,test,T0074,data/external/kaggle/glaucoma_fundus_imaging_bundle/REFUGE/test/Masks/T0074.png,data/processed/standardized_masks/refuge/test_T0074.png,"[0, 1, 2]","[0, 1, 2]",already_0_1_2
REFUGE,test,T0075,data/external/kaggle/glaucoma_fundus_imaging_bundle/REFUGE/test/Masks/T0075.png,data/processed/standardized_masks/refuge/test_T0075.png,"[0, 1, 2]","[0, 1, 2]",already_0_1_2
REFUGE,test,T0076,data/external/kaggle/glaucoma_fundus_imaging_bundle/REFUGE/test/Masks/T0076.png,data/processed/standardized_masks/refuge/test_T0076.png,"[0, 1, 2]","[0, 1, 2]",already_0_1_2
REFUGE,test,T0077,data/external/kaggle/glaucoma_fundus_imaging_bundle/REFUGE/test/Masks/T0077.png,data/processed/standardized_masks/refuge/test_T0077.png,"[0, 1, 2]","[0, 1, 2]",already_0_1_2
REFUGE,test,T0078,data/external/kaggle/glaucoma_fundus_imaging_bundle/REFUGE/test/Masks/T0078.png,data/processed/standardized_masks/refuge/test_T0078.png,"[0, 1, 2]","[0, 1, 2]",already_0_1_2
REFUGE,test,T0079,data/external/kaggle/glaucoma_fundus_imaging_bundle/REFUGE/test/Masks/T0079.png,data/processed/standardized_masks/refuge/test_T0079.png,"[0, 1, 2]","[0, 1, 2]",already_0_1_2
REFUGE,test,T0080,data/external/kaggle/glaucoma_fundus_imaging_bundle/REFUGE/test/Masks/T0080.png,data/processed/standardized_masks/refuge/test_T0080.png,"[0, 1, 2]","[0, 1, 2]",already_0_1_2
REFUGE,test,T0081,data/external/kaggle/glaucoma_fundus_imaging_bundle/REFUGE/test/Masks/T0081.png,data/processed/standardized_masks/refuge/test_T0081.png,"[0, 1, 2]","[0, 1, 2]",already_0_1_2
REFUGE,test,T0082,data/external/kaggle/glaucoma_fundus_imaging_bundle/REFUGE/test/Masks/T0082.png,data/processed/standardized_masks/refuge/test_T0082.png,"[0, 1, 2]","[0, 1, 2]",already_0_1_2
REFUGE,test,T0083,data/external/kaggle/glaucoma_fundus_imaging_bundle/REFUGE/test/Masks/T0083.png,data/processed/standardized_masks/refuge/test_T0083.png,"[0, 1, 2]","[0, 1, 2]",already_0_1_2
REFUGE,test,T0084,data/external/kaggle/glaucoma_fundus_imaging_bundle/REFUGE/test/Masks/T0084.png,data/processed/standardized_masks/refuge/test_T0084.png,"[0, 1, 2]","[0, 1, 2]",already_0_1_2
REFUGE,test,T0085,data/external/kaggle/glaucoma_fundus_imaging_bundle/REFUGE/test/Masks/T0085.png,data/processed/standardized_masks/refuge/test_T0085.png,"[0, 1, 2]","[0, 1, 2]",already_0_1_2
REFUGE,test,T0086,data/external/kaggle/glaucoma_fundus_imaging_bundle/REFUGE/test/Masks/T0086.png,data/processed/standardized_masks/refuge/test_T0086.png,"[0, 1, 2]","[0, 1, 2]",already_0_1_2
REFUGE,test,T0087,data/external/kaggle/glaucoma_fundus_imaging_bundle/REFUGE/test/Masks/T0087.png,data/processed/standardized_masks/refuge/test_T0087.png,"[0, 1, 2]","[0, 1, 2]",already_0_1_2
REFUGE,test,T0088,data/external/kaggle/glaucoma_fundus_imaging_bundle/REFUGE/test/Masks/T0088.png,data/processed/standardized_masks/refuge/test_T0088.png,"[0, 1, 2]","[0, 1, 2]",already_0_1_2
REFUGE,test,T0089,data/external/kaggle/glaucoma_fundus_imaging_bundle/REFUGE/test/Masks/T0089.png,data/processed/standardized_masks/refuge/test_T0089.png,"[0, 1, 2]","[0, 1, 2]",already_0_1_2
REFUGE,test,T0090,data/external/kaggle/glaucoma_fundus_imaging_bundle/REFUGE/test/Masks/T0090.png,data/processed/standardized_masks/refuge/test_T0090.png,"[0, 1, 2]","[0, 1, 2]",already_0_1_2
REFUGE,test,T0091,data/external/kaggle/glaucoma_fundus_imaging_bundle/REFUGE/test/Masks/T0091.png,data/processed/standardized_masks/refuge/test_T0091.png,"[0, 1, 2]","[0, 1, 2]",already_0_1_2
REFUGE,test,T0092,data/external/kaggle/glaucoma_fundus_imaging_bundle/REFUGE/test/Masks/T0092.png,data/processed/standardized_masks/refuge/test_T0092.png,"[0, 1, 2]","[0, 1, 2]",already_0_1_2
REFUGE,test,T0093,data/external/kaggle/glaucoma_fundus_imaging_bundle/REFUGE/test/Masks/T0093.png,data/processed/standardized_masks/refuge/test_T0093.png,"[0, 1, 2]","[0, 1, 2]",already_0_1_2
REFUGE,test,T0094,data/external/kaggle/glaucoma_fundus_imaging_bundle/REFUGE/test/Masks/T0094.png,data/processed/standardized_masks/refuge/test_T0094.png,"[0, 1, 2]","[0, 1, 2]",already_0_1_2
REFUGE,test,T0095,data/external/kaggle/glaucoma_fundus_imaging_bundle/REFUGE/test/Masks/T0095.png,data/processed/standardized_masks/refuge/test_T0095.png,"[0, 1, 2]","[0, 1, 2]",already_0_1_2
REFUGE,test,T0096,data/external/kaggle/glaucoma_fundus_imaging_bundle/REFUGE/test/Masks/T0096.png,data/processed/standardized_masks/refuge/test_T0096.png,"[0, 1, 2]","[0, 1, 2]",already_0_1_2
REFUGE,test,T0097,data/external/kaggle/glaucoma_fundus_imaging_bundle/REFUGE/test/Masks/T0097.png,data/processed/standardized_masks/refuge/test_T0097.png,"[0, 1, 2]","[0, 1, 2]",already_0_1_2
REFUGE,test,T0098,data/external/kaggle/glaucoma_fundus_imaging_bundle/REFUGE/test/Masks/T0098.png,data/processed/standardized_masks/refuge/test_T0098.png,"[0, 1, 2]","[0, 1, 2]",already_0_1_2
REFUGE,test,T0099,data/external/kaggle/glaucoma_fundus_imaging_bundle/REFUGE/test/Masks/T0099.png,data/processed/standardized_masks/refuge/test_T0099.png,"[0, 1, 2]","[0, 1, 2]",already_0_1_2
REFUGE,test,T0100,data/external/kaggle/glaucoma_fundus_imaging_bundle/REFUGE/test/Masks/T0100.png,data/processed/standardized_masks/refuge/test_T0100.png,"[0, 1, 2]","[0, 1, 2]",already_0_1_2
REFUGE,test,T0101,data/external/kaggle/glaucoma_fundus_imaging_bundle/REFUGE/test/Masks/T0101.png,data/processed/standardized_masks/refuge/test_T0101.png,"[0, 1, 2]","[0, 1, 2]",already_0_1_2
REFUGE,test,T0102,data/external/kaggle/glaucoma_fundus_imaging_bundle/REFUGE/test/Masks/T0102.png,data/processed/standardized_masks/refuge/test_T0102.png,"[0, 1, 2]","[0, 1, 2]",already_0_1_2
REFUGE,test,T0103,data/external/kaggle/glaucoma_fundus_imaging_bundle/REFUGE/test/Masks/T0103.png,data/processed/standardized_masks/refuge/test_T0103.png,"[0, 1, 2]","[0, 1, 2]",already_0_1_2
REFUGE,test,T0104,data/external/kaggle/glaucoma_fundus_imaging_bundle/REFUGE/test/Masks/T0104.png,data/processed/standardized_masks/refuge/test_T0104.png,"[0, 1, 2]","[0, 1, 2]",already_0_1_2
REFUGE,test,T0105,data/external/kaggle/glaucoma_fundus_imaging_bundle/REFUGE/test/Masks/T0105.png,data/processed/standardized_masks/refuge/test_T0105.png,"[0, 1, 2]","[0, 1, 2]",already_0_1_2
REFUGE,test,T0106,data/external/kaggle/glaucoma_fundus_imaging_bundle/REFUGE/test/Masks/T0106.png,data/processed/standardized_masks/refuge/test_T0106.png,"[0, 1, 2]","[0, 1, 2]",already_0_1_2
REFUGE,test,T0107,data/external/kaggle/glaucoma_fundus_imaging_bundle/REFUGE/test/Masks/T0107.png,data/processed/standardized_masks/refuge/test_T0107.png,"[0, 1, 2]","[0, 1, 2]",already_0_1_2
REFUGE,test,T0108,data/external/kaggle/glaucoma_fundus_imaging_bundle/REFUGE/test/Masks/T0108.png,data/processed/standardized_masks/refuge/test_T0108.png,"[0, 1, 2]","[0, 1, 2]",already_0_1_2
REFUGE,test,T0109,data/external/kaggle/glaucoma_fundus_imaging_bundle/REFUGE/test/Masks/T0109.png,data/processed/standardized_masks/refuge/test_T0109.png,"[0, 1, 2]","[0, 1, 2]",already_0_1_2
REFUGE,test,T0110,data/external/kaggle/glaucoma_fundus_imaging_bundle/REFUGE/test/Masks/T0110.png,data/processed/standardized_masks/refuge/test_T0110.png,"[0, 1, 2]","[0, 1, 2]",already_0_1_2
REFUGE,test,T0111,data/external/kaggle/glaucoma_fundus_imaging_bundle/REFUGE/test/Masks/T0111.png,data/processed/standardized_masks/refuge/test_T0111.png,"[0, 1, 2]","[0, 1, 2]",already_0_1_2
REFUGE,test,T0112,data/external/kaggle/glaucoma_fundus_imaging_bundle/REFUGE/test/Masks/T0112.png,data/processed/standardized_masks/refuge/test_T0112.png,"[0, 1, 2]","[0, 1, 2]",already_0_1_2
REFUGE,test,T0113,data/external/kaggle/glaucoma_fundus_imaging_bundle/REFUGE/test/Masks/T0113.png,data/processed/standardized_masks/refuge/test_T0113.png,"[0, 1, 2]","[0, 1, 2]",already_0_1_2
REFUGE,test,T0114,data/external/kaggle/glaucoma_fundus_imaging_bundle/REFUGE/test/Masks/T0114.png,data/processed/standardized_masks/refuge/test_T0114.png,"[0, 1, 2]","[0, 1, 2]",already_0_1_2
REFUGE,test,T0115,data/external/kaggle/glaucoma_fundus_imaging_bundle/REFUGE/test/Masks/T0115.png,data/processed/standardized_masks/refuge/test_T0115.png,"[0, 1, 2]","[0, 1, 2]",already_0_1_2
REFUGE,test,T0116,data/external/kaggle/glaucoma_fundus_imaging_bundle/REFUGE/test/Masks/T0116.png,data/processed/standardized_masks/refuge/test_T0116.png,"[0, 1, 2]","[0, 1, 2]",already_0_1_2
REFUGE,test,T0117,data/external/kaggle/glaucoma_fundus_imaging_bundle/REFUGE/test/Masks/T0117.png,data/processed/standardized_masks/refuge/test_T0117.png,"[0, 1, 2]","[0, 1, 2]",already_0_1_2
REFUGE,test,T0118,data/external/kaggle/glaucoma_fundus_imaging_bundle/REFUGE/test/Masks/T0118.png,data/processed/standardized_masks/refuge/test_T0118.png,"[0, 1, 2]","[0, 1, 2]",already_0_1_2
REFUGE,test,T0119,data/external/kaggle/glaucoma_fundus_imaging_bundle/REFUGE/test/Masks/T0119.png,data/processed/standardized_masks/refuge/test_T0119.png,"[0, 1, 2]","[0, 1, 2]",already_0_1_2
REFUGE,test,T0120,data/external/kaggle/glaucoma_fundus_imaging_bundle/REFUGE/test/Masks/T0120.png,data/processed/standardized_masks/refuge/test_T0120.png,"[0, 1, 2]","[0, 1, 2]",already_0_1_2
REFUGE,test,T0121,data/external/kaggle/glaucoma_fundus_imaging_bundle/REFUGE/test/Masks/T0121.png,data/processed/standardized_masks/refuge/test_T0121.png,"[0, 1, 2]","[0, 1, 2]",already_0_1_2
REFUGE,test,T0122,data/external/kaggle/glaucoma_fundus_imaging_bundle/REFUGE/test/Masks/T0122.png,data/processed/standardized_masks/refuge/test_T0122.png,"[0, 1, 2]","[0, 1, 2]",already_0_1_2
REFUGE,test,T0123,data/external/kaggle/glaucoma_fundus_imaging_bundle/REFUGE/test/Masks/T0123.png,data/processed/standardized_masks/refuge/test_T0123.png,"[0, 1, 2]","[0, 1, 2]",already_0_1_2
REFUGE,test,T0124,data/external/kaggle/glaucoma_fundus_imaging_bundle/REFUGE/test/Masks/T0124.png,data/processed/standardized_masks/refuge/test_T0124.png,"[0, 1, 2]","[0, 1, 2]",already_0_1_2
REFUGE,test,T0125,data/external/kaggle/glaucoma_fundus_imaging_bundle/REFUGE/test/Masks/T0125.png,data/processed/standardized_masks/refuge/test_T0125.png,"[0, 1, 2]","[0, 1, 2]",already_0_1_2
REFUGE,test,T0126,data/external/kaggle/glaucoma_fundus_imaging_bundle/REFUGE/test/Masks/T0126.png,data/processed/standardized_masks/refuge/test_T0126.png,"[0, 1, 2]","[0, 1, 2]",already_0_1_2
REFUGE,test,T0127,data/external/kaggle/glaucoma_fundus_imaging_bundle/REFUGE/test/Masks/T0127.png,data/processed/standardized_masks/refuge/test_T0127.png,"[0, 1, 2]","[0, 1, 2]",already_0_1_2
REFUGE,test,T0128,data/external/kaggle/glaucoma_fundus_imaging_bundle/REFUGE/test/Masks/T0128.png,data/processed/standardized_masks/refuge/test_T0128.png,"[0, 1, 2]","[0, 1, 2]",already_0_1_2
REFUGE,test,T0129,data/external/kaggle/glaucoma_fundus_imaging_bundle/REFUGE/test/Masks/T0129.png,data/processed/standardized_masks/refuge/test_T0129.png,"[0, 1, 2]","[0, 1, 2]",already_0_1_2
REFUGE,test,T0130,data/external/kaggle/glaucoma_fundus_imaging_bundle/REFUGE/test/Masks/T0130.png,data/processed/standardized_masks/refuge/test_T0130.png,"[0, 1, 2]","[0, 1, 2]",already_0_1_2
REFUGE,test,T0131,data/external/kaggle/glaucoma_fundus_imaging_bundle/REFUGE/test/Masks/T0131.png,data/processed/standardized_masks/refuge/test_T0131.png,"[0, 1, 2]","[0, 1, 2]",already_0_1_2
REFUGE,test,T0132,data/external/kaggle/glaucoma_fundus_imaging_bundle/REFUGE/test/Masks/T0132.png,data/processed/standardized_masks/refuge/test_T0132.png,"[0, 1, 2]","[0, 1, 2]",already_0_1_2
REFUGE,test,T0133,data/external/kaggle/glaucoma_fundus_imaging_bundle/REFUGE/test/Masks/T0133.png,data/processed/standardized_masks/refuge/test_T0133.png,"[0, 1, 2]","[0, 1, 2]",already_0_1_2
REFUGE,test,T0134,data/external/kaggle/glaucoma_fundus_imaging_bundle/REFUGE/test/Masks/T0134.png,data/processed/standardized_masks/refuge/test_T0134.png,"[0, 1, 2]","[0, 1, 2]",already_0_1_2
REFUGE,test,T0135,data/external/kaggle/glaucoma_fundus_imaging_bundle/REFUGE/test/Masks/T0135.png,data/processed/standardized_masks/refuge/test_T0135.png,"[0, 1, 2]","[0, 1, 2]",already_0_1_2
REFUGE,test,T0136,data/external/kaggle/glaucoma_fundus_imaging_bundle/REFUGE/test/Masks/T0136.png,data/processed/standardized_masks/refuge/test_T0136.png,"[0, 1, 2]","[0, 1, 2]",already_0_1_2
REFUGE,test,T0137,data/external/kaggle/glaucoma_fundus_imaging_bundle/REFUGE/test/Masks/T0137.png,data/processed/standardized_masks/refuge/test_T0137.png,"[0, 1, 2]","[0, 1, 2]",already_0_1_2
REFUGE,test,T0138,data/external/kaggle/glaucoma_fundus_imaging_bundle/REFUGE/test/Masks/T0138.png,data/processed/standardized_masks/refuge/test_T0138.png,"[0, 1, 2]","[0, 1, 2]",already_0_1_2
REFUGE,test,T0139,data/external/kaggle/glaucoma_fundus_imaging_bundle/REFUGE/test/Masks/T0139.png,data/processed/standardized_masks/refuge/test_T0139.png,"[0, 1, 2]","[0, 1, 2]",already_0_1_2
REFUGE,test,T0140,data/external/kaggle/glaucoma_fundus_imaging_bundle/REFUGE/test/Masks/T0140.png,data/processed/standardized_masks/refuge/test_T0140.png,"[0, 1, 2]","[0, 1, 2]",already_0_1_2
REFUGE,test,T0141,data/external/kaggle/glaucoma_fundus_imaging_bundle/REFUGE/test/Masks/T0141.png,data/processed/standardized_masks/refuge/test_T0141.png,"[0, 1, 2]","[0, 1, 2]",already_0_1_2
REFUGE,test,T0142,data/external/kaggle/glaucoma_fundus_imaging_bundle/REFUGE/test/Masks/T0142.png,data/processed/standardized_masks/refuge/test_T0142.png,"[0, 1, 2]","[0, 1, 2]",already_0_1_2
REFUGE,test,T0143,data/external/kaggle/glaucoma_fundus_imaging_bundle/REFUGE/test/Masks/T0143.png,data/processed/standardized_masks/refuge/test_T0143.png,"[0, 1, 2]","[0, 1, 2]",already_0_1_2
REFUGE,test,T0144,data/external/kaggle/glaucoma_fundus_imaging_bundle/REFUGE/test/Masks/T0144.png,data/processed/standardized_masks/refuge/test_T0144.png,"[0, 1, 2]","[0, 1, 2]",already_0_1_2
REFUGE,test,T0145,data/external/kaggle/glaucoma_fundus_imaging_bundle/REFUGE/test/Masks/T0145.png,data/processed/standardized_masks/refuge/test_T0145.png,"[0, 1, 2]","[0, 1, 2]",already_0_1_2
REFUGE,test,T0146,data/external/kaggle/glaucoma_fundus_imaging_bundle/REFUGE/test/Masks/T0146.png,data/processed/standardized_masks/refuge/test_T0146.png,"[0, 1, 2]","[0, 1, 2]",already_0_1_2
REFUGE,test,T0147,data/external/kaggle/glaucoma_fundus_imaging_bundle/REFUGE/test/Masks/T0147.png,data/processed/standardized_masks/refuge/test_T0147.png,"[0, 1, 2]","[0, 1, 2]",already_0_1_2
REFUGE,test,T0148,data/external/kaggle/glaucoma_fundus_imaging_bundle/REFUGE/test/Masks/T0148.png,data/processed/standardized_masks/refuge/test_T0148.png,"[0, 1, 2]","[0, 1, 2]",already_0_1_2
REFUGE,test,T0149,data/external/kaggle/glaucoma_fundus_imaging_bundle/REFUGE/test/Masks/T0149.png,data/processed/standardized_masks/refuge/test_T0149.png,"[0, 1, 2]","[0, 1, 2]",already_0_1_2
REFUGE,test,T0150,data/external/kaggle/glaucoma_fundus_imaging_bundle/REFUGE/test/Masks/T0150.png,data/processed/standardized_masks/refuge/test_T0150.png,"[0, 1, 2]","[0, 1, 2]",already_0_1_2
REFUGE,test,T0151,data/external/kaggle/glaucoma_fundus_imaging_bundle/REFUGE/test/Masks/T0151.png,data/processed/standardized_masks/refuge/test_T0151.png,"[0, 1, 2]","[0, 1, 2]",already_0_1_2
REFUGE,test,T0152,data/external/kaggle/glaucoma_fundus_imaging_bundle/REFUGE/test/Masks/T0152.png,data/processed/standardized_masks/refuge/test_T0152.png,"[0, 1, 2]","[0, 1, 2]",already_0_1_2
REFUGE,test,T0153,data/external/kaggle/glaucoma_fundus_imaging_bundle/REFUGE/test/Masks/T0153.png,data/processed/standardized_masks/refuge/test_T0153.png,"[0, 1, 2]","[0, 1, 2]",already_0_1_2
REFUGE,test,T0154,data/external/kaggle/glaucoma_fundus_imaging_bundle/REFUGE/test/Masks/T0154.png,data/processed/standardized_masks/refuge/test_T0154.png,"[0, 1, 2]","[0, 1, 2]",already_0_1_2
REFUGE,test,T0155,data/external/kaggle/glaucoma_fundus_imaging_bundle/REFUGE/test/Masks/T0155.png,data/processed/standardized_masks/refuge/test_T0155.png,"[0, 1, 2]","[0, 1, 2]",already_0_1_2
REFUGE,test,T0156,data/external/kaggle/glaucoma_fundus_imaging_bundle/REFUGE/test/Masks/T0156.png,data/processed/standardized_masks/refuge/test_T0156.png,"[0, 1, 2]","[0, 1, 2]",already_0_1_2
REFUGE,test,T0157,data/external/kaggle/glaucoma_fundus_imaging_bundle/REFUGE/test/Masks/T0157.png,data/processed/standardized_masks/refuge/test_T0157.png,"[0, 1, 2]","[0, 1, 2]",already_0_1_2
REFUGE,test,T0158,data/external/kaggle/glaucoma_fundus_imaging_bundle/REFUGE/test/Masks/T0158.png,data/processed/standardized_masks/refuge/test_T0158.png,"[0, 1, 2]","[0, 1, 2]",already_0_1_2
REFUGE,test,T0159,data/external/kaggle/glaucoma_fundus_imaging_bundle/REFUGE/test/Masks/T0159.png,data/processed/standardized_masks/refuge/test_T0159.png,"[0, 1, 2]","[0, 1, 2]",already_0_1_2
REFUGE,test,T0160,data/external/kaggle/glaucoma_fundus_imaging_bundle/REFUGE/test/Masks/T0160.png,data/processed/standardized_masks/refuge/test_T0160.png,"[0, 1, 2]","[0, 1, 2]",already_0_1_2
REFUGE,test,T0161,data/external/kaggle/glaucoma_fundus_imaging_bundle/REFUGE/test/Masks/T0161.png,data/processed/standardized_masks/refuge/test_T0161.png,"[0, 1, 2]","[0, 1, 2]",already_0_1_2
REFUGE,test,T0162,data/external/kaggle/glaucoma_fundus_imaging_bundle/REFUGE/test/Masks/T0162.png,data/processed/standardized_masks/refuge/test_T0162.png,"[0, 1, 2]","[0, 1, 2]",already_0_1_2
REFUGE,test,T0163,data/external/kaggle/glaucoma_fundus_imaging_bundle/REFUGE/test/Masks/T0163.png,data/processed/standardized_masks/refuge/test_T0163.png,"[0, 1, 2]","[0, 1, 2]",already_0_1_2
REFUGE,test,T0164,data/external/kaggle/glaucoma_fundus_imaging_bundle/REFUGE/test/Masks/T0164.png,data/processed/standardized_masks/refuge/test_T0164.png,"[0, 1, 2]","[0, 1, 2]",already_0_1_2
REFUGE,test,T0165,data/external/kaggle/glaucoma_fundus_imaging_bundle/REFUGE/test/Masks/T0165.png,data/processed/standardized_masks/refuge/test_T0165.png,"[0, 1, 2]","[0, 1, 2]",already_0_1_2
REFUGE,test,T0166,data/external/kaggle/glaucoma_fundus_imaging_bundle/REFUGE/test/Masks/T0166.png,data/processed/standardized_masks/refuge/test_T0166.png,"[0, 1, 2]","[0, 1, 2]",already_0_1_2
REFUGE,test,T0167,data/external/kaggle/glaucoma_fundus_imaging_bundle/REFUGE/test/Masks/T0167.png,data/processed/standardized_masks/refuge/test_T0167.png,"[0, 1, 2]","[0, 1, 2]",already_0_1_2
REFUGE,test,T0168,data/external/kaggle/glaucoma_fundus_imaging_bundle/REFUGE/test/Masks/T0168.png,data/processed/standardized_masks/refuge/test_T0168.png,"[0, 1, 2]","[0, 1, 2]",already_0_1_2
REFUGE,test,T0169,data/external/kaggle/glaucoma_fundus_imaging_bundle/REFUGE/test/Masks/T0169.png,data/processed/standardized_masks/refuge/test_T0169.png,"[0, 1, 2]","[0, 1, 2]",already_0_1_2
REFUGE,test,T0170,data/external/kaggle/glaucoma_fundus_imaging_bundle/REFUGE/test/Masks/T0170.png,data/processed/standardized_masks/refuge/test_T0170.png,"[0, 1, 2]","[0, 1, 2]",already_0_1_2
REFUGE,test,T0171,data/external/kaggle/glaucoma_fundus_imaging_bundle/REFUGE/test/Masks/T0171.png,data/processed/standardized_masks/refuge/test_T0171.png,"[0, 1, 2]","[0, 1, 2]",already_0_1_2
REFUGE,test,T0172,data/external/kaggle/glaucoma_fundus_imaging_bundle/REFUGE/test/Masks/T0172.png,data/processed/standardized_masks/refuge/test_T0172.png,"[0, 1, 2]","[0, 1, 2]",already_0_1_2
REFUGE,test,T0173,data/external/kaggle/glaucoma_fundus_imaging_bundle/REFUGE/test/Masks/T0173.png,data/processed/standardized_masks/refuge/test_T0173.png,"[0, 1, 2]","[0, 1, 2]",already_0_1_2
REFUGE,test,T0174,data/external/kaggle/glaucoma_fundus_imaging_bundle/REFUGE/test/Masks/T0174.png,data/processed/standardized_masks/refuge/test_T0174.png,"[0, 1, 2]","[0, 1, 2]",already_0_1_2
REFUGE,test,T0175,data/external/kaggle/glaucoma_fundus_imaging_bundle/REFUGE/test/Masks/T0175.png,data/processed/standardized_masks/refuge/test_T0175.png,"[0, 1, 2]","[0, 1, 2]",already_0_1_2
REFUGE,test,T0176,data/external/kaggle/glaucoma_fundus_imaging_bundle/REFUGE/test/Masks/T0176.png,data/processed/standardized_masks/refuge/test_T0176.png,"[0, 1, 2]","[0, 1, 2]",already_0_1_2
REFUGE,test,T0177,data/external/kaggle/glaucoma_fundus_imaging_bundle/REFUGE/test/Masks/T0177.png,data/processed/standardized_masks/refuge/test_T0177.png,"[0, 1, 2]","[0, 1, 2]",already_0_1_2
REFUGE,test,T0178,data/external/kaggle/glaucoma_fundus_imaging_bundle/REFUGE/test/Masks/T0178.png,data/processed/standardized_masks/refuge/test_T0178.png,"[0, 1, 2]","[0, 1, 2]",already_0_1_2
REFUGE,test,T0179,data/external/kaggle/glaucoma_fundus_imaging_bundle/REFUGE/test/Masks/T0179.png,data/processed/standardized_masks/refuge/test_T0179.png,"[0, 1, 2]","[0, 1, 2]",already_0_1_2
REFUGE,test,T0180,data/external/kaggle/glaucoma_fundus_imaging_bundle/REFUGE/test/Masks/T0180.png,data/processed/standardized_masks/refuge/test_T0180.png,"[0, 1, 2]","[0, 1, 2]",already_0_1_2
REFUGE,test,T0181,data/external/kaggle/glaucoma_fundus_imaging_bundle/REFUGE/test/Masks/T0181.png,data/processed/standardized_masks/refuge/test_T0181.png,"[0, 1, 2]","[0, 1, 2]",already_0_1_2
REFUGE,test,T0182,data/external/kaggle/glaucoma_fundus_imaging_bundle/REFUGE/test/Masks/T0182.png,data/processed/standardized_masks/refuge/test_T0182.png,"[0, 1, 2]","[0, 1, 2]",already_0_1_2
REFUGE,test,T0183,data/external/kaggle/glaucoma_fundus_imaging_bundle/REFUGE/test/Masks/T0183.png,data/processed/standardized_masks/refuge/test_T0183.png,"[0, 1, 2]","[0, 1, 2]",already_0_1_2
REFUGE,test,T0184,data/external/kaggle/glaucoma_fundus_imaging_bundle/REFUGE/test/Masks/T0184.png,data/processed/standardized_masks/refuge/test_T0184.png,"[0, 1, 2]","[0, 1, 2]",already_0_1_2
REFUGE,test,T0185,data/external/kaggle/glaucoma_fundus_imaging_bundle/REFUGE/test/Masks/T0185.png,data/processed/standardized_masks/refuge/test_T0185.png,"[0, 1, 2]","[0, 1, 2]",already_0_1_2
REFUGE,test,T0186,data/external/kaggle/glaucoma_fundus_imaging_bundle/REFUGE/test/Masks/T0186.png,data/processed/standardized_masks/refuge/test_T0186.png,"[0, 1, 2]","[0, 1, 2]",already_0_1_2
REFUGE,test,T0187,data/external/kaggle/glaucoma_fundus_imaging_bundle/REFUGE/test/Masks/T0187.png,data/processed/standardized_masks/refuge/test_T0187.png,"[0, 1, 2]","[0, 1, 2]",already_0_1_2
REFUGE,test,T0188,data/external/kaggle/glaucoma_fundus_imaging_bundle/REFUGE/test/Masks/T0188.png,data/processed/standardized_masks/refuge/test_T0188.png,"[0, 1, 2]","[0, 1, 2]",already_0_1_2
REFUGE,test,T0189,data/external/kaggle/glaucoma_fundus_imaging_bundle/REFUGE/test/Masks/T0189.png,data/processed/standardized_masks/refuge/test_T0189.png,"[0, 1, 2]","[0, 1, 2]",already_0_1_2
REFUGE,test,T0190,data/external/kaggle/glaucoma_fundus_imaging_bundle/REFUGE/test/Masks/T0190.png,data/processed/standardized_masks/refuge/test_T0190.png,"[0, 1, 2]","[0, 1, 2]",already_0_1_2
REFUGE,test,T0191,data/external/kaggle/glaucoma_fundus_imaging_bundle/REFUGE/test/Masks/T0191.png,data/processed/standardized_masks/refuge/test_T0191.png,"[0, 1, 2]","[0, 1, 2]",already_0_1_2
REFUGE,test,T0192,data/external/kaggle/glaucoma_fundus_imaging_bundle/REFUGE/test/Masks/T0192.png,data/processed/standardized_masks/refuge/test_T0192.png,"[0, 1, 2]","[0, 1, 2]",already_0_1_2
REFUGE,test,T0193,data/external/kaggle/glaucoma_fundus_imaging_bundle/REFUGE/test/Masks/T0193.png,data/processed/standardized_masks/refuge/test_T0193.png,"[0, 1, 2]","[0, 1, 2]",already_0_1_2
REFUGE,test,T0194,data/external/kaggle/glaucoma_fundus_imaging_bundle/REFUGE/test/Masks/T0194.png,data/processed/standardized_masks/refuge/test_T0194.png,"[0, 1, 2]","[0, 1, 2]",already_0_1_2
REFUGE,test,T0195,data/external/kaggle/glaucoma_fundus_imaging_bundle/REFUGE/test/Masks/T0195.png,data/processed/standardized_masks/refuge/test_T0195.png,"[0, 1, 2]","[0, 1, 2]",already_0_1_2
REFUGE,test,T0196,data/external/kaggle/glaucoma_fundus_imaging_bundle/REFUGE/test/Masks/T0196.png,data/processed/standardized_masks/refuge/test_T0196.png,"[0, 1, 2]","[0, 1, 2]",already_0_1_2
REFUGE,test,T0197,data/external/kaggle/glaucoma_fundus_imaging_bundle/REFUGE/test/Masks/T0197.png,data/processed/standardized_masks/refuge/test_T0197.png,"[0, 1, 2]","[0, 1, 2]",already_0_1_2
REFUGE,test,T0198,data/external/kaggle/glaucoma_fundus_imaging_bundle/REFUGE/test/Masks/T0198.png,data/processed/standardized_masks/refuge/test_T0198.png,"[0, 1, 2]","[0, 1, 2]",already_0_1_2
REFUGE,test,T0199,data/external/kaggle/glaucoma_fundus_imaging_bundle/REFUGE/test/Masks/T0199.png,data/processed/standardized_masks/refuge/test_T0199.png,"[0, 1, 2]","[0, 1, 2]",already_0_1_2
REFUGE,test,T0200,data/external/kaggle/glaucoma_fundus_imaging_bundle/REFUGE/test/Masks/T0200.png,data/processed/standardized_masks/refuge/test_T0200.png,"[0, 1, 2]","[0, 1, 2]",already_0_1_2
REFUGE,test,T0201,data/external/kaggle/glaucoma_fundus_imaging_bundle/REFUGE/test/Masks/T0201.png,data/processed/standardized_masks/refuge/test_T0201.png,"[0, 1, 2]","[0, 1, 2]",already_0_1_2
REFUGE,test,T0202,data/external/kaggle/glaucoma_fundus_imaging_bundle/REFUGE/test/Masks/T0202.png,data/processed/standardized_masks/refuge/test_T0202.png,"[0, 1, 2]","[0, 1, 2]",already_0_1_2
REFUGE,test,T0203,data/external/kaggle/glaucoma_fundus_imaging_bundle/REFUGE/test/Masks/T0203.png,data/processed/standardized_masks/refuge/test_T0203.png,"[0, 1, 2]","[0, 1, 2]",already_0_1_2
REFUGE,test,T0204,data/external/kaggle/glaucoma_fundus_imaging_bundle/REFUGE/test/Masks/T0204.png,data/processed/standardized_masks/refuge/test_T0204.png,"[0, 1, 2]","[0, 1, 2]",already_0_1_2
REFUGE,test,T0205,data/external/kaggle/glaucoma_fundus_imaging_bundle/REFUGE/test/Masks/T0205.png,data/processed/standardized_masks/refuge/test_T0205.png,"[0, 1, 2]","[0, 1, 2]",already_0_1_2
REFUGE,test,T0206,data/external/kaggle/glaucoma_fundus_imaging_bundle/REFUGE/test/Masks/T0206.png,data/processed/standardized_masks/refuge/test_T0206.png,"[0, 1, 2]","[0, 1, 2]",already_0_1_2
REFUGE,test,T0207,data/external/kaggle/glaucoma_fundus_imaging_bundle/REFUGE/test/Masks/T0207.png,data/processed/standardized_masks/refuge/test_T0207.png,"[0, 1, 2]","[0, 1, 2]",already_0_1_2
REFUGE,test,T0208,data/external/kaggle/glaucoma_fundus_imaging_bundle/REFUGE/test/Masks/T0208.png,data/processed/standardized_masks/refuge/test_T0208.png,"[0, 1, 2]","[0, 1, 2]",already_0_1_2
REFUGE,test,T0209,data/external/kaggle/glaucoma_fundus_imaging_bundle/REFUGE/test/Masks/T0209.png,data/processed/standardized_masks/refuge/test_T0209.png,"[0, 1, 2]","[0, 1, 2]",already_0_1_2
REFUGE,test,T0210,data/external/kaggle/glaucoma_fundus_imaging_bundle/REFUGE/test/Masks/T0210.png,data/processed/standardized_masks/refuge/test_T0210.png,"[0, 1, 2]","[0, 1, 2]",already_0_1_2
REFUGE,test,T0211,data/external/kaggle/glaucoma_fundus_imaging_bundle/REFUGE/test/Masks/T0211.png,data/processed/standardized_masks/refuge/test_T0211.png,"[0, 1, 2]","[0, 1, 2]",already_0_1_2
REFUGE,test,T0212,data/external/kaggle/glaucoma_fundus_imaging_bundle/REFUGE/test/Masks/T0212.png,data/processed/standardized_masks/refuge/test_T0212.png,"[0, 1, 2]","[0, 1, 2]",already_0_1_2
REFUGE,test,T0213,data/external/kaggle/glaucoma_fundus_imaging_bundle/REFUGE/test/Masks/T0213.png,data/processed/standardized_masks/refuge/test_T0213.png,"[0, 1, 2]","[0, 1, 2]",already_0_1_2
REFUGE,test,T0214,data/external/kaggle/glaucoma_fundus_imaging_bundle/REFUGE/test/Masks/T0214.png,data/processed/standardized_masks/refuge/test_T0214.png,"[0, 1, 2]","[0, 1, 2]",already_0_1_2
REFUGE,test,T0215,data/external/kaggle/glaucoma_fundus_imaging_bundle/REFUGE/test/Masks/T0215.png,data/processed/standardized_masks/refuge/test_T0215.png,"[0, 1, 2]","[0, 1, 2]",already_0_1_2
REFUGE,test,T0216,data/external/kaggle/glaucoma_fundus_imaging_bundle/REFUGE/test/Masks/T0216.png,data/processed/standardized_masks/refuge/test_T0216.png,"[0, 1, 2]","[0, 1, 2]",already_0_1_2
REFUGE,test,T0217,data/external/kaggle/glaucoma_fundus_imaging_bundle/REFUGE/test/Masks/T0217.png,data/processed/standardized_masks/refuge/test_T0217.png,"[0, 1, 2]","[0, 1, 2]",already_0_1_2
REFUGE,test,T0218,data/external/kaggle/glaucoma_fundus_imaging_bundle/REFUGE/test/Masks/T0218.png,data/processed/standardized_masks/refuge/test_T0218.png,"[0, 1, 2]","[0, 1, 2]",already_0_1_2
REFUGE,test,T0219,data/external/kaggle/glaucoma_fundus_imaging_bundle/REFUGE/test/Masks/T0219.png,data/processed/standardized_masks/refuge/test_T0219.png,"[0, 1, 2]","[0, 1, 2]",already_0_1_2
REFUGE,test,T0220,data/external/kaggle/glaucoma_fundus_imaging_bundle/REFUGE/test/Masks/T0220.png,data/processed/standardized_masks/refuge/test_T0220.png,"[0, 1, 2]","[0, 1, 2]",already_0_1_2
REFUGE,test,T0221,data/external/kaggle/glaucoma_fundus_imaging_bundle/REFUGE/test/Masks/T0221.png,data/processed/standardized_masks/refuge/test_T0221.png,"[0, 1, 2]","[0, 1, 2]",already_0_1_2
REFUGE,test,T0222,data/external/kaggle/glaucoma_fundus_imaging_bundle/REFUGE/test/Masks/T0222.png,data/processed/standardized_masks/refuge/test_T0222.png,"[0, 1, 2]","[0, 1, 2]",already_0_1_2
REFUGE,test,T0223,data/external/kaggle/glaucoma_fundus_imaging_bundle/REFUGE/test/Masks/T0223.png,data/processed/standardized_masks/refuge/test_T0223.png,"[0, 1, 2]","[0, 1, 2]",already_0_1_2
REFUGE,test,T0224,data/external/kaggle/glaucoma_fundus_imaging_bundle/REFUGE/test/Masks/T0224.png,data/processed/standardized_masks/refuge/test_T0224.png,"[0, 1, 2]","[0, 1, 2]",already_0_1_2
REFUGE,test,T0225,data/external/kaggle/glaucoma_fundus_imaging_bundle/REFUGE/test/Masks/T0225.png,data/processed/standardized_masks/refuge/test_T0225.png,"[0, 1, 2]","[0, 1, 2]",already_0_1_2
REFUGE,test,T0226,data/external/kaggle/glaucoma_fundus_imaging_bundle/REFUGE/test/Masks/T0226.png,data/processed/standardized_masks/refuge/test_T0226.png,"[0, 1, 2]","[0, 1, 2]",already_0_1_2
REFUGE,test,T0227,data/external/kaggle/glaucoma_fundus_imaging_bundle/REFUGE/test/Masks/T0227.png,data/processed/standardized_masks/refuge/test_T0227.png,"[0, 1, 2]","[0, 1, 2]",already_0_1_2
REFUGE,test,T0228,data/external/kaggle/glaucoma_fundus_imaging_bundle/REFUGE/test/Masks/T0228.png,data/processed/standardized_masks/refuge/test_T0228.png,"[0, 1, 2]","[0, 1, 2]",already_0_1_2
REFUGE,test,T0229,data/external/kaggle/glaucoma_fundus_imaging_bundle/REFUGE/test/Masks/T0229.png,data/processed/standardized_masks/refuge/test_T0229.png,"[0, 1, 2]","[0, 1, 2]",already_0_1_2
REFUGE,test,T0230,data/external/kaggle/glaucoma_fundus_imaging_bundle/REFUGE/test/Masks/T0230.png,data/processed/standardized_masks/refuge/test_T0230.png,"[0, 1, 2]","[0, 1, 2]",already_0_1_2
REFUGE,test,T0231,data/external/kaggle/glaucoma_fundus_imaging_bundle/REFUGE/test/Masks/T0231.png,data/processed/standardized_masks/refuge/test_T0231.png,"[0, 1, 2]","[0, 1, 2]",already_0_1_2
REFUGE,test,T0232,data/external/kaggle/glaucoma_fundus_imaging_bundle/REFUGE/test/Masks/T0232.png,data/processed/standardized_masks/refuge/test_T0232.png,"[0, 1, 2]","[0, 1, 2]",already_0_1_2
REFUGE,test,T0233,data/external/kaggle/glaucoma_fundus_imaging_bundle/REFUGE/test/Masks/T0233.png,data/processed/standardized_masks/refuge/test_T0233.png,"[0, 1, 2]","[0, 1, 2]",already_0_1_2
REFUGE,test,T0234,data/external/kaggle/glaucoma_fundus_imaging_bundle/REFUGE/test/Masks/T0234.png,data/processed/standardized_masks/refuge/test_T0234.png,"[0, 1, 2]","[0, 1, 2]",already_0_1_2
REFUGE,test,T0235,data/external/kaggle/glaucoma_fundus_imaging_bundle/REFUGE/test/Masks/T0235.png,data/processed/standardized_masks/refuge/test_T0235.png,"[0, 1, 2]","[0, 1, 2]",already_0_1_2
REFUGE,test,T0236,data/external/kaggle/glaucoma_fundus_imaging_bundle/REFUGE/test/Masks/T0236.png,data/processed/standardized_masks/refuge/test_T0236.png,"[0, 1, 2]","[0, 1, 2]",already_0_1_2
REFUGE,test,T0237,data/external/kaggle/glaucoma_fundus_imaging_bundle/REFUGE/test/Masks/T0237.png,data/processed/standardized_masks/refuge/test_T0237.png,"[0, 1, 2]","[0, 1, 2]",already_0_1_2
REFUGE,test,T0238,data/external/kaggle/glaucoma_fundus_imaging_bundle/REFUGE/test/Masks/T0238.png,data/processed/standardized_masks/refuge/test_T0238.png,"[0, 1, 2]","[0, 1, 2]",already_0_1_2
REFUGE,test,T0239,data/external/kaggle/glaucoma_fundus_imaging_bundle/REFUGE/test/Masks/T0239.png,data/processed/standardized_masks/refuge/test_T0239.png,"[0, 1, 2]","[0, 1, 2]",already_0_1_2
REFUGE,test,T0240,data/external/kaggle/glaucoma_fundus_imaging_bundle/REFUGE/test/Masks/T0240.png,data/processed/standardized_masks/refuge/test_T0240.png,"[0, 1, 2]","[0, 1, 2]",already_0_1_2
REFUGE,test,T0241,data/external/kaggle/glaucoma_fundus_imaging_bundle/REFUGE/test/Masks/T0241.png,data/processed/standardized_masks/refuge/test_T0241.png,"[0, 1, 2]","[0, 1, 2]",already_0_1_2
REFUGE,test,T0242,data/external/kaggle/glaucoma_fundus_imaging_bundle/REFUGE/test/Masks/T0242.png,data/processed/standardized_masks/refuge/test_T0242.png,"[0, 1, 2]","[0, 1, 2]",already_0_1_2
REFUGE,test,T0243,data/external/kaggle/glaucoma_fundus_imaging_bundle/REFUGE/test/Masks/T0243.png,data/processed/standardized_masks/refuge/test_T0243.png,"[0, 1, 2]","[0, 1, 2]",already_0_1_2
REFUGE,test,T0244,data/external/kaggle/glaucoma_fundus_imaging_bundle/REFUGE/test/Masks/T0244.png,data/processed/standardized_masks/refuge/test_T0244.png,"[0, 1, 2]","[0, 1, 2]",already_0_1_2
REFUGE,test,T0245,data/external/kaggle/glaucoma_fundus_imaging_bundle/REFUGE/test/Masks/T0245.png,data/processed/standardized_masks/refuge/test_T0245.png,"[0, 1, 2]","[0, 1, 2]",already_0_1_2
REFUGE,test,T0246,data/external/kaggle/glaucoma_fundus_imaging_bundle/REFUGE/test/Masks/T0246.png,data/processed/standardized_masks/refuge/test_T0246.png,"[0, 1, 2]","[0, 1, 2]",already_0_1_2
REFUGE,test,T0247,data/external/kaggle/glaucoma_fundus_imaging_bundle/REFUGE/test/Masks/T0247.png,data/processed/standardized_masks/refuge/test_T0247.png,"[0, 1, 2]","[0, 1, 2]",already_0_1_2
REFUGE,test,T0248,data/external/kaggle/glaucoma_fundus_imaging_bundle/REFUGE/test/Masks/T0248.png,data/processed/standardized_masks/refuge/test_T0248.png,"[0, 1, 2]","[0, 1, 2]",already_0_1_2
REFUGE,test,T0249,data/external/kaggle/glaucoma_fundus_imaging_bundle/REFUGE/test/Masks/T0249.png,data/processed/standardized_masks/refuge/test_T0249.png,"[0, 1, 2]","[0, 1, 2]",already_0_1_2
REFUGE,test,T0250,data/external/kaggle/glaucoma_fundus_imaging_bundle/REFUGE/test/Masks/T0250.png,data/processed/standardized_masks/refuge/test_T0250.png,"[0, 1, 2]","[0, 1, 2]",already_0_1_2
REFUGE,test,T0251,data/external/kaggle/glaucoma_fundus_imaging_bundle/REFUGE/test/Masks/T0251.png,data/processed/standardized_masks/refuge/test_T0251.png,"[0, 1, 2]","[0, 1, 2]",already_0_1_2
REFUGE,test,T0252,data/external/kaggle/glaucoma_fundus_imaging_bundle/REFUGE/test/Masks/T0252.png,data/processed/standardized_masks/refuge/test_T0252.png,"[0, 1, 2]","[0, 1, 2]",already_0_1_2
REFUGE,test,T0253,data/external/kaggle/glaucoma_fundus_imaging_bundle/REFUGE/test/Masks/T0253.png,data/processed/standardized_masks/refuge/test_T0253.png,"[0, 1, 2]","[0, 1, 2]",already_0_1_2
REFUGE,test,T0254,data/external/kaggle/glaucoma_fundus_imaging_bundle/REFUGE/test/Masks/T0254.png,data/processed/standardized_masks/refuge/test_T0254.png,"[0, 1, 2]","[0, 1, 2]",already_0_1_2
REFUGE,test,T0255,data/external/kaggle/glaucoma_fundus_imaging_bundle/REFUGE/test/Masks/T0255.png,data/processed/standardized_masks/refuge/test_T0255.png,"[0, 1, 2]","[0, 1, 2]",already_0_1_2
REFUGE,test,T0256,data/external/kaggle/glaucoma_fundus_imaging_bundle/REFUGE/test/Masks/T0256.png,data/processed/standardized_masks/refuge/test_T0256.png,"[0, 1, 2]","[0, 1, 2]",already_0_1_2
REFUGE,test,T0257,data/external/kaggle/glaucoma_fundus_imaging_bundle/REFUGE/test/Masks/T0257.png,data/processed/standardized_masks/refuge/test_T0257.png,"[0, 1, 2]","[0, 1, 2]",already_0_1_2
REFUGE,test,T0258,data/external/kaggle/glaucoma_fundus_imaging_bundle/REFUGE/test/Masks/T0258.png,data/processed/standardized_masks/refuge/test_T0258.png,"[0, 1, 2]","[0, 1, 2]",already_0_1_2
REFUGE,test,T0259,data/external/kaggle/glaucoma_fundus_imaging_bundle/REFUGE/test/Masks/T0259.png,data/processed/standardized_masks/refuge/test_T0259.png,"[0, 1, 2]","[0, 1, 2]",already_0_1_2
REFUGE,test,T0260,data/external/kaggle/glaucoma_fundus_imaging_bundle/REFUGE/test/Masks/T0260.png,data/processed/standardized_masks/refuge/test_T0260.png,"[0, 1, 2]","[0, 1, 2]",already_0_1_2
REFUGE,test,T0261,data/external/kaggle/glaucoma_fundus_imaging_bundle/REFUGE/test/Masks/T0261.png,data/processed/standardized_masks/refuge/test_T0261.png,"[0, 1, 2]","[0, 1, 2]",already_0_1_2
REFUGE,test,T0262,data/external/kaggle/glaucoma_fundus_imaging_bundle/REFUGE/test/Masks/T0262.png,data/processed/standardized_masks/refuge/test_T0262.png,"[0, 1, 2]","[0, 1, 2]",already_0_1_2
REFUGE,test,T0263,data/external/kaggle/glaucoma_fundus_imaging_bundle/REFUGE/test/Masks/T0263.png,data/processed/standardized_masks/refuge/test_T0263.png,"[0, 1, 2]","[0, 1, 2]",already_0_1_2
REFUGE,test,T0264,data/external/kaggle/glaucoma_fundus_imaging_bundle/REFUGE/test/Masks/T0264.png,data/processed/standardized_masks/refuge/test_T0264.png,"[0, 1, 2]","[0, 1, 2]",already_0_1_2
REFUGE,test,T0265,data/external/kaggle/glaucoma_fundus_imaging_bundle/REFUGE/test/Masks/T0265.png,data/processed/standardized_masks/refuge/test_T0265.png,"[0, 1, 2]","[0, 1, 2]",already_0_1_2
REFUGE,test,T0266,data/external/kaggle/glaucoma_fundus_imaging_bundle/REFUGE/test/Masks/T0266.png,data/processed/standardized_masks/refuge/test_T0266.png,"[0, 1, 2]","[0, 1, 2]",already_0_1_2
REFUGE,test,T0267,data/external/kaggle/glaucoma_fundus_imaging_bundle/REFUGE/test/Masks/T0267.png,data/processed/standardized_masks/refuge/test_T0267.png,"[0, 1, 2]","[0, 1, 2]",already_0_1_2
REFUGE,test,T0268,data/external/kaggle/glaucoma_fundus_imaging_bundle/REFUGE/test/Masks/T0268.png,data/processed/standardized_masks/refuge/test_T0268.png,"[0, 1, 2]","[0, 1, 2]",already_0_1_2
REFUGE,test,T0269,data/external/kaggle/glaucoma_fundus_imaging_bundle/REFUGE/test/Masks/T0269.png,data/processed/standardized_masks/refuge/test_T0269.png,"[0, 1, 2]","[0, 1, 2]",already_0_1_2
REFUGE,test,T0270,data/external/kaggle/glaucoma_fundus_imaging_bundle/REFUGE/test/Masks/T0270.png,data/processed/standardized_masks/refuge/test_T0270.png,"[0, 1, 2]","[0, 1, 2]",already_0_1_2
REFUGE,test,T0271,data/external/kaggle/glaucoma_fundus_imaging_bundle/REFUGE/test/Masks/T0271.png,data/processed/standardized_masks/refuge/test_T0271.png,"[0, 1, 2]","[0, 1, 2]",already_0_1_2
REFUGE,test,T0272,data/external/kaggle/glaucoma_fundus_imaging_bundle/REFUGE/test/Masks/T0272.png,data/processed/standardized_masks/refuge/test_T0272.png,"[0, 1, 2]","[0, 1, 2]",already_0_1_2
REFUGE,test,T0273,data/external/kaggle/glaucoma_fundus_imaging_bundle/REFUGE/test/Masks/T0273.png,data/processed/standardized_masks/refuge/test_T0273.png,"[0, 1, 2]","[0, 1, 2]",already_0_1_2
REFUGE,test,T0274,data/external/kaggle/glaucoma_fundus_imaging_bundle/REFUGE/test/Masks/T0274.png,data/processed/standardized_masks/refuge/test_T0274.png,"[0, 1, 2]","[0, 1, 2]",already_0_1_2
REFUGE,test,T0275,data/external/kaggle/glaucoma_fundus_imaging_bundle/REFUGE/test/Masks/T0275.png,data/processed/standardized_masks/refuge/test_T0275.png,"[0, 1, 2]","[0, 1, 2]",already_0_1_2
REFUGE,test,T0276,data/external/kaggle/glaucoma_fundus_imaging_bundle/REFUGE/test/Masks/T0276.png,data/processed/standardized_masks/refuge/test_T0276.png,"[0, 1, 2]","[0, 1, 2]",already_0_1_2
REFUGE,test,T0277,data/external/kaggle/glaucoma_fundus_imaging_bundle/REFUGE/test/Masks/T0277.png,data/processed/standardized_masks/refuge/test_T0277.png,"[0, 1, 2]","[0, 1, 2]",already_0_1_2
REFUGE,test,T0278,data/external/kaggle/glaucoma_fundus_imaging_bundle/REFUGE/test/Masks/T0278.png,data/processed/standardized_masks/refuge/test_T0278.png,"[0, 1, 2]","[0, 1, 2]",already_0_1_2
REFUGE,test,T0279,data/external/kaggle/glaucoma_fundus_imaging_bundle/REFUGE/test/Masks/T0279.png,data/processed/standardized_masks/refuge/test_T0279.png,"[0, 1, 2]","[0, 1, 2]",already_0_1_2
REFUGE,test,T0280,data/external/kaggle/glaucoma_fundus_imaging_bundle/REFUGE/test/Masks/T0280.png,data/processed/standardized_masks/refuge/test_T0280.png,"[0, 1, 2]","[0, 1, 2]",already_0_1_2
REFUGE,test,T0281,data/external/kaggle/glaucoma_fundus_imaging_bundle/REFUGE/test/Masks/T0281.png,data/processed/standardized_masks/refuge/test_T0281.png,"[0, 1, 2]","[0, 1, 2]",already_0_1_2
REFUGE,test,T0282,data/external/kaggle/glaucoma_fundus_imaging_bundle/REFUGE/test/Masks/T0282.png,data/processed/standardized_masks/refuge/test_T0282.png,"[0, 1, 2]","[0, 1, 2]",already_0_1_2
REFUGE,test,T0283,data/external/kaggle/glaucoma_fundus_imaging_bundle/REFUGE/test/Masks/T0283.png,data/processed/standardized_masks/refuge/test_T0283.png,"[0, 1, 2]","[0, 1, 2]",already_0_1_2
REFUGE,test,T0284,data/external/kaggle/glaucoma_fundus_imaging_bundle/REFUGE/test/Masks/T0284.png,data/processed/standardized_masks/refuge/test_T0284.png,"[0, 1, 2]","[0, 1, 2]",already_0_1_2
REFUGE,test,T0285,data/external/kaggle/glaucoma_fundus_imaging_bundle/REFUGE/test/Masks/T0285.png,data/processed/standardized_masks/refuge/test_T0285.png,"[0, 1, 2]","[0, 1, 2]",already_0_1_2
REFUGE,test,T0286,data/external/kaggle/glaucoma_fundus_imaging_bundle/REFUGE/test/Masks/T0286.png,data/processed/standardized_masks/refuge/test_T0286.png,"[0, 1, 2]","[0, 1, 2]",already_0_1_2
REFUGE,test,T0287,data/external/kaggle/glaucoma_fundus_imaging_bundle/REFUGE/test/Masks/T0287.png,data/processed/standardized_masks/refuge/test_T0287.png,"[0, 1, 2]","[0, 1, 2]",already_0_1_2
REFUGE,test,T0288,data/external/kaggle/glaucoma_fundus_imaging_bundle/REFUGE/test/Masks/T0288.png,data/processed/standardized_masks/refuge/test_T0288.png,"[0, 1, 2]","[0, 1, 2]",already_0_1_2
REFUGE,test,T0289,data/external/kaggle/glaucoma_fundus_imaging_bundle/REFUGE/test/Masks/T0289.png,data/processed/standardized_masks/refuge/test_T0289.png,"[0, 1, 2]","[0, 1, 2]",already_0_1_2
REFUGE,test,T0290,data/external/kaggle/glaucoma_fundus_imaging_bundle/REFUGE/test/Masks/T0290.png,data/processed/standardized_masks/refuge/test_T0290.png,"[0, 1, 2]","[0, 1, 2]",already_0_1_2
REFUGE,test,T0291,data/external/kaggle/glaucoma_fundus_imaging_bundle/REFUGE/test/Masks/T0291.png,data/processed/standardized_masks/refuge/test_T0291.png,"[0, 1, 2]","[0, 1, 2]",already_0_1_2
REFUGE,test,T0292,data/external/kaggle/glaucoma_fundus_imaging_bundle/REFUGE/test/Masks/T0292.png,data/processed/standardized_masks/refuge/test_T0292.png,"[0, 1, 2]","[0, 1, 2]",already_0_1_2
REFUGE,test,T0293,data/external/kaggle/glaucoma_fundus_imaging_bundle/REFUGE/test/Masks/T0293.png,data/processed/standardized_masks/refuge/test_T0293.png,"[0, 1, 2]","[0, 1, 2]",already_0_1_2
REFUGE,test,T0294,data/external/kaggle/glaucoma_fundus_imaging_bundle/REFUGE/test/Masks/T0294.png,data/processed/standardized_masks/refuge/test_T0294.png,"[0, 1, 2]","[0, 1, 2]",already_0_1_2
REFUGE,test,T0295,data/external/kaggle/glaucoma_fundus_imaging_bundle/REFUGE/test/Masks/T0295.png,data/processed/standardized_masks/refuge/test_T0295.png,"[0, 1, 2]","[0, 1, 2]",already_0_1_2
REFUGE,test,T0296,data/external/kaggle/glaucoma_fundus_imaging_bundle/REFUGE/test/Masks/T0296.png,data/processed/standardized_masks/refuge/test_T0296.png,"[0, 1, 2]","[0, 1, 2]",already_0_1_2
REFUGE,test,T0297,data/external/kaggle/glaucoma_fundus_imaging_bundle/REFUGE/test/Masks/T0297.png,data/processed/standardized_masks/refuge/test_T0297.png,"[0, 1, 2]","[0, 1, 2]",already_0_1_2
REFUGE,test,T0298,data/external/kaggle/glaucoma_fundus_imaging_bundle/REFUGE/test/Masks/T0298.png,data/processed/standardized_masks/refuge/test_T0298.png,"[0, 1, 2]","[0, 1, 2]",already_0_1_2
REFUGE,test,T0299,data/external/kaggle/glaucoma_fundus_imaging_bundle/REFUGE/test/Masks/T0299.png,data/processed/standardized_masks/refuge/test_T0299.png,"[0, 1, 2]","[0, 1, 2]",already_0_1_2
REFUGE,test,T0300,data/external/kaggle/glaucoma_fundus_imaging_bundle/REFUGE/test/Masks/T0300.png,data/processed/standardized_masks/refuge/test_T0300.png,"[0, 1, 2]","[0, 1, 2]",already_0_1_2
REFUGE,test,T0301,data/external/kaggle/glaucoma_fundus_imaging_bundle/REFUGE/test/Masks/T0301.png,data/processed/standardized_masks/refuge/test_T0301.png,"[0, 1, 2]","[0, 1, 2]",already_0_1_2
REFUGE,test,T0302,data/external/kaggle/glaucoma_fundus_imaging_bundle/REFUGE/test/Masks/T0302.png,data/processed/standardized_masks/refuge/test_T0302.png,"[0, 1, 2]","[0, 1, 2]",already_0_1_2
REFUGE,test,T0303,data/external/kaggle/glaucoma_fundus_imaging_bundle/REFUGE/test/Masks/T0303.png,data/processed/standardized_masks/refuge/test_T0303.png,"[0, 1, 2]","[0, 1, 2]",already_0_1_2
REFUGE,test,T0304,data/external/kaggle/glaucoma_fundus_imaging_bundle/REFUGE/test/Masks/T0304.png,data/processed/standardized_masks/refuge/test_T0304.png,"[0, 1, 2]","[0, 1, 2]",already_0_1_2
REFUGE,test,T0305,data/external/kaggle/glaucoma_fundus_imaging_bundle/REFUGE/test/Masks/T0305.png,data/processed/standardized_masks/refuge/test_T0305.png,"[0, 1, 2]","[0, 1, 2]",already_0_1_2
REFUGE,test,T0306,data/external/kaggle/glaucoma_fundus_imaging_bundle/REFUGE/test/Masks/T0306.png,data/processed/standardized_masks/refuge/test_T0306.png,"[0, 1, 2]","[0, 1, 2]",already_0_1_2
REFUGE,test,T0307,data/external/kaggle/glaucoma_fundus_imaging_bundle/REFUGE/test/Masks/T0307.png,data/processed/standardized_masks/refuge/test_T0307.png,"[0, 1, 2]","[0, 1, 2]",already_0_1_2
REFUGE,test,T0308,data/external/kaggle/glaucoma_fundus_imaging_bundle/REFUGE/test/Masks/T0308.png,data/processed/standardized_masks/refuge/test_T0308.png,"[0, 1, 2]","[0, 1, 2]",already_0_1_2
REFUGE,test,T0309,data/external/kaggle/glaucoma_fundus_imaging_bundle/REFUGE/test/Masks/T0309.png,data/processed/standardized_masks/refuge/test_T0309.png,"[0, 1, 2]","[0, 1, 2]",already_0_1_2
REFUGE,test,T0310,data/external/kaggle/glaucoma_fundus_imaging_bundle/REFUGE/test/Masks/T0310.png,data/processed/standardized_masks/refuge/test_T0310.png,"[0, 1, 2]","[0, 1, 2]",already_0_1_2
REFUGE,test,T0311,data/external/kaggle/glaucoma_fundus_imaging_bundle/REFUGE/test/Masks/T0311.png,data/processed/standardized_masks/refuge/test_T0311.png,"[0, 1, 2]","[0, 1, 2]",already_0_1_2
REFUGE,test,T0312,data/external/kaggle/glaucoma_fundus_imaging_bundle/REFUGE/test/Masks/T0312.png,data/processed/standardized_masks/refuge/test_T0312.png,"[0, 1, 2]","[0, 1, 2]",already_0_1_2
REFUGE,test,T0313,data/external/kaggle/glaucoma_fundus_imaging_bundle/REFUGE/test/Masks/T0313.png,data/processed/standardized_masks/refuge/test_T0313.png,"[0, 1, 2]","[0, 1, 2]",already_0_1_2
REFUGE,test,T0314,data/external/kaggle/glaucoma_fundus_imaging_bundle/REFUGE/test/Masks/T0314.png,data/processed/standardized_masks/refuge/test_T0314.png,"[0, 1, 2]","[0, 1, 2]",already_0_1_2
REFUGE,test,T0315,data/external/kaggle/glaucoma_fundus_imaging_bundle/REFUGE/test/Masks/T0315.png,data/processed/standardized_masks/refuge/test_T0315.png,"[0, 1, 2]","[0, 1, 2]",already_0_1_2
REFUGE,test,T0316,data/external/kaggle/glaucoma_fundus_imaging_bundle/REFUGE/test/Masks/T0316.png,data/processed/standardized_masks/refuge/test_T0316.png,"[0, 1, 2]","[0, 1, 2]",already_0_1_2
REFUGE,test,T0317,data/external/kaggle/glaucoma_fundus_imaging_bundle/REFUGE/test/Masks/T0317.png,data/processed/standardized_masks/refuge/test_T0317.png,"[0, 1, 2]","[0, 1, 2]",already_0_1_2
REFUGE,test,T0318,data/external/kaggle/glaucoma_fundus_imaging_bundle/REFUGE/test/Masks/T0318.png,data/processed/standardized_masks/refuge/test_T0318.png,"[0, 1, 2]","[0, 1, 2]",already_0_1_2
REFUGE,test,T0319,data/external/kaggle/glaucoma_fundus_imaging_bundle/REFUGE/test/Masks/T0319.png,data/processed/standardized_masks/refuge/test_T0319.png,"[0, 1, 2]","[0, 1, 2]",already_0_1_2
REFUGE,test,T0320,data/external/kaggle/glaucoma_fundus_imaging_bundle/REFUGE/test/Masks/T0320.png,data/processed/standardized_masks/refuge/test_T0320.png,"[0, 1, 2]","[0, 1, 2]",already_0_1_2
REFUGE,test,T0321,data/external/kaggle/glaucoma_fundus_imaging_bundle/REFUGE/test/Masks/T0321.png,data/processed/standardized_masks/refuge/test_T0321.png,"[0, 1, 2]","[0, 1, 2]",already_0_1_2
REFUGE,test,T0322,data/external/kaggle/glaucoma_fundus_imaging_bundle/REFUGE/test/Masks/T0322.png,data/processed/standardized_masks/refuge/test_T0322.png,"[0, 1, 2]","[0, 1, 2]",already_0_1_2
REFUGE,test,T0323,data/external/kaggle/glaucoma_fundus_imaging_bundle/REFUGE/test/Masks/T0323.png,data/processed/standardized_masks/refuge/test_T0323.png,"[0, 1, 2]","[0, 1, 2]",already_0_1_2
REFUGE,test,T0324,data/external/kaggle/glaucoma_fundus_imaging_bundle/REFUGE/test/Masks/T0324.png,data/processed/standardized_masks/refuge/test_T0324.png,"[0, 1, 2]","[0, 1, 2]",already_0_1_2
REFUGE,test,T0325,data/external/kaggle/glaucoma_fundus_imaging_bundle/REFUGE/test/Masks/T0325.png,data/processed/standardized_masks/refuge/test_T0325.png,"[0, 1, 2]","[0, 1, 2]",already_0_1_2
REFUGE,test,T0326,data/external/kaggle/glaucoma_fundus_imaging_bundle/REFUGE/test/Masks/T0326.png,data/processed/standardized_masks/refuge/test_T0326.png,"[0, 1, 2]","[0, 1, 2]",already_0_1_2
REFUGE,test,T0327,data/external/kaggle/glaucoma_fundus_imaging_bundle/REFUGE/test/Masks/T0327.png,data/processed/standardized_masks/refuge/test_T0327.png,"[0, 1, 2]","[0, 1, 2]",already_0_1_2
REFUGE,test,T0328,data/external/kaggle/glaucoma_fundus_imaging_bundle/REFUGE/test/Masks/T0328.png,data/processed/standardized_masks/refuge/test_T0328.png,"[0, 1, 2]","[0, 1, 2]",already_0_1_2
REFUGE,test,T0329,data/external/kaggle/glaucoma_fundus_imaging_bundle/REFUGE/test/Masks/T0329.png,data/processed/standardized_masks/refuge/test_T0329.png,"[0, 1, 2]","[0, 1, 2]",already_0_1_2
REFUGE,test,T0330,data/external/kaggle/glaucoma_fundus_imaging_bundle/REFUGE/test/Masks/T0330.png,data/processed/standardized_masks/refuge/test_T0330.png,"[0, 1, 2]","[0, 1, 2]",already_0_1_2
REFUGE,test,T0331,data/external/kaggle/glaucoma_fundus_imaging_bundle/REFUGE/test/Masks/T0331.png,data/processed/standardized_masks/refuge/test_T0331.png,"[0, 1, 2]","[0, 1, 2]",already_0_1_2
REFUGE,test,T0332,data/external/kaggle/glaucoma_fundus_imaging_bundle/REFUGE/test/Masks/T0332.png,data/processed/standardized_masks/refuge/test_T0332.png,"[0, 1, 2]","[0, 1, 2]",already_0_1_2
REFUGE,test,T0333,data/external/kaggle/glaucoma_fundus_imaging_bundle/REFUGE/test/Masks/T0333.png,data/processed/standardized_masks/refuge/test_T0333.png,"[0, 1, 2]","[0, 1, 2]",already_0_1_2
REFUGE,test,T0334,data/external/kaggle/glaucoma_fundus_imaging_bundle/REFUGE/test/Masks/T0334.png,data/processed/standardized_masks/refuge/test_T0334.png,"[0, 1, 2]","[0, 1, 2]",already_0_1_2
REFUGE,test,T0335,data/external/kaggle/glaucoma_fundus_imaging_bundle/REFUGE/test/Masks/T0335.png,data/processed/standardized_masks/refuge/test_T0335.png,"[0, 1, 2]","[0, 1, 2]",already_0_1_2
REFUGE,test,T0336,data/external/kaggle/glaucoma_fundus_imaging_bundle/REFUGE/test/Masks/T0336.png,data/processed/standardized_masks/refuge/test_T0336.png,"[0, 1, 2]","[0, 1, 2]",already_0_1_2
REFUGE,test,T0337,data/external/kaggle/glaucoma_fundus_imaging_bundle/REFUGE/test/Masks/T0337.png,data/processed/standardized_masks/refuge/test_T0337.png,"[0, 1, 2]","[0, 1, 2]",already_0_1_2
REFUGE,test,T0338,data/external/kaggle/glaucoma_fundus_imaging_bundle/REFUGE/test/Masks/T0338.png,data/processed/standardized_masks/refuge/test_T0338.png,"[0, 1, 2]","[0, 1, 2]",already_0_1_2
REFUGE,test,T0339,data/external/kaggle/glaucoma_fundus_imaging_bundle/REFUGE/test/Masks/T0339.png,data/processed/standardized_masks/refuge/test_T0339.png,"[0, 1, 2]","[0, 1, 2]",already_0_1_2
REFUGE,test,T0340,data/external/kaggle/glaucoma_fundus_imaging_bundle/REFUGE/test/Masks/T0340.png,data/processed/standardized_masks/refuge/test_T0340.png,"[0, 1, 2]","[0, 1, 2]",already_0_1_2
REFUGE,test,T0341,data/external/kaggle/glaucoma_fundus_imaging_bundle/REFUGE/test/Masks/T0341.png,data/processed/standardized_masks/refuge/test_T0341.png,"[0, 1, 2]","[0, 1, 2]",already_0_1_2
REFUGE,test,T0342,data/external/kaggle/glaucoma_fundus_imaging_bundle/REFUGE/test/Masks/T0342.png,data/processed/standardized_masks/refuge/test_T0342.png,"[0, 1, 2]","[0, 1, 2]",already_0_1_2
REFUGE,test,T0343,data/external/kaggle/glaucoma_fundus_imaging_bundle/REFUGE/test/Masks/T0343.png,data/processed/standardized_masks/refuge/test_T0343.png,"[0, 1, 2]","[0, 1, 2]",already_0_1_2
REFUGE,test,T0344,data/external/kaggle/glaucoma_fundus_imaging_bundle/REFUGE/test/Masks/T0344.png,data/processed/standardized_masks/refuge/test_T0344.png,"[0, 1, 2]","[0, 1, 2]",already_0_1_2
REFUGE,test,T0345,data/external/kaggle/glaucoma_fundus_imaging_bundle/REFUGE/test/Masks/T0345.png,data/processed/standardized_masks/refuge/test_T0345.png,"[0, 1, 2]","[0, 1, 2]",already_0_1_2
REFUGE,test,T0346,data/external/kaggle/glaucoma_fundus_imaging_bundle/REFUGE/test/Masks/T0346.png,data/processed/standardized_masks/refuge/test_T0346.png,"[0, 1, 2]","[0, 1, 2]",already_0_1_2
REFUGE,test,T0347,data/external/kaggle/glaucoma_fundus_imaging_bundle/REFUGE/test/Masks/T0347.png,data/processed/standardized_masks/refuge/test_T0347.png,"[0, 1, 2]","[0, 1, 2]",already_0_1_2
REFUGE,test,T0348,data/external/kaggle/glaucoma_fundus_imaging_bundle/REFUGE/test/Masks/T0348.png,data/processed/standardized_masks/refuge/test_T0348.png,"[0, 1, 2]","[0, 1, 2]",already_0_1_2
REFUGE,test,T0349,data/external/kaggle/glaucoma_fundus_imaging_bundle/REFUGE/test/Masks/T0349.png,data/processed/standardized_masks/refuge/test_T0349.png,"[0, 1, 2]","[0, 1, 2]",already_0_1_2
REFUGE,test,T0350,data/external/kaggle/glaucoma_fundus_imaging_bundle/REFUGE/test/Masks/T0350.png,data/processed/standardized_masks/refuge/test_T0350.png,"[0, 1, 2]","[0, 1, 2]",already_0_1_2
REFUGE,test,T0351,data/external/kaggle/glaucoma_fundus_imaging_bundle/REFUGE/test/Masks/T0351.png,data/processed/standardized_masks/refuge/test_T0351.png,"[0, 1, 2]","[0, 1, 2]",already_0_1_2
REFUGE,test,T0352,data/external/kaggle/glaucoma_fundus_imaging_bundle/REFUGE/test/Masks/T0352.png,data/processed/standardized_masks/refuge/test_T0352.png,"[0, 1, 2]","[0, 1, 2]",already_0_1_2
REFUGE,test,T0353,data/external/kaggle/glaucoma_fundus_imaging_bundle/REFUGE/test/Masks/T0353.png,data/processed/standardized_masks/refuge/test_T0353.png,"[0, 1, 2]","[0, 1, 2]",already_0_1_2
REFUGE,test,T0354,data/external/kaggle/glaucoma_fundus_imaging_bundle/REFUGE/test/Masks/T0354.png,data/processed/standardized_masks/refuge/test_T0354.png,"[0, 1, 2]","[0, 1, 2]",already_0_1_2
REFUGE,test,T0355,data/external/kaggle/glaucoma_fundus_imaging_bundle/REFUGE/test/Masks/T0355.png,data/processed/standardized_masks/refuge/test_T0355.png,"[0, 1, 2]","[0, 1, 2]",already_0_1_2
REFUGE,test,T0356,data/external/kaggle/glaucoma_fundus_imaging_bundle/REFUGE/test/Masks/T0356.png,data/processed/standardized_masks/refuge/test_T0356.png,"[0, 1, 2]","[0, 1, 2]",already_0_1_2
REFUGE,test,T0357,data/external/kaggle/glaucoma_fundus_imaging_bundle/REFUGE/test/Masks/T0357.png,data/processed/standardized_masks/refuge/test_T0357.png,"[0, 1, 2]","[0, 1, 2]",already_0_1_2
REFUGE,test,T0358,data/external/kaggle/glaucoma_fundus_imaging_bundle/REFUGE/test/Masks/T0358.png,data/processed/standardized_masks/refuge/test_T0358.png,"[0, 1, 2]","[0, 1, 2]",already_0_1_2
REFUGE,test,T0359,data/external/kaggle/glaucoma_fundus_imaging_bundle/REFUGE/test/Masks/T0359.png,data/processed/standardized_masks/refuge/test_T0359.png,"[0, 1, 2]","[0, 1, 2]",already_0_1_2
REFUGE,test,T0360,data/external/kaggle/glaucoma_fundus_imaging_bundle/REFUGE/test/Masks/T0360.png,data/processed/standardized_masks/refuge/test_T0360.png,"[0, 1, 2]","[0, 1, 2]",already_0_1_2
REFUGE,test,T0361,data/external/kaggle/glaucoma_fundus_imaging_bundle/REFUGE/test/Masks/T0361.png,data/processed/standardized_masks/refuge/test_T0361.png,"[0, 1, 2]","[0, 1, 2]",already_0_1_2
REFUGE,test,T0362,data/external/kaggle/glaucoma_fundus_imaging_bundle/REFUGE/test/Masks/T0362.png,data/processed/standardized_masks/refuge/test_T0362.png,"[0, 1, 2]","[0, 1, 2]",already_0_1_2
REFUGE,test,T0363,data/external/kaggle/glaucoma_fundus_imaging_bundle/REFUGE/test/Masks/T0363.png,data/processed/standardized_masks/refuge/test_T0363.png,"[0, 1, 2]","[0, 1, 2]",already_0_1_2
REFUGE,test,T0364,data/external/kaggle/glaucoma_fundus_imaging_bundle/REFUGE/test/Masks/T0364.png,data/processed/standardized_masks/refuge/test_T0364.png,"[0, 1, 2]","[0, 1, 2]",already_0_1_2
REFUGE,test,T0365,data/external/kaggle/glaucoma_fundus_imaging_bundle/REFUGE/test/Masks/T0365.png,data/processed/standardized_masks/refuge/test_T0365.png,"[0, 1, 2]","[0, 1, 2]",already_0_1_2
REFUGE,test,T0366,data/external/kaggle/glaucoma_fundus_imaging_bundle/REFUGE/test/Masks/T0366.png,data/processed/standardized_masks/refuge/test_T0366.png,"[0, 1, 2]","[0, 1, 2]",already_0_1_2
REFUGE,test,T0367,data/external/kaggle/glaucoma_fundus_imaging_bundle/REFUGE/test/Masks/T0367.png,data/processed/standardized_masks/refuge/test_T0367.png,"[0, 1, 2]","[0, 1, 2]",already_0_1_2
REFUGE,test,T0368,data/external/kaggle/glaucoma_fundus_imaging_bundle/REFUGE/test/Masks/T0368.png,data/processed/standardized_masks/refuge/test_T0368.png,"[0, 1, 2]","[0, 1, 2]",already_0_1_2
REFUGE,test,T0369,data/external/kaggle/glaucoma_fundus_imaging_bundle/REFUGE/test/Masks/T0369.png,data/processed/standardized_masks/refuge/test_T0369.png,"[0, 1, 2]","[0, 1, 2]",already_0_1_2
REFUGE,test,T0370,data/external/kaggle/glaucoma_fundus_imaging_bundle/REFUGE/test/Masks/T0370.png,data/processed/standardized_masks/refuge/test_T0370.png,"[0, 1, 2]","[0, 1, 2]",already_0_1_2
REFUGE,test,T0371,data/external/kaggle/glaucoma_fundus_imaging_bundle/REFUGE/test/Masks/T0371.png,data/processed/standardized_masks/refuge/test_T0371.png,"[0, 1, 2]","[0, 1, 2]",already_0_1_2
REFUGE,test,T0372,data/external/kaggle/glaucoma_fundus_imaging_bundle/REFUGE/test/Masks/T0372.png,data/processed/standardized_masks/refuge/test_T0372.png,"[0, 1, 2]","[0, 1, 2]",already_0_1_2
REFUGE,test,T0373,data/external/kaggle/glaucoma_fundus_imaging_bundle/REFUGE/test/Masks/T0373.png,data/processed/standardized_masks/refuge/test_T0373.png,"[0, 1, 2]","[0, 1, 2]",already_0_1_2
REFUGE,test,T0374,data/external/kaggle/glaucoma_fundus_imaging_bundle/REFUGE/test/Masks/T0374.png,data/processed/standardized_masks/refuge/test_T0374.png,"[0, 1, 2]","[0, 1, 2]",already_0_1_2
REFUGE,test,T0375,data/external/kaggle/glaucoma_fundus_imaging_bundle/REFUGE/test/Masks/T0375.png,data/processed/standardized_masks/refuge/test_T0375.png,"[0, 1, 2]","[0, 1, 2]",already_0_1_2
REFUGE,test,T0376,data/external/kaggle/glaucoma_fundus_imaging_bundle/REFUGE/test/Masks/T0376.png,data/processed/standardized_masks/refuge/test_T0376.png,"[0, 1, 2]","[0, 1, 2]",already_0_1_2
REFUGE,test,T0377,data/external/kaggle/glaucoma_fundus_imaging_bundle/REFUGE/test/Masks/T0377.png,data/processed/standardized_masks/refuge/test_T0377.png,"[0, 1, 2]","[0, 1, 2]",already_0_1_2
REFUGE,test,T0378,data/external/kaggle/glaucoma_fundus_imaging_bundle/REFUGE/test/Masks/T0378.png,data/processed/standardized_masks/refuge/test_T0378.png,"[0, 1, 2]","[0, 1, 2]",already_0_1_2
REFUGE,test,T0379,data/external/kaggle/glaucoma_fundus_imaging_bundle/REFUGE/test/Masks/T0379.png,data/processed/standardized_masks/refuge/test_T0379.png,"[0, 1, 2]","[0, 1, 2]",already_0_1_2
REFUGE,test,T0380,data/external/kaggle/glaucoma_fundus_imaging_bundle/REFUGE/test/Masks/T0380.png,data/processed/standardized_masks/refuge/test_T0380.png,"[0, 1, 2]","[0, 1, 2]",already_0_1_2
REFUGE,test,T0381,data/external/kaggle/glaucoma_fundus_imaging_bundle/REFUGE/test/Masks/T0381.png,data/processed/standardized_masks/refuge/test_T0381.png,"[0, 1, 2]","[0, 1, 2]",already_0_1_2
REFUGE,test,T0382,data/external/kaggle/glaucoma_fundus_imaging_bundle/REFUGE/test/Masks/T0382.png,data/processed/standardized_masks/refuge/test_T0382.png,"[0, 1, 2]","[0, 1, 2]",already_0_1_2
REFUGE,test,T0383,data/external/kaggle/glaucoma_fundus_imaging_bundle/REFUGE/test/Masks/T0383.png,data/processed/standardized_masks/refuge/test_T0383.png,"[0, 1, 2]","[0, 1, 2]",already_0_1_2
REFUGE,test,T0384,data/external/kaggle/glaucoma_fundus_imaging_bundle/REFUGE/test/Masks/T0384.png,data/processed/standardized_masks/refuge/test_T0384.png,"[0, 1, 2]","[0, 1, 2]",already_0_1_2
REFUGE,test,T0385,data/external/kaggle/glaucoma_fundus_imaging_bundle/REFUGE/test/Masks/T0385.png,data/processed/standardized_masks/refuge/test_T0385.png,"[0, 1, 2]","[0, 1, 2]",already_0_1_2
REFUGE,test,T0386,data/external/kaggle/glaucoma_fundus_imaging_bundle/REFUGE/test/Masks/T0386.png,data/processed/standardized_masks/refuge/test_T0386.png,"[0, 1, 2]","[0, 1, 2]",already_0_1_2
REFUGE,test,T0387,data/external/kaggle/glaucoma_fundus_imaging_bundle/REFUGE/test/Masks/T0387.png,data/processed/standardized_masks/refuge/test_T0387.png,"[0, 1, 2]","[0, 1, 2]",already_0_1_2
REFUGE,test,T0388,data/external/kaggle/glaucoma_fundus_imaging_bundle/REFUGE/test/Masks/T0388.png,data/processed/standardized_masks/refuge/test_T0388.png,"[0, 1, 2]","[0, 1, 2]",already_0_1_2
REFUGE,test,T0389,data/external/kaggle/glaucoma_fundus_imaging_bundle/REFUGE/test/Masks/T0389.png,data/processed/standardized_masks/refuge/test_T0389.png,"[0, 1, 2]","[0, 1, 2]",already_0_1_2
REFUGE,test,T0390,data/external/kaggle/glaucoma_fundus_imaging_bundle/REFUGE/test/Masks/T0390.png,data/processed/standardized_masks/refuge/test_T0390.png,"[0, 1, 2]","[0, 1, 2]",already_0_1_2
REFUGE,test,T0391,data/external/kaggle/glaucoma_fundus_imaging_bundle/REFUGE/test/Masks/T0391.png,data/processed/standardized_masks/refuge/test_T0391.png,"[0, 1, 2]","[0, 1, 2]",already_0_1_2
REFUGE,test,T0392,data/external/kaggle/glaucoma_fundus_imaging_bundle/REFUGE/test/Masks/T0392.png,data/processed/standardized_masks/refuge/test_T0392.png,"[0, 1, 2]","[0, 1, 2]",already_0_1_2
REFUGE,test,T0393,data/external/kaggle/glaucoma_fundus_imaging_bundle/REFUGE/test/Masks/T0393.png,data/processed/standardized_masks/refuge/test_T0393.png,"[0, 1, 2]","[0, 1, 2]",already_0_1_2
REFUGE,test,T0394,data/external/kaggle/glaucoma_fundus_imaging_bundle/REFUGE/test/Masks/T0394.png,data/processed/standardized_masks/refuge/test_T0394.png,"[0, 1, 2]","[0, 1, 2]",already_0_1_2
REFUGE,test,T0395,data/external/kaggle/glaucoma_fundus_imaging_bundle/REFUGE/test/Masks/T0395.png,data/processed/standardized_masks/refuge/test_T0395.png,"[0, 1, 2]","[0, 1, 2]",already_0_1_2
REFUGE,test,T0396,data/external/kaggle/glaucoma_fundus_imaging_bundle/REFUGE/test/Masks/T0396.png,data/processed/standardized_masks/refuge/test_T0396.png,"[0, 1, 2]","[0, 1, 2]",already_0_1_2
REFUGE,test,T0397,data/external/kaggle/glaucoma_fundus_imaging_bundle/REFUGE/test/Masks/T0397.png,data/processed/standardized_masks/refuge/test_T0397.png,"[0, 1, 2]","[0, 1, 2]",already_0_1_2
REFUGE,test,T0398,data/external/kaggle/glaucoma_fundus_imaging_bundle/REFUGE/test/Masks/T0398.png,data/processed/standardized_masks/refuge/test_T0398.png,"[0, 1, 2]","[0, 1, 2]",already_0_1_2
REFUGE,test,T0399,data/external/kaggle/glaucoma_fundus_imaging_bundle/REFUGE/test/Masks/T0399.png,data/processed/standardized_masks/refuge/test_T0399.png,"[0, 1, 2]","[0, 1, 2]",already_0_1_2
REFUGE,test,T0400,data/external/kaggle/glaucoma_fundus_imaging_bundle/REFUGE/test/Masks/T0400.png,data/processed/standardized_masks/refuge/test_T0400.png,"[0, 1, 2]","[0, 1, 2]",already_0_1_2
