dataset_key,source_dataset,file_id,image_path,mask_path,split_group_id,split
glaucoma_fundus_imaging_bundle,ORIGA,001,data/external/kaggle/glaucoma_fundus_imaging_bundle/ORIGA/Images/001.jpg,data/external/kaggle/glaucoma_fundus_imaging_bundle/ORIGA/Masks/001.png,ORIGA_001,train
glaucoma_fundus_imaging_bundle,ORIGA,002,data/external/kaggle/glaucoma_fundus_imaging_bundle/ORIGA/Images/002.jpg,data/external/kaggle/glaucoma_fundus_imaging_bundle/ORIGA/Masks/002.png,ORIGA_002,test
glaucoma_fundus_imaging_bundle,ORIGA,003,data/external/kaggle/glaucoma_fundus_imaging_bundle/ORIGA/Images/003.jpg,data/external/kaggle/glaucoma_fundus_imaging_bundle/ORIGA/Masks/003.png,ORIGA_003,train
glaucoma_fundus_imaging_bundle,ORIGA,004,data/external/kaggle/glaucoma_fundus_imaging_bundle/ORIGA/Images/004.jpg,data/external/kaggle/glaucoma_fundus_imaging_bundle/ORIGA/Masks/004.png,ORIGA_004,train
glaucoma_fundus_imaging_bundle,ORIGA,005,data/external/kaggle/glaucoma_fundus_imaging_bundle/ORIGA/Images/005.jpg,data/external/kaggle/glaucoma_fundus_imaging_bundle/ORIGA/Masks/005.png,ORIGA_005,val
glaucoma_fundus_imaging_bundle,ORIGA,006,data/external/kaggle/glaucoma_fundus_imaging_bundle/ORIGA/Images/006.jpg,data/external/kaggle/glaucoma_fundus_imaging_bundle/ORIGA/Masks/006.png,ORIGA_006,test
glaucoma_fundus_imaging_bundle,ORIGA,007,data/external/kaggle/glaucoma_fundus_imaging_bundle/ORIGA/Images/007.jpg,data/external/kaggle/glaucoma_fundus_imaging_bundle/ORIGA/Masks/007.png,ORIGA_007,train
glaucoma_fundus_imaging_bundle,ORIGA,008,data/external/kaggle/glaucoma_fundus_imaging_bundle/ORIGA/Images/008.jpg,data/external/kaggle/glaucoma_fundus_imaging_bundle/ORIGA/Masks/008.png,ORIGA_008,train
glaucoma_fundus_imaging_bundle,ORIGA,009,data/external/kaggle/glaucoma_fundus_imaging_bundle/ORIGA/Images/009.jpg,data/external/kaggle/glaucoma_fundus_imaging_bundle/ORIGA/Masks/009.png,ORIGA_009,train
glaucoma_fundus_imaging_bundle,ORIGA,010,data/external/kaggle/glaucoma_fundus_imaging_bundle/ORIGA/Images/010.jpg,data/external/kaggle/glaucoma_fundus_imaging_bundle/ORIGA/Masks/010.png,ORIGA_010,val
glaucoma_fundus_imaging_bundle,ORIGA,011,data/external/kaggle/glaucoma_fundus_imaging_bundle/ORIGA/Images/011.jpg,data/external/kaggle/glaucoma_fundus_imaging_bundle/ORIGA/Masks/011.png,ORIGA_011,test
glaucoma_fundus_imaging_bundle,ORIGA,012,data/external/kaggle/glaucoma_fundus_imaging_bundle/ORIGA/Images/012.jpg,data/external/kaggle/glaucoma_fundus_imaging_bundle/ORIGA/Masks/012.png,ORIGA_012,val
glaucoma_fundus_imaging_bundle,ORIGA,013,data/external/kaggle/glaucoma_fundus_imaging_bundle/ORIGA/Images/013.jpg,data/external/kaggle/glaucoma_fundus_imaging_bundle/ORIGA/Masks/013.png,ORIGA_013,train
glaucoma_fundus_imaging_bundle,ORIGA,014,data/external/kaggle/glaucoma_fundus_imaging_bundle/ORIGA/Images/014.jpg,data/external/kaggle/glaucoma_fundus_imaging_bundle/ORIGA/Masks/014.png,ORIGA_014,val
glaucoma_fundus_imaging_bundle,ORIGA,015,data/external/kaggle/glaucoma_fundus_imaging_bundle/ORIGA/Images/015.jpg,data/external/kaggle/glaucoma_fundus_imaging_bundle/ORIGA/Masks/015.png,ORIGA_015,train
glaucoma_fundus_imaging_bundle,ORIGA,016,data/external/kaggle/glaucoma_fundus_imaging_bundle/ORIGA/Images/016.jpg,data/external/kaggle/glaucoma_fundus_imaging_bundle/ORIGA/Masks/016.png,ORIGA_016,test
glaucoma_fundus_imaging_bundle,ORIGA,017,data/external/kaggle/glaucoma_fundus_imaging_bundle/ORIGA/Images/017.jpg,data/external/kaggle/glaucoma_fundus_imaging_bundle/ORIGA/Masks/017.png,ORIGA_017,train
glaucoma_fundus_imaging_bundle,ORIGA,018,data/external/kaggle/glaucoma_fundus_imaging_bundle/ORIGA/Images/018.jpg,data/external/kaggle/glaucoma_fundus_imaging_bundle/ORIGA/Masks/018.png,ORIGA_018,train
glaucoma_fundus_imaging_bundle,ORIGA,019,data/external/kaggle/glaucoma_fundus_imaging_bundle/ORIGA/Images/019.jpg,data/external/kaggle/glaucoma_fundus_imaging_bundle/ORIGA/Masks/019.png,ORIGA_019,val
glaucoma_fundus_imaging_bundle,ORIGA,020,data/external/kaggle/glaucoma_fundus_imaging_bundle/ORIGA/Images/020.jpg,data/external/kaggle/glaucoma_fundus_imaging_bundle/ORIGA/Masks/020.png,ORIGA_020,train
glaucoma_fundus_imaging_bundle,ORIGA,021,data/external/kaggle/glaucoma_fundus_imaging_bundle/ORIGA/Images/021.jpg,data/external/kaggle/glaucoma_fundus_imaging_bundle/ORIGA/Masks/021.png,ORIGA_021,train
glaucoma_fundus_imaging_bundle,ORIGA,022,data/external/kaggle/glaucoma_fundus_imaging_bundle/ORIGA/Images/022.jpg,data/external/kaggle/glaucoma_fundus_imaging_bundle/ORIGA/Masks/022.png,ORIGA_022,train
glaucoma_fundus_imaging_bundle,ORIGA,023,data/external/kaggle/glaucoma_fundus_imaging_bundle/ORIGA/Images/023.jpg,data/external/kaggle/glaucoma_fundus_imaging_bundle/ORIGA/Masks/023.png,ORIGA_023,train
glaucoma_fundus_imaging_bundle,ORIGA,024,data/external/kaggle/glaucoma_fundus_imaging_bundle/ORIGA/Images/024.jpg,data/external/kaggle/glaucoma_fundus_imaging_bundle/ORIGA/Masks/024.png,ORIGA_024,train
glaucoma_fundus_imaging_bundle,ORIGA,025,data/external/kaggle/glaucoma_fundus_imaging_bundle/ORIGA/Images/025.jpg,data/external/kaggle/glaucoma_fundus_imaging_bundle/ORIGA/Masks/025.png,ORIGA_025,train
glaucoma_fundus_imaging_bundle,ORIGA,026,data/external/kaggle/glaucoma_fundus_imaging_bundle/ORIGA/Images/026.jpg,data/external/kaggle/glaucoma_fundus_imaging_bundle/ORIGA/Masks/026.png,ORIGA_026,train
glaucoma_fundus_imaging_bundle,ORIGA,027,data/external/kaggle/glaucoma_fundus_imaging_bundle/ORIGA/Images/027.jpg,data/external/kaggle/glaucoma_fundus_imaging_bundle/ORIGA/Masks/027.png,ORIGA_027,train
glaucoma_fundus_imaging_bundle,ORIGA,028,data/external/kaggle/glaucoma_fundus_imaging_bundle/ORIGA/Images/028.jpg,data/external/kaggle/glaucoma_fundus_imaging_bundle/ORIGA/Masks/028.png,ORIGA_028,train
glaucoma_fundus_imaging_bundle,ORIGA,029,data/external/kaggle/glaucoma_fundus_imaging_bundle/ORIGA/Images/029.jpg,data/external/kaggle/glaucoma_fundus_imaging_bundle/ORIGA/Masks/029.png,ORIGA_029,train
glaucoma_fundus_imaging_bundle,ORIGA,030,data/external/kaggle/glaucoma_fundus_imaging_bundle/ORIGA/Images/030.jpg,data/external/kaggle/glaucoma_fundus_imaging_bundle/ORIGA/Masks/030.png,ORIGA_030,train
glaucoma_fundus_imaging_bundle,ORIGA,031,data/external/kaggle/glaucoma_fundus_imaging_bundle/ORIGA/Images/031.jpg,data/external/kaggle/glaucoma_fundus_imaging_bundle/ORIGA/Masks/031.png,ORIGA_031,train
glaucoma_fundus_imaging_bundle,ORIGA,032,data/external/kaggle/glaucoma_fundus_imaging_bundle/ORIGA/Images/032.jpg,data/external/kaggle/glaucoma_fundus_imaging_bundle/ORIGA/Masks/032.png,ORIGA_032,train
glaucoma_fundus_imaging_bundle,ORIGA,033,data/external/kaggle/glaucoma_fundus_imaging_bundle/ORIGA/Images/033.jpg,data/external/kaggle/glaucoma_fundus_imaging_bundle/ORIGA/Masks/033.png,ORIGA_033,val
glaucoma_fundus_imaging_bundle,ORIGA,034,data/external/kaggle/glaucoma_fundus_imaging_bundle/ORIGA/Images/034.jpg,data/external/kaggle/glaucoma_fundus_imaging_bundle/ORIGA/Masks/034.png,ORIGA_034,train
glaucoma_fundus_imaging_bundle,ORIGA,035,data/external/kaggle/glaucoma_fundus_imaging_bundle/ORIGA/Images/035.jpg,data/external/kaggle/glaucoma_fundus_imaging_bundle/ORIGA/Masks/035.png,ORIGA_035,test
glaucoma_fundus_imaging_bundle,ORIGA,036,data/external/kaggle/glaucoma_fundus_imaging_bundle/ORIGA/Images/036.jpg,data/external/kaggle/glaucoma_fundus_imaging_bundle/ORIGA/Masks/036.png,ORIGA_036,train
glaucoma_fundus_imaging_bundle,ORIGA,037,data/external/kaggle/glaucoma_fundus_imaging_bundle/ORIGA/Images/037.jpg,data/external/kaggle/glaucoma_fundus_imaging_bundle/ORIGA/Masks/037.png,ORIGA_037,train
glaucoma_fundus_imaging_bundle,ORIGA,038,data/external/kaggle/glaucoma_fundus_imaging_bundle/ORIGA/Images/038.jpg,data/external/kaggle/glaucoma_fundus_imaging_bundle/ORIGA/Masks/038.png,ORIGA_038,val
glaucoma_fundus_imaging_bundle,ORIGA,039,data/external/kaggle/glaucoma_fundus_imaging_bundle/ORIGA/Images/039.jpg,data/external/kaggle/glaucoma_fundus_imaging_bundle/ORIGA/Masks/039.png,ORIGA_039,train
glaucoma_fundus_imaging_bundle,ORIGA,040,data/external/kaggle/glaucoma_fundus_imaging_bundle/ORIGA/Images/040.jpg,data/external/kaggle/glaucoma_fundus_imaging_bundle/ORIGA/Masks/040.png,ORIGA_040,val
glaucoma_fundus_imaging_bundle,ORIGA,041,data/external/kaggle/glaucoma_fundus_imaging_bundle/ORIGA/Images/041.jpg,data/external/kaggle/glaucoma_fundus_imaging_bundle/ORIGA/Masks/041.png,ORIGA_041,train
glaucoma_fundus_imaging_bundle,ORIGA,042,data/external/kaggle/glaucoma_fundus_imaging_bundle/ORIGA/Images/042.jpg,data/external/kaggle/glaucoma_fundus_imaging_bundle/ORIGA/Masks/042.png,ORIGA_042,test
glaucoma_fundus_imaging_bundle,ORIGA,043,data/external/kaggle/glaucoma_fundus_imaging_bundle/ORIGA/Images/043.jpg,data/external/kaggle/glaucoma_fundus_imaging_bundle/ORIGA/Masks/043.png,ORIGA_043,test
glaucoma_fundus_imaging_bundle,ORIGA,044,data/external/kaggle/glaucoma_fundus_imaging_bundle/ORIGA/Images/044.jpg,data/external/kaggle/glaucoma_fundus_imaging_bundle/ORIGA/Masks/044.png,ORIGA_044,train
glaucoma_fundus_imaging_bundle,ORIGA,045,data/external/kaggle/glaucoma_fundus_imaging_bundle/ORIGA/Images/045.jpg,data/external/kaggle/glaucoma_fundus_imaging_bundle/ORIGA/Masks/045.png,ORIGA_045,train
glaucoma_fundus_imaging_bundle,ORIGA,046,data/external/kaggle/glaucoma_fundus_imaging_bundle/ORIGA/Images/046.jpg,data/external/kaggle/glaucoma_fundus_imaging_bundle/ORIGA/Masks/046.png,ORIGA_046,train
glaucoma_fundus_imaging_bundle,ORIGA,047,data/external/kaggle/glaucoma_fundus_imaging_bundle/ORIGA/Images/047.jpg,data/external/kaggle/glaucoma_fundus_imaging_bundle/ORIGA/Masks/047.png,ORIGA_047,train
glaucoma_fundus_imaging_bundle,ORIGA,048,data/external/kaggle/glaucoma_fundus_imaging_bundle/ORIGA/Images/048.jpg,data/external/kaggle/glaucoma_fundus_imaging_bundle/ORIGA/Masks/048.png,ORIGA_048,train
glaucoma_fundus_imaging_bundle,ORIGA,049,data/external/kaggle/glaucoma_fundus_imaging_bundle/ORIGA/Images/049.jpg,data/external/kaggle/glaucoma_fundus_imaging_bundle/ORIGA/Masks/049.png,ORIGA_049,train
glaucoma_fundus_imaging_bundle,ORIGA,050,data/external/kaggle/glaucoma_fundus_imaging_bundle/ORIGA/Images/050.jpg,data/external/kaggle/glaucoma_fundus_imaging_bundle/ORIGA/Masks/050.png,ORIGA_050,test
glaucoma_fundus_imaging_bundle,ORIGA,051,data/external/kaggle/glaucoma_fundus_imaging_bundle/ORIGA/Images/051.jpg,data/external/kaggle/glaucoma_fundus_imaging_bundle/ORIGA/Masks/051.png,ORIGA_051,train
glaucoma_fundus_imaging_bundle,ORIGA,052,data/external/kaggle/glaucoma_fundus_imaging_bundle/ORIGA/Images/052.jpg,data/external/kaggle/glaucoma_fundus_imaging_bundle/ORIGA/Masks/052.png,ORIGA_052,train
glaucoma_fundus_imaging_bundle,ORIGA,053,data/external/kaggle/glaucoma_fundus_imaging_bundle/ORIGA/Images/053.jpg,data/external/kaggle/glaucoma_fundus_imaging_bundle/ORIGA/Masks/053.png,ORIGA_053,val
glaucoma_fundus_imaging_bundle,ORIGA,054,data/external/kaggle/glaucoma_fundus_imaging_bundle/ORIGA/Images/054.jpg,data/external/kaggle/glaucoma_fundus_imaging_bundle/ORIGA/Masks/054.png,ORIGA_054,train
glaucoma_fundus_imaging_bundle,ORIGA,055,data/external/kaggle/glaucoma_fundus_imaging_bundle/ORIGA/Images/055.jpg,data/external/kaggle/glaucoma_fundus_imaging_bundle/ORIGA/Masks/055.png,ORIGA_055,train
glaucoma_fundus_imaging_bundle,ORIGA,056,data/external/kaggle/glaucoma_fundus_imaging_bundle/ORIGA/Images/056.jpg,data/external/kaggle/glaucoma_fundus_imaging_bundle/ORIGA/Masks/056.png,ORIGA_056,train
glaucoma_fundus_imaging_bundle,ORIGA,057,data/external/kaggle/glaucoma_fundus_imaging_bundle/ORIGA/Images/057.jpg,data/external/kaggle/glaucoma_fundus_imaging_bundle/ORIGA/Masks/057.png,ORIGA_057,train
glaucoma_fundus_imaging_bundle,ORIGA,058,data/external/kaggle/glaucoma_fundus_imaging_bundle/ORIGA/Images/058.jpg,data/external/kaggle/glaucoma_fundus_imaging_bundle/ORIGA/Masks/058.png,ORIGA_058,test
glaucoma_fundus_imaging_bundle,ORIGA,059,data/external/kaggle/glaucoma_fundus_imaging_bundle/ORIGA/Images/059.jpg,data/external/kaggle/glaucoma_fundus_imaging_bundle/ORIGA/Masks/059.png,ORIGA_059,train
glaucoma_fundus_imaging_bundle,ORIGA,060,data/external/kaggle/glaucoma_fundus_imaging_bundle/ORIGA/Images/060.jpg,data/external/kaggle/glaucoma_fundus_imaging_bundle/ORIGA/Masks/060.png,ORIGA_060,val
glaucoma_fundus_imaging_bundle,ORIGA,061,data/external/kaggle/glaucoma_fundus_imaging_bundle/ORIGA/Images/061.jpg,data/external/kaggle/glaucoma_fundus_imaging_bundle/ORIGA/Masks/061.png,ORIGA_061,train
glaucoma_fundus_imaging_bundle,ORIGA,062,data/external/kaggle/glaucoma_fundus_imaging_bundle/ORIGA/Images/062.jpg,data/external/kaggle/glaucoma_fundus_imaging_bundle/ORIGA/Masks/062.png,ORIGA_062,train
glaucoma_fundus_imaging_bundle,ORIGA,063,data/external/kaggle/glaucoma_fundus_imaging_bundle/ORIGA/Images/063.jpg,data/external/kaggle/glaucoma_fundus_imaging_bundle/ORIGA/Masks/063.png,ORIGA_063,train
glaucoma_fundus_imaging_bundle,ORIGA,064,data/external/kaggle/glaucoma_fundus_imaging_bundle/ORIGA/Images/064.jpg,data/external/kaggle/glaucoma_fundus_imaging_bundle/ORIGA/Masks/064.png,ORIGA_064,test
glaucoma_fundus_imaging_bundle,ORIGA,065,data/external/kaggle/glaucoma_fundus_imaging_bundle/ORIGA/Images/065.jpg,data/external/kaggle/glaucoma_fundus_imaging_bundle/ORIGA/Masks/065.png,ORIGA_065,train
glaucoma_fundus_imaging_bundle,ORIGA,066,data/external/kaggle/glaucoma_fundus_imaging_bundle/ORIGA/Images/066.jpg,data/external/kaggle/glaucoma_fundus_imaging_bundle/ORIGA/Masks/066.png,ORIGA_066,test
glaucoma_fundus_imaging_bundle,ORIGA,067,data/external/kaggle/glaucoma_fundus_imaging_bundle/ORIGA/Images/067.jpg,data/external/kaggle/glaucoma_fundus_imaging_bundle/ORIGA/Masks/067.png,ORIGA_067,val
glaucoma_fundus_imaging_bundle,ORIGA,068,data/external/kaggle/glaucoma_fundus_imaging_bundle/ORIGA/Images/068.jpg,data/external/kaggle/glaucoma_fundus_imaging_bundle/ORIGA/Masks/068.png,ORIGA_068,train
glaucoma_fundus_imaging_bundle,ORIGA,069,data/external/kaggle/glaucoma_fundus_imaging_bundle/ORIGA/Images/069.jpg,data/external/kaggle/glaucoma_fundus_imaging_bundle/ORIGA/Masks/069.png,ORIGA_069,train
glaucoma_fundus_imaging_bundle,ORIGA,070,data/external/kaggle/glaucoma_fundus_imaging_bundle/ORIGA/Images/070.jpg,data/external/kaggle/glaucoma_fundus_imaging_bundle/ORIGA/Masks/070.png,ORIGA_070,test
glaucoma_fundus_imaging_bundle,ORIGA,071,data/external/kaggle/glaucoma_fundus_imaging_bundle/ORIGA/Images/071.jpg,data/external/kaggle/glaucoma_fundus_imaging_bundle/ORIGA/Masks/071.png,ORIGA_071,train
glaucoma_fundus_imaging_bundle,ORIGA,072,data/external/kaggle/glaucoma_fundus_imaging_bundle/ORIGA/Images/072.jpg,data/external/kaggle/glaucoma_fundus_imaging_bundle/ORIGA/Masks/072.png,ORIGA_072,train
glaucoma_fundus_imaging_bundle,ORIGA,073,data/external/kaggle/glaucoma_fundus_imaging_bundle/ORIGA/Images/073.jpg,data/external/kaggle/glaucoma_fundus_imaging_bundle/ORIGA/Masks/073.png,ORIGA_073,train
glaucoma_fundus_imaging_bundle,ORIGA,074,data/external/kaggle/glaucoma_fundus_imaging_bundle/ORIGA/Images/074.jpg,data/external/kaggle/glaucoma_fundus_imaging_bundle/ORIGA/Masks/074.png,ORIGA_074,train
glaucoma_fundus_imaging_bundle,ORIGA,075,data/external/kaggle/glaucoma_fundus_imaging_bundle/ORIGA/Images/075.jpg,data/external/kaggle/glaucoma_fundus_imaging_bundle/ORIGA/Masks/075.png,ORIGA_075,train
glaucoma_fundus_imaging_bundle,ORIGA,076,data/external/kaggle/glaucoma_fundus_imaging_bundle/ORIGA/Images/076.jpg,data/external/kaggle/glaucoma_fundus_imaging_bundle/ORIGA/Masks/076.png,ORIGA_076,train
glaucoma_fundus_imaging_bundle,ORIGA,077,data/external/kaggle/glaucoma_fundus_imaging_bundle/ORIGA/Images/077.jpg,data/external/kaggle/glaucoma_fundus_imaging_bundle/ORIGA/Masks/077.png,ORIGA_077,test
glaucoma_fundus_imaging_bundle,ORIGA,078,data/external/kaggle/glaucoma_fundus_imaging_bundle/ORIGA/Images/078.jpg,data/external/kaggle/glaucoma_fundus_imaging_bundle/ORIGA/Masks/078.png,ORIGA_078,train
glaucoma_fundus_imaging_bundle,ORIGA,079,data/external/kaggle/glaucoma_fundus_imaging_bundle/ORIGA/Images/079.jpg,data/external/kaggle/glaucoma_fundus_imaging_bundle/ORIGA/Masks/079.png,ORIGA_079,val
glaucoma_fundus_imaging_bundle,ORIGA,080,data/external/kaggle/glaucoma_fundus_imaging_bundle/ORIGA/Images/080.jpg,data/external/kaggle/glaucoma_fundus_imaging_bundle/ORIGA/Masks/080.png,ORIGA_080,train
glaucoma_fundus_imaging_bundle,ORIGA,081,data/external/kaggle/glaucoma_fundus_imaging_bundle/ORIGA/Images/081.jpg,data/external/kaggle/glaucoma_fundus_imaging_bundle/ORIGA/Masks/081.png,ORIGA_081,train
glaucoma_fundus_imaging_bundle,ORIGA,082,data/external/kaggle/glaucoma_fundus_imaging_bundle/ORIGA/Images/082.jpg,data/external/kaggle/glaucoma_fundus_imaging_bundle/ORIGA/Masks/082.png,ORIGA_082,val
glaucoma_fundus_imaging_bundle,ORIGA,083,data/external/kaggle/glaucoma_fundus_imaging_bundle/ORIGA/Images/083.jpg,data/external/kaggle/glaucoma_fundus_imaging_bundle/ORIGA/Masks/083.png,ORIGA_083,train
glaucoma_fundus_imaging_bundle,ORIGA,084,data/external/kaggle/glaucoma_fundus_imaging_bundle/ORIGA/Images/084.jpg,data/external/kaggle/glaucoma_fundus_imaging_bundle/ORIGA/Masks/084.png,ORIGA_084,train
glaucoma_fundus_imaging_bundle,ORIGA,085,data/external/kaggle/glaucoma_fundus_imaging_bundle/ORIGA/Images/085.jpg,data/external/kaggle/glaucoma_fundus_imaging_bundle/ORIGA/Masks/085.png,ORIGA_085,train
glaucoma_fundus_imaging_bundle,ORIGA,086,data/external/kaggle/glaucoma_fundus_imaging_bundle/ORIGA/Images/086.jpg,data/external/kaggle/glaucoma_fundus_imaging_bundle/ORIGA/Masks/086.png,ORIGA_086,train
glaucoma_fundus_imaging_bundle,ORIGA,087,data/external/kaggle/glaucoma_fundus_imaging_bundle/ORIGA/Images/087.jpg,data/external/kaggle/glaucoma_fundus_imaging_bundle/ORIGA/Masks/087.png,ORIGA_087,train
glaucoma_fundus_imaging_bundle,ORIGA,088,data/external/kaggle/glaucoma_fundus_imaging_bundle/ORIGA/Images/088.jpg,data/external/kaggle/glaucoma_fundus_imaging_bundle/ORIGA/Masks/088.png,ORIGA_088,test
glaucoma_fundus_imaging_bundle,ORIGA,089,data/external/kaggle/glaucoma_fundus_imaging_bundle/ORIGA/Images/089.jpg,data/external/kaggle/glaucoma_fundus_imaging_bundle/ORIGA/Masks/089.png,ORIGA_089,val
glaucoma_fundus_imaging_bundle,ORIGA,090,data/external/kaggle/glaucoma_fundus_imaging_bundle/ORIGA/Images/090.jpg,data/external/kaggle/glaucoma_fundus_imaging_bundle/ORIGA/Masks/090.png,ORIGA_090,train
glaucoma_fundus_imaging_bundle,ORIGA,091,data/external/kaggle/glaucoma_fundus_imaging_bundle/ORIGA/Images/091.jpg,data/external/kaggle/glaucoma_fundus_imaging_bundle/ORIGA/Masks/091.png,ORIGA_091,train
glaucoma_fundus_imaging_bundle,ORIGA,092,data/external/kaggle/glaucoma_fundus_imaging_bundle/ORIGA/Images/092.jpg,data/external/kaggle/glaucoma_fundus_imaging_bundle/ORIGA/Masks/092.png,ORIGA_092,train
glaucoma_fundus_imaging_bundle,ORIGA,093,data/external/kaggle/glaucoma_fundus_imaging_bundle/ORIGA/Images/093.jpg,data/external/kaggle/glaucoma_fundus_imaging_bundle/ORIGA/Masks/093.png,ORIGA_093,train
glaucoma_fundus_imaging_bundle,ORIGA,094,data/external/kaggle/glaucoma_fundus_imaging_bundle/ORIGA/Images/094.jpg,data/external/kaggle/glaucoma_fundus_imaging_bundle/ORIGA/Masks/094.png,ORIGA_094,val
glaucoma_fundus_imaging_bundle,ORIGA,095,data/external/kaggle/glaucoma_fundus_imaging_bundle/ORIGA/Images/095.jpg,data/external/kaggle/glaucoma_fundus_imaging_bundle/ORIGA/Masks/095.png,ORIGA_095,val
glaucoma_fundus_imaging_bundle,ORIGA,096,data/external/kaggle/glaucoma_fundus_imaging_bundle/ORIGA/Images/096.jpg,data/external/kaggle/glaucoma_fundus_imaging_bundle/ORIGA/Masks/096.png,ORIGA_096,train
glaucoma_fundus_imaging_bundle,ORIGA,097,data/external/kaggle/glaucoma_fundus_imaging_bundle/ORIGA/Images/097.jpg,data/external/kaggle/glaucoma_fundus_imaging_bundle/ORIGA/Masks/097.png,ORIGA_097,train
glaucoma_fundus_imaging_bundle,ORIGA,098,data/external/kaggle/glaucoma_fundus_imaging_bundle/ORIGA/Images/098.jpg,data/external/kaggle/glaucoma_fundus_imaging_bundle/ORIGA/Masks/098.png,ORIGA_098,train
glaucoma_fundus_imaging_bundle,ORIGA,099,data/external/kaggle/glaucoma_fundus_imaging_bundle/ORIGA/Images/099.jpg,data/external/kaggle/glaucoma_fundus_imaging_bundle/ORIGA/Masks/099.png,ORIGA_099,train
glaucoma_fundus_imaging_bundle,ORIGA,100,data/external/kaggle/glaucoma_fundus_imaging_bundle/ORIGA/Images/100.jpg,data/external/kaggle/glaucoma_fundus_imaging_bundle/ORIGA/Masks/100.png,ORIGA_100,train
glaucoma_fundus_imaging_bundle,ORIGA,101,data/external/kaggle/glaucoma_fundus_imaging_bundle/ORIGA/Images/101.jpg,data/external/kaggle/glaucoma_fundus_imaging_bundle/ORIGA/Masks/101.png,ORIGA_101,train
glaucoma_fundus_imaging_bundle,ORIGA,102,data/external/kaggle/glaucoma_fundus_imaging_bundle/ORIGA/Images/102.jpg,data/external/kaggle/glaucoma_fundus_imaging_bundle/ORIGA/Masks/102.png,ORIGA_102,train
glaucoma_fundus_imaging_bundle,ORIGA,103,data/external/kaggle/glaucoma_fundus_imaging_bundle/ORIGA/Images/103.jpg,data/external/kaggle/glaucoma_fundus_imaging_bundle/ORIGA/Masks/103.png,ORIGA_103,test
glaucoma_fundus_imaging_bundle,ORIGA,104,data/external/kaggle/glaucoma_fundus_imaging_bundle/ORIGA/Images/104.jpg,data/external/kaggle/glaucoma_fundus_imaging_bundle/ORIGA/Masks/104.png,ORIGA_104,train
glaucoma_fundus_imaging_bundle,ORIGA,105,data/external/kaggle/glaucoma_fundus_imaging_bundle/ORIGA/Images/105.jpg,data/external/kaggle/glaucoma_fundus_imaging_bundle/ORIGA/Masks/105.png,ORIGA_105,train
glaucoma_fundus_imaging_bundle,ORIGA,106,data/external/kaggle/glaucoma_fundus_imaging_bundle/ORIGA/Images/106.jpg,data/external/kaggle/glaucoma_fundus_imaging_bundle/ORIGA/Masks/106.png,ORIGA_106,val
glaucoma_fundus_imaging_bundle,ORIGA,107,data/external/kaggle/glaucoma_fundus_imaging_bundle/ORIGA/Images/107.jpg,data/external/kaggle/glaucoma_fundus_imaging_bundle/ORIGA/Masks/107.png,ORIGA_107,val
glaucoma_fundus_imaging_bundle,ORIGA,108,data/external/kaggle/glaucoma_fundus_imaging_bundle/ORIGA/Images/108.jpg,data/external/kaggle/glaucoma_fundus_imaging_bundle/ORIGA/Masks/108.png,ORIGA_108,train
glaucoma_fundus_imaging_bundle,ORIGA,109,data/external/kaggle/glaucoma_fundus_imaging_bundle/ORIGA/Images/109.jpg,data/external/kaggle/glaucoma_fundus_imaging_bundle/ORIGA/Masks/109.png,ORIGA_109,train
glaucoma_fundus_imaging_bundle,ORIGA,110,data/external/kaggle/glaucoma_fundus_imaging_bundle/ORIGA/Images/110.jpg,data/external/kaggle/glaucoma_fundus_imaging_bundle/ORIGA/Masks/110.png,ORIGA_110,train
glaucoma_fundus_imaging_bundle,ORIGA,111,data/external/kaggle/glaucoma_fundus_imaging_bundle/ORIGA/Images/111.jpg,data/external/kaggle/glaucoma_fundus_imaging_bundle/ORIGA/Masks/111.png,ORIGA_111,train
glaucoma_fundus_imaging_bundle,ORIGA,112,data/external/kaggle/glaucoma_fundus_imaging_bundle/ORIGA/Images/112.jpg,data/external/kaggle/glaucoma_fundus_imaging_bundle/ORIGA/Masks/112.png,ORIGA_112,test
glaucoma_fundus_imaging_bundle,ORIGA,113,data/external/kaggle/glaucoma_fundus_imaging_bundle/ORIGA/Images/113.jpg,data/external/kaggle/glaucoma_fundus_imaging_bundle/ORIGA/Masks/113.png,ORIGA_113,val
glaucoma_fundus_imaging_bundle,ORIGA,114,data/external/kaggle/glaucoma_fundus_imaging_bundle/ORIGA/Images/114.jpg,data/external/kaggle/glaucoma_fundus_imaging_bundle/ORIGA/Masks/114.png,ORIGA_114,test
glaucoma_fundus_imaging_bundle,ORIGA,115,data/external/kaggle/glaucoma_fundus_imaging_bundle/ORIGA/Images/115.jpg,data/external/kaggle/glaucoma_fundus_imaging_bundle/ORIGA/Masks/115.png,ORIGA_115,test
glaucoma_fundus_imaging_bundle,ORIGA,116,data/external/kaggle/glaucoma_fundus_imaging_bundle/ORIGA/Images/116.jpg,data/external/kaggle/glaucoma_fundus_imaging_bundle/ORIGA/Masks/116.png,ORIGA_116,train
glaucoma_fundus_imaging_bundle,ORIGA,117,data/external/kaggle/glaucoma_fundus_imaging_bundle/ORIGA/Images/117.jpg,data/external/kaggle/glaucoma_fundus_imaging_bundle/ORIGA/Masks/117.png,ORIGA_117,train
glaucoma_fundus_imaging_bundle,ORIGA,118,data/external/kaggle/glaucoma_fundus_imaging_bundle/ORIGA/Images/118.jpg,data/external/kaggle/glaucoma_fundus_imaging_bundle/ORIGA/Masks/118.png,ORIGA_118,test
glaucoma_fundus_imaging_bundle,ORIGA,119,data/external/kaggle/glaucoma_fundus_imaging_bundle/ORIGA/Images/119.jpg,data/external/kaggle/glaucoma_fundus_imaging_bundle/ORIGA/Masks/119.png,ORIGA_119,train
glaucoma_fundus_imaging_bundle,ORIGA,120,data/external/kaggle/glaucoma_fundus_imaging_bundle/ORIGA/Images/120.jpg,data/external/kaggle/glaucoma_fundus_imaging_bundle/ORIGA/Masks/120.png,ORIGA_120,train
glaucoma_fundus_imaging_bundle,ORIGA,121,data/external/kaggle/glaucoma_fundus_imaging_bundle/ORIGA/Images/121.jpg,data/external/kaggle/glaucoma_fundus_imaging_bundle/ORIGA/Masks/121.png,ORIGA_121,train
glaucoma_fundus_imaging_bundle,ORIGA,122,data/external/kaggle/glaucoma_fundus_imaging_bundle/ORIGA/Images/122.jpg,data/external/kaggle/glaucoma_fundus_imaging_bundle/ORIGA/Masks/122.png,ORIGA_122,train
glaucoma_fundus_imaging_bundle,ORIGA,123,data/external/kaggle/glaucoma_fundus_imaging_bundle/ORIGA/Images/123.jpg,data/external/kaggle/glaucoma_fundus_imaging_bundle/ORIGA/Masks/123.png,ORIGA_123,val
glaucoma_fundus_imaging_bundle,ORIGA,124,data/external/kaggle/glaucoma_fundus_imaging_bundle/ORIGA/Images/124.jpg,data/external/kaggle/glaucoma_fundus_imaging_bundle/ORIGA/Masks/124.png,ORIGA_124,test
glaucoma_fundus_imaging_bundle,ORIGA,125,data/external/kaggle/glaucoma_fundus_imaging_bundle/ORIGA/Images/125.jpg,data/external/kaggle/glaucoma_fundus_imaging_bundle/ORIGA/Masks/125.png,ORIGA_125,train
glaucoma_fundus_imaging_bundle,ORIGA,126,data/external/kaggle/glaucoma_fundus_imaging_bundle/ORIGA/Images/126.jpg,data/external/kaggle/glaucoma_fundus_imaging_bundle/ORIGA/Masks/126.png,ORIGA_126,train
glaucoma_fundus_imaging_bundle,ORIGA,127,data/external/kaggle/glaucoma_fundus_imaging_bundle/ORIGA/Images/127.jpg,data/external/kaggle/glaucoma_fundus_imaging_bundle/ORIGA/Masks/127.png,ORIGA_127,train
glaucoma_fundus_imaging_bundle,ORIGA,128,data/external/kaggle/glaucoma_fundus_imaging_bundle/ORIGA/Images/128.jpg,data/external/kaggle/glaucoma_fundus_imaging_bundle/ORIGA/Masks/128.png,ORIGA_128,train
glaucoma_fundus_imaging_bundle,ORIGA,129,data/external/kaggle/glaucoma_fundus_imaging_bundle/ORIGA/Images/129.jpg,data/external/kaggle/glaucoma_fundus_imaging_bundle/ORIGA/Masks/129.png,ORIGA_129,train
glaucoma_fundus_imaging_bundle,ORIGA,130,data/external/kaggle/glaucoma_fundus_imaging_bundle/ORIGA/Images/130.jpg,data/external/kaggle/glaucoma_fundus_imaging_bundle/ORIGA/Masks/130.png,ORIGA_130,train
glaucoma_fundus_imaging_bundle,ORIGA,131,data/external/kaggle/glaucoma_fundus_imaging_bundle/ORIGA/Images/131.jpg,data/external/kaggle/glaucoma_fundus_imaging_bundle/ORIGA/Masks/131.png,ORIGA_131,train
glaucoma_fundus_imaging_bundle,ORIGA,132,data/external/kaggle/glaucoma_fundus_imaging_bundle/ORIGA/Images/132.jpg,data/external/kaggle/glaucoma_fundus_imaging_bundle/ORIGA/Masks/132.png,ORIGA_132,train
glaucoma_fundus_imaging_bundle,ORIGA,133,data/external/kaggle/glaucoma_fundus_imaging_bundle/ORIGA/Images/133.jpg,data/external/kaggle/glaucoma_fundus_imaging_bundle/ORIGA/Masks/133.png,ORIGA_133,train
glaucoma_fundus_imaging_bundle,ORIGA,134,data/external/kaggle/glaucoma_fundus_imaging_bundle/ORIGA/Images/134.jpg,data/external/kaggle/glaucoma_fundus_imaging_bundle/ORIGA/Masks/134.png,ORIGA_134,train
glaucoma_fundus_imaging_bundle,ORIGA,135,data/external/kaggle/glaucoma_fundus_imaging_bundle/ORIGA/Images/135.jpg,data/external/kaggle/glaucoma_fundus_imaging_bundle/ORIGA/Masks/135.png,ORIGA_135,train
glaucoma_fundus_imaging_bundle,ORIGA,136,data/external/kaggle/glaucoma_fundus_imaging_bundle/ORIGA/Images/136.jpg,data/external/kaggle/glaucoma_fundus_imaging_bundle/ORIGA/Masks/136.png,ORIGA_136,train
glaucoma_fundus_imaging_bundle,ORIGA,137,data/external/kaggle/glaucoma_fundus_imaging_bundle/ORIGA/Images/137.jpg,data/external/kaggle/glaucoma_fundus_imaging_bundle/ORIGA/Masks/137.png,ORIGA_137,train
glaucoma_fundus_imaging_bundle,ORIGA,138,data/external/kaggle/glaucoma_fundus_imaging_bundle/ORIGA/Images/138.jpg,data/external/kaggle/glaucoma_fundus_imaging_bundle/ORIGA/Masks/138.png,ORIGA_138,test
glaucoma_fundus_imaging_bundle,ORIGA,139,data/external/kaggle/glaucoma_fundus_imaging_bundle/ORIGA/Images/139.jpg,data/external/kaggle/glaucoma_fundus_imaging_bundle/ORIGA/Masks/139.png,ORIGA_139,train
glaucoma_fundus_imaging_bundle,ORIGA,140,data/external/kaggle/glaucoma_fundus_imaging_bundle/ORIGA/Images/140.jpg,data/external/kaggle/glaucoma_fundus_imaging_bundle/ORIGA/Masks/140.png,ORIGA_140,train
glaucoma_fundus_imaging_bundle,ORIGA,141,data/external/kaggle/glaucoma_fundus_imaging_bundle/ORIGA/Images/141.jpg,data/external/kaggle/glaucoma_fundus_imaging_bundle/ORIGA/Masks/141.png,ORIGA_141,train
glaucoma_fundus_imaging_bundle,ORIGA,142,data/external/kaggle/glaucoma_fundus_imaging_bundle/ORIGA/Images/142.jpg,data/external/kaggle/glaucoma_fundus_imaging_bundle/ORIGA/Masks/142.png,ORIGA_142,test
glaucoma_fundus_imaging_bundle,ORIGA,143,data/external/kaggle/glaucoma_fundus_imaging_bundle/ORIGA/Images/143.jpg,data/external/kaggle/glaucoma_fundus_imaging_bundle/ORIGA/Masks/143.png,ORIGA_143,train
glaucoma_fundus_imaging_bundle,ORIGA,144,data/external/kaggle/glaucoma_fundus_imaging_bundle/ORIGA/Images/144.jpg,data/external/kaggle/glaucoma_fundus_imaging_bundle/ORIGA/Masks/144.png,ORIGA_144,train
glaucoma_fundus_imaging_bundle,ORIGA,145,data/external/kaggle/glaucoma_fundus_imaging_bundle/ORIGA/Images/145.jpg,data/external/kaggle/glaucoma_fundus_imaging_bundle/ORIGA/Masks/145.png,ORIGA_145,train
glaucoma_fundus_imaging_bundle,ORIGA,146,data/external/kaggle/glaucoma_fundus_imaging_bundle/ORIGA/Images/146.jpg,data/external/kaggle/glaucoma_fundus_imaging_bundle/ORIGA/Masks/146.png,ORIGA_146,train
glaucoma_fundus_imaging_bundle,ORIGA,147,data/external/kaggle/glaucoma_fundus_imaging_bundle/ORIGA/Images/147.jpg,data/external/kaggle/glaucoma_fundus_imaging_bundle/ORIGA/Masks/147.png,ORIGA_147,train
glaucoma_fundus_imaging_bundle,ORIGA,148,data/external/kaggle/glaucoma_fundus_imaging_bundle/ORIGA/Images/148.jpg,data/external/kaggle/glaucoma_fundus_imaging_bundle/ORIGA/Masks/148.png,ORIGA_148,train
glaucoma_fundus_imaging_bundle,ORIGA,149,data/external/kaggle/glaucoma_fundus_imaging_bundle/ORIGA/Images/149.jpg,data/external/kaggle/glaucoma_fundus_imaging_bundle/ORIGA/Masks/149.png,ORIGA_149,train
glaucoma_fundus_imaging_bundle,ORIGA,150,data/external/kaggle/glaucoma_fundus_imaging_bundle/ORIGA/Images/150.jpg,data/external/kaggle/glaucoma_fundus_imaging_bundle/ORIGA/Masks/150.png,ORIGA_150,train
glaucoma_fundus_imaging_bundle,ORIGA,151,data/external/kaggle/glaucoma_fundus_imaging_bundle/ORIGA/Images/151.jpg,data/external/kaggle/glaucoma_fundus_imaging_bundle/ORIGA/Masks/151.png,ORIGA_151,train
glaucoma_fundus_imaging_bundle,ORIGA,152,data/external/kaggle/glaucoma_fundus_imaging_bundle/ORIGA/Images/152.jpg,data/external/kaggle/glaucoma_fundus_imaging_bundle/ORIGA/Masks/152.png,ORIGA_152,train
glaucoma_fundus_imaging_bundle,ORIGA,153,data/external/kaggle/glaucoma_fundus_imaging_bundle/ORIGA/Images/153.jpg,data/external/kaggle/glaucoma_fundus_imaging_bundle/ORIGA/Masks/153.png,ORIGA_153,train
glaucoma_fundus_imaging_bundle,ORIGA,154,data/external/kaggle/glaucoma_fundus_imaging_bundle/ORIGA/Images/154.jpg,data/external/kaggle/glaucoma_fundus_imaging_bundle/ORIGA/Masks/154.png,ORIGA_154,val
glaucoma_fundus_imaging_bundle,ORIGA,155,data/external/kaggle/glaucoma_fundus_imaging_bundle/ORIGA/Images/155.jpg,data/external/kaggle/glaucoma_fundus_imaging_bundle/ORIGA/Masks/155.png,ORIGA_155,train
glaucoma_fundus_imaging_bundle,ORIGA,156,data/external/kaggle/glaucoma_fundus_imaging_bundle/ORIGA/Images/156.jpg,data/external/kaggle/glaucoma_fundus_imaging_bundle/ORIGA/Masks/156.png,ORIGA_156,train
glaucoma_fundus_imaging_bundle,ORIGA,157,data/external/kaggle/glaucoma_fundus_imaging_bundle/ORIGA/Images/157.jpg,data/external/kaggle/glaucoma_fundus_imaging_bundle/ORIGA/Masks/157.png,ORIGA_157,train
glaucoma_fundus_imaging_bundle,ORIGA,158,data/external/kaggle/glaucoma_fundus_imaging_bundle/ORIGA/Images/158.jpg,data/external/kaggle/glaucoma_fundus_imaging_bundle/ORIGA/Masks/158.png,ORIGA_158,val
glaucoma_fundus_imaging_bundle,ORIGA,159,data/external/kaggle/glaucoma_fundus_imaging_bundle/ORIGA/Images/159.jpg,data/external/kaggle/glaucoma_fundus_imaging_bundle/ORIGA/Masks/159.png,ORIGA_159,train
glaucoma_fundus_imaging_bundle,ORIGA,160,data/external/kaggle/glaucoma_fundus_imaging_bundle/ORIGA/Images/160.jpg,data/external/kaggle/glaucoma_fundus_imaging_bundle/ORIGA/Masks/160.png,ORIGA_160,train
glaucoma_fundus_imaging_bundle,ORIGA,161,data/external/kaggle/glaucoma_fundus_imaging_bundle/ORIGA/Images/161.jpg,data/external/kaggle/glaucoma_fundus_imaging_bundle/ORIGA/Masks/161.png,ORIGA_161,train
glaucoma_fundus_imaging_bundle,ORIGA,162,data/external/kaggle/glaucoma_fundus_imaging_bundle/ORIGA/Images/162.jpg,data/external/kaggle/glaucoma_fundus_imaging_bundle/ORIGA/Masks/162.png,ORIGA_162,val
glaucoma_fundus_imaging_bundle,ORIGA,163,data/external/kaggle/glaucoma_fundus_imaging_bundle/ORIGA/Images/163.jpg,data/external/kaggle/glaucoma_fundus_imaging_bundle/ORIGA/Masks/163.png,ORIGA_163,train
glaucoma_fundus_imaging_bundle,ORIGA,164,data/external/kaggle/glaucoma_fundus_imaging_bundle/ORIGA/Images/164.jpg,data/external/kaggle/glaucoma_fundus_imaging_bundle/ORIGA/Masks/164.png,ORIGA_164,train
glaucoma_fundus_imaging_bundle,ORIGA,165,data/external/kaggle/glaucoma_fundus_imaging_bundle/ORIGA/Images/165.jpg,data/external/kaggle/glaucoma_fundus_imaging_bundle/ORIGA/Masks/165.png,ORIGA_165,train
glaucoma_fundus_imaging_bundle,ORIGA,166,data/external/kaggle/glaucoma_fundus_imaging_bundle/ORIGA/Images/166.jpg,data/external/kaggle/glaucoma_fundus_imaging_bundle/ORIGA/Masks/166.png,ORIGA_166,train
glaucoma_fundus_imaging_bundle,ORIGA,167,data/external/kaggle/glaucoma_fundus_imaging_bundle/ORIGA/Images/167.jpg,data/external/kaggle/glaucoma_fundus_imaging_bundle/ORIGA/Masks/167.png,ORIGA_167,train
glaucoma_fundus_imaging_bundle,ORIGA,168,data/external/kaggle/glaucoma_fundus_imaging_bundle/ORIGA/Images/168.jpg,data/external/kaggle/glaucoma_fundus_imaging_bundle/ORIGA/Masks/168.png,ORIGA_168,test
glaucoma_fundus_imaging_bundle,ORIGA,169,data/external/kaggle/glaucoma_fundus_imaging_bundle/ORIGA/Images/169.jpg,data/external/kaggle/glaucoma_fundus_imaging_bundle/ORIGA/Masks/169.png,ORIGA_169,train
glaucoma_fundus_imaging_bundle,ORIGA,170,data/external/kaggle/glaucoma_fundus_imaging_bundle/ORIGA/Images/170.jpg,data/external/kaggle/glaucoma_fundus_imaging_bundle/ORIGA/Masks/170.png,ORIGA_170,train
glaucoma_fundus_imaging_bundle,ORIGA,171,data/external/kaggle/glaucoma_fundus_imaging_bundle/ORIGA/Images/171.jpg,data/external/kaggle/glaucoma_fundus_imaging_bundle/ORIGA/Masks/171.png,ORIGA_171,test
glaucoma_fundus_imaging_bundle,ORIGA,172,data/external/kaggle/glaucoma_fundus_imaging_bundle/ORIGA/Images/172.jpg,data/external/kaggle/glaucoma_fundus_imaging_bundle/ORIGA/Masks/172.png,ORIGA_172,train
glaucoma_fundus_imaging_bundle,ORIGA,173,data/external/kaggle/glaucoma_fundus_imaging_bundle/ORIGA/Images/173.jpg,data/external/kaggle/glaucoma_fundus_imaging_bundle/ORIGA/Masks/173.png,ORIGA_173,train
glaucoma_fundus_imaging_bundle,ORIGA,174,data/external/kaggle/glaucoma_fundus_imaging_bundle/ORIGA/Images/174.jpg,data/external/kaggle/glaucoma_fundus_imaging_bundle/ORIGA/Masks/174.png,ORIGA_174,val
glaucoma_fundus_imaging_bundle,ORIGA,175,data/external/kaggle/glaucoma_fundus_imaging_bundle/ORIGA/Images/175.jpg,data/external/kaggle/glaucoma_fundus_imaging_bundle/ORIGA/Masks/175.png,ORIGA_175,train
glaucoma_fundus_imaging_bundle,ORIGA,176,data/external/kaggle/glaucoma_fundus_imaging_bundle/ORIGA/Images/176.jpg,data/external/kaggle/glaucoma_fundus_imaging_bundle/ORIGA/Masks/176.png,ORIGA_176,train
glaucoma_fundus_imaging_bundle,ORIGA,177,data/external/kaggle/glaucoma_fundus_imaging_bundle/ORIGA/Images/177.jpg,data/external/kaggle/glaucoma_fundus_imaging_bundle/ORIGA/Masks/177.png,ORIGA_177,train
glaucoma_fundus_imaging_bundle,ORIGA,178,data/external/kaggle/glaucoma_fundus_imaging_bundle/ORIGA/Images/178.jpg,data/external/kaggle/glaucoma_fundus_imaging_bundle/ORIGA/Masks/178.png,ORIGA_178,test
glaucoma_fundus_imaging_bundle,ORIGA,179,data/external/kaggle/glaucoma_fundus_imaging_bundle/ORIGA/Images/179.jpg,data/external/kaggle/glaucoma_fundus_imaging_bundle/ORIGA/Masks/179.png,ORIGA_179,train
glaucoma_fundus_imaging_bundle,ORIGA,180,data/external/kaggle/glaucoma_fundus_imaging_bundle/ORIGA/Images/180.jpg,data/external/kaggle/glaucoma_fundus_imaging_bundle/ORIGA/Masks/180.png,ORIGA_180,train
glaucoma_fundus_imaging_bundle,ORIGA,181,data/external/kaggle/glaucoma_fundus_imaging_bundle/ORIGA/Images/181.jpg,data/external/kaggle/glaucoma_fundus_imaging_bundle/ORIGA/Masks/181.png,ORIGA_181,train
glaucoma_fundus_imaging_bundle,ORIGA,182,data/external/kaggle/glaucoma_fundus_imaging_bundle/ORIGA/Images/182.jpg,data/external/kaggle/glaucoma_fundus_imaging_bundle/ORIGA/Masks/182.png,ORIGA_182,train
glaucoma_fundus_imaging_bundle,ORIGA,183,data/external/kaggle/glaucoma_fundus_imaging_bundle/ORIGA/Images/183.jpg,data/external/kaggle/glaucoma_fundus_imaging_bundle/ORIGA/Masks/183.png,ORIGA_183,test
glaucoma_fundus_imaging_bundle,ORIGA,184,data/external/kaggle/glaucoma_fundus_imaging_bundle/ORIGA/Images/184.jpg,data/external/kaggle/glaucoma_fundus_imaging_bundle/ORIGA/Masks/184.png,ORIGA_184,train
glaucoma_fundus_imaging_bundle,ORIGA,185,data/external/kaggle/glaucoma_fundus_imaging_bundle/ORIGA/Images/185.jpg,data/external/kaggle/glaucoma_fundus_imaging_bundle/ORIGA/Masks/185.png,ORIGA_185,train
glaucoma_fundus_imaging_bundle,ORIGA,186,data/external/kaggle/glaucoma_fundus_imaging_bundle/ORIGA/Images/186.jpg,data/external/kaggle/glaucoma_fundus_imaging_bundle/ORIGA/Masks/186.png,ORIGA_186,train
glaucoma_fundus_imaging_bundle,ORIGA,187,data/external/kaggle/glaucoma_fundus_imaging_bundle/ORIGA/Images/187.jpg,data/external/kaggle/glaucoma_fundus_imaging_bundle/ORIGA/Masks/187.png,ORIGA_187,val
glaucoma_fundus_imaging_bundle,ORIGA,188,data/external/kaggle/glaucoma_fundus_imaging_bundle/ORIGA/Images/188.jpg,data/external/kaggle/glaucoma_fundus_imaging_bundle/ORIGA/Masks/188.png,ORIGA_188,test
glaucoma_fundus_imaging_bundle,ORIGA,189,data/external/kaggle/glaucoma_fundus_imaging_bundle/ORIGA/Images/189.jpg,data/external/kaggle/glaucoma_fundus_imaging_bundle/ORIGA/Masks/189.png,ORIGA_189,test
glaucoma_fundus_imaging_bundle,ORIGA,190,data/external/kaggle/glaucoma_fundus_imaging_bundle/ORIGA/Images/190.jpg,data/external/kaggle/glaucoma_fundus_imaging_bundle/ORIGA/Masks/190.png,ORIGA_190,test
glaucoma_fundus_imaging_bundle,ORIGA,191,data/external/kaggle/glaucoma_fundus_imaging_bundle/ORIGA/Images/191.jpg,data/external/kaggle/glaucoma_fundus_imaging_bundle/ORIGA/Masks/191.png,ORIGA_191,val
glaucoma_fundus_imaging_bundle,ORIGA,192,data/external/kaggle/glaucoma_fundus_imaging_bundle/ORIGA/Images/192.jpg,data/external/kaggle/glaucoma_fundus_imaging_bundle/ORIGA/Masks/192.png,ORIGA_192,train
glaucoma_fundus_imaging_bundle,ORIGA,193,data/external/kaggle/glaucoma_fundus_imaging_bundle/ORIGA/Images/193.jpg,data/external/kaggle/glaucoma_fundus_imaging_bundle/ORIGA/Masks/193.png,ORIGA_193,train
glaucoma_fundus_imaging_bundle,ORIGA,194,data/external/kaggle/glaucoma_fundus_imaging_bundle/ORIGA/Images/194.jpg,data/external/kaggle/glaucoma_fundus_imaging_bundle/ORIGA/Masks/194.png,ORIGA_194,train
glaucoma_fundus_imaging_bundle,ORIGA,195,data/external/kaggle/glaucoma_fundus_imaging_bundle/ORIGA/Images/195.jpg,data/external/kaggle/glaucoma_fundus_imaging_bundle/ORIGA/Masks/195.png,ORIGA_195,train
glaucoma_fundus_imaging_bundle,ORIGA,196,data/external/kaggle/glaucoma_fundus_imaging_bundle/ORIGA/Images/196.jpg,data/external/kaggle/glaucoma_fundus_imaging_bundle/ORIGA/Masks/196.png,ORIGA_196,test
glaucoma_fundus_imaging_bundle,ORIGA,197,data/external/kaggle/glaucoma_fundus_imaging_bundle/ORIGA/Images/197.jpg,data/external/kaggle/glaucoma_fundus_imaging_bundle/ORIGA/Masks/197.png,ORIGA_197,train
glaucoma_fundus_imaging_bundle,ORIGA,198,data/external/kaggle/glaucoma_fundus_imaging_bundle/ORIGA/Images/198.jpg,data/external/kaggle/glaucoma_fundus_imaging_bundle/ORIGA/Masks/198.png,ORIGA_198,train
glaucoma_fundus_imaging_bundle,ORIGA,199,data/external/kaggle/glaucoma_fundus_imaging_bundle/ORIGA/Images/199.jpg,data/external/kaggle/glaucoma_fundus_imaging_bundle/ORIGA/Masks/199.png,ORIGA_199,train
glaucoma_fundus_imaging_bundle,ORIGA,200,data/external/kaggle/glaucoma_fundus_imaging_bundle/ORIGA/Images/200.jpg,data/external/kaggle/glaucoma_fundus_imaging_bundle/ORIGA/Masks/200.png,ORIGA_200,train
glaucoma_fundus_imaging_bundle,ORIGA,201,data/external/kaggle/glaucoma_fundus_imaging_bundle/ORIGA/Images/201.jpg,data/external/kaggle/glaucoma_fundus_imaging_bundle/ORIGA/Masks/201.png,ORIGA_201,train
glaucoma_fundus_imaging_bundle,ORIGA,202,data/external/kaggle/glaucoma_fundus_imaging_bundle/ORIGA/Images/202.jpg,data/external/kaggle/glaucoma_fundus_imaging_bundle/ORIGA/Masks/202.png,ORIGA_202,train
glaucoma_fundus_imaging_bundle,ORIGA,203,data/external/kaggle/glaucoma_fundus_imaging_bundle/ORIGA/Images/203.jpg,data/external/kaggle/glaucoma_fundus_imaging_bundle/ORIGA/Masks/203.png,ORIGA_203,train
glaucoma_fundus_imaging_bundle,ORIGA,204,data/external/kaggle/glaucoma_fundus_imaging_bundle/ORIGA/Images/204.jpg,data/external/kaggle/glaucoma_fundus_imaging_bundle/ORIGA/Masks/204.png,ORIGA_204,train
glaucoma_fundus_imaging_bundle,ORIGA,205,data/external/kaggle/glaucoma_fundus_imaging_bundle/ORIGA/Images/205.jpg,data/external/kaggle/glaucoma_fundus_imaging_bundle/ORIGA/Masks/205.png,ORIGA_205,train
glaucoma_fundus_imaging_bundle,ORIGA,206,data/external/kaggle/glaucoma_fundus_imaging_bundle/ORIGA/Images/206.jpg,data/external/kaggle/glaucoma_fundus_imaging_bundle/ORIGA/Masks/206.png,ORIGA_206,val
glaucoma_fundus_imaging_bundle,ORIGA,207,data/external/kaggle/glaucoma_fundus_imaging_bundle/ORIGA/Images/207.jpg,data/external/kaggle/glaucoma_fundus_imaging_bundle/ORIGA/Masks/207.png,ORIGA_207,train
glaucoma_fundus_imaging_bundle,ORIGA,208,data/external/kaggle/glaucoma_fundus_imaging_bundle/ORIGA/Images/208.jpg,data/external/kaggle/glaucoma_fundus_imaging_bundle/ORIGA/Masks/208.png,ORIGA_208,val
glaucoma_fundus_imaging_bundle,ORIGA,209,data/external/kaggle/glaucoma_fundus_imaging_bundle/ORIGA/Images/209.jpg,data/external/kaggle/glaucoma_fundus_imaging_bundle/ORIGA/Masks/209.png,ORIGA_209,train
glaucoma_fundus_imaging_bundle,ORIGA,210,data/external/kaggle/glaucoma_fundus_imaging_bundle/ORIGA/Images/210.jpg,data/external/kaggle/glaucoma_fundus_imaging_bundle/ORIGA/Masks/210.png,ORIGA_210,train
glaucoma_fundus_imaging_bundle,ORIGA,211,data/external/kaggle/glaucoma_fundus_imaging_bundle/ORIGA/Images/211.jpg,data/external/kaggle/glaucoma_fundus_imaging_bundle/ORIGA/Masks/211.png,ORIGA_211,train
glaucoma_fundus_imaging_bundle,ORIGA,212,data/external/kaggle/glaucoma_fundus_imaging_bundle/ORIGA/Images/212.jpg,data/external/kaggle/glaucoma_fundus_imaging_bundle/ORIGA/Masks/212.png,ORIGA_212,train
glaucoma_fundus_imaging_bundle,ORIGA,213,data/external/kaggle/glaucoma_fundus_imaging_bundle/ORIGA/Images/213.jpg,data/external/kaggle/glaucoma_fundus_imaging_bundle/ORIGA/Masks/213.png,ORIGA_213,test
glaucoma_fundus_imaging_bundle,ORIGA,214,data/external/kaggle/glaucoma_fundus_imaging_bundle/ORIGA/Images/214.jpg,data/external/kaggle/glaucoma_fundus_imaging_bundle/ORIGA/Masks/214.png,ORIGA_214,train
glaucoma_fundus_imaging_bundle,ORIGA,215,data/external/kaggle/glaucoma_fundus_imaging_bundle/ORIGA/Images/215.jpg,data/external/kaggle/glaucoma_fundus_imaging_bundle/ORIGA/Masks/215.png,ORIGA_215,val
glaucoma_fundus_imaging_bundle,ORIGA,216,data/external/kaggle/glaucoma_fundus_imaging_bundle/ORIGA/Images/216.jpg,data/external/kaggle/glaucoma_fundus_imaging_bundle/ORIGA/Masks/216.png,ORIGA_216,train
glaucoma_fundus_imaging_bundle,ORIGA,217,data/external/kaggle/glaucoma_fundus_imaging_bundle/ORIGA/Images/217.jpg,data/external/kaggle/glaucoma_fundus_imaging_bundle/ORIGA/Masks/217.png,ORIGA_217,val
glaucoma_fundus_imaging_bundle,ORIGA,218,data/external/kaggle/glaucoma_fundus_imaging_bundle/ORIGA/Images/218.jpg,data/external/kaggle/glaucoma_fundus_imaging_bundle/ORIGA/Masks/218.png,ORIGA_218,train
glaucoma_fundus_imaging_bundle,ORIGA,219,data/external/kaggle/glaucoma_fundus_imaging_bundle/ORIGA/Images/219.jpg,data/external/kaggle/glaucoma_fundus_imaging_bundle/ORIGA/Masks/219.png,ORIGA_219,train
glaucoma_fundus_imaging_bundle,ORIGA,220,data/external/kaggle/glaucoma_fundus_imaging_bundle/ORIGA/Images/220.jpg,data/external/kaggle/glaucoma_fundus_imaging_bundle/ORIGA/Masks/220.png,ORIGA_220,train
glaucoma_fundus_imaging_bundle,ORIGA,221,data/external/kaggle/glaucoma_fundus_imaging_bundle/ORIGA/Images/221.jpg,data/external/kaggle/glaucoma_fundus_imaging_bundle/ORIGA/Masks/221.png,ORIGA_221,train
glaucoma_fundus_imaging_bundle,ORIGA,222,data/external/kaggle/glaucoma_fundus_imaging_bundle/ORIGA/Images/222.jpg,data/external/kaggle/glaucoma_fundus_imaging_bundle/ORIGA/Masks/222.png,ORIGA_222,test
glaucoma_fundus_imaging_bundle,ORIGA,223,data/external/kaggle/glaucoma_fundus_imaging_bundle/ORIGA/Images/223.jpg,data/external/kaggle/glaucoma_fundus_imaging_bundle/ORIGA/Masks/223.png,ORIGA_223,train
glaucoma_fundus_imaging_bundle,ORIGA,224,data/external/kaggle/glaucoma_fundus_imaging_bundle/ORIGA/Images/224.jpg,data/external/kaggle/glaucoma_fundus_imaging_bundle/ORIGA/Masks/224.png,ORIGA_224,val
glaucoma_fundus_imaging_bundle,ORIGA,225,data/external/kaggle/glaucoma_fundus_imaging_bundle/ORIGA/Images/225.jpg,data/external/kaggle/glaucoma_fundus_imaging_bundle/ORIGA/Masks/225.png,ORIGA_225,train
glaucoma_fundus_imaging_bundle,ORIGA,226,data/external/kaggle/glaucoma_fundus_imaging_bundle/ORIGA/Images/226.jpg,data/external/kaggle/glaucoma_fundus_imaging_bundle/ORIGA/Masks/226.png,ORIGA_226,train
glaucoma_fundus_imaging_bundle,ORIGA,227,data/external/kaggle/glaucoma_fundus_imaging_bundle/ORIGA/Images/227.jpg,data/external/kaggle/glaucoma_fundus_imaging_bundle/ORIGA/Masks/227.png,ORIGA_227,train
glaucoma_fundus_imaging_bundle,ORIGA,228,data/external/kaggle/glaucoma_fundus_imaging_bundle/ORIGA/Images/228.jpg,data/external/kaggle/glaucoma_fundus_imaging_bundle/ORIGA/Masks/228.png,ORIGA_228,val
glaucoma_fundus_imaging_bundle,ORIGA,229,data/external/kaggle/glaucoma_fundus_imaging_bundle/ORIGA/Images/229.jpg,data/external/kaggle/glaucoma_fundus_imaging_bundle/ORIGA/Masks/229.png,ORIGA_229,train
glaucoma_fundus_imaging_bundle,ORIGA,230,data/external/kaggle/glaucoma_fundus_imaging_bundle/ORIGA/Images/230.jpg,data/external/kaggle/glaucoma_fundus_imaging_bundle/ORIGA/Masks/230.png,ORIGA_230,train
glaucoma_fundus_imaging_bundle,ORIGA,231,data/external/kaggle/glaucoma_fundus_imaging_bundle/ORIGA/Images/231.jpg,data/external/kaggle/glaucoma_fundus_imaging_bundle/ORIGA/Masks/231.png,ORIGA_231,train
glaucoma_fundus_imaging_bundle,ORIGA,232,data/external/kaggle/glaucoma_fundus_imaging_bundle/ORIGA/Images/232.jpg,data/external/kaggle/glaucoma_fundus_imaging_bundle/ORIGA/Masks/232.png,ORIGA_232,train
glaucoma_fundus_imaging_bundle,ORIGA,233,data/external/kaggle/glaucoma_fundus_imaging_bundle/ORIGA/Images/233.jpg,data/external/kaggle/glaucoma_fundus_imaging_bundle/ORIGA/Masks/233.png,ORIGA_233,train
glaucoma_fundus_imaging_bundle,ORIGA,234,data/external/kaggle/glaucoma_fundus_imaging_bundle/ORIGA/Images/234.jpg,data/external/kaggle/glaucoma_fundus_imaging_bundle/ORIGA/Masks/234.png,ORIGA_234,train
glaucoma_fundus_imaging_bundle,ORIGA,235,data/external/kaggle/glaucoma_fundus_imaging_bundle/ORIGA/Images/235.jpg,data/external/kaggle/glaucoma_fundus_imaging_bundle/ORIGA/Masks/235.png,ORIGA_235,train
glaucoma_fundus_imaging_bundle,ORIGA,236,data/external/kaggle/glaucoma_fundus_imaging_bundle/ORIGA/Images/236.jpg,data/external/kaggle/glaucoma_fundus_imaging_bundle/ORIGA/Masks/236.png,ORIGA_236,train
glaucoma_fundus_imaging_bundle,ORIGA,237,data/external/kaggle/glaucoma_fundus_imaging_bundle/ORIGA/Images/237.jpg,data/external/kaggle/glaucoma_fundus_imaging_bundle/ORIGA/Masks/237.png,ORIGA_237,train
glaucoma_fundus_imaging_bundle,ORIGA,238,data/external/kaggle/glaucoma_fundus_imaging_bundle/ORIGA/Images/238.jpg,data/external/kaggle/glaucoma_fundus_imaging_bundle/ORIGA/Masks/238.png,ORIGA_238,train
glaucoma_fundus_imaging_bundle,ORIGA,239,data/external/kaggle/glaucoma_fundus_imaging_bundle/ORIGA/Images/239.jpg,data/external/kaggle/glaucoma_fundus_imaging_bundle/ORIGA/Masks/239.png,ORIGA_239,train
glaucoma_fundus_imaging_bundle,ORIGA,240,data/external/kaggle/glaucoma_fundus_imaging_bundle/ORIGA/Images/240.jpg,data/external/kaggle/glaucoma_fundus_imaging_bundle/ORIGA/Masks/240.png,ORIGA_240,train
glaucoma_fundus_imaging_bundle,ORIGA,241,data/external/kaggle/glaucoma_fundus_imaging_bundle/ORIGA/Images/241.jpg,data/external/kaggle/glaucoma_fundus_imaging_bundle/ORIGA/Masks/241.png,ORIGA_241,val
glaucoma_fundus_imaging_bundle,ORIGA,242,data/external/kaggle/glaucoma_fundus_imaging_bundle/ORIGA/Images/242.jpg,data/external/kaggle/glaucoma_fundus_imaging_bundle/ORIGA/Masks/242.png,ORIGA_242,train
glaucoma_fundus_imaging_bundle,ORIGA,243,data/external/kaggle/glaucoma_fundus_imaging_bundle/ORIGA/Images/243.jpg,data/external/kaggle/glaucoma_fundus_imaging_bundle/ORIGA/Masks/243.png,ORIGA_243,train
glaucoma_fundus_imaging_bundle,ORIGA,244,data/external/kaggle/glaucoma_fundus_imaging_bundle/ORIGA/Images/244.jpg,data/external/kaggle/glaucoma_fundus_imaging_bundle/ORIGA/Masks/244.png,ORIGA_244,train
glaucoma_fundus_imaging_bundle,ORIGA,245,data/external/kaggle/glaucoma_fundus_imaging_bundle/ORIGA/Images/245.jpg,data/external/kaggle/glaucoma_fundus_imaging_bundle/ORIGA/Masks/245.png,ORIGA_245,train
glaucoma_fundus_imaging_bundle,ORIGA,246,data/external/kaggle/glaucoma_fundus_imaging_bundle/ORIGA/Images/246.jpg,data/external/kaggle/glaucoma_fundus_imaging_bundle/ORIGA/Masks/246.png,ORIGA_246,train
glaucoma_fundus_imaging_bundle,ORIGA,247,data/external/kaggle/glaucoma_fundus_imaging_bundle/ORIGA/Images/247.jpg,data/external/kaggle/glaucoma_fundus_imaging_bundle/ORIGA/Masks/247.png,ORIGA_247,train
glaucoma_fundus_imaging_bundle,ORIGA,248,data/external/kaggle/glaucoma_fundus_imaging_bundle/ORIGA/Images/248.jpg,data/external/kaggle/glaucoma_fundus_imaging_bundle/ORIGA/Masks/248.png,ORIGA_248,train
glaucoma_fundus_imaging_bundle,ORIGA,249,data/external/kaggle/glaucoma_fundus_imaging_bundle/ORIGA/Images/249.jpg,data/external/kaggle/glaucoma_fundus_imaging_bundle/ORIGA/Masks/249.png,ORIGA_249,val
glaucoma_fundus_imaging_bundle,ORIGA,250,data/external/kaggle/glaucoma_fundus_imaging_bundle/ORIGA/Images/250.jpg,data/external/kaggle/glaucoma_fundus_imaging_bundle/ORIGA/Masks/250.png,ORIGA_250,train
glaucoma_fundus_imaging_bundle,ORIGA,251,data/external/kaggle/glaucoma_fundus_imaging_bundle/ORIGA/Images/251.jpg,data/external/kaggle/glaucoma_fundus_imaging_bundle/ORIGA/Masks/251.png,ORIGA_251,train
glaucoma_fundus_imaging_bundle,ORIGA,252,data/external/kaggle/glaucoma_fundus_imaging_bundle/ORIGA/Images/252.jpg,data/external/kaggle/glaucoma_fundus_imaging_bundle/ORIGA/Masks/252.png,ORIGA_252,val
glaucoma_fundus_imaging_bundle,ORIGA,253,data/external/kaggle/glaucoma_fundus_imaging_bundle/ORIGA/Images/253.jpg,data/external/kaggle/glaucoma_fundus_imaging_bundle/ORIGA/Masks/253.png,ORIGA_253,train
glaucoma_fundus_imaging_bundle,ORIGA,254,data/external/kaggle/glaucoma_fundus_imaging_bundle/ORIGA/Images/254.jpg,data/external/kaggle/glaucoma_fundus_imaging_bundle/ORIGA/Masks/254.png,ORIGA_254,train
glaucoma_fundus_imaging_bundle,ORIGA,255,data/external/kaggle/glaucoma_fundus_imaging_bundle/ORIGA/Images/255.jpg,data/external/kaggle/glaucoma_fundus_imaging_bundle/ORIGA/Masks/255.png,ORIGA_255,train
glaucoma_fundus_imaging_bundle,ORIGA,256,data/external/kaggle/glaucoma_fundus_imaging_bundle/ORIGA/Images/256.jpg,data/external/kaggle/glaucoma_fundus_imaging_bundle/ORIGA/Masks/256.png,ORIGA_256,train
glaucoma_fundus_imaging_bundle,ORIGA,257,data/external/kaggle/glaucoma_fundus_imaging_bundle/ORIGA/Images/257.jpg,data/external/kaggle/glaucoma_fundus_imaging_bundle/ORIGA/Masks/257.png,ORIGA_257,train
glaucoma_fundus_imaging_bundle,ORIGA,258,data/external/kaggle/glaucoma_fundus_imaging_bundle/ORIGA/Images/258.jpg,data/external/kaggle/glaucoma_fundus_imaging_bundle/ORIGA/Masks/258.png,ORIGA_258,val
glaucoma_fundus_imaging_bundle,ORIGA,259,data/external/kaggle/glaucoma_fundus_imaging_bundle/ORIGA/Images/259.jpg,data/external/kaggle/glaucoma_fundus_imaging_bundle/ORIGA/Masks/259.png,ORIGA_259,train
glaucoma_fundus_imaging_bundle,ORIGA,260,data/external/kaggle/glaucoma_fundus_imaging_bundle/ORIGA/Images/260.jpg,data/external/kaggle/glaucoma_fundus_imaging_bundle/ORIGA/Masks/260.png,ORIGA_260,train
glaucoma_fundus_imaging_bundle,ORIGA,261,data/external/kaggle/glaucoma_fundus_imaging_bundle/ORIGA/Images/261.jpg,data/external/kaggle/glaucoma_fundus_imaging_bundle/ORIGA/Masks/261.png,ORIGA_261,train
glaucoma_fundus_imaging_bundle,ORIGA,262,data/external/kaggle/glaucoma_fundus_imaging_bundle/ORIGA/Images/262.jpg,data/external/kaggle/glaucoma_fundus_imaging_bundle/ORIGA/Masks/262.png,ORIGA_262,train
glaucoma_fundus_imaging_bundle,ORIGA,263,data/external/kaggle/glaucoma_fundus_imaging_bundle/ORIGA/Images/263.jpg,data/external/kaggle/glaucoma_fundus_imaging_bundle/ORIGA/Masks/263.png,ORIGA_263,train
glaucoma_fundus_imaging_bundle,ORIGA,264,data/external/kaggle/glaucoma_fundus_imaging_bundle/ORIGA/Images/264.jpg,data/external/kaggle/glaucoma_fundus_imaging_bundle/ORIGA/Masks/264.png,ORIGA_264,val
glaucoma_fundus_imaging_bundle,ORIGA,265,data/external/kaggle/glaucoma_fundus_imaging_bundle/ORIGA/Images/265.jpg,data/external/kaggle/glaucoma_fundus_imaging_bundle/ORIGA/Masks/265.png,ORIGA_265,train
glaucoma_fundus_imaging_bundle,ORIGA,266,data/external/kaggle/glaucoma_fundus_imaging_bundle/ORIGA/Images/266.jpg,data/external/kaggle/glaucoma_fundus_imaging_bundle/ORIGA/Masks/266.png,ORIGA_266,train
glaucoma_fundus_imaging_bundle,ORIGA,267,data/external/kaggle/glaucoma_fundus_imaging_bundle/ORIGA/Images/267.jpg,data/external/kaggle/glaucoma_fundus_imaging_bundle/ORIGA/Masks/267.png,ORIGA_267,val
glaucoma_fundus_imaging_bundle,ORIGA,268,data/external/kaggle/glaucoma_fundus_imaging_bundle/ORIGA/Images/268.jpg,data/external/kaggle/glaucoma_fundus_imaging_bundle/ORIGA/Masks/268.png,ORIGA_268,val
glaucoma_fundus_imaging_bundle,ORIGA,269,data/external/kaggle/glaucoma_fundus_imaging_bundle/ORIGA/Images/269.jpg,data/external/kaggle/glaucoma_fundus_imaging_bundle/ORIGA/Masks/269.png,ORIGA_269,train
glaucoma_fundus_imaging_bundle,ORIGA,270,data/external/kaggle/glaucoma_fundus_imaging_bundle/ORIGA/Images/270.jpg,data/external/kaggle/glaucoma_fundus_imaging_bundle/ORIGA/Masks/270.png,ORIGA_270,train
glaucoma_fundus_imaging_bundle,ORIGA,271,data/external/kaggle/glaucoma_fundus_imaging_bundle/ORIGA/Images/271.jpg,data/external/kaggle/glaucoma_fundus_imaging_bundle/ORIGA/Masks/271.png,ORIGA_271,val
glaucoma_fundus_imaging_bundle,ORIGA,272,data/external/kaggle/glaucoma_fundus_imaging_bundle/ORIGA/Images/272.jpg,data/external/kaggle/glaucoma_fundus_imaging_bundle/ORIGA/Masks/272.png,ORIGA_272,train
glaucoma_fundus_imaging_bundle,ORIGA,273,data/external/kaggle/glaucoma_fundus_imaging_bundle/ORIGA/Images/273.jpg,data/external/kaggle/glaucoma_fundus_imaging_bundle/ORIGA/Masks/273.png,ORIGA_273,test
glaucoma_fundus_imaging_bundle,ORIGA,274,data/external/kaggle/glaucoma_fundus_imaging_bundle/ORIGA/Images/274.jpg,data/external/kaggle/glaucoma_fundus_imaging_bundle/ORIGA/Masks/274.png,ORIGA_274,train
glaucoma_fundus_imaging_bundle,ORIGA,275,data/external/kaggle/glaucoma_fundus_imaging_bundle/ORIGA/Images/275.jpg,data/external/kaggle/glaucoma_fundus_imaging_bundle/ORIGA/Masks/275.png,ORIGA_275,train
glaucoma_fundus_imaging_bundle,ORIGA,276,data/external/kaggle/glaucoma_fundus_imaging_bundle/ORIGA/Images/276.jpg,data/external/kaggle/glaucoma_fundus_imaging_bundle/ORIGA/Masks/276.png,ORIGA_276,test
glaucoma_fundus_imaging_bundle,ORIGA,277,data/external/kaggle/glaucoma_fundus_imaging_bundle/ORIGA/Images/277.jpg,data/external/kaggle/glaucoma_fundus_imaging_bundle/ORIGA/Masks/277.png,ORIGA_277,val
glaucoma_fundus_imaging_bundle,ORIGA,278,data/external/kaggle/glaucoma_fundus_imaging_bundle/ORIGA/Images/278.jpg,data/external/kaggle/glaucoma_fundus_imaging_bundle/ORIGA/Masks/278.png,ORIGA_278,test
glaucoma_fundus_imaging_bundle,ORIGA,279,data/external/kaggle/glaucoma_fundus_imaging_bundle/ORIGA/Images/279.jpg,data/external/kaggle/glaucoma_fundus_imaging_bundle/ORIGA/Masks/279.png,ORIGA_279,train
glaucoma_fundus_imaging_bundle,ORIGA,280,data/external/kaggle/glaucoma_fundus_imaging_bundle/ORIGA/Images/280.jpg,data/external/kaggle/glaucoma_fundus_imaging_bundle/ORIGA/Masks/280.png,ORIGA_280,test
glaucoma_fundus_imaging_bundle,ORIGA,281,data/external/kaggle/glaucoma_fundus_imaging_bundle/ORIGA/Images/281.jpg,data/external/kaggle/glaucoma_fundus_imaging_bundle/ORIGA/Masks/281.png,ORIGA_281,train
glaucoma_fundus_imaging_bundle,ORIGA,282,data/external/kaggle/glaucoma_fundus_imaging_bundle/ORIGA/Images/282.jpg,data/external/kaggle/glaucoma_fundus_imaging_bundle/ORIGA/Masks/282.png,ORIGA_282,train
glaucoma_fundus_imaging_bundle,ORIGA,283,data/external/kaggle/glaucoma_fundus_imaging_bundle/ORIGA/Images/283.jpg,data/external/kaggle/glaucoma_fundus_imaging_bundle/ORIGA/Masks/283.png,ORIGA_283,train
glaucoma_fundus_imaging_bundle,ORIGA,284,data/external/kaggle/glaucoma_fundus_imaging_bundle/ORIGA/Images/284.jpg,data/external/kaggle/glaucoma_fundus_imaging_bundle/ORIGA/Masks/284.png,ORIGA_284,train
glaucoma_fundus_imaging_bundle,ORIGA,285,data/external/kaggle/glaucoma_fundus_imaging_bundle/ORIGA/Images/285.jpg,data/external/kaggle/glaucoma_fundus_imaging_bundle/ORIGA/Masks/285.png,ORIGA_285,train
glaucoma_fundus_imaging_bundle,ORIGA,286,data/external/kaggle/glaucoma_fundus_imaging_bundle/ORIGA/Images/286.jpg,data/external/kaggle/glaucoma_fundus_imaging_bundle/ORIGA/Masks/286.png,ORIGA_286,train
glaucoma_fundus_imaging_bundle,ORIGA,287,data/external/kaggle/glaucoma_fundus_imaging_bundle/ORIGA/Images/287.jpg,data/external/kaggle/glaucoma_fundus_imaging_bundle/ORIGA/Masks/287.png,ORIGA_287,test
glaucoma_fundus_imaging_bundle,ORIGA,288,data/external/kaggle/glaucoma_fundus_imaging_bundle/ORIGA/Images/288.jpg,data/external/kaggle/glaucoma_fundus_imaging_bundle/ORIGA/Masks/288.png,ORIGA_288,test
glaucoma_fundus_imaging_bundle,ORIGA,289,data/external/kaggle/glaucoma_fundus_imaging_bundle/ORIGA/Images/289.jpg,data/external/kaggle/glaucoma_fundus_imaging_bundle/ORIGA/Masks/289.png,ORIGA_289,train
glaucoma_fundus_imaging_bundle,ORIGA,290,data/external/kaggle/glaucoma_fundus_imaging_bundle/ORIGA/Images/290.jpg,data/external/kaggle/glaucoma_fundus_imaging_bundle/ORIGA/Masks/290.png,ORIGA_290,train
glaucoma_fundus_imaging_bundle,ORIGA,291,data/external/kaggle/glaucoma_fundus_imaging_bundle/ORIGA/Images/291.jpg,data/external/kaggle/glaucoma_fundus_imaging_bundle/ORIGA/Masks/291.png,ORIGA_291,test
glaucoma_fundus_imaging_bundle,ORIGA,292,data/external/kaggle/glaucoma_fundus_imaging_bundle/ORIGA/Images/292.jpg,data/external/kaggle/glaucoma_fundus_imaging_bundle/ORIGA/Masks/292.png,ORIGA_292,train
glaucoma_fundus_imaging_bundle,ORIGA,293,data/external/kaggle/glaucoma_fundus_imaging_bundle/ORIGA/Images/293.jpg,data/external/kaggle/glaucoma_fundus_imaging_bundle/ORIGA/Masks/293.png,ORIGA_293,train
glaucoma_fundus_imaging_bundle,ORIGA,294,data/external/kaggle/glaucoma_fundus_imaging_bundle/ORIGA/Images/294.jpg,data/external/kaggle/glaucoma_fundus_imaging_bundle/ORIGA/Masks/294.png,ORIGA_294,train
glaucoma_fundus_imaging_bundle,ORIGA,295,data/external/kaggle/glaucoma_fundus_imaging_bundle/ORIGA/Images/295.jpg,data/external/kaggle/glaucoma_fundus_imaging_bundle/ORIGA/Masks/295.png,ORIGA_295,train
glaucoma_fundus_imaging_bundle,ORIGA,296,data/external/kaggle/glaucoma_fundus_imaging_bundle/ORIGA/Images/296.jpg,data/external/kaggle/glaucoma_fundus_imaging_bundle/ORIGA/Masks/296.png,ORIGA_296,train
glaucoma_fundus_imaging_bundle,ORIGA,297,data/external/kaggle/glaucoma_fundus_imaging_bundle/ORIGA/Images/297.jpg,data/external/kaggle/glaucoma_fundus_imaging_bundle/ORIGA/Masks/297.png,ORIGA_297,test
glaucoma_fundus_imaging_bundle,ORIGA,298,data/external/kaggle/glaucoma_fundus_imaging_bundle/ORIGA/Images/298.jpg,data/external/kaggle/glaucoma_fundus_imaging_bundle/ORIGA/Masks/298.png,ORIGA_298,val
glaucoma_fundus_imaging_bundle,ORIGA,299,data/external/kaggle/glaucoma_fundus_imaging_bundle/ORIGA/Images/299.jpg,data/external/kaggle/glaucoma_fundus_imaging_bundle/ORIGA/Masks/299.png,ORIGA_299,train
glaucoma_fundus_imaging_bundle,ORIGA,300,data/external/kaggle/glaucoma_fundus_imaging_bundle/ORIGA/Images/300.jpg,data/external/kaggle/glaucoma_fundus_imaging_bundle/ORIGA/Masks/300.png,ORIGA_300,train
glaucoma_fundus_imaging_bundle,ORIGA,301,data/external/kaggle/glaucoma_fundus_imaging_bundle/ORIGA/Images/301.jpg,data/external/kaggle/glaucoma_fundus_imaging_bundle/ORIGA/Masks/301.png,ORIGA_301,test
glaucoma_fundus_imaging_bundle,ORIGA,302,data/external/kaggle/glaucoma_fundus_imaging_bundle/ORIGA/Images/302.jpg,data/external/kaggle/glaucoma_fundus_imaging_bundle/ORIGA/Masks/302.png,ORIGA_302,test
glaucoma_fundus_imaging_bundle,ORIGA,303,data/external/kaggle/glaucoma_fundus_imaging_bundle/ORIGA/Images/303.jpg,data/external/kaggle/glaucoma_fundus_imaging_bundle/ORIGA/Masks/303.png,ORIGA_303,train
glaucoma_fundus_imaging_bundle,ORIGA,304,data/external/kaggle/glaucoma_fundus_imaging_bundle/ORIGA/Images/304.jpg,data/external/kaggle/glaucoma_fundus_imaging_bundle/ORIGA/Masks/304.png,ORIGA_304,test
glaucoma_fundus_imaging_bundle,ORIGA,305,data/external/kaggle/glaucoma_fundus_imaging_bundle/ORIGA/Images/305.jpg,data/external/kaggle/glaucoma_fundus_imaging_bundle/ORIGA/Masks/305.png,ORIGA_305,train
glaucoma_fundus_imaging_bundle,ORIGA,306,data/external/kaggle/glaucoma_fundus_imaging_bundle/ORIGA/Images/306.jpg,data/external/kaggle/glaucoma_fundus_imaging_bundle/ORIGA/Masks/306.png,ORIGA_306,train
glaucoma_fundus_imaging_bundle,ORIGA,307,data/external/kaggle/glaucoma_fundus_imaging_bundle/ORIGA/Images/307.jpg,data/external/kaggle/glaucoma_fundus_imaging_bundle/ORIGA/Masks/307.png,ORIGA_307,train
glaucoma_fundus_imaging_bundle,ORIGA,308,data/external/kaggle/glaucoma_fundus_imaging_bundle/ORIGA/Images/308.jpg,data/external/kaggle/glaucoma_fundus_imaging_bundle/ORIGA/Masks/308.png,ORIGA_308,train
glaucoma_fundus_imaging_bundle,ORIGA,309,data/external/kaggle/glaucoma_fundus_imaging_bundle/ORIGA/Images/309.jpg,data/external/kaggle/glaucoma_fundus_imaging_bundle/ORIGA/Masks/309.png,ORIGA_309,train
glaucoma_fundus_imaging_bundle,ORIGA,310,data/external/kaggle/glaucoma_fundus_imaging_bundle/ORIGA/Images/310.jpg,data/external/kaggle/glaucoma_fundus_imaging_bundle/ORIGA/Masks/310.png,ORIGA_310,train
glaucoma_fundus_imaging_bundle,ORIGA,311,data/external/kaggle/glaucoma_fundus_imaging_bundle/ORIGA/Images/311.jpg,data/external/kaggle/glaucoma_fundus_imaging_bundle/ORIGA/Masks/311.png,ORIGA_311,train
glaucoma_fundus_imaging_bundle,ORIGA,312,data/external/kaggle/glaucoma_fundus_imaging_bundle/ORIGA/Images/312.jpg,data/external/kaggle/glaucoma_fundus_imaging_bundle/ORIGA/Masks/312.png,ORIGA_312,val
glaucoma_fundus_imaging_bundle,ORIGA,313,data/external/kaggle/glaucoma_fundus_imaging_bundle/ORIGA/Images/313.jpg,data/external/kaggle/glaucoma_fundus_imaging_bundle/ORIGA/Masks/313.png,ORIGA_313,train
glaucoma_fundus_imaging_bundle,ORIGA,314,data/external/kaggle/glaucoma_fundus_imaging_bundle/ORIGA/Images/314.jpg,data/external/kaggle/glaucoma_fundus_imaging_bundle/ORIGA/Masks/314.png,ORIGA_314,test
glaucoma_fundus_imaging_bundle,ORIGA,315,data/external/kaggle/glaucoma_fundus_imaging_bundle/ORIGA/Images/315.jpg,data/external/kaggle/glaucoma_fundus_imaging_bundle/ORIGA/Masks/315.png,ORIGA_315,test
glaucoma_fundus_imaging_bundle,ORIGA,316,data/external/kaggle/glaucoma_fundus_imaging_bundle/ORIGA/Images/316.jpg,data/external/kaggle/glaucoma_fundus_imaging_bundle/ORIGA/Masks/316.png,ORIGA_316,train
glaucoma_fundus_imaging_bundle,ORIGA,317,data/external/kaggle/glaucoma_fundus_imaging_bundle/ORIGA/Images/317.jpg,data/external/kaggle/glaucoma_fundus_imaging_bundle/ORIGA/Masks/317.png,ORIGA_317,val
glaucoma_fundus_imaging_bundle,ORIGA,318,data/external/kaggle/glaucoma_fundus_imaging_bundle/ORIGA/Images/318.jpg,data/external/kaggle/glaucoma_fundus_imaging_bundle/ORIGA/Masks/318.png,ORIGA_318,test
glaucoma_fundus_imaging_bundle,ORIGA,319,data/external/kaggle/glaucoma_fundus_imaging_bundle/ORIGA/Images/319.jpg,data/external/kaggle/glaucoma_fundus_imaging_bundle/ORIGA/Masks/319.png,ORIGA_319,train
glaucoma_fundus_imaging_bundle,ORIGA,320,data/external/kaggle/glaucoma_fundus_imaging_bundle/ORIGA/Images/320.jpg,data/external/kaggle/glaucoma_fundus_imaging_bundle/ORIGA/Masks/320.png,ORIGA_320,train
glaucoma_fundus_imaging_bundle,ORIGA,321,data/external/kaggle/glaucoma_fundus_imaging_bundle/ORIGA/Images/321.jpg,data/external/kaggle/glaucoma_fundus_imaging_bundle/ORIGA/Masks/321.png,ORIGA_321,train
glaucoma_fundus_imaging_bundle,ORIGA,322,data/external/kaggle/glaucoma_fundus_imaging_bundle/ORIGA/Images/322.jpg,data/external/kaggle/glaucoma_fundus_imaging_bundle/ORIGA/Masks/322.png,ORIGA_322,train
glaucoma_fundus_imaging_bundle,ORIGA,323,data/external/kaggle/glaucoma_fundus_imaging_bundle/ORIGA/Images/323.jpg,data/external/kaggle/glaucoma_fundus_imaging_bundle/ORIGA/Masks/323.png,ORIGA_323,train
glaucoma_fundus_imaging_bundle,ORIGA,324,data/external/kaggle/glaucoma_fundus_imaging_bundle/ORIGA/Images/324.jpg,data/external/kaggle/glaucoma_fundus_imaging_bundle/ORIGA/Masks/324.png,ORIGA_324,val
glaucoma_fundus_imaging_bundle,ORIGA,325,data/external/kaggle/glaucoma_fundus_imaging_bundle/ORIGA/Images/325.jpg,data/external/kaggle/glaucoma_fundus_imaging_bundle/ORIGA/Masks/325.png,ORIGA_325,train
glaucoma_fundus_imaging_bundle,ORIGA,326,data/external/kaggle/glaucoma_fundus_imaging_bundle/ORIGA/Images/326.jpg,data/external/kaggle/glaucoma_fundus_imaging_bundle/ORIGA/Masks/326.png,ORIGA_326,train
glaucoma_fundus_imaging_bundle,ORIGA,327,data/external/kaggle/glaucoma_fundus_imaging_bundle/ORIGA/Images/327.jpg,data/external/kaggle/glaucoma_fundus_imaging_bundle/ORIGA/Masks/327.png,ORIGA_327,train
glaucoma_fundus_imaging_bundle,ORIGA,328,data/external/kaggle/glaucoma_fundus_imaging_bundle/ORIGA/Images/328.jpg,data/external/kaggle/glaucoma_fundus_imaging_bundle/ORIGA/Masks/328.png,ORIGA_328,train
glaucoma_fundus_imaging_bundle,ORIGA,329,data/external/kaggle/glaucoma_fundus_imaging_bundle/ORIGA/Images/329.jpg,data/external/kaggle/glaucoma_fundus_imaging_bundle/ORIGA/Masks/329.png,ORIGA_329,train
glaucoma_fundus_imaging_bundle,ORIGA,330,data/external/kaggle/glaucoma_fundus_imaging_bundle/ORIGA/Images/330.jpg,data/external/kaggle/glaucoma_fundus_imaging_bundle/ORIGA/Masks/330.png,ORIGA_330,test
glaucoma_fundus_imaging_bundle,ORIGA,331,data/external/kaggle/glaucoma_fundus_imaging_bundle/ORIGA/Images/331.jpg,data/external/kaggle/glaucoma_fundus_imaging_bundle/ORIGA/Masks/331.png,ORIGA_331,train
glaucoma_fundus_imaging_bundle,ORIGA,332,data/external/kaggle/glaucoma_fundus_imaging_bundle/ORIGA/Images/332.jpg,data/external/kaggle/glaucoma_fundus_imaging_bundle/ORIGA/Masks/332.png,ORIGA_332,train
glaucoma_fundus_imaging_bundle,ORIGA,333,data/external/kaggle/glaucoma_fundus_imaging_bundle/ORIGA/Images/333.jpg,data/external/kaggle/glaucoma_fundus_imaging_bundle/ORIGA/Masks/333.png,ORIGA_333,test
glaucoma_fundus_imaging_bundle,ORIGA,334,data/external/kaggle/glaucoma_fundus_imaging_bundle/ORIGA/Images/334.jpg,data/external/kaggle/glaucoma_fundus_imaging_bundle/ORIGA/Masks/334.png,ORIGA_334,test
glaucoma_fundus_imaging_bundle,ORIGA,335,data/external/kaggle/glaucoma_fundus_imaging_bundle/ORIGA/Images/335.jpg,data/external/kaggle/glaucoma_fundus_imaging_bundle/ORIGA/Masks/335.png,ORIGA_335,train
glaucoma_fundus_imaging_bundle,ORIGA,336,data/external/kaggle/glaucoma_fundus_imaging_bundle/ORIGA/Images/336.jpg,data/external/kaggle/glaucoma_fundus_imaging_bundle/ORIGA/Masks/336.png,ORIGA_336,val
glaucoma_fundus_imaging_bundle,ORIGA,337,data/external/kaggle/glaucoma_fundus_imaging_bundle/ORIGA/Images/337.jpg,data/external/kaggle/glaucoma_fundus_imaging_bundle/ORIGA/Masks/337.png,ORIGA_337,train
glaucoma_fundus_imaging_bundle,ORIGA,338,data/external/kaggle/glaucoma_fundus_imaging_bundle/ORIGA/Images/338.jpg,data/external/kaggle/glaucoma_fundus_imaging_bundle/ORIGA/Masks/338.png,ORIGA_338,val
glaucoma_fundus_imaging_bundle,ORIGA,339,data/external/kaggle/glaucoma_fundus_imaging_bundle/ORIGA/Images/339.jpg,data/external/kaggle/glaucoma_fundus_imaging_bundle/ORIGA/Masks/339.png,ORIGA_339,train
glaucoma_fundus_imaging_bundle,ORIGA,340,data/external/kaggle/glaucoma_fundus_imaging_bundle/ORIGA/Images/340.jpg,data/external/kaggle/glaucoma_fundus_imaging_bundle/ORIGA/Masks/340.png,ORIGA_340,test
glaucoma_fundus_imaging_bundle,ORIGA,341,data/external/kaggle/glaucoma_fundus_imaging_bundle/ORIGA/Images/341.jpg,data/external/kaggle/glaucoma_fundus_imaging_bundle/ORIGA/Masks/341.png,ORIGA_341,train
glaucoma_fundus_imaging_bundle,ORIGA,342,data/external/kaggle/glaucoma_fundus_imaging_bundle/ORIGA/Images/342.jpg,data/external/kaggle/glaucoma_fundus_imaging_bundle/ORIGA/Masks/342.png,ORIGA_342,train
glaucoma_fundus_imaging_bundle,ORIGA,343,data/external/kaggle/glaucoma_fundus_imaging_bundle/ORIGA/Images/343.jpg,data/external/kaggle/glaucoma_fundus_imaging_bundle/ORIGA/Masks/343.png,ORIGA_343,val
glaucoma_fundus_imaging_bundle,ORIGA,344,data/external/kaggle/glaucoma_fundus_imaging_bundle/ORIGA/Images/344.jpg,data/external/kaggle/glaucoma_fundus_imaging_bundle/ORIGA/Masks/344.png,ORIGA_344,train
glaucoma_fundus_imaging_bundle,ORIGA,345,data/external/kaggle/glaucoma_fundus_imaging_bundle/ORIGA/Images/345.jpg,data/external/kaggle/glaucoma_fundus_imaging_bundle/ORIGA/Masks/345.png,ORIGA_345,train
glaucoma_fundus_imaging_bundle,ORIGA,346,data/external/kaggle/glaucoma_fundus_imaging_bundle/ORIGA/Images/346.jpg,data/external/kaggle/glaucoma_fundus_imaging_bundle/ORIGA/Masks/346.png,ORIGA_346,train
glaucoma_fundus_imaging_bundle,ORIGA,347,data/external/kaggle/glaucoma_fundus_imaging_bundle/ORIGA/Images/347.jpg,data/external/kaggle/glaucoma_fundus_imaging_bundle/ORIGA/Masks/347.png,ORIGA_347,train
glaucoma_fundus_imaging_bundle,ORIGA,348,data/external/kaggle/glaucoma_fundus_imaging_bundle/ORIGA/Images/348.jpg,data/external/kaggle/glaucoma_fundus_imaging_bundle/ORIGA/Masks/348.png,ORIGA_348,val
glaucoma_fundus_imaging_bundle,ORIGA,349,data/external/kaggle/glaucoma_fundus_imaging_bundle/ORIGA/Images/349.jpg,data/external/kaggle/glaucoma_fundus_imaging_bundle/ORIGA/Masks/349.png,ORIGA_349,train
glaucoma_fundus_imaging_bundle,ORIGA,350,data/external/kaggle/glaucoma_fundus_imaging_bundle/ORIGA/Images/350.jpg,data/external/kaggle/glaucoma_fundus_imaging_bundle/ORIGA/Masks/350.png,ORIGA_350,test
glaucoma_fundus_imaging_bundle,ORIGA,351,data/external/kaggle/glaucoma_fundus_imaging_bundle/ORIGA/Images/351.jpg,data/external/kaggle/glaucoma_fundus_imaging_bundle/ORIGA/Masks/351.png,ORIGA_351,train
glaucoma_fundus_imaging_bundle,ORIGA,352,data/external/kaggle/glaucoma_fundus_imaging_bundle/ORIGA/Images/352.jpg,data/external/kaggle/glaucoma_fundus_imaging_bundle/ORIGA/Masks/352.png,ORIGA_352,train
glaucoma_fundus_imaging_bundle,ORIGA,353,data/external/kaggle/glaucoma_fundus_imaging_bundle/ORIGA/Images/353.jpg,data/external/kaggle/glaucoma_fundus_imaging_bundle/ORIGA/Masks/353.png,ORIGA_353,train
glaucoma_fundus_imaging_bundle,ORIGA,354,data/external/kaggle/glaucoma_fundus_imaging_bundle/ORIGA/Images/354.jpg,data/external/kaggle/glaucoma_fundus_imaging_bundle/ORIGA/Masks/354.png,ORIGA_354,train
glaucoma_fundus_imaging_bundle,ORIGA,355,data/external/kaggle/glaucoma_fundus_imaging_bundle/ORIGA/Images/355.jpg,data/external/kaggle/glaucoma_fundus_imaging_bundle/ORIGA/Masks/355.png,ORIGA_355,train
glaucoma_fundus_imaging_bundle,ORIGA,356,data/external/kaggle/glaucoma_fundus_imaging_bundle/ORIGA/Images/356.jpg,data/external/kaggle/glaucoma_fundus_imaging_bundle/ORIGA/Masks/356.png,ORIGA_356,train
glaucoma_fundus_imaging_bundle,ORIGA,357,data/external/kaggle/glaucoma_fundus_imaging_bundle/ORIGA/Images/357.jpg,data/external/kaggle/glaucoma_fundus_imaging_bundle/ORIGA/Masks/357.png,ORIGA_357,train
glaucoma_fundus_imaging_bundle,ORIGA,358,data/external/kaggle/glaucoma_fundus_imaging_bundle/ORIGA/Images/358.jpg,data/external/kaggle/glaucoma_fundus_imaging_bundle/ORIGA/Masks/358.png,ORIGA_358,train
glaucoma_fundus_imaging_bundle,ORIGA,359,data/external/kaggle/glaucoma_fundus_imaging_bundle/ORIGA/Images/359.jpg,data/external/kaggle/glaucoma_fundus_imaging_bundle/ORIGA/Masks/359.png,ORIGA_359,train
glaucoma_fundus_imaging_bundle,ORIGA,360,data/external/kaggle/glaucoma_fundus_imaging_bundle/ORIGA/Images/360.jpg,data/external/kaggle/glaucoma_fundus_imaging_bundle/ORIGA/Masks/360.png,ORIGA_360,test
glaucoma_fundus_imaging_bundle,ORIGA,361,data/external/kaggle/glaucoma_fundus_imaging_bundle/ORIGA/Images/361.jpg,data/external/kaggle/glaucoma_fundus_imaging_bundle/ORIGA/Masks/361.png,ORIGA_361,train
glaucoma_fundus_imaging_bundle,ORIGA,362,data/external/kaggle/glaucoma_fundus_imaging_bundle/ORIGA/Images/362.jpg,data/external/kaggle/glaucoma_fundus_imaging_bundle/ORIGA/Masks/362.png,ORIGA_362,train
glaucoma_fundus_imaging_bundle,ORIGA,363,data/external/kaggle/glaucoma_fundus_imaging_bundle/ORIGA/Images/363.jpg,data/external/kaggle/glaucoma_fundus_imaging_bundle/ORIGA/Masks/363.png,ORIGA_363,val
glaucoma_fundus_imaging_bundle,ORIGA,364,data/external/kaggle/glaucoma_fundus_imaging_bundle/ORIGA/Images/364.jpg,data/external/kaggle/glaucoma_fundus_imaging_bundle/ORIGA/Masks/364.png,ORIGA_364,train
glaucoma_fundus_imaging_bundle,ORIGA,365,data/external/kaggle/glaucoma_fundus_imaging_bundle/ORIGA/Images/365.jpg,data/external/kaggle/glaucoma_fundus_imaging_bundle/ORIGA/Masks/365.png,ORIGA_365,val
glaucoma_fundus_imaging_bundle,ORIGA,366,data/external/kaggle/glaucoma_fundus_imaging_bundle/ORIGA/Images/366.jpg,data/external/kaggle/glaucoma_fundus_imaging_bundle/ORIGA/Masks/366.png,ORIGA_366,train
glaucoma_fundus_imaging_bundle,ORIGA,367,data/external/kaggle/glaucoma_fundus_imaging_bundle/ORIGA/Images/367.jpg,data/external/kaggle/glaucoma_fundus_imaging_bundle/ORIGA/Masks/367.png,ORIGA_367,test
glaucoma_fundus_imaging_bundle,ORIGA,368,data/external/kaggle/glaucoma_fundus_imaging_bundle/ORIGA/Images/368.jpg,data/external/kaggle/glaucoma_fundus_imaging_bundle/ORIGA/Masks/368.png,ORIGA_368,train
glaucoma_fundus_imaging_bundle,ORIGA,369,data/external/kaggle/glaucoma_fundus_imaging_bundle/ORIGA/Images/369.jpg,data/external/kaggle/glaucoma_fundus_imaging_bundle/ORIGA/Masks/369.png,ORIGA_369,train
glaucoma_fundus_imaging_bundle,ORIGA,370,data/external/kaggle/glaucoma_fundus_imaging_bundle/ORIGA/Images/370.jpg,data/external/kaggle/glaucoma_fundus_imaging_bundle/ORIGA/Masks/370.png,ORIGA_370,val
glaucoma_fundus_imaging_bundle,ORIGA,371,data/external/kaggle/glaucoma_fundus_imaging_bundle/ORIGA/Images/371.jpg,data/external/kaggle/glaucoma_fundus_imaging_bundle/ORIGA/Masks/371.png,ORIGA_371,val
glaucoma_fundus_imaging_bundle,ORIGA,372,data/external/kaggle/glaucoma_fundus_imaging_bundle/ORIGA/Images/372.jpg,data/external/kaggle/glaucoma_fundus_imaging_bundle/ORIGA/Masks/372.png,ORIGA_372,train
glaucoma_fundus_imaging_bundle,ORIGA,373,data/external/kaggle/glaucoma_fundus_imaging_bundle/ORIGA/Images/373.jpg,data/external/kaggle/glaucoma_fundus_imaging_bundle/ORIGA/Masks/373.png,ORIGA_373,test
glaucoma_fundus_imaging_bundle,ORIGA,374,data/external/kaggle/glaucoma_fundus_imaging_bundle/ORIGA/Images/374.jpg,data/external/kaggle/glaucoma_fundus_imaging_bundle/ORIGA/Masks/374.png,ORIGA_374,train
glaucoma_fundus_imaging_bundle,ORIGA,375,data/external/kaggle/glaucoma_fundus_imaging_bundle/ORIGA/Images/375.jpg,data/external/kaggle/glaucoma_fundus_imaging_bundle/ORIGA/Masks/375.png,ORIGA_375,train
glaucoma_fundus_imaging_bundle,ORIGA,376,data/external/kaggle/glaucoma_fundus_imaging_bundle/ORIGA/Images/376.jpg,data/external/kaggle/glaucoma_fundus_imaging_bundle/ORIGA/Masks/376.png,ORIGA_376,test
glaucoma_fundus_imaging_bundle,ORIGA,377,data/external/kaggle/glaucoma_fundus_imaging_bundle/ORIGA/Images/377.jpg,data/external/kaggle/glaucoma_fundus_imaging_bundle/ORIGA/Masks/377.png,ORIGA_377,val
glaucoma_fundus_imaging_bundle,ORIGA,378,data/external/kaggle/glaucoma_fundus_imaging_bundle/ORIGA/Images/378.jpg,data/external/kaggle/glaucoma_fundus_imaging_bundle/ORIGA/Masks/378.png,ORIGA_378,train
glaucoma_fundus_imaging_bundle,ORIGA,379,data/external/kaggle/glaucoma_fundus_imaging_bundle/ORIGA/Images/379.jpg,data/external/kaggle/glaucoma_fundus_imaging_bundle/ORIGA/Masks/379.png,ORIGA_379,train
glaucoma_fundus_imaging_bundle,ORIGA,380,data/external/kaggle/glaucoma_fundus_imaging_bundle/ORIGA/Images/380.jpg,data/external/kaggle/glaucoma_fundus_imaging_bundle/ORIGA/Masks/380.png,ORIGA_380,train
glaucoma_fundus_imaging_bundle,ORIGA,381,data/external/kaggle/glaucoma_fundus_imaging_bundle/ORIGA/Images/381.jpg,data/external/kaggle/glaucoma_fundus_imaging_bundle/ORIGA/Masks/381.png,ORIGA_381,train
glaucoma_fundus_imaging_bundle,ORIGA,382,data/external/kaggle/glaucoma_fundus_imaging_bundle/ORIGA/Images/382.jpg,data/external/kaggle/glaucoma_fundus_imaging_bundle/ORIGA/Masks/382.png,ORIGA_382,val
glaucoma_fundus_imaging_bundle,ORIGA,383,data/external/kaggle/glaucoma_fundus_imaging_bundle/ORIGA/Images/383.jpg,data/external/kaggle/glaucoma_fundus_imaging_bundle/ORIGA/Masks/383.png,ORIGA_383,train
glaucoma_fundus_imaging_bundle,ORIGA,384,data/external/kaggle/glaucoma_fundus_imaging_bundle/ORIGA/Images/384.jpg,data/external/kaggle/glaucoma_fundus_imaging_bundle/ORIGA/Masks/384.png,ORIGA_384,train
glaucoma_fundus_imaging_bundle,ORIGA,385,data/external/kaggle/glaucoma_fundus_imaging_bundle/ORIGA/Images/385.jpg,data/external/kaggle/glaucoma_fundus_imaging_bundle/ORIGA/Masks/385.png,ORIGA_385,val
glaucoma_fundus_imaging_bundle,ORIGA,386,data/external/kaggle/glaucoma_fundus_imaging_bundle/ORIGA/Images/386.jpg,data/external/kaggle/glaucoma_fundus_imaging_bundle/ORIGA/Masks/386.png,ORIGA_386,test
glaucoma_fundus_imaging_bundle,ORIGA,387,data/external/kaggle/glaucoma_fundus_imaging_bundle/ORIGA/Images/387.jpg,data/external/kaggle/glaucoma_fundus_imaging_bundle/ORIGA/Masks/387.png,ORIGA_387,val
glaucoma_fundus_imaging_bundle,ORIGA,388,data/external/kaggle/glaucoma_fundus_imaging_bundle/ORIGA/Images/388.jpg,data/external/kaggle/glaucoma_fundus_imaging_bundle/ORIGA/Masks/388.png,ORIGA_388,train
glaucoma_fundus_imaging_bundle,ORIGA,389,data/external/kaggle/glaucoma_fundus_imaging_bundle/ORIGA/Images/389.jpg,data/external/kaggle/glaucoma_fundus_imaging_bundle/ORIGA/Masks/389.png,ORIGA_389,train
glaucoma_fundus_imaging_bundle,ORIGA,390,data/external/kaggle/glaucoma_fundus_imaging_bundle/ORIGA/Images/390.jpg,data/external/kaggle/glaucoma_fundus_imaging_bundle/ORIGA/Masks/390.png,ORIGA_390,val
glaucoma_fundus_imaging_bundle,ORIGA,391,data/external/kaggle/glaucoma_fundus_imaging_bundle/ORIGA/Images/391.jpg,data/external/kaggle/glaucoma_fundus_imaging_bundle/ORIGA/Masks/391.png,ORIGA_391,train
glaucoma_fundus_imaging_bundle,ORIGA,392,data/external/kaggle/glaucoma_fundus_imaging_bundle/ORIGA/Images/392.jpg,data/external/kaggle/glaucoma_fundus_imaging_bundle/ORIGA/Masks/392.png,ORIGA_392,train
glaucoma_fundus_imaging_bundle,ORIGA,393,data/external/kaggle/glaucoma_fundus_imaging_bundle/ORIGA/Images/393.jpg,data/external/kaggle/glaucoma_fundus_imaging_bundle/ORIGA/Masks/393.png,ORIGA_393,val
glaucoma_fundus_imaging_bundle,ORIGA,394,data/external/kaggle/glaucoma_fundus_imaging_bundle/ORIGA/Images/394.jpg,data/external/kaggle/glaucoma_fundus_imaging_bundle/ORIGA/Masks/394.png,ORIGA_394,train
glaucoma_fundus_imaging_bundle,ORIGA,395,data/external/kaggle/glaucoma_fundus_imaging_bundle/ORIGA/Images/395.jpg,data/external/kaggle/glaucoma_fundus_imaging_bundle/ORIGA/Masks/395.png,ORIGA_395,train
glaucoma_fundus_imaging_bundle,ORIGA,396,data/external/kaggle/glaucoma_fundus_imaging_bundle/ORIGA/Images/396.jpg,data/external/kaggle/glaucoma_fundus_imaging_bundle/ORIGA/Masks/396.png,ORIGA_396,train
glaucoma_fundus_imaging_bundle,ORIGA,397,data/external/kaggle/glaucoma_fundus_imaging_bundle/ORIGA/Images/397.jpg,data/external/kaggle/glaucoma_fundus_imaging_bundle/ORIGA/Masks/397.png,ORIGA_397,val
glaucoma_fundus_imaging_bundle,ORIGA,398,data/external/kaggle/glaucoma_fundus_imaging_bundle/ORIGA/Images/398.jpg,data/external/kaggle/glaucoma_fundus_imaging_bundle/ORIGA/Masks/398.png,ORIGA_398,val
glaucoma_fundus_imaging_bundle,ORIGA,399,data/external/kaggle/glaucoma_fundus_imaging_bundle/ORIGA/Images/399.jpg,data/external/kaggle/glaucoma_fundus_imaging_bundle/ORIGA/Masks/399.png,ORIGA_399,train
glaucoma_fundus_imaging_bundle,ORIGA,400,data/external/kaggle/glaucoma_fundus_imaging_bundle/ORIGA/Images/400.jpg,data/external/kaggle/glaucoma_fundus_imaging_bundle/ORIGA/Masks/400.png,ORIGA_400,train
glaucoma_fundus_imaging_bundle,ORIGA,401,data/external/kaggle/glaucoma_fundus_imaging_bundle/ORIGA/Images/401.jpg,data/external/kaggle/glaucoma_fundus_imaging_bundle/ORIGA/Masks/401.png,ORIGA_401,train
glaucoma_fundus_imaging_bundle,ORIGA,402,data/external/kaggle/glaucoma_fundus_imaging_bundle/ORIGA/Images/402.jpg,data/external/kaggle/glaucoma_fundus_imaging_bundle/ORIGA/Masks/402.png,ORIGA_402,train
glaucoma_fundus_imaging_bundle,ORIGA,403,data/external/kaggle/glaucoma_fundus_imaging_bundle/ORIGA/Images/403.jpg,data/external/kaggle/glaucoma_fundus_imaging_bundle/ORIGA/Masks/403.png,ORIGA_403,train
glaucoma_fundus_imaging_bundle,ORIGA,404,data/external/kaggle/glaucoma_fundus_imaging_bundle/ORIGA/Images/404.jpg,data/external/kaggle/glaucoma_fundus_imaging_bundle/ORIGA/Masks/404.png,ORIGA_404,test
glaucoma_fundus_imaging_bundle,ORIGA,405,data/external/kaggle/glaucoma_fundus_imaging_bundle/ORIGA/Images/405.jpg,data/external/kaggle/glaucoma_fundus_imaging_bundle/ORIGA/Masks/405.png,ORIGA_405,train
glaucoma_fundus_imaging_bundle,ORIGA,406,data/external/kaggle/glaucoma_fundus_imaging_bundle/ORIGA/Images/406.jpg,data/external/kaggle/glaucoma_fundus_imaging_bundle/ORIGA/Masks/406.png,ORIGA_406,train
glaucoma_fundus_imaging_bundle,ORIGA,407,data/external/kaggle/glaucoma_fundus_imaging_bundle/ORIGA/Images/407.jpg,data/external/kaggle/glaucoma_fundus_imaging_bundle/ORIGA/Masks/407.png,ORIGA_407,train
glaucoma_fundus_imaging_bundle,ORIGA,408,data/external/kaggle/glaucoma_fundus_imaging_bundle/ORIGA/Images/408.jpg,data/external/kaggle/glaucoma_fundus_imaging_bundle/ORIGA/Masks/408.png,ORIGA_408,val
glaucoma_fundus_imaging_bundle,ORIGA,409,data/external/kaggle/glaucoma_fundus_imaging_bundle/ORIGA/Images/409.jpg,data/external/kaggle/glaucoma_fundus_imaging_bundle/ORIGA/Masks/409.png,ORIGA_409,train
glaucoma_fundus_imaging_bundle,ORIGA,410,data/external/kaggle/glaucoma_fundus_imaging_bundle/ORIGA/Images/410.jpg,data/external/kaggle/glaucoma_fundus_imaging_bundle/ORIGA/Masks/410.png,ORIGA_410,train
glaucoma_fundus_imaging_bundle,ORIGA,411,data/external/kaggle/glaucoma_fundus_imaging_bundle/ORIGA/Images/411.jpg,data/external/kaggle/glaucoma_fundus_imaging_bundle/ORIGA/Masks/411.png,ORIGA_411,test
glaucoma_fundus_imaging_bundle,ORIGA,412,data/external/kaggle/glaucoma_fundus_imaging_bundle/ORIGA/Images/412.jpg,data/external/kaggle/glaucoma_fundus_imaging_bundle/ORIGA/Masks/412.png,ORIGA_412,val
glaucoma_fundus_imaging_bundle,ORIGA,413,data/external/kaggle/glaucoma_fundus_imaging_bundle/ORIGA/Images/413.jpg,data/external/kaggle/glaucoma_fundus_imaging_bundle/ORIGA/Masks/413.png,ORIGA_413,train
glaucoma_fundus_imaging_bundle,ORIGA,414,data/external/kaggle/glaucoma_fundus_imaging_bundle/ORIGA/Images/414.jpg,data/external/kaggle/glaucoma_fundus_imaging_bundle/ORIGA/Masks/414.png,ORIGA_414,train
glaucoma_fundus_imaging_bundle,ORIGA,415,data/external/kaggle/glaucoma_fundus_imaging_bundle/ORIGA/Images/415.jpg,data/external/kaggle/glaucoma_fundus_imaging_bundle/ORIGA/Masks/415.png,ORIGA_415,train
glaucoma_fundus_imaging_bundle,ORIGA,416,data/external/kaggle/glaucoma_fundus_imaging_bundle/ORIGA/Images/416.jpg,data/external/kaggle/glaucoma_fundus_imaging_bundle/ORIGA/Masks/416.png,ORIGA_416,val
glaucoma_fundus_imaging_bundle,ORIGA,417,data/external/kaggle/glaucoma_fundus_imaging_bundle/ORIGA/Images/417.jpg,data/external/kaggle/glaucoma_fundus_imaging_bundle/ORIGA/Masks/417.png,ORIGA_417,val
glaucoma_fundus_imaging_bundle,ORIGA,418,data/external/kaggle/glaucoma_fundus_imaging_bundle/ORIGA/Images/418.jpg,data/external/kaggle/glaucoma_fundus_imaging_bundle/ORIGA/Masks/418.png,ORIGA_418,train
glaucoma_fundus_imaging_bundle,ORIGA,419,data/external/kaggle/glaucoma_fundus_imaging_bundle/ORIGA/Images/419.jpg,data/external/kaggle/glaucoma_fundus_imaging_bundle/ORIGA/Masks/419.png,ORIGA_419,val
glaucoma_fundus_imaging_bundle,ORIGA,420,data/external/kaggle/glaucoma_fundus_imaging_bundle/ORIGA/Images/420.jpg,data/external/kaggle/glaucoma_fundus_imaging_bundle/ORIGA/Masks/420.png,ORIGA_420,train
glaucoma_fundus_imaging_bundle,ORIGA,421,data/external/kaggle/glaucoma_fundus_imaging_bundle/ORIGA/Images/421.jpg,data/external/kaggle/glaucoma_fundus_imaging_bundle/ORIGA/Masks/421.png,ORIGA_421,train
glaucoma_fundus_imaging_bundle,ORIGA,422,data/external/kaggle/glaucoma_fundus_imaging_bundle/ORIGA/Images/422.jpg,data/external/kaggle/glaucoma_fundus_imaging_bundle/ORIGA/Masks/422.png,ORIGA_422,train
glaucoma_fundus_imaging_bundle,ORIGA,423,data/external/kaggle/glaucoma_fundus_imaging_bundle/ORIGA/Images/423.jpg,data/external/kaggle/glaucoma_fundus_imaging_bundle/ORIGA/Masks/423.png,ORIGA_423,train
glaucoma_fundus_imaging_bundle,ORIGA,424,data/external/kaggle/glaucoma_fundus_imaging_bundle/ORIGA/Images/424.jpg,data/external/kaggle/glaucoma_fundus_imaging_bundle/ORIGA/Masks/424.png,ORIGA_424,train
glaucoma_fundus_imaging_bundle,ORIGA,425,data/external/kaggle/glaucoma_fundus_imaging_bundle/ORIGA/Images/425.jpg,data/external/kaggle/glaucoma_fundus_imaging_bundle/ORIGA/Masks/425.png,ORIGA_425,train
glaucoma_fundus_imaging_bundle,ORIGA,426,data/external/kaggle/glaucoma_fundus_imaging_bundle/ORIGA/Images/426.jpg,data/external/kaggle/glaucoma_fundus_imaging_bundle/ORIGA/Masks/426.png,ORIGA_426,train
glaucoma_fundus_imaging_bundle,ORIGA,427,data/external/kaggle/glaucoma_fundus_imaging_bundle/ORIGA/Images/427.jpg,data/external/kaggle/glaucoma_fundus_imaging_bundle/ORIGA/Masks/427.png,ORIGA_427,train
glaucoma_fundus_imaging_bundle,ORIGA,428,data/external/kaggle/glaucoma_fundus_imaging_bundle/ORIGA/Images/428.jpg,data/external/kaggle/glaucoma_fundus_imaging_bundle/ORIGA/Masks/428.png,ORIGA_428,train
glaucoma_fundus_imaging_bundle,ORIGA,429,data/external/kaggle/glaucoma_fundus_imaging_bundle/ORIGA/Images/429.jpg,data/external/kaggle/glaucoma_fundus_imaging_bundle/ORIGA/Masks/429.png,ORIGA_429,train
glaucoma_fundus_imaging_bundle,ORIGA,430,data/external/kaggle/glaucoma_fundus_imaging_bundle/ORIGA/Images/430.jpg,data/external/kaggle/glaucoma_fundus_imaging_bundle/ORIGA/Masks/430.png,ORIGA_430,train
glaucoma_fundus_imaging_bundle,ORIGA,431,data/external/kaggle/glaucoma_fundus_imaging_bundle/ORIGA/Images/431.jpg,data/external/kaggle/glaucoma_fundus_imaging_bundle/ORIGA/Masks/431.png,ORIGA_431,train
glaucoma_fundus_imaging_bundle,ORIGA,432,data/external/kaggle/glaucoma_fundus_imaging_bundle/ORIGA/Images/432.jpg,data/external/kaggle/glaucoma_fundus_imaging_bundle/ORIGA/Masks/432.png,ORIGA_432,train
glaucoma_fundus_imaging_bundle,ORIGA,433,data/external/kaggle/glaucoma_fundus_imaging_bundle/ORIGA/Images/433.jpg,data/external/kaggle/glaucoma_fundus_imaging_bundle/ORIGA/Masks/433.png,ORIGA_433,test
glaucoma_fundus_imaging_bundle,ORIGA,434,data/external/kaggle/glaucoma_fundus_imaging_bundle/ORIGA/Images/434.jpg,data/external/kaggle/glaucoma_fundus_imaging_bundle/ORIGA/Masks/434.png,ORIGA_434,train
glaucoma_fundus_imaging_bundle,ORIGA,435,data/external/kaggle/glaucoma_fundus_imaging_bundle/ORIGA/Images/435.jpg,data/external/kaggle/glaucoma_fundus_imaging_bundle/ORIGA/Masks/435.png,ORIGA_435,train
glaucoma_fundus_imaging_bundle,ORIGA,436,data/external/kaggle/glaucoma_fundus_imaging_bundle/ORIGA/Images/436.jpg,data/external/kaggle/glaucoma_fundus_imaging_bundle/ORIGA/Masks/436.png,ORIGA_436,train
glaucoma_fundus_imaging_bundle,ORIGA,437,data/external/kaggle/glaucoma_fundus_imaging_bundle/ORIGA/Images/437.jpg,data/external/kaggle/glaucoma_fundus_imaging_bundle/ORIGA/Masks/437.png,ORIGA_437,train
glaucoma_fundus_imaging_bundle,ORIGA,438,data/external/kaggle/glaucoma_fundus_imaging_bundle/ORIGA/Images/438.jpg,data/external/kaggle/glaucoma_fundus_imaging_bundle/ORIGA/Masks/438.png,ORIGA_438,test
glaucoma_fundus_imaging_bundle,ORIGA,439,data/external/kaggle/glaucoma_fundus_imaging_bundle/ORIGA/Images/439.jpg,data/external/kaggle/glaucoma_fundus_imaging_bundle/ORIGA/Masks/439.png,ORIGA_439,train
glaucoma_fundus_imaging_bundle,ORIGA,440,data/external/kaggle/glaucoma_fundus_imaging_bundle/ORIGA/Images/440.jpg,data/external/kaggle/glaucoma_fundus_imaging_bundle/ORIGA/Masks/440.png,ORIGA_440,train
glaucoma_fundus_imaging_bundle,ORIGA,441,data/external/kaggle/glaucoma_fundus_imaging_bundle/ORIGA/Images/441.jpg,data/external/kaggle/glaucoma_fundus_imaging_bundle/ORIGA/Masks/441.png,ORIGA_441,val
glaucoma_fundus_imaging_bundle,ORIGA,442,data/external/kaggle/glaucoma_fundus_imaging_bundle/ORIGA/Images/442.jpg,data/external/kaggle/glaucoma_fundus_imaging_bundle/ORIGA/Masks/442.png,ORIGA_442,train
glaucoma_fundus_imaging_bundle,ORIGA,443,data/external/kaggle/glaucoma_fundus_imaging_bundle/ORIGA/Images/443.jpg,data/external/kaggle/glaucoma_fundus_imaging_bundle/ORIGA/Masks/443.png,ORIGA_443,test
glaucoma_fundus_imaging_bundle,ORIGA,444,data/external/kaggle/glaucoma_fundus_imaging_bundle/ORIGA/Images/444.jpg,data/external/kaggle/glaucoma_fundus_imaging_bundle/ORIGA/Masks/444.png,ORIGA_444,train
glaucoma_fundus_imaging_bundle,ORIGA,445,data/external/kaggle/glaucoma_fundus_imaging_bundle/ORIGA/Images/445.jpg,data/external/kaggle/glaucoma_fundus_imaging_bundle/ORIGA/Masks/445.png,ORIGA_445,train
glaucoma_fundus_imaging_bundle,ORIGA,446,data/external/kaggle/glaucoma_fundus_imaging_bundle/ORIGA/Images/446.jpg,data/external/kaggle/glaucoma_fundus_imaging_bundle/ORIGA/Masks/446.png,ORIGA_446,train
glaucoma_fundus_imaging_bundle,ORIGA,447,data/external/kaggle/glaucoma_fundus_imaging_bundle/ORIGA/Images/447.jpg,data/external/kaggle/glaucoma_fundus_imaging_bundle/ORIGA/Masks/447.png,ORIGA_447,train
glaucoma_fundus_imaging_bundle,ORIGA,448,data/external/kaggle/glaucoma_fundus_imaging_bundle/ORIGA/Images/448.jpg,data/external/kaggle/glaucoma_fundus_imaging_bundle/ORIGA/Masks/448.png,ORIGA_448,train
glaucoma_fundus_imaging_bundle,ORIGA,449,data/external/kaggle/glaucoma_fundus_imaging_bundle/ORIGA/Images/449.jpg,data/external/kaggle/glaucoma_fundus_imaging_bundle/ORIGA/Masks/449.png,ORIGA_449,train
glaucoma_fundus_imaging_bundle,ORIGA,450,data/external/kaggle/glaucoma_fundus_imaging_bundle/ORIGA/Images/450.jpg,data/external/kaggle/glaucoma_fundus_imaging_bundle/ORIGA/Masks/450.png,ORIGA_450,train
glaucoma_fundus_imaging_bundle,ORIGA,451,data/external/kaggle/glaucoma_fundus_imaging_bundle/ORIGA/Images/451.jpg,data/external/kaggle/glaucoma_fundus_imaging_bundle/ORIGA/Masks/451.png,ORIGA_451,val
glaucoma_fundus_imaging_bundle,ORIGA,452,data/external/kaggle/glaucoma_fundus_imaging_bundle/ORIGA/Images/452.jpg,data/external/kaggle/glaucoma_fundus_imaging_bundle/ORIGA/Masks/452.png,ORIGA_452,test
glaucoma_fundus_imaging_bundle,ORIGA,453,data/external/kaggle/glaucoma_fundus_imaging_bundle/ORIGA/Images/453.jpg,data/external/kaggle/glaucoma_fundus_imaging_bundle/ORIGA/Masks/453.png,ORIGA_453,val
glaucoma_fundus_imaging_bundle,ORIGA,454,data/external/kaggle/glaucoma_fundus_imaging_bundle/ORIGA/Images/454.jpg,data/external/kaggle/glaucoma_fundus_imaging_bundle/ORIGA/Masks/454.png,ORIGA_454,val
glaucoma_fundus_imaging_bundle,ORIGA,455,data/external/kaggle/glaucoma_fundus_imaging_bundle/ORIGA/Images/455.jpg,data/external/kaggle/glaucoma_fundus_imaging_bundle/ORIGA/Masks/455.png,ORIGA_455,train
glaucoma_fundus_imaging_bundle,ORIGA,456,data/external/kaggle/glaucoma_fundus_imaging_bundle/ORIGA/Images/456.jpg,data/external/kaggle/glaucoma_fundus_imaging_bundle/ORIGA/Masks/456.png,ORIGA_456,train
glaucoma_fundus_imaging_bundle,ORIGA,457,data/external/kaggle/glaucoma_fundus_imaging_bundle/ORIGA/Images/457.jpg,data/external/kaggle/glaucoma_fundus_imaging_bundle/ORIGA/Masks/457.png,ORIGA_457,train
glaucoma_fundus_imaging_bundle,ORIGA,458,data/external/kaggle/glaucoma_fundus_imaging_bundle/ORIGA/Images/458.jpg,data/external/kaggle/glaucoma_fundus_imaging_bundle/ORIGA/Masks/458.png,ORIGA_458,train
glaucoma_fundus_imaging_bundle,ORIGA,459,data/external/kaggle/glaucoma_fundus_imaging_bundle/ORIGA/Images/459.jpg,data/external/kaggle/glaucoma_fundus_imaging_bundle/ORIGA/Masks/459.png,ORIGA_459,val
glaucoma_fundus_imaging_bundle,ORIGA,460,data/external/kaggle/glaucoma_fundus_imaging_bundle/ORIGA/Images/460.jpg,data/external/kaggle/glaucoma_fundus_imaging_bundle/ORIGA/Masks/460.png,ORIGA_460,train
glaucoma_fundus_imaging_bundle,ORIGA,461,data/external/kaggle/glaucoma_fundus_imaging_bundle/ORIGA/Images/461.jpg,data/external/kaggle/glaucoma_fundus_imaging_bundle/ORIGA/Masks/461.png,ORIGA_461,train
glaucoma_fundus_imaging_bundle,ORIGA,462,data/external/kaggle/glaucoma_fundus_imaging_bundle/ORIGA/Images/462.jpg,data/external/kaggle/glaucoma_fundus_imaging_bundle/ORIGA/Masks/462.png,ORIGA_462,train
glaucoma_fundus_imaging_bundle,ORIGA,463,data/external/kaggle/glaucoma_fundus_imaging_bundle/ORIGA/Images/463.jpg,data/external/kaggle/glaucoma_fundus_imaging_bundle/ORIGA/Masks/463.png,ORIGA_463,train
glaucoma_fundus_imaging_bundle,ORIGA,464,data/external/kaggle/glaucoma_fundus_imaging_bundle/ORIGA/Images/464.jpg,data/external/kaggle/glaucoma_fundus_imaging_bundle/ORIGA/Masks/464.png,ORIGA_464,train
glaucoma_fundus_imaging_bundle,ORIGA,465,data/external/kaggle/glaucoma_fundus_imaging_bundle/ORIGA/Images/465.jpg,data/external/kaggle/glaucoma_fundus_imaging_bundle/ORIGA/Masks/465.png,ORIGA_465,train
glaucoma_fundus_imaging_bundle,ORIGA,466,data/external/kaggle/glaucoma_fundus_imaging_bundle/ORIGA/Images/466.jpg,data/external/kaggle/glaucoma_fundus_imaging_bundle/ORIGA/Masks/466.png,ORIGA_466,val
glaucoma_fundus_imaging_bundle,ORIGA,467,data/external/kaggle/glaucoma_fundus_imaging_bundle/ORIGA/Images/467.jpg,data/external/kaggle/glaucoma_fundus_imaging_bundle/ORIGA/Masks/467.png,ORIGA_467,train
glaucoma_fundus_imaging_bundle,ORIGA,468,data/external/kaggle/glaucoma_fundus_imaging_bundle/ORIGA/Images/468.jpg,data/external/kaggle/glaucoma_fundus_imaging_bundle/ORIGA/Masks/468.png,ORIGA_468,train
glaucoma_fundus_imaging_bundle,ORIGA,469,data/external/kaggle/glaucoma_fundus_imaging_bundle/ORIGA/Images/469.jpg,data/external/kaggle/glaucoma_fundus_imaging_bundle/ORIGA/Masks/469.png,ORIGA_469,train
glaucoma_fundus_imaging_bundle,ORIGA,470,data/external/kaggle/glaucoma_fundus_imaging_bundle/ORIGA/Images/470.jpg,data/external/kaggle/glaucoma_fundus_imaging_bundle/ORIGA/Masks/470.png,ORIGA_470,train
glaucoma_fundus_imaging_bundle,ORIGA,471,data/external/kaggle/glaucoma_fundus_imaging_bundle/ORIGA/Images/471.jpg,data/external/kaggle/glaucoma_fundus_imaging_bundle/ORIGA/Masks/471.png,ORIGA_471,train
glaucoma_fundus_imaging_bundle,ORIGA,472,data/external/kaggle/glaucoma_fundus_imaging_bundle/ORIGA/Images/472.jpg,data/external/kaggle/glaucoma_fundus_imaging_bundle/ORIGA/Masks/472.png,ORIGA_472,train
glaucoma_fundus_imaging_bundle,ORIGA,473,data/external/kaggle/glaucoma_fundus_imaging_bundle/ORIGA/Images/473.jpg,data/external/kaggle/glaucoma_fundus_imaging_bundle/ORIGA/Masks/473.png,ORIGA_473,train
glaucoma_fundus_imaging_bundle,ORIGA,474,data/external/kaggle/glaucoma_fundus_imaging_bundle/ORIGA/Images/474.jpg,data/external/kaggle/glaucoma_fundus_imaging_bundle/ORIGA/Masks/474.png,ORIGA_474,train
glaucoma_fundus_imaging_bundle,ORIGA,475,data/external/kaggle/glaucoma_fundus_imaging_bundle/ORIGA/Images/475.jpg,data/external/kaggle/glaucoma_fundus_imaging_bundle/ORIGA/Masks/475.png,ORIGA_475,val
glaucoma_fundus_imaging_bundle,ORIGA,476,data/external/kaggle/glaucoma_fundus_imaging_bundle/ORIGA/Images/476.jpg,data/external/kaggle/glaucoma_fundus_imaging_bundle/ORIGA/Masks/476.png,ORIGA_476,test
glaucoma_fundus_imaging_bundle,ORIGA,477,data/external/kaggle/glaucoma_fundus_imaging_bundle/ORIGA/Images/477.jpg,data/external/kaggle/glaucoma_fundus_imaging_bundle/ORIGA/Masks/477.png,ORIGA_477,val
glaucoma_fundus_imaging_bundle,ORIGA,478,data/external/kaggle/glaucoma_fundus_imaging_bundle/ORIGA/Images/478.jpg,data/external/kaggle/glaucoma_fundus_imaging_bundle/ORIGA/Masks/478.png,ORIGA_478,train
glaucoma_fundus_imaging_bundle,ORIGA,479,data/external/kaggle/glaucoma_fundus_imaging_bundle/ORIGA/Images/479.jpg,data/external/kaggle/glaucoma_fundus_imaging_bundle/ORIGA/Masks/479.png,ORIGA_479,train
glaucoma_fundus_imaging_bundle,ORIGA,480,data/external/kaggle/glaucoma_fundus_imaging_bundle/ORIGA/Images/480.jpg,data/external/kaggle/glaucoma_fundus_imaging_bundle/ORIGA/Masks/480.png,ORIGA_480,train
glaucoma_fundus_imaging_bundle,ORIGA,481,data/external/kaggle/glaucoma_fundus_imaging_bundle/ORIGA/Images/481.jpg,data/external/kaggle/glaucoma_fundus_imaging_bundle/ORIGA/Masks/481.png,ORIGA_481,train
glaucoma_fundus_imaging_bundle,ORIGA,482,data/external/kaggle/glaucoma_fundus_imaging_bundle/ORIGA/Images/482.jpg,data/external/kaggle/glaucoma_fundus_imaging_bundle/ORIGA/Masks/482.png,ORIGA_482,val
glaucoma_fundus_imaging_bundle,ORIGA,483,data/external/kaggle/glaucoma_fundus_imaging_bundle/ORIGA/Images/483.jpg,data/external/kaggle/glaucoma_fundus_imaging_bundle/ORIGA/Masks/483.png,ORIGA_483,train
glaucoma_fundus_imaging_bundle,ORIGA,484,data/external/kaggle/glaucoma_fundus_imaging_bundle/ORIGA/Images/484.jpg,data/external/kaggle/glaucoma_fundus_imaging_bundle/ORIGA/Masks/484.png,ORIGA_484,test
glaucoma_fundus_imaging_bundle,ORIGA,485,data/external/kaggle/glaucoma_fundus_imaging_bundle/ORIGA/Images/485.jpg,data/external/kaggle/glaucoma_fundus_imaging_bundle/ORIGA/Masks/485.png,ORIGA_485,test
glaucoma_fundus_imaging_bundle,ORIGA,486,data/external/kaggle/glaucoma_fundus_imaging_bundle/ORIGA/Images/486.jpg,data/external/kaggle/glaucoma_fundus_imaging_bundle/ORIGA/Masks/486.png,ORIGA_486,train
glaucoma_fundus_imaging_bundle,ORIGA,487,data/external/kaggle/glaucoma_fundus_imaging_bundle/ORIGA/Images/487.jpg,data/external/kaggle/glaucoma_fundus_imaging_bundle/ORIGA/Masks/487.png,ORIGA_487,train
glaucoma_fundus_imaging_bundle,ORIGA,488,data/external/kaggle/glaucoma_fundus_imaging_bundle/ORIGA/Images/488.jpg,data/external/kaggle/glaucoma_fundus_imaging_bundle/ORIGA/Masks/488.png,ORIGA_488,train
glaucoma_fundus_imaging_bundle,ORIGA,489,data/external/kaggle/glaucoma_fundus_imaging_bundle/ORIGA/Images/489.jpg,data/external/kaggle/glaucoma_fundus_imaging_bundle/ORIGA/Masks/489.png,ORIGA_489,train
glaucoma_fundus_imaging_bundle,ORIGA,490,data/external/kaggle/glaucoma_fundus_imaging_bundle/ORIGA/Images/490.jpg,data/external/kaggle/glaucoma_fundus_imaging_bundle/ORIGA/Masks/490.png,ORIGA_490,train
glaucoma_fundus_imaging_bundle,ORIGA,491,data/external/kaggle/glaucoma_fundus_imaging_bundle/ORIGA/Images/491.jpg,data/external/kaggle/glaucoma_fundus_imaging_bundle/ORIGA/Masks/491.png,ORIGA_491,test
glaucoma_fundus_imaging_bundle,ORIGA,492,data/external/kaggle/glaucoma_fundus_imaging_bundle/ORIGA/Images/492.jpg,data/external/kaggle/glaucoma_fundus_imaging_bundle/ORIGA/Masks/492.png,ORIGA_492,test
glaucoma_fundus_imaging_bundle,ORIGA,493,data/external/kaggle/glaucoma_fundus_imaging_bundle/ORIGA/Images/493.jpg,data/external/kaggle/glaucoma_fundus_imaging_bundle/ORIGA/Masks/493.png,ORIGA_493,train
glaucoma_fundus_imaging_bundle,ORIGA,494,data/external/kaggle/glaucoma_fundus_imaging_bundle/ORIGA/Images/494.jpg,data/external/kaggle/glaucoma_fundus_imaging_bundle/ORIGA/Masks/494.png,ORIGA_494,train
glaucoma_fundus_imaging_bundle,ORIGA,495,data/external/kaggle/glaucoma_fundus_imaging_bundle/ORIGA/Images/495.jpg,data/external/kaggle/glaucoma_fundus_imaging_bundle/ORIGA/Masks/495.png,ORIGA_495,train
glaucoma_fundus_imaging_bundle,ORIGA,496,data/external/kaggle/glaucoma_fundus_imaging_bundle/ORIGA/Images/496.jpg,data/external/kaggle/glaucoma_fundus_imaging_bundle/ORIGA/Masks/496.png,ORIGA_496,train
glaucoma_fundus_imaging_bundle,ORIGA,497,data/external/kaggle/glaucoma_fundus_imaging_bundle/ORIGA/Images/497.jpg,data/external/kaggle/glaucoma_fundus_imaging_bundle/ORIGA/Masks/497.png,ORIGA_497,train
glaucoma_fundus_imaging_bundle,ORIGA,498,data/external/kaggle/glaucoma_fundus_imaging_bundle/ORIGA/Images/498.jpg,data/external/kaggle/glaucoma_fundus_imaging_bundle/ORIGA/Masks/498.png,ORIGA_498,train
glaucoma_fundus_imaging_bundle,ORIGA,499,data/external/kaggle/glaucoma_fundus_imaging_bundle/ORIGA/Images/499.jpg,data/external/kaggle/glaucoma_fundus_imaging_bundle/ORIGA/Masks/499.png,ORIGA_499,train
glaucoma_fundus_imaging_bundle,ORIGA,500,data/external/kaggle/glaucoma_fundus_imaging_bundle/ORIGA/Images/500.jpg,data/external/kaggle/glaucoma_fundus_imaging_bundle/ORIGA/Masks/500.png,ORIGA_500,val
glaucoma_fundus_imaging_bundle,ORIGA,501,data/external/kaggle/glaucoma_fundus_imaging_bundle/ORIGA/Images/501.jpg,data/external/kaggle/glaucoma_fundus_imaging_bundle/ORIGA/Masks/501.png,ORIGA_501,test
glaucoma_fundus_imaging_bundle,ORIGA,502,data/external/kaggle/glaucoma_fundus_imaging_bundle/ORIGA/Images/502.jpg,data/external/kaggle/glaucoma_fundus_imaging_bundle/ORIGA/Masks/502.png,ORIGA_502,train
glaucoma_fundus_imaging_bundle,ORIGA,503,data/external/kaggle/glaucoma_fundus_imaging_bundle/ORIGA/Images/503.jpg,data/external/kaggle/glaucoma_fundus_imaging_bundle/ORIGA/Masks/503.png,ORIGA_503,test
glaucoma_fundus_imaging_bundle,ORIGA,504,data/external/kaggle/glaucoma_fundus_imaging_bundle/ORIGA/Images/504.jpg,data/external/kaggle/glaucoma_fundus_imaging_bundle/ORIGA/Masks/504.png,ORIGA_504,test
glaucoma_fundus_imaging_bundle,ORIGA,505,data/external/kaggle/glaucoma_fundus_imaging_bundle/ORIGA/Images/505.jpg,data/external/kaggle/glaucoma_fundus_imaging_bundle/ORIGA/Masks/505.png,ORIGA_505,test
glaucoma_fundus_imaging_bundle,ORIGA,506,data/external/kaggle/glaucoma_fundus_imaging_bundle/ORIGA/Images/506.jpg,data/external/kaggle/glaucoma_fundus_imaging_bundle/ORIGA/Masks/506.png,ORIGA_506,train
glaucoma_fundus_imaging_bundle,ORIGA,507,data/external/kaggle/glaucoma_fundus_imaging_bundle/ORIGA/Images/507.jpg,data/external/kaggle/glaucoma_fundus_imaging_bundle/ORIGA/Masks/507.png,ORIGA_507,train
glaucoma_fundus_imaging_bundle,ORIGA,508,data/external/kaggle/glaucoma_fundus_imaging_bundle/ORIGA/Images/508.jpg,data/external/kaggle/glaucoma_fundus_imaging_bundle/ORIGA/Masks/508.png,ORIGA_508,val
glaucoma_fundus_imaging_bundle,ORIGA,509,data/external/kaggle/glaucoma_fundus_imaging_bundle/ORIGA/Images/509.jpg,data/external/kaggle/glaucoma_fundus_imaging_bundle/ORIGA/Masks/509.png,ORIGA_509,test
glaucoma_fundus_imaging_bundle,ORIGA,510,data/external/kaggle/glaucoma_fundus_imaging_bundle/ORIGA/Images/510.jpg,data/external/kaggle/glaucoma_fundus_imaging_bundle/ORIGA/Masks/510.png,ORIGA_510,train
glaucoma_fundus_imaging_bundle,ORIGA,511,data/external/kaggle/glaucoma_fundus_imaging_bundle/ORIGA/Images/511.jpg,data/external/kaggle/glaucoma_fundus_imaging_bundle/ORIGA/Masks/511.png,ORIGA_511,train
glaucoma_fundus_imaging_bundle,ORIGA,512,data/external/kaggle/glaucoma_fundus_imaging_bundle/ORIGA/Images/512.jpg,data/external/kaggle/glaucoma_fundus_imaging_bundle/ORIGA/Masks/512.png,ORIGA_512,val
glaucoma_fundus_imaging_bundle,ORIGA,513,data/external/kaggle/glaucoma_fundus_imaging_bundle/ORIGA/Images/513.jpg,data/external/kaggle/glaucoma_fundus_imaging_bundle/ORIGA/Masks/513.png,ORIGA_513,train
glaucoma_fundus_imaging_bundle,ORIGA,514,data/external/kaggle/glaucoma_fundus_imaging_bundle/ORIGA/Images/514.jpg,data/external/kaggle/glaucoma_fundus_imaging_bundle/ORIGA/Masks/514.png,ORIGA_514,val
glaucoma_fundus_imaging_bundle,ORIGA,515,data/external/kaggle/glaucoma_fundus_imaging_bundle/ORIGA/Images/515.jpg,data/external/kaggle/glaucoma_fundus_imaging_bundle/ORIGA/Masks/515.png,ORIGA_515,val
glaucoma_fundus_imaging_bundle,ORIGA,516,data/external/kaggle/glaucoma_fundus_imaging_bundle/ORIGA/Images/516.jpg,data/external/kaggle/glaucoma_fundus_imaging_bundle/ORIGA/Masks/516.png,ORIGA_516,train
glaucoma_fundus_imaging_bundle,ORIGA,517,data/external/kaggle/glaucoma_fundus_imaging_bundle/ORIGA/Images/517.jpg,data/external/kaggle/glaucoma_fundus_imaging_bundle/ORIGA/Masks/517.png,ORIGA_517,train
glaucoma_fundus_imaging_bundle,ORIGA,518,data/external/kaggle/glaucoma_fundus_imaging_bundle/ORIGA/Images/518.jpg,data/external/kaggle/glaucoma_fundus_imaging_bundle/ORIGA/Masks/518.png,ORIGA_518,val
glaucoma_fundus_imaging_bundle,ORIGA,519,data/external/kaggle/glaucoma_fundus_imaging_bundle/ORIGA/Images/519.jpg,data/external/kaggle/glaucoma_fundus_imaging_bundle/ORIGA/Masks/519.png,ORIGA_519,test
glaucoma_fundus_imaging_bundle,ORIGA,520,data/external/kaggle/glaucoma_fundus_imaging_bundle/ORIGA/Images/520.jpg,data/external/kaggle/glaucoma_fundus_imaging_bundle/ORIGA/Masks/520.png,ORIGA_520,train
glaucoma_fundus_imaging_bundle,ORIGA,521,data/external/kaggle/glaucoma_fundus_imaging_bundle/ORIGA/Images/521.jpg,data/external/kaggle/glaucoma_fundus_imaging_bundle/ORIGA/Masks/521.png,ORIGA_521,train
glaucoma_fundus_imaging_bundle,ORIGA,522,data/external/kaggle/glaucoma_fundus_imaging_bundle/ORIGA/Images/522.jpg,data/external/kaggle/glaucoma_fundus_imaging_bundle/ORIGA/Masks/522.png,ORIGA_522,train
glaucoma_fundus_imaging_bundle,ORIGA,523,data/external/kaggle/glaucoma_fundus_imaging_bundle/ORIGA/Images/523.jpg,data/external/kaggle/glaucoma_fundus_imaging_bundle/ORIGA/Masks/523.png,ORIGA_523,val
glaucoma_fundus_imaging_bundle,ORIGA,524,data/external/kaggle/glaucoma_fundus_imaging_bundle/ORIGA/Images/524.jpg,data/external/kaggle/glaucoma_fundus_imaging_bundle/ORIGA/Masks/524.png,ORIGA_524,train
glaucoma_fundus_imaging_bundle,ORIGA,525,data/external/kaggle/glaucoma_fundus_imaging_bundle/ORIGA/Images/525.jpg,data/external/kaggle/glaucoma_fundus_imaging_bundle/ORIGA/Masks/525.png,ORIGA_525,train
glaucoma_fundus_imaging_bundle,ORIGA,526,data/external/kaggle/glaucoma_fundus_imaging_bundle/ORIGA/Images/526.jpg,data/external/kaggle/glaucoma_fundus_imaging_bundle/ORIGA/Masks/526.png,ORIGA_526,test
glaucoma_fundus_imaging_bundle,ORIGA,527,data/external/kaggle/glaucoma_fundus_imaging_bundle/ORIGA/Images/527.jpg,data/external/kaggle/glaucoma_fundus_imaging_bundle/ORIGA/Masks/527.png,ORIGA_527,test
glaucoma_fundus_imaging_bundle,ORIGA,528,data/external/kaggle/glaucoma_fundus_imaging_bundle/ORIGA/Images/528.jpg,data/external/kaggle/glaucoma_fundus_imaging_bundle/ORIGA/Masks/528.png,ORIGA_528,train
glaucoma_fundus_imaging_bundle,ORIGA,529,data/external/kaggle/glaucoma_fundus_imaging_bundle/ORIGA/Images/529.jpg,data/external/kaggle/glaucoma_fundus_imaging_bundle/ORIGA/Masks/529.png,ORIGA_529,test
glaucoma_fundus_imaging_bundle,ORIGA,530,data/external/kaggle/glaucoma_fundus_imaging_bundle/ORIGA/Images/530.jpg,data/external/kaggle/glaucoma_fundus_imaging_bundle/ORIGA/Masks/530.png,ORIGA_530,test
glaucoma_fundus_imaging_bundle,ORIGA,531,data/external/kaggle/glaucoma_fundus_imaging_bundle/ORIGA/Images/531.jpg,data/external/kaggle/glaucoma_fundus_imaging_bundle/ORIGA/Masks/531.png,ORIGA_531,train
glaucoma_fundus_imaging_bundle,ORIGA,532,data/external/kaggle/glaucoma_fundus_imaging_bundle/ORIGA/Images/532.jpg,data/external/kaggle/glaucoma_fundus_imaging_bundle/ORIGA/Masks/532.png,ORIGA_532,train
glaucoma_fundus_imaging_bundle,ORIGA,533,data/external/kaggle/glaucoma_fundus_imaging_bundle/ORIGA/Images/533.jpg,data/external/kaggle/glaucoma_fundus_imaging_bundle/ORIGA/Masks/533.png,ORIGA_533,train
glaucoma_fundus_imaging_bundle,ORIGA,534,data/external/kaggle/glaucoma_fundus_imaging_bundle/ORIGA/Images/534.jpg,data/external/kaggle/glaucoma_fundus_imaging_bundle/ORIGA/Masks/534.png,ORIGA_534,val
glaucoma_fundus_imaging_bundle,ORIGA,535,data/external/kaggle/glaucoma_fundus_imaging_bundle/ORIGA/Images/535.jpg,data/external/kaggle/glaucoma_fundus_imaging_bundle/ORIGA/Masks/535.png,ORIGA_535,test
glaucoma_fundus_imaging_bundle,ORIGA,536,data/external/kaggle/glaucoma_fundus_imaging_bundle/ORIGA/Images/536.jpg,data/external/kaggle/glaucoma_fundus_imaging_bundle/ORIGA/Masks/536.png,ORIGA_536,test
glaucoma_fundus_imaging_bundle,ORIGA,537,data/external/kaggle/glaucoma_fundus_imaging_bundle/ORIGA/Images/537.jpg,data/external/kaggle/glaucoma_fundus_imaging_bundle/ORIGA/Masks/537.png,ORIGA_537,train
glaucoma_fundus_imaging_bundle,ORIGA,538,data/external/kaggle/glaucoma_fundus_imaging_bundle/ORIGA/Images/538.jpg,data/external/kaggle/glaucoma_fundus_imaging_bundle/ORIGA/Masks/538.png,ORIGA_538,train
glaucoma_fundus_imaging_bundle,ORIGA,539,data/external/kaggle/glaucoma_fundus_imaging_bundle/ORIGA/Images/539.jpg,data/external/kaggle/glaucoma_fundus_imaging_bundle/ORIGA/Masks/539.png,ORIGA_539,train
glaucoma_fundus_imaging_bundle,ORIGA,540,data/external/kaggle/glaucoma_fundus_imaging_bundle/ORIGA/Images/540.jpg,data/external/kaggle/glaucoma_fundus_imaging_bundle/ORIGA/Masks/540.png,ORIGA_540,train
glaucoma_fundus_imaging_bundle,ORIGA,541,data/external/kaggle/glaucoma_fundus_imaging_bundle/ORIGA/Images/541.jpg,data/external/kaggle/glaucoma_fundus_imaging_bundle/ORIGA/Masks/541.png,ORIGA_541,train
glaucoma_fundus_imaging_bundle,ORIGA,542,data/external/kaggle/glaucoma_fundus_imaging_bundle/ORIGA/Images/542.jpg,data/external/kaggle/glaucoma_fundus_imaging_bundle/ORIGA/Masks/542.png,ORIGA_542,train
glaucoma_fundus_imaging_bundle,ORIGA,543,data/external/kaggle/glaucoma_fundus_imaging_bundle/ORIGA/Images/543.jpg,data/external/kaggle/glaucoma_fundus_imaging_bundle/ORIGA/Masks/543.png,ORIGA_543,train
glaucoma_fundus_imaging_bundle,ORIGA,544,data/external/kaggle/glaucoma_fundus_imaging_bundle/ORIGA/Images/544.jpg,data/external/kaggle/glaucoma_fundus_imaging_bundle/ORIGA/Masks/544.png,ORIGA_544,test
glaucoma_fundus_imaging_bundle,ORIGA,545,data/external/kaggle/glaucoma_fundus_imaging_bundle/ORIGA/Images/545.jpg,data/external/kaggle/glaucoma_fundus_imaging_bundle/ORIGA/Masks/545.png,ORIGA_545,val
glaucoma_fundus_imaging_bundle,ORIGA,546,data/external/kaggle/glaucoma_fundus_imaging_bundle/ORIGA/Images/546.jpg,data/external/kaggle/glaucoma_fundus_imaging_bundle/ORIGA/Masks/546.png,ORIGA_546,val
glaucoma_fundus_imaging_bundle,ORIGA,547,data/external/kaggle/glaucoma_fundus_imaging_bundle/ORIGA/Images/547.jpg,data/external/kaggle/glaucoma_fundus_imaging_bundle/ORIGA/Masks/547.png,ORIGA_547,train
glaucoma_fundus_imaging_bundle,ORIGA,548,data/external/kaggle/glaucoma_fundus_imaging_bundle/ORIGA/Images/548.jpg,data/external/kaggle/glaucoma_fundus_imaging_bundle/ORIGA/Masks/548.png,ORIGA_548,test
glaucoma_fundus_imaging_bundle,ORIGA,549,data/external/kaggle/glaucoma_fundus_imaging_bundle/ORIGA/Images/549.jpg,data/external/kaggle/glaucoma_fundus_imaging_bundle/ORIGA/Masks/549.png,ORIGA_549,test
glaucoma_fundus_imaging_bundle,ORIGA,550,data/external/kaggle/glaucoma_fundus_imaging_bundle/ORIGA/Images/550.jpg,data/external/kaggle/glaucoma_fundus_imaging_bundle/ORIGA/Masks/550.png,ORIGA_550,train
glaucoma_fundus_imaging_bundle,ORIGA,551,data/external/kaggle/glaucoma_fundus_imaging_bundle/ORIGA/Images/551.jpg,data/external/kaggle/glaucoma_fundus_imaging_bundle/ORIGA/Masks/551.png,ORIGA_551,train
glaucoma_fundus_imaging_bundle,ORIGA,552,data/external/kaggle/glaucoma_fundus_imaging_bundle/ORIGA/Images/552.jpg,data/external/kaggle/glaucoma_fundus_imaging_bundle/ORIGA/Masks/552.png,ORIGA_552,train
glaucoma_fundus_imaging_bundle,ORIGA,553,data/external/kaggle/glaucoma_fundus_imaging_bundle/ORIGA/Images/553.jpg,data/external/kaggle/glaucoma_fundus_imaging_bundle/ORIGA/Masks/553.png,ORIGA_553,val
glaucoma_fundus_imaging_bundle,ORIGA,554,data/external/kaggle/glaucoma_fundus_imaging_bundle/ORIGA/Images/554.jpg,data/external/kaggle/glaucoma_fundus_imaging_bundle/ORIGA/Masks/554.png,ORIGA_554,test
glaucoma_fundus_imaging_bundle,ORIGA,555,data/external/kaggle/glaucoma_fundus_imaging_bundle/ORIGA/Images/555.jpg,data/external/kaggle/glaucoma_fundus_imaging_bundle/ORIGA/Masks/555.png,ORIGA_555,train
glaucoma_fundus_imaging_bundle,ORIGA,556,data/external/kaggle/glaucoma_fundus_imaging_bundle/ORIGA/Images/556.jpg,data/external/kaggle/glaucoma_fundus_imaging_bundle/ORIGA/Masks/556.png,ORIGA_556,test
glaucoma_fundus_imaging_bundle,ORIGA,557,data/external/kaggle/glaucoma_fundus_imaging_bundle/ORIGA/Images/557.jpg,data/external/kaggle/glaucoma_fundus_imaging_bundle/ORIGA/Masks/557.png,ORIGA_557,train
glaucoma_fundus_imaging_bundle,ORIGA,558,data/external/kaggle/glaucoma_fundus_imaging_bundle/ORIGA/Images/558.jpg,data/external/kaggle/glaucoma_fundus_imaging_bundle/ORIGA/Masks/558.png,ORIGA_558,train
glaucoma_fundus_imaging_bundle,ORIGA,559,data/external/kaggle/glaucoma_fundus_imaging_bundle/ORIGA/Images/559.jpg,data/external/kaggle/glaucoma_fundus_imaging_bundle/ORIGA/Masks/559.png,ORIGA_559,train
glaucoma_fundus_imaging_bundle,ORIGA,560,data/external/kaggle/glaucoma_fundus_imaging_bundle/ORIGA/Images/560.jpg,data/external/kaggle/glaucoma_fundus_imaging_bundle/ORIGA/Masks/560.png,ORIGA_560,train
glaucoma_fundus_imaging_bundle,ORIGA,561,data/external/kaggle/glaucoma_fundus_imaging_bundle/ORIGA/Images/561.jpg,data/external/kaggle/glaucoma_fundus_imaging_bundle/ORIGA/Masks/561.png,ORIGA_561,train
glaucoma_fundus_imaging_bundle,ORIGA,562,data/external/kaggle/glaucoma_fundus_imaging_bundle/ORIGA/Images/562.jpg,data/external/kaggle/glaucoma_fundus_imaging_bundle/ORIGA/Masks/562.png,ORIGA_562,val
glaucoma_fundus_imaging_bundle,ORIGA,563,data/external/kaggle/glaucoma_fundus_imaging_bundle/ORIGA/Images/563.jpg,data/external/kaggle/glaucoma_fundus_imaging_bundle/ORIGA/Masks/563.png,ORIGA_563,val
glaucoma_fundus_imaging_bundle,ORIGA,564,data/external/kaggle/glaucoma_fundus_imaging_bundle/ORIGA/Images/564.jpg,data/external/kaggle/glaucoma_fundus_imaging_bundle/ORIGA/Masks/564.png,ORIGA_564,train
glaucoma_fundus_imaging_bundle,ORIGA,565,data/external/kaggle/glaucoma_fundus_imaging_bundle/ORIGA/Images/565.jpg,data/external/kaggle/glaucoma_fundus_imaging_bundle/ORIGA/Masks/565.png,ORIGA_565,train
glaucoma_fundus_imaging_bundle,ORIGA,566,data/external/kaggle/glaucoma_fundus_imaging_bundle/ORIGA/Images/566.jpg,data/external/kaggle/glaucoma_fundus_imaging_bundle/ORIGA/Masks/566.png,ORIGA_566,val
glaucoma_fundus_imaging_bundle,ORIGA,567,data/external/kaggle/glaucoma_fundus_imaging_bundle/ORIGA/Images/567.jpg,data/external/kaggle/glaucoma_fundus_imaging_bundle/ORIGA/Masks/567.png,ORIGA_567,train
glaucoma_fundus_imaging_bundle,ORIGA,568,data/external/kaggle/glaucoma_fundus_imaging_bundle/ORIGA/Images/568.jpg,data/external/kaggle/glaucoma_fundus_imaging_bundle/ORIGA/Masks/568.png,ORIGA_568,train
glaucoma_fundus_imaging_bundle,ORIGA,569,data/external/kaggle/glaucoma_fundus_imaging_bundle/ORIGA/Images/569.jpg,data/external/kaggle/glaucoma_fundus_imaging_bundle/ORIGA/Masks/569.png,ORIGA_569,train
glaucoma_fundus_imaging_bundle,ORIGA,570,data/external/kaggle/glaucoma_fundus_imaging_bundle/ORIGA/Images/570.jpg,data/external/kaggle/glaucoma_fundus_imaging_bundle/ORIGA/Masks/570.png,ORIGA_570,train
glaucoma_fundus_imaging_bundle,ORIGA,571,data/external/kaggle/glaucoma_fundus_imaging_bundle/ORIGA/Images/571.jpg,data/external/kaggle/glaucoma_fundus_imaging_bundle/ORIGA/Masks/571.png,ORIGA_571,train
glaucoma_fundus_imaging_bundle,ORIGA,572,data/external/kaggle/glaucoma_fundus_imaging_bundle/ORIGA/Images/572.jpg,data/external/kaggle/glaucoma_fundus_imaging_bundle/ORIGA/Masks/572.png,ORIGA_572,train
glaucoma_fundus_imaging_bundle,ORIGA,573,data/external/kaggle/glaucoma_fundus_imaging_bundle/ORIGA/Images/573.jpg,data/external/kaggle/glaucoma_fundus_imaging_bundle/ORIGA/Masks/573.png,ORIGA_573,train
glaucoma_fundus_imaging_bundle,ORIGA,574,data/external/kaggle/glaucoma_fundus_imaging_bundle/ORIGA/Images/574.jpg,data/external/kaggle/glaucoma_fundus_imaging_bundle/ORIGA/Masks/574.png,ORIGA_574,train
glaucoma_fundus_imaging_bundle,ORIGA,575,data/external/kaggle/glaucoma_fundus_imaging_bundle/ORIGA/Images/575.jpg,data/external/kaggle/glaucoma_fundus_imaging_bundle/ORIGA/Masks/575.png,ORIGA_575,val
glaucoma_fundus_imaging_bundle,ORIGA,576,data/external/kaggle/glaucoma_fundus_imaging_bundle/ORIGA/Images/576.jpg,data/external/kaggle/glaucoma_fundus_imaging_bundle/ORIGA/Masks/576.png,ORIGA_576,val
glaucoma_fundus_imaging_bundle,ORIGA,577,data/external/kaggle/glaucoma_fundus_imaging_bundle/ORIGA/Images/577.jpg,data/external/kaggle/glaucoma_fundus_imaging_bundle/ORIGA/Masks/577.png,ORIGA_577,train
glaucoma_fundus_imaging_bundle,ORIGA,578,data/external/kaggle/glaucoma_fundus_imaging_bundle/ORIGA/Images/578.jpg,data/external/kaggle/glaucoma_fundus_imaging_bundle/ORIGA/Masks/578.png,ORIGA_578,train
glaucoma_fundus_imaging_bundle,ORIGA,579,data/external/kaggle/glaucoma_fundus_imaging_bundle/ORIGA/Images/579.jpg,data/external/kaggle/glaucoma_fundus_imaging_bundle/ORIGA/Masks/579.png,ORIGA_579,train
glaucoma_fundus_imaging_bundle,ORIGA,580,data/external/kaggle/glaucoma_fundus_imaging_bundle/ORIGA/Images/580.jpg,data/external/kaggle/glaucoma_fundus_imaging_bundle/ORIGA/Masks/580.png,ORIGA_580,train
glaucoma_fundus_imaging_bundle,ORIGA,581,data/external/kaggle/glaucoma_fundus_imaging_bundle/ORIGA/Images/581.jpg,data/external/kaggle/glaucoma_fundus_imaging_bundle/ORIGA/Masks/581.png,ORIGA_581,test
glaucoma_fundus_imaging_bundle,ORIGA,582,data/external/kaggle/glaucoma_fundus_imaging_bundle/ORIGA/Images/582.jpg,data/external/kaggle/glaucoma_fundus_imaging_bundle/ORIGA/Masks/582.png,ORIGA_582,train
glaucoma_fundus_imaging_bundle,ORIGA,583,data/external/kaggle/glaucoma_fundus_imaging_bundle/ORIGA/Images/583.jpg,data/external/kaggle/glaucoma_fundus_imaging_bundle/ORIGA/Masks/583.png,ORIGA_583,val
glaucoma_fundus_imaging_bundle,ORIGA,584,data/external/kaggle/glaucoma_fundus_imaging_bundle/ORIGA/Images/584.jpg,data/external/kaggle/glaucoma_fundus_imaging_bundle/ORIGA/Masks/584.png,ORIGA_584,test
glaucoma_fundus_imaging_bundle,ORIGA,585,data/external/kaggle/glaucoma_fundus_imaging_bundle/ORIGA/Images/585.jpg,data/external/kaggle/glaucoma_fundus_imaging_bundle/ORIGA/Masks/585.png,ORIGA_585,train
glaucoma_fundus_imaging_bundle,ORIGA,586,data/external/kaggle/glaucoma_fundus_imaging_bundle/ORIGA/Images/586.jpg,data/external/kaggle/glaucoma_fundus_imaging_bundle/ORIGA/Masks/586.png,ORIGA_586,train
glaucoma_fundus_imaging_bundle,ORIGA,587,data/external/kaggle/glaucoma_fundus_imaging_bundle/ORIGA/Images/587.jpg,data/external/kaggle/glaucoma_fundus_imaging_bundle/ORIGA/Masks/587.png,ORIGA_587,test
glaucoma_fundus_imaging_bundle,ORIGA,588,data/external/kaggle/glaucoma_fundus_imaging_bundle/ORIGA/Images/588.jpg,data/external/kaggle/glaucoma_fundus_imaging_bundle/ORIGA/Masks/588.png,ORIGA_588,train
glaucoma_fundus_imaging_bundle,ORIGA,589,data/external/kaggle/glaucoma_fundus_imaging_bundle/ORIGA/Images/589.jpg,data/external/kaggle/glaucoma_fundus_imaging_bundle/ORIGA/Masks/589.png,ORIGA_589,train
glaucoma_fundus_imaging_bundle,ORIGA,590,data/external/kaggle/glaucoma_fundus_imaging_bundle/ORIGA/Images/590.jpg,data/external/kaggle/glaucoma_fundus_imaging_bundle/ORIGA/Masks/590.png,ORIGA_590,train
glaucoma_fundus_imaging_bundle,ORIGA,591,data/external/kaggle/glaucoma_fundus_imaging_bundle/ORIGA/Images/591.jpg,data/external/kaggle/glaucoma_fundus_imaging_bundle/ORIGA/Masks/591.png,ORIGA_591,train
glaucoma_fundus_imaging_bundle,ORIGA,592,data/external/kaggle/glaucoma_fundus_imaging_bundle/ORIGA/Images/592.jpg,data/external/kaggle/glaucoma_fundus_imaging_bundle/ORIGA/Masks/592.png,ORIGA_592,train
glaucoma_fundus_imaging_bundle,ORIGA,593,data/external/kaggle/glaucoma_fundus_imaging_bundle/ORIGA/Images/593.jpg,data/external/kaggle/glaucoma_fundus_imaging_bundle/ORIGA/Masks/593.png,ORIGA_593,train
glaucoma_fundus_imaging_bundle,ORIGA,594,data/external/kaggle/glaucoma_fundus_imaging_bundle/ORIGA/Images/594.jpg,data/external/kaggle/glaucoma_fundus_imaging_bundle/ORIGA/Masks/594.png,ORIGA_594,train
glaucoma_fundus_imaging_bundle,ORIGA,595,data/external/kaggle/glaucoma_fundus_imaging_bundle/ORIGA/Images/595.jpg,data/external/kaggle/glaucoma_fundus_imaging_bundle/ORIGA/Masks/595.png,ORIGA_595,train
glaucoma_fundus_imaging_bundle,ORIGA,596,data/external/kaggle/glaucoma_fundus_imaging_bundle/ORIGA/Images/596.jpg,data/external/kaggle/glaucoma_fundus_imaging_bundle/ORIGA/Masks/596.png,ORIGA_596,train
glaucoma_fundus_imaging_bundle,ORIGA,597,data/external/kaggle/glaucoma_fundus_imaging_bundle/ORIGA/Images/597.jpg,data/external/kaggle/glaucoma_fundus_imaging_bundle/ORIGA/Masks/597.png,ORIGA_597,test
glaucoma_fundus_imaging_bundle,ORIGA,598,data/external/kaggle/glaucoma_fundus_imaging_bundle/ORIGA/Images/598.jpg,data/external/kaggle/glaucoma_fundus_imaging_bundle/ORIGA/Masks/598.png,ORIGA_598,train
glaucoma_fundus_imaging_bundle,ORIGA,599,data/external/kaggle/glaucoma_fundus_imaging_bundle/ORIGA/Images/599.jpg,data/external/kaggle/glaucoma_fundus_imaging_bundle/ORIGA/Masks/599.png,ORIGA_599,train
glaucoma_fundus_imaging_bundle,ORIGA,600,data/external/kaggle/glaucoma_fundus_imaging_bundle/ORIGA/Images/600.jpg,data/external/kaggle/glaucoma_fundus_imaging_bundle/ORIGA/Masks/600.png,ORIGA_600,train
glaucoma_fundus_imaging_bundle,ORIGA,601,data/external/kaggle/glaucoma_fundus_imaging_bundle/ORIGA/Images/601.jpg,data/external/kaggle/glaucoma_fundus_imaging_bundle/ORIGA/Masks/601.png,ORIGA_601,train
glaucoma_fundus_imaging_bundle,ORIGA,602,data/external/kaggle/glaucoma_fundus_imaging_bundle/ORIGA/Images/602.jpg,data/external/kaggle/glaucoma_fundus_imaging_bundle/ORIGA/Masks/602.png,ORIGA_602,train
glaucoma_fundus_imaging_bundle,ORIGA,603,data/external/kaggle/glaucoma_fundus_imaging_bundle/ORIGA/Images/603.jpg,data/external/kaggle/glaucoma_fundus_imaging_bundle/ORIGA/Masks/603.png,ORIGA_603,val
glaucoma_fundus_imaging_bundle,ORIGA,604,data/external/kaggle/glaucoma_fundus_imaging_bundle/ORIGA/Images/604.jpg,data/external/kaggle/glaucoma_fundus_imaging_bundle/ORIGA/Masks/604.png,ORIGA_604,train
glaucoma_fundus_imaging_bundle,ORIGA,605,data/external/kaggle/glaucoma_fundus_imaging_bundle/ORIGA/Images/605.jpg,data/external/kaggle/glaucoma_fundus_imaging_bundle/ORIGA/Masks/605.png,ORIGA_605,train
glaucoma_fundus_imaging_bundle,ORIGA,606,data/external/kaggle/glaucoma_fundus_imaging_bundle/ORIGA/Images/606.jpg,data/external/kaggle/glaucoma_fundus_imaging_bundle/ORIGA/Masks/606.png,ORIGA_606,train
glaucoma_fundus_imaging_bundle,ORIGA,607,data/external/kaggle/glaucoma_fundus_imaging_bundle/ORIGA/Images/607.jpg,data/external/kaggle/glaucoma_fundus_imaging_bundle/ORIGA/Masks/607.png,ORIGA_607,train
glaucoma_fundus_imaging_bundle,ORIGA,608,data/external/kaggle/glaucoma_fundus_imaging_bundle/ORIGA/Images/608.jpg,data/external/kaggle/glaucoma_fundus_imaging_bundle/ORIGA/Masks/608.png,ORIGA_608,train
glaucoma_fundus_imaging_bundle,ORIGA,609,data/external/kaggle/glaucoma_fundus_imaging_bundle/ORIGA/Images/609.jpg,data/external/kaggle/glaucoma_fundus_imaging_bundle/ORIGA/Masks/609.png,ORIGA_609,train
glaucoma_fundus_imaging_bundle,ORIGA,610,data/external/kaggle/glaucoma_fundus_imaging_bundle/ORIGA/Images/610.jpg,data/external/kaggle/glaucoma_fundus_imaging_bundle/ORIGA/Masks/610.png,ORIGA_610,test
glaucoma_fundus_imaging_bundle,ORIGA,611,data/external/kaggle/glaucoma_fundus_imaging_bundle/ORIGA/Images/611.jpg,data/external/kaggle/glaucoma_fundus_imaging_bundle/ORIGA/Masks/611.png,ORIGA_611,val
glaucoma_fundus_imaging_bundle,ORIGA,612,data/external/kaggle/glaucoma_fundus_imaging_bundle/ORIGA/Images/612.jpg,data/external/kaggle/glaucoma_fundus_imaging_bundle/ORIGA/Masks/612.png,ORIGA_612,train
glaucoma_fundus_imaging_bundle,ORIGA,613,data/external/kaggle/glaucoma_fundus_imaging_bundle/ORIGA/Images/613.jpg,data/external/kaggle/glaucoma_fundus_imaging_bundle/ORIGA/Masks/613.png,ORIGA_613,train
glaucoma_fundus_imaging_bundle,ORIGA,614,data/external/kaggle/glaucoma_fundus_imaging_bundle/ORIGA/Images/614.jpg,data/external/kaggle/glaucoma_fundus_imaging_bundle/ORIGA/Masks/614.png,ORIGA_614,train
glaucoma_fundus_imaging_bundle,ORIGA,615,data/external/kaggle/glaucoma_fundus_imaging_bundle/ORIGA/Images/615.jpg,data/external/kaggle/glaucoma_fundus_imaging_bundle/ORIGA/Masks/615.png,ORIGA_615,train
glaucoma_fundus_imaging_bundle,ORIGA,616,data/external/kaggle/glaucoma_fundus_imaging_bundle/ORIGA/Images/616.jpg,data/external/kaggle/glaucoma_fundus_imaging_bundle/ORIGA/Masks/616.png,ORIGA_616,train
glaucoma_fundus_imaging_bundle,ORIGA,617,data/external/kaggle/glaucoma_fundus_imaging_bundle/ORIGA/Images/617.jpg,data/external/kaggle/glaucoma_fundus_imaging_bundle/ORIGA/Masks/617.png,ORIGA_617,train
glaucoma_fundus_imaging_bundle,ORIGA,618,data/external/kaggle/glaucoma_fundus_imaging_bundle/ORIGA/Images/618.jpg,data/external/kaggle/glaucoma_fundus_imaging_bundle/ORIGA/Masks/618.png,ORIGA_618,train
glaucoma_fundus_imaging_bundle,ORIGA,619,data/external/kaggle/glaucoma_fundus_imaging_bundle/ORIGA/Images/619.jpg,data/external/kaggle/glaucoma_fundus_imaging_bundle/ORIGA/Masks/619.png,ORIGA_619,test
glaucoma_fundus_imaging_bundle,ORIGA,620,data/external/kaggle/glaucoma_fundus_imaging_bundle/ORIGA/Images/620.jpg,data/external/kaggle/glaucoma_fundus_imaging_bundle/ORIGA/Masks/620.png,ORIGA_620,train
glaucoma_fundus_imaging_bundle,ORIGA,621,data/external/kaggle/glaucoma_fundus_imaging_bundle/ORIGA/Images/621.jpg,data/external/kaggle/glaucoma_fundus_imaging_bundle/ORIGA/Masks/621.png,ORIGA_621,train
glaucoma_fundus_imaging_bundle,ORIGA,622,data/external/kaggle/glaucoma_fundus_imaging_bundle/ORIGA/Images/622.jpg,data/external/kaggle/glaucoma_fundus_imaging_bundle/ORIGA/Masks/622.png,ORIGA_622,train
glaucoma_fundus_imaging_bundle,ORIGA,623,data/external/kaggle/glaucoma_fundus_imaging_bundle/ORIGA/Images/623.jpg,data/external/kaggle/glaucoma_fundus_imaging_bundle/ORIGA/Masks/623.png,ORIGA_623,test
glaucoma_fundus_imaging_bundle,ORIGA,624,data/external/kaggle/glaucoma_fundus_imaging_bundle/ORIGA/Images/624.jpg,data/external/kaggle/glaucoma_fundus_imaging_bundle/ORIGA/Masks/624.png,ORIGA_624,val
glaucoma_fundus_imaging_bundle,ORIGA,625,data/external/kaggle/glaucoma_fundus_imaging_bundle/ORIGA/Images/625.jpg,data/external/kaggle/glaucoma_fundus_imaging_bundle/ORIGA/Masks/625.png,ORIGA_625,test
glaucoma_fundus_imaging_bundle,ORIGA,626,data/external/kaggle/glaucoma_fundus_imaging_bundle/ORIGA/Images/626.jpg,data/external/kaggle/glaucoma_fundus_imaging_bundle/ORIGA/Masks/626.png,ORIGA_626,train
glaucoma_fundus_imaging_bundle,ORIGA,627,data/external/kaggle/glaucoma_fundus_imaging_bundle/ORIGA/Images/627.jpg,data/external/kaggle/glaucoma_fundus_imaging_bundle/ORIGA/Masks/627.png,ORIGA_627,train
glaucoma_fundus_imaging_bundle,ORIGA,628,data/external/kaggle/glaucoma_fundus_imaging_bundle/ORIGA/Images/628.jpg,data/external/kaggle/glaucoma_fundus_imaging_bundle/ORIGA/Masks/628.png,ORIGA_628,test
glaucoma_fundus_imaging_bundle,ORIGA,629,data/external/kaggle/glaucoma_fundus_imaging_bundle/ORIGA/Images/629.jpg,data/external/kaggle/glaucoma_fundus_imaging_bundle/ORIGA/Masks/629.png,ORIGA_629,train
glaucoma_fundus_imaging_bundle,ORIGA,630,data/external/kaggle/glaucoma_fundus_imaging_bundle/ORIGA/Images/630.jpg,data/external/kaggle/glaucoma_fundus_imaging_bundle/ORIGA/Masks/630.png,ORIGA_630,train
glaucoma_fundus_imaging_bundle,ORIGA,631,data/external/kaggle/glaucoma_fundus_imaging_bundle/ORIGA/Images/631.jpg,data/external/kaggle/glaucoma_fundus_imaging_bundle/ORIGA/Masks/631.png,ORIGA_631,train
glaucoma_fundus_imaging_bundle,ORIGA,632,data/external/kaggle/glaucoma_fundus_imaging_bundle/ORIGA/Images/632.jpg,data/external/kaggle/glaucoma_fundus_imaging_bundle/ORIGA/Masks/632.png,ORIGA_632,train
glaucoma_fundus_imaging_bundle,ORIGA,633,data/external/kaggle/glaucoma_fundus_imaging_bundle/ORIGA/Images/633.jpg,data/external/kaggle/glaucoma_fundus_imaging_bundle/ORIGA/Masks/633.png,ORIGA_633,train
glaucoma_fundus_imaging_bundle,ORIGA,634,data/external/kaggle/glaucoma_fundus_imaging_bundle/ORIGA/Images/634.jpg,data/external/kaggle/glaucoma_fundus_imaging_bundle/ORIGA/Masks/634.png,ORIGA_634,test
glaucoma_fundus_imaging_bundle,ORIGA,635,data/external/kaggle/glaucoma_fundus_imaging_bundle/ORIGA/Images/635.jpg,data/external/kaggle/glaucoma_fundus_imaging_bundle/ORIGA/Masks/635.png,ORIGA_635,train
glaucoma_fundus_imaging_bundle,ORIGA,636,data/external/kaggle/glaucoma_fundus_imaging_bundle/ORIGA/Images/636.jpg,data/external/kaggle/glaucoma_fundus_imaging_bundle/ORIGA/Masks/636.png,ORIGA_636,train
glaucoma_fundus_imaging_bundle,ORIGA,637,data/external/kaggle/glaucoma_fundus_imaging_bundle/ORIGA/Images/637.jpg,data/external/kaggle/glaucoma_fundus_imaging_bundle/ORIGA/Masks/637.png,ORIGA_637,train
glaucoma_fundus_imaging_bundle,ORIGA,638,data/external/kaggle/glaucoma_fundus_imaging_bundle/ORIGA/Images/638.jpg,data/external/kaggle/glaucoma_fundus_imaging_bundle/ORIGA/Masks/638.png,ORIGA_638,val
glaucoma_fundus_imaging_bundle,ORIGA,639,data/external/kaggle/glaucoma_fundus_imaging_bundle/ORIGA/Images/639.jpg,data/external/kaggle/glaucoma_fundus_imaging_bundle/ORIGA/Masks/639.png,ORIGA_639,train
glaucoma_fundus_imaging_bundle,ORIGA,640,data/external/kaggle/glaucoma_fundus_imaging_bundle/ORIGA/Images/640.jpg,data/external/kaggle/glaucoma_fundus_imaging_bundle/ORIGA/Masks/640.png,ORIGA_640,test
glaucoma_fundus_imaging_bundle,ORIGA,641,data/external/kaggle/glaucoma_fundus_imaging_bundle/ORIGA/Images/641.jpg,data/external/kaggle/glaucoma_fundus_imaging_bundle/ORIGA/Masks/641.png,ORIGA_641,train
glaucoma_fundus_imaging_bundle,ORIGA,642,data/external/kaggle/glaucoma_fundus_imaging_bundle/ORIGA/Images/642.jpg,data/external/kaggle/glaucoma_fundus_imaging_bundle/ORIGA/Masks/642.png,ORIGA_642,train
glaucoma_fundus_imaging_bundle,ORIGA,643,data/external/kaggle/glaucoma_fundus_imaging_bundle/ORIGA/Images/643.jpg,data/external/kaggle/glaucoma_fundus_imaging_bundle/ORIGA/Masks/643.png,ORIGA_643,train
glaucoma_fundus_imaging_bundle,ORIGA,644,data/external/kaggle/glaucoma_fundus_imaging_bundle/ORIGA/Images/644.jpg,data/external/kaggle/glaucoma_fundus_imaging_bundle/ORIGA/Masks/644.png,ORIGA_644,train
glaucoma_fundus_imaging_bundle,ORIGA,645,data/external/kaggle/glaucoma_fundus_imaging_bundle/ORIGA/Images/645.jpg,data/external/kaggle/glaucoma_fundus_imaging_bundle/ORIGA/Masks/645.png,ORIGA_645,val
glaucoma_fundus_imaging_bundle,ORIGA,646,data/external/kaggle/glaucoma_fundus_imaging_bundle/ORIGA/Images/646.jpg,data/external/kaggle/glaucoma_fundus_imaging_bundle/ORIGA/Masks/646.png,ORIGA_646,val
glaucoma_fundus_imaging_bundle,ORIGA,647,data/external/kaggle/glaucoma_fundus_imaging_bundle/ORIGA/Images/647.jpg,data/external/kaggle/glaucoma_fundus_imaging_bundle/ORIGA/Masks/647.png,ORIGA_647,train
glaucoma_fundus_imaging_bundle,ORIGA,648,data/external/kaggle/glaucoma_fundus_imaging_bundle/ORIGA/Images/648.jpg,data/external/kaggle/glaucoma_fundus_imaging_bundle/ORIGA/Masks/648.png,ORIGA_648,train
glaucoma_fundus_imaging_bundle,ORIGA,649,data/external/kaggle/glaucoma_fundus_imaging_bundle/ORIGA/Images/649.jpg,data/external/kaggle/glaucoma_fundus_imaging_bundle/ORIGA/Masks/649.png,ORIGA_649,test
glaucoma_fundus_imaging_bundle,ORIGA,650,data/external/kaggle/glaucoma_fundus_imaging_bundle/ORIGA/Images/650.jpg,data/external/kaggle/glaucoma_fundus_imaging_bundle/ORIGA/Masks/650.png,ORIGA_650,test
glaucoma_fundus_imaging_bundle,G1020,image_0,data/external/kaggle/glaucoma_fundus_imaging_bundle/G1020/Images/image_0.jpg,data/processed/standardized_masks/g1020/image_0.png,G1020_image_0,train
glaucoma_fundus_imaging_bundle,G1020,image_1,data/external/kaggle/glaucoma_fundus_imaging_bundle/G1020/Images/image_1.jpg,data/processed/standardized_masks/g1020/image_1.png,G1020_image_1,test
glaucoma_fundus_imaging_bundle,G1020,image_10,data/external/kaggle/glaucoma_fundus_imaging_bundle/G1020/Images/image_10.jpg,data/processed/standardized_masks/g1020/image_10.png,G1020_image_10,train
glaucoma_fundus_imaging_bundle,G1020,image_1000,data/external/kaggle/glaucoma_fundus_imaging_bundle/G1020/Images/image_1000.jpg,data/processed/standardized_masks/g1020/image_1000.png,G1020_image_1000,train
glaucoma_fundus_imaging_bundle,G1020,image_1001,data/external/kaggle/glaucoma_fundus_imaging_bundle/G1020/Images/image_1001.jpg,data/processed/standardized_masks/g1020/image_1001.png,G1020_image_1001,val
glaucoma_fundus_imaging_bundle,G1020,image_1002,data/external/kaggle/glaucoma_fundus_imaging_bundle/G1020/Images/image_1002.jpg,data/processed/standardized_masks/g1020/image_1002.png,G1020_image_1002,test
glaucoma_fundus_imaging_bundle,G1020,image_1003,data/external/kaggle/glaucoma_fundus_imaging_bundle/G1020/Images/image_1003.jpg,data/processed/standardized_masks/g1020/image_1003.png,G1020_image_1003,train
glaucoma_fundus_imaging_bundle,G1020,image_1004,data/external/kaggle/glaucoma_fundus_imaging_bundle/G1020/Images/image_1004.jpg,data/processed/standardized_masks/g1020/image_1004.png,G1020_image_1004,train
glaucoma_fundus_imaging_bundle,G1020,image_103,data/external/kaggle/glaucoma_fundus_imaging_bundle/G1020/Images/image_103.jpg,data/processed/standardized_masks/g1020/image_103.png,G1020_image_103,train
glaucoma_fundus_imaging_bundle,G1020,image_1032,data/external/kaggle/glaucoma_fundus_imaging_bundle/G1020/Images/image_1032.jpg,data/processed/standardized_masks/g1020/image_1032.png,G1020_image_1032,train
glaucoma_fundus_imaging_bundle,G1020,image_1033,data/external/kaggle/glaucoma_fundus_imaging_bundle/G1020/Images/image_1033.jpg,data/processed/standardized_masks/g1020/image_1033.png,G1020_image_1033,test
glaucoma_fundus_imaging_bundle,G1020,image_1034,data/external/kaggle/glaucoma_fundus_imaging_bundle/G1020/Images/image_1034.jpg,data/processed/standardized_masks/g1020/image_1034.png,G1020_image_1034,train
glaucoma_fundus_imaging_bundle,G1020,image_1035,data/external/kaggle/glaucoma_fundus_imaging_bundle/G1020/Images/image_1035.jpg,data/processed/standardized_masks/g1020/image_1035.png,G1020_image_1035,train
glaucoma_fundus_imaging_bundle,G1020,image_104,data/external/kaggle/glaucoma_fundus_imaging_bundle/G1020/Images/image_104.jpg,data/processed/standardized_masks/g1020/image_104.png,G1020_image_104,val
glaucoma_fundus_imaging_bundle,G1020,image_105,data/external/kaggle/glaucoma_fundus_imaging_bundle/G1020/Images/image_105.jpg,data/processed/standardized_masks/g1020/image_105.png,G1020_image_105,train
glaucoma_fundus_imaging_bundle,G1020,image_106,data/external/kaggle/glaucoma_fundus_imaging_bundle/G1020/Images/image_106.jpg,data/processed/standardized_masks/g1020/image_106.png,G1020_image_106,test
glaucoma_fundus_imaging_bundle,G1020,image_107,data/external/kaggle/glaucoma_fundus_imaging_bundle/G1020/Images/image_107.jpg,data/processed/standardized_masks/g1020/image_107.png,G1020_image_107,train
glaucoma_fundus_imaging_bundle,G1020,image_1076,data/external/kaggle/glaucoma_fundus_imaging_bundle/G1020/Images/image_1076.jpg,data/processed/standardized_masks/g1020/image_1076.png,G1020_image_1076,train
glaucoma_fundus_imaging_bundle,G1020,image_1077,data/external/kaggle/glaucoma_fundus_imaging_bundle/G1020/Images/image_1077.jpg,data/processed/standardized_masks/g1020/image_1077.png,G1020_image_1077,val
glaucoma_fundus_imaging_bundle,G1020,image_1080,data/external/kaggle/glaucoma_fundus_imaging_bundle/G1020/Images/image_1080.jpg,data/processed/standardized_masks/g1020/image_1080.png,G1020_image_1080,train
glaucoma_fundus_imaging_bundle,G1020,image_1081,data/external/kaggle/glaucoma_fundus_imaging_bundle/G1020/Images/image_1081.jpg,data/processed/standardized_masks/g1020/image_1081.png,G1020_image_1081,train
glaucoma_fundus_imaging_bundle,G1020,image_1087,data/external/kaggle/glaucoma_fundus_imaging_bundle/G1020/Images/image_1087.jpg,data/processed/standardized_masks/g1020/image_1087.png,G1020_image_1087,train
glaucoma_fundus_imaging_bundle,G1020,image_1088,data/external/kaggle/glaucoma_fundus_imaging_bundle/G1020/Images/image_1088.jpg,data/processed/standardized_masks/g1020/image_1088.png,G1020_image_1088,train
glaucoma_fundus_imaging_bundle,G1020,image_1092,data/external/kaggle/glaucoma_fundus_imaging_bundle/G1020/Images/image_1092.jpg,data/processed/standardized_masks/g1020/image_1092.png,G1020_image_1092,train
glaucoma_fundus_imaging_bundle,G1020,image_1093,data/external/kaggle/glaucoma_fundus_imaging_bundle/G1020/Images/image_1093.jpg,data/processed/standardized_masks/g1020/image_1093.png,G1020_image_1093,train
glaucoma_fundus_imaging_bundle,G1020,image_1094,data/external/kaggle/glaucoma_fundus_imaging_bundle/G1020/Images/image_1094.jpg,data/processed/standardized_masks/g1020/image_1094.png,G1020_image_1094,train
glaucoma_fundus_imaging_bundle,G1020,image_1095,data/external/kaggle/glaucoma_fundus_imaging_bundle/G1020/Images/image_1095.jpg,data/processed/standardized_masks/g1020/image_1095.png,G1020_image_1095,train
glaucoma_fundus_imaging_bundle,G1020,image_1096,data/external/kaggle/glaucoma_fundus_imaging_bundle/G1020/Images/image_1096.jpg,data/processed/standardized_masks/g1020/image_1096.png,G1020_image_1096,train
glaucoma_fundus_imaging_bundle,G1020,image_11,data/external/kaggle/glaucoma_fundus_imaging_bundle/G1020/Images/image_11.jpg,data/processed/standardized_masks/g1020/image_11.png,G1020_image_11,train
glaucoma_fundus_imaging_bundle,G1020,image_110,data/external/kaggle/glaucoma_fundus_imaging_bundle/G1020/Images/image_110.jpg,data/processed/standardized_masks/g1020/image_110.png,G1020_image_110,train
glaucoma_fundus_imaging_bundle,G1020,image_111,data/external/kaggle/glaucoma_fundus_imaging_bundle/G1020/Images/image_111.jpg,data/processed/standardized_masks/g1020/image_111.png,G1020_image_111,train
glaucoma_fundus_imaging_bundle,G1020,image_1112,data/external/kaggle/glaucoma_fundus_imaging_bundle/G1020/Images/image_1112.jpg,data/processed/standardized_masks/g1020/image_1112.png,G1020_image_1112,train
glaucoma_fundus_imaging_bundle,G1020,image_1113,data/external/kaggle/glaucoma_fundus_imaging_bundle/G1020/Images/image_1113.jpg,data/processed/standardized_masks/g1020/image_1113.png,G1020_image_1113,val
glaucoma_fundus_imaging_bundle,G1020,image_112,data/external/kaggle/glaucoma_fundus_imaging_bundle/G1020/Images/image_112.jpg,data/processed/standardized_masks/g1020/image_112.png,G1020_image_112,train
glaucoma_fundus_imaging_bundle,G1020,image_113,data/external/kaggle/glaucoma_fundus_imaging_bundle/G1020/Images/image_113.jpg,data/processed/standardized_masks/g1020/image_113.png,G1020_image_113,test
glaucoma_fundus_imaging_bundle,G1020,image_1136,data/external/kaggle/glaucoma_fundus_imaging_bundle/G1020/Images/image_1136.jpg,data/processed/standardized_masks/g1020/image_1136.png,G1020_image_1136,train
glaucoma_fundus_imaging_bundle,G1020,image_1137,data/external/kaggle/glaucoma_fundus_imaging_bundle/G1020/Images/image_1137.jpg,data/processed/standardized_masks/g1020/image_1137.png,G1020_image_1137,train
glaucoma_fundus_imaging_bundle,G1020,image_1138,data/external/kaggle/glaucoma_fundus_imaging_bundle/G1020/Images/image_1138.jpg,data/processed/standardized_masks/g1020/image_1138.png,G1020_image_1138,val
glaucoma_fundus_imaging_bundle,G1020,image_1139,data/external/kaggle/glaucoma_fundus_imaging_bundle/G1020/Images/image_1139.jpg,data/processed/standardized_masks/g1020/image_1139.png,G1020_image_1139,train
glaucoma_fundus_imaging_bundle,G1020,image_114,data/external/kaggle/glaucoma_fundus_imaging_bundle/G1020/Images/image_114.jpg,data/processed/standardized_masks/g1020/image_114.png,G1020_image_114,test
glaucoma_fundus_imaging_bundle,G1020,image_1140,data/external/kaggle/glaucoma_fundus_imaging_bundle/G1020/Images/image_1140.jpg,data/processed/standardized_masks/g1020/image_1140.png,G1020_image_1140,train
glaucoma_fundus_imaging_bundle,G1020,image_1141,data/external/kaggle/glaucoma_fundus_imaging_bundle/G1020/Images/image_1141.jpg,data/processed/standardized_masks/g1020/image_1141.png,G1020_image_1141,test
glaucoma_fundus_imaging_bundle,G1020,image_1142,data/external/kaggle/glaucoma_fundus_imaging_bundle/G1020/Images/image_1142.jpg,data/processed/standardized_masks/g1020/image_1142.png,G1020_image_1142,test
glaucoma_fundus_imaging_bundle,G1020,image_1143,data/external/kaggle/glaucoma_fundus_imaging_bundle/G1020/Images/image_1143.jpg,data/processed/standardized_masks/g1020/image_1143.png,G1020_image_1143,train
glaucoma_fundus_imaging_bundle,G1020,image_1144,data/external/kaggle/glaucoma_fundus_imaging_bundle/G1020/Images/image_1144.jpg,data/processed/standardized_masks/g1020/image_1144.png,G1020_image_1144,train
glaucoma_fundus_imaging_bundle,G1020,image_115,data/external/kaggle/glaucoma_fundus_imaging_bundle/G1020/Images/image_115.jpg,data/processed/standardized_masks/g1020/image_115.png,G1020_image_115,train
glaucoma_fundus_imaging_bundle,G1020,image_1160,data/external/kaggle/glaucoma_fundus_imaging_bundle/G1020/Images/image_1160.jpg,data/processed/standardized_masks/g1020/image_1160.png,G1020_image_1160,train
glaucoma_fundus_imaging_bundle,G1020,image_1161,data/external/kaggle/glaucoma_fundus_imaging_bundle/G1020/Images/image_1161.jpg,data/processed/standardized_masks/g1020/image_1161.png,G1020_image_1161,train
glaucoma_fundus_imaging_bundle,G1020,image_1164,data/external/kaggle/glaucoma_fundus_imaging_bundle/G1020/Images/image_1164.jpg,data/processed/standardized_masks/g1020/image_1164.png,G1020_image_1164,train
glaucoma_fundus_imaging_bundle,G1020,image_1165,data/external/kaggle/glaucoma_fundus_imaging_bundle/G1020/Images/image_1165.jpg,data/processed/standardized_masks/g1020/image_1165.png,G1020_image_1165,test
glaucoma_fundus_imaging_bundle,G1020,image_1187,data/external/kaggle/glaucoma_fundus_imaging_bundle/G1020/Images/image_1187.jpg,data/processed/standardized_masks/g1020/image_1187.png,G1020_image_1187,train
glaucoma_fundus_imaging_bundle,G1020,image_1188,data/external/kaggle/glaucoma_fundus_imaging_bundle/G1020/Images/image_1188.jpg,data/processed/standardized_masks/g1020/image_1188.png,G1020_image_1188,train
glaucoma_fundus_imaging_bundle,G1020,image_1189,data/external/kaggle/glaucoma_fundus_imaging_bundle/G1020/Images/image_1189.jpg,data/processed/standardized_masks/g1020/image_1189.png,G1020_image_1189,val
glaucoma_fundus_imaging_bundle,G1020,image_1190,data/external/kaggle/glaucoma_fundus_imaging_bundle/G1020/Images/image_1190.jpg,data/processed/standardized_masks/g1020/image_1190.png,G1020_image_1190,train
glaucoma_fundus_imaging_bundle,G1020,image_1197,data/external/kaggle/glaucoma_fundus_imaging_bundle/G1020/Images/image_1197.jpg,data/processed/standardized_masks/g1020/image_1197.png,G1020_image_1197,train
glaucoma_fundus_imaging_bundle,G1020,image_1198,data/external/kaggle/glaucoma_fundus_imaging_bundle/G1020/Images/image_1198.jpg,data/processed/standardized_masks/g1020/image_1198.png,G1020_image_1198,train
glaucoma_fundus_imaging_bundle,G1020,image_1199,data/external/kaggle/glaucoma_fundus_imaging_bundle/G1020/Images/image_1199.jpg,data/processed/standardized_masks/g1020/image_1199.png,G1020_image_1199,train
glaucoma_fundus_imaging_bundle,G1020,image_12,data/external/kaggle/glaucoma_fundus_imaging_bundle/G1020/Images/image_12.jpg,data/processed/standardized_masks/g1020/image_12.png,G1020_image_12,test
glaucoma_fundus_imaging_bundle,G1020,image_120,data/external/kaggle/glaucoma_fundus_imaging_bundle/G1020/Images/image_120.jpg,data/processed/standardized_masks/g1020/image_120.png,G1020_image_120,train
glaucoma_fundus_imaging_bundle,G1020,image_1201,data/external/kaggle/glaucoma_fundus_imaging_bundle/G1020/Images/image_1201.jpg,data/processed/standardized_masks/g1020/image_1201.png,G1020_image_1201,train
glaucoma_fundus_imaging_bundle,G1020,image_1202,data/external/kaggle/glaucoma_fundus_imaging_bundle/G1020/Images/image_1202.jpg,data/processed/standardized_masks/g1020/image_1202.png,G1020_image_1202,train
glaucoma_fundus_imaging_bundle,G1020,image_1203,data/external/kaggle/glaucoma_fundus_imaging_bundle/G1020/Images/image_1203.jpg,data/processed/standardized_masks/g1020/image_1203.png,G1020_image_1203,train
glaucoma_fundus_imaging_bundle,G1020,image_1204,data/external/kaggle/glaucoma_fundus_imaging_bundle/G1020/Images/image_1204.jpg,data/processed/standardized_masks/g1020/image_1204.png,G1020_image_1204,train
glaucoma_fundus_imaging_bundle,G1020,image_121,data/external/kaggle/glaucoma_fundus_imaging_bundle/G1020/Images/image_121.jpg,data/processed/standardized_masks/g1020/image_121.png,G1020_image_121,test
glaucoma_fundus_imaging_bundle,G1020,image_1213,data/external/kaggle/glaucoma_fundus_imaging_bundle/G1020/Images/image_1213.jpg,data/processed/standardized_masks/g1020/image_1213.png,G1020_image_1213,train
glaucoma_fundus_imaging_bundle,G1020,image_1214,data/external/kaggle/glaucoma_fundus_imaging_bundle/G1020/Images/image_1214.jpg,data/processed/standardized_masks/g1020/image_1214.png,G1020_image_1214,test
glaucoma_fundus_imaging_bundle,G1020,image_1215,data/external/kaggle/glaucoma_fundus_imaging_bundle/G1020/Images/image_1215.jpg,data/processed/standardized_masks/g1020/image_1215.png,G1020_image_1215,train
glaucoma_fundus_imaging_bundle,G1020,image_1216,data/external/kaggle/glaucoma_fundus_imaging_bundle/G1020/Images/image_1216.jpg,data/processed/standardized_masks/g1020/image_1216.png,G1020_image_1216,train
glaucoma_fundus_imaging_bundle,G1020,image_1217,data/external/kaggle/glaucoma_fundus_imaging_bundle/G1020/Images/image_1217.jpg,data/processed/standardized_masks/g1020/image_1217.png,G1020_image_1217,train
glaucoma_fundus_imaging_bundle,G1020,image_1218,data/external/kaggle/glaucoma_fundus_imaging_bundle/G1020/Images/image_1218.jpg,data/processed/standardized_masks/g1020/image_1218.png,G1020_image_1218,test
glaucoma_fundus_imaging_bundle,G1020,image_122,data/external/kaggle/glaucoma_fundus_imaging_bundle/G1020/Images/image_122.jpg,data/processed/standardized_masks/g1020/image_122.png,G1020_image_122,val
glaucoma_fundus_imaging_bundle,G1020,image_1225,data/external/kaggle/glaucoma_fundus_imaging_bundle/G1020/Images/image_1225.jpg,data/processed/standardized_masks/g1020/image_1225.png,G1020_image_1225,train
glaucoma_fundus_imaging_bundle,G1020,image_1226,data/external/kaggle/glaucoma_fundus_imaging_bundle/G1020/Images/image_1226.jpg,data/processed/standardized_masks/g1020/image_1226.png,G1020_image_1226,train
glaucoma_fundus_imaging_bundle,G1020,image_1227,data/external/kaggle/glaucoma_fundus_imaging_bundle/G1020/Images/image_1227.jpg,data/processed/standardized_masks/g1020/image_1227.png,G1020_image_1227,train
glaucoma_fundus_imaging_bundle,G1020,image_123,data/external/kaggle/glaucoma_fundus_imaging_bundle/G1020/Images/image_123.jpg,data/processed/standardized_masks/g1020/image_123.png,G1020_image_123,train
glaucoma_fundus_imaging_bundle,G1020,image_1230,data/external/kaggle/glaucoma_fundus_imaging_bundle/G1020/Images/image_1230.jpg,data/processed/standardized_masks/g1020/image_1230.png,G1020_image_1230,train
glaucoma_fundus_imaging_bundle,G1020,image_1231,data/external/kaggle/glaucoma_fundus_imaging_bundle/G1020/Images/image_1231.jpg,data/processed/standardized_masks/g1020/image_1231.png,G1020_image_1231,test
glaucoma_fundus_imaging_bundle,G1020,image_1232,data/external/kaggle/glaucoma_fundus_imaging_bundle/G1020/Images/image_1232.jpg,data/processed/standardized_masks/g1020/image_1232.png,G1020_image_1232,train
glaucoma_fundus_imaging_bundle,G1020,image_1233,data/external/kaggle/glaucoma_fundus_imaging_bundle/G1020/Images/image_1233.jpg,data/processed/standardized_masks/g1020/image_1233.png,G1020_image_1233,val
glaucoma_fundus_imaging_bundle,G1020,image_1234,data/external/kaggle/glaucoma_fundus_imaging_bundle/G1020/Images/image_1234.jpg,data/processed/standardized_masks/g1020/image_1234.png,G1020_image_1234,train
glaucoma_fundus_imaging_bundle,G1020,image_1238,data/external/kaggle/glaucoma_fundus_imaging_bundle/G1020/Images/image_1238.jpg,data/processed/standardized_masks/g1020/image_1238.png,G1020_image_1238,train
glaucoma_fundus_imaging_bundle,G1020,image_124,data/external/kaggle/glaucoma_fundus_imaging_bundle/G1020/Images/image_124.jpg,data/processed/standardized_masks/g1020/image_124.png,G1020_image_124,val
glaucoma_fundus_imaging_bundle,G1020,image_1240,data/external/kaggle/glaucoma_fundus_imaging_bundle/G1020/Images/image_1240.jpg,data/processed/standardized_masks/g1020/image_1240.png,G1020_image_1240,train
glaucoma_fundus_imaging_bundle,G1020,image_1241,data/external/kaggle/glaucoma_fundus_imaging_bundle/G1020/Images/image_1241.jpg,data/processed/standardized_masks/g1020/image_1241.png,G1020_image_1241,train
glaucoma_fundus_imaging_bundle,G1020,image_1242,data/external/kaggle/glaucoma_fundus_imaging_bundle/G1020/Images/image_1242.jpg,data/processed/standardized_masks/g1020/image_1242.png,G1020_image_1242,train
glaucoma_fundus_imaging_bundle,G1020,image_1243,data/external/kaggle/glaucoma_fundus_imaging_bundle/G1020/Images/image_1243.jpg,data/processed/standardized_masks/g1020/image_1243.png,G1020_image_1243,train
glaucoma_fundus_imaging_bundle,G1020,image_1246,data/external/kaggle/glaucoma_fundus_imaging_bundle/G1020/Images/image_1246.jpg,data/processed/standardized_masks/g1020/image_1246.png,G1020_image_1246,train
glaucoma_fundus_imaging_bundle,G1020,image_1247,data/external/kaggle/glaucoma_fundus_imaging_bundle/G1020/Images/image_1247.jpg,data/processed/standardized_masks/g1020/image_1247.png,G1020_image_1247,test
glaucoma_fundus_imaging_bundle,G1020,image_1248,data/external/kaggle/glaucoma_fundus_imaging_bundle/G1020/Images/image_1248.jpg,data/processed/standardized_masks/g1020/image_1248.png,G1020_image_1248,train
glaucoma_fundus_imaging_bundle,G1020,image_125,data/external/kaggle/glaucoma_fundus_imaging_bundle/G1020/Images/image_125.jpg,data/processed/standardized_masks/g1020/image_125.png,G1020_image_125,train
glaucoma_fundus_imaging_bundle,G1020,image_1250,data/external/kaggle/glaucoma_fundus_imaging_bundle/G1020/Images/image_1250.jpg,data/processed/standardized_masks/g1020/image_1250.png,G1020_image_1250,train
glaucoma_fundus_imaging_bundle,G1020,image_1254,data/external/kaggle/glaucoma_fundus_imaging_bundle/G1020/Images/image_1254.jpg,data/processed/standardized_masks/g1020/image_1254.png,G1020_image_1254,train
glaucoma_fundus_imaging_bundle,G1020,image_1255,data/external/kaggle/glaucoma_fundus_imaging_bundle/G1020/Images/image_1255.jpg,data/processed/standardized_masks/g1020/image_1255.png,G1020_image_1255,train
glaucoma_fundus_imaging_bundle,G1020,image_126,data/external/kaggle/glaucoma_fundus_imaging_bundle/G1020/Images/image_126.jpg,data/processed/standardized_masks/g1020/image_126.png,G1020_image_126,val
glaucoma_fundus_imaging_bundle,G1020,image_1260,data/external/kaggle/glaucoma_fundus_imaging_bundle/G1020/Images/image_1260.jpg,data/processed/standardized_masks/g1020/image_1260.png,G1020_image_1260,val
glaucoma_fundus_imaging_bundle,G1020,image_1261,data/external/kaggle/glaucoma_fundus_imaging_bundle/G1020/Images/image_1261.jpg,data/processed/standardized_masks/g1020/image_1261.png,G1020_image_1261,val
glaucoma_fundus_imaging_bundle,G1020,image_1270,data/external/kaggle/glaucoma_fundus_imaging_bundle/G1020/Images/image_1270.jpg,data/processed/standardized_masks/g1020/image_1270.png,G1020_image_1270,train
glaucoma_fundus_imaging_bundle,G1020,image_1271,data/external/kaggle/glaucoma_fundus_imaging_bundle/G1020/Images/image_1271.jpg,data/processed/standardized_masks/g1020/image_1271.png,G1020_image_1271,train
glaucoma_fundus_imaging_bundle,G1020,image_1285,data/external/kaggle/glaucoma_fundus_imaging_bundle/G1020/Images/image_1285.jpg,data/processed/standardized_masks/g1020/image_1285.png,G1020_image_1285,train
glaucoma_fundus_imaging_bundle,G1020,image_13,data/external/kaggle/glaucoma_fundus_imaging_bundle/G1020/Images/image_13.jpg,data/processed/standardized_masks/g1020/image_13.png,G1020_image_13,train
glaucoma_fundus_imaging_bundle,G1020,image_1303,data/external/kaggle/glaucoma_fundus_imaging_bundle/G1020/Images/image_1303.jpg,data/processed/standardized_masks/g1020/image_1303.png,G1020_image_1303,train
glaucoma_fundus_imaging_bundle,G1020,image_1304,data/external/kaggle/glaucoma_fundus_imaging_bundle/G1020/Images/image_1304.jpg,data/processed/standardized_masks/g1020/image_1304.png,G1020_image_1304,train
glaucoma_fundus_imaging_bundle,G1020,image_1317,data/external/kaggle/glaucoma_fundus_imaging_bundle/G1020/Images/image_1317.jpg,data/processed/standardized_masks/g1020/image_1317.png,G1020_image_1317,test
glaucoma_fundus_imaging_bundle,G1020,image_1318,data/external/kaggle/glaucoma_fundus_imaging_bundle/G1020/Images/image_1318.jpg,data/processed/standardized_masks/g1020/image_1318.png,G1020_image_1318,train
glaucoma_fundus_imaging_bundle,G1020,image_1319,data/external/kaggle/glaucoma_fundus_imaging_bundle/G1020/Images/image_1319.jpg,data/processed/standardized_masks/g1020/image_1319.png,G1020_image_1319,train
glaucoma_fundus_imaging_bundle,G1020,image_1321,data/external/kaggle/glaucoma_fundus_imaging_bundle/G1020/Images/image_1321.jpg,data/processed/standardized_masks/g1020/image_1321.png,G1020_image_1321,val
glaucoma_fundus_imaging_bundle,G1020,image_1322,data/external/kaggle/glaucoma_fundus_imaging_bundle/G1020/Images/image_1322.jpg,data/processed/standardized_masks/g1020/image_1322.png,G1020_image_1322,val
glaucoma_fundus_imaging_bundle,G1020,image_1325,data/external/kaggle/glaucoma_fundus_imaging_bundle/G1020/Images/image_1325.jpg,data/processed/standardized_masks/g1020/image_1325.png,G1020_image_1325,train
glaucoma_fundus_imaging_bundle,G1020,image_1326,data/external/kaggle/glaucoma_fundus_imaging_bundle/G1020/Images/image_1326.jpg,data/processed/standardized_masks/g1020/image_1326.png,G1020_image_1326,train
glaucoma_fundus_imaging_bundle,G1020,image_1327,data/external/kaggle/glaucoma_fundus_imaging_bundle/G1020/Images/image_1327.jpg,data/processed/standardized_masks/g1020/image_1327.png,G1020_image_1327,val
glaucoma_fundus_imaging_bundle,G1020,image_1328,data/external/kaggle/glaucoma_fundus_imaging_bundle/G1020/Images/image_1328.jpg,data/processed/standardized_masks/g1020/image_1328.png,G1020_image_1328,train
glaucoma_fundus_imaging_bundle,G1020,image_1329,data/external/kaggle/glaucoma_fundus_imaging_bundle/G1020/Images/image_1329.jpg,data/processed/standardized_masks/g1020/image_1329.png,G1020_image_1329,test
glaucoma_fundus_imaging_bundle,G1020,image_1330,data/external/kaggle/glaucoma_fundus_imaging_bundle/G1020/Images/image_1330.jpg,data/processed/standardized_masks/g1020/image_1330.png,G1020_image_1330,val
glaucoma_fundus_imaging_bundle,G1020,image_1331,data/external/kaggle/glaucoma_fundus_imaging_bundle/G1020/Images/image_1331.jpg,data/processed/standardized_masks/g1020/image_1331.png,G1020_image_1331,test
glaucoma_fundus_imaging_bundle,G1020,image_1332,data/external/kaggle/glaucoma_fundus_imaging_bundle/G1020/Images/image_1332.jpg,data/processed/standardized_masks/g1020/image_1332.png,G1020_image_1332,test
glaucoma_fundus_imaging_bundle,G1020,image_1333,data/external/kaggle/glaucoma_fundus_imaging_bundle/G1020/Images/image_1333.jpg,data/processed/standardized_masks/g1020/image_1333.png,G1020_image_1333,train
glaucoma_fundus_imaging_bundle,G1020,image_1334,data/external/kaggle/glaucoma_fundus_imaging_bundle/G1020/Images/image_1334.jpg,data/processed/standardized_masks/g1020/image_1334.png,G1020_image_1334,train
glaucoma_fundus_imaging_bundle,G1020,image_1335,data/external/kaggle/glaucoma_fundus_imaging_bundle/G1020/Images/image_1335.jpg,data/processed/standardized_masks/g1020/image_1335.png,G1020_image_1335,test
glaucoma_fundus_imaging_bundle,G1020,image_1336,data/external/kaggle/glaucoma_fundus_imaging_bundle/G1020/Images/image_1336.jpg,data/processed/standardized_masks/g1020/image_1336.png,G1020_image_1336,train
glaucoma_fundus_imaging_bundle,G1020,image_1337,data/external/kaggle/glaucoma_fundus_imaging_bundle/G1020/Images/image_1337.jpg,data/processed/standardized_masks/g1020/image_1337.png,G1020_image_1337,train
glaucoma_fundus_imaging_bundle,G1020,image_1338,data/external/kaggle/glaucoma_fundus_imaging_bundle/G1020/Images/image_1338.jpg,data/processed/standardized_masks/g1020/image_1338.png,G1020_image_1338,train
glaucoma_fundus_imaging_bundle,G1020,image_1339,data/external/kaggle/glaucoma_fundus_imaging_bundle/G1020/Images/image_1339.jpg,data/processed/standardized_masks/g1020/image_1339.png,G1020_image_1339,train
glaucoma_fundus_imaging_bundle,G1020,image_1344,data/external/kaggle/glaucoma_fundus_imaging_bundle/G1020/Images/image_1344.jpg,data/processed/standardized_masks/g1020/image_1344.png,G1020_image_1344,val
glaucoma_fundus_imaging_bundle,G1020,image_1348,data/external/kaggle/glaucoma_fundus_imaging_bundle/G1020/Images/image_1348.jpg,data/processed/standardized_masks/g1020/image_1348.png,G1020_image_1348,test
glaucoma_fundus_imaging_bundle,G1020,image_1349,data/external/kaggle/glaucoma_fundus_imaging_bundle/G1020/Images/image_1349.jpg,data/processed/standardized_masks/g1020/image_1349.png,G1020_image_1349,train
glaucoma_fundus_imaging_bundle,G1020,image_1350,data/external/kaggle/glaucoma_fundus_imaging_bundle/G1020/Images/image_1350.jpg,data/processed/standardized_masks/g1020/image_1350.png,G1020_image_1350,train
glaucoma_fundus_imaging_bundle,G1020,image_1351,data/external/kaggle/glaucoma_fundus_imaging_bundle/G1020/Images/image_1351.jpg,data/processed/standardized_masks/g1020/image_1351.png,G1020_image_1351,train
glaucoma_fundus_imaging_bundle,G1020,image_1352,data/external/kaggle/glaucoma_fundus_imaging_bundle/G1020/Images/image_1352.jpg,data/processed/standardized_masks/g1020/image_1352.png,G1020_image_1352,train
glaucoma_fundus_imaging_bundle,G1020,image_1355,data/external/kaggle/glaucoma_fundus_imaging_bundle/G1020/Images/image_1355.jpg,data/processed/standardized_masks/g1020/image_1355.png,G1020_image_1355,train
glaucoma_fundus_imaging_bundle,G1020,image_1356,data/external/kaggle/glaucoma_fundus_imaging_bundle/G1020/Images/image_1356.jpg,data/processed/standardized_masks/g1020/image_1356.png,G1020_image_1356,train
glaucoma_fundus_imaging_bundle,G1020,image_1359,data/external/kaggle/glaucoma_fundus_imaging_bundle/G1020/Images/image_1359.jpg,data/processed/standardized_masks/g1020/image_1359.png,G1020_image_1359,train
glaucoma_fundus_imaging_bundle,G1020,image_1360,data/external/kaggle/glaucoma_fundus_imaging_bundle/G1020/Images/image_1360.jpg,data/processed/standardized_masks/g1020/image_1360.png,G1020_image_1360,train
glaucoma_fundus_imaging_bundle,G1020,image_1361,data/external/kaggle/glaucoma_fundus_imaging_bundle/G1020/Images/image_1361.jpg,data/processed/standardized_masks/g1020/image_1361.png,G1020_image_1361,train
glaucoma_fundus_imaging_bundle,G1020,image_1362,data/external/kaggle/glaucoma_fundus_imaging_bundle/G1020/Images/image_1362.jpg,data/processed/standardized_masks/g1020/image_1362.png,G1020_image_1362,train
glaucoma_fundus_imaging_bundle,G1020,image_1366,data/external/kaggle/glaucoma_fundus_imaging_bundle/G1020/Images/image_1366.jpg,data/processed/standardized_masks/g1020/image_1366.png,G1020_image_1366,train
glaucoma_fundus_imaging_bundle,G1020,image_1367,data/external/kaggle/glaucoma_fundus_imaging_bundle/G1020/Images/image_1367.jpg,data/processed/standardized_masks/g1020/image_1367.png,G1020_image_1367,train
glaucoma_fundus_imaging_bundle,G1020,image_1368,data/external/kaggle/glaucoma_fundus_imaging_bundle/G1020/Images/image_1368.jpg,data/processed/standardized_masks/g1020/image_1368.png,G1020_image_1368,train
glaucoma_fundus_imaging_bundle,G1020,image_1377,data/external/kaggle/glaucoma_fundus_imaging_bundle/G1020/Images/image_1377.jpg,data/processed/standardized_masks/g1020/image_1377.png,G1020_image_1377,test
glaucoma_fundus_imaging_bundle,G1020,image_1378,data/external/kaggle/glaucoma_fundus_imaging_bundle/G1020/Images/image_1378.jpg,data/processed/standardized_masks/g1020/image_1378.png,G1020_image_1378,train
glaucoma_fundus_imaging_bundle,G1020,image_1384,data/external/kaggle/glaucoma_fundus_imaging_bundle/G1020/Images/image_1384.jpg,data/processed/standardized_masks/g1020/image_1384.png,G1020_image_1384,train
glaucoma_fundus_imaging_bundle,G1020,image_1386,data/external/kaggle/glaucoma_fundus_imaging_bundle/G1020/Images/image_1386.jpg,data/processed/standardized_masks/g1020/image_1386.png,G1020_image_1386,train
glaucoma_fundus_imaging_bundle,G1020,image_1387,data/external/kaggle/glaucoma_fundus_imaging_bundle/G1020/Images/image_1387.jpg,data/processed/standardized_masks/g1020/image_1387.png,G1020_image_1387,test
glaucoma_fundus_imaging_bundle,G1020,image_1388,data/external/kaggle/glaucoma_fundus_imaging_bundle/G1020/Images/image_1388.jpg,data/processed/standardized_masks/g1020/image_1388.png,G1020_image_1388,train
glaucoma_fundus_imaging_bundle,G1020,image_1389,data/external/kaggle/glaucoma_fundus_imaging_bundle/G1020/Images/image_1389.jpg,data/processed/standardized_masks/g1020/image_1389.png,G1020_image_1389,train
glaucoma_fundus_imaging_bundle,G1020,image_1391,data/external/kaggle/glaucoma_fundus_imaging_bundle/G1020/Images/image_1391.jpg,data/processed/standardized_masks/g1020/image_1391.png,G1020_image_1391,train
glaucoma_fundus_imaging_bundle,G1020,image_1392,data/external/kaggle/glaucoma_fundus_imaging_bundle/G1020/Images/image_1392.jpg,data/processed/standardized_masks/g1020/image_1392.png,G1020_image_1392,train
glaucoma_fundus_imaging_bundle,G1020,image_1401,data/external/kaggle/glaucoma_fundus_imaging_bundle/G1020/Images/image_1401.jpg,data/processed/standardized_masks/g1020/image_1401.png,G1020_image_1401,train
glaucoma_fundus_imaging_bundle,G1020,image_1402,data/external/kaggle/glaucoma_fundus_imaging_bundle/G1020/Images/image_1402.jpg,data/processed/standardized_masks/g1020/image_1402.png,G1020_image_1402,train
glaucoma_fundus_imaging_bundle,G1020,image_1403,data/external/kaggle/glaucoma_fundus_imaging_bundle/G1020/Images/image_1403.jpg,data/processed/standardized_masks/g1020/image_1403.png,G1020_image_1403,train
glaucoma_fundus_imaging_bundle,G1020,image_1404,data/external/kaggle/glaucoma_fundus_imaging_bundle/G1020/Images/image_1404.jpg,data/processed/standardized_masks/g1020/image_1404.png,G1020_image_1404,val
glaucoma_fundus_imaging_bundle,G1020,image_1413,data/external/kaggle/glaucoma_fundus_imaging_bundle/G1020/Images/image_1413.jpg,data/processed/standardized_masks/g1020/image_1413.png,G1020_image_1413,train
glaucoma_fundus_imaging_bundle,G1020,image_1414,data/external/kaggle/glaucoma_fundus_imaging_bundle/G1020/Images/image_1414.jpg,data/processed/standardized_masks/g1020/image_1414.png,G1020_image_1414,train
glaucoma_fundus_imaging_bundle,G1020,image_1415,data/external/kaggle/glaucoma_fundus_imaging_bundle/G1020/Images/image_1415.jpg,data/processed/standardized_masks/g1020/image_1415.png,G1020_image_1415,train
glaucoma_fundus_imaging_bundle,G1020,image_1416,data/external/kaggle/glaucoma_fundus_imaging_bundle/G1020/Images/image_1416.jpg,data/processed/standardized_masks/g1020/image_1416.png,G1020_image_1416,train
glaucoma_fundus_imaging_bundle,G1020,image_1421,data/external/kaggle/glaucoma_fundus_imaging_bundle/G1020/Images/image_1421.jpg,data/processed/standardized_masks/g1020/image_1421.png,G1020_image_1421,train
glaucoma_fundus_imaging_bundle,G1020,image_1422,data/external/kaggle/glaucoma_fundus_imaging_bundle/G1020/Images/image_1422.jpg,data/processed/standardized_masks/g1020/image_1422.png,G1020_image_1422,train
glaucoma_fundus_imaging_bundle,G1020,image_1426,data/external/kaggle/glaucoma_fundus_imaging_bundle/G1020/Images/image_1426.jpg,data/processed/standardized_masks/g1020/image_1426.png,G1020_image_1426,train
glaucoma_fundus_imaging_bundle,G1020,image_143,data/external/kaggle/glaucoma_fundus_imaging_bundle/G1020/Images/image_143.jpg,data/processed/standardized_masks/g1020/image_143.png,G1020_image_143,val
glaucoma_fundus_imaging_bundle,G1020,image_1431,data/external/kaggle/glaucoma_fundus_imaging_bundle/G1020/Images/image_1431.jpg,data/processed/standardized_masks/g1020/image_1431.png,G1020_image_1431,val
glaucoma_fundus_imaging_bundle,G1020,image_1432,data/external/kaggle/glaucoma_fundus_imaging_bundle/G1020/Images/image_1432.jpg,data/processed/standardized_masks/g1020/image_1432.png,G1020_image_1432,train
glaucoma_fundus_imaging_bundle,G1020,image_144,data/external/kaggle/glaucoma_fundus_imaging_bundle/G1020/Images/image_144.jpg,data/processed/standardized_masks/g1020/image_144.png,G1020_image_144,train
glaucoma_fundus_imaging_bundle,G1020,image_1452,data/external/kaggle/glaucoma_fundus_imaging_bundle/G1020/Images/image_1452.jpg,data/processed/standardized_masks/g1020/image_1452.png,G1020_image_1452,val
glaucoma_fundus_imaging_bundle,G1020,image_1453,data/external/kaggle/glaucoma_fundus_imaging_bundle/G1020/Images/image_1453.jpg,data/processed/standardized_masks/g1020/image_1453.png,G1020_image_1453,train
glaucoma_fundus_imaging_bundle,G1020,image_1462,data/external/kaggle/glaucoma_fundus_imaging_bundle/G1020/Images/image_1462.jpg,data/processed/standardized_masks/g1020/image_1462.png,G1020_image_1462,train
glaucoma_fundus_imaging_bundle,G1020,image_1463,data/external/kaggle/glaucoma_fundus_imaging_bundle/G1020/Images/image_1463.jpg,data/processed/standardized_masks/g1020/image_1463.png,G1020_image_1463,train
glaucoma_fundus_imaging_bundle,G1020,image_1470,data/external/kaggle/glaucoma_fundus_imaging_bundle/G1020/Images/image_1470.jpg,data/processed/standardized_masks/g1020/image_1470.png,G1020_image_1470,val
glaucoma_fundus_imaging_bundle,G1020,image_1471,data/external/kaggle/glaucoma_fundus_imaging_bundle/G1020/Images/image_1471.jpg,data/processed/standardized_masks/g1020/image_1471.png,G1020_image_1471,train
glaucoma_fundus_imaging_bundle,G1020,image_1478,data/external/kaggle/glaucoma_fundus_imaging_bundle/G1020/Images/image_1478.jpg,data/processed/standardized_masks/g1020/image_1478.png,G1020_image_1478,test
glaucoma_fundus_imaging_bundle,G1020,image_1479,data/external/kaggle/glaucoma_fundus_imaging_bundle/G1020/Images/image_1479.jpg,data/processed/standardized_masks/g1020/image_1479.png,G1020_image_1479,train
glaucoma_fundus_imaging_bundle,G1020,image_1480,data/external/kaggle/glaucoma_fundus_imaging_bundle/G1020/Images/image_1480.jpg,data/processed/standardized_masks/g1020/image_1480.png,G1020_image_1480,train
glaucoma_fundus_imaging_bundle,G1020,image_1481,data/external/kaggle/glaucoma_fundus_imaging_bundle/G1020/Images/image_1481.jpg,data/processed/standardized_masks/g1020/image_1481.png,G1020_image_1481,test
glaucoma_fundus_imaging_bundle,G1020,image_1495,data/external/kaggle/glaucoma_fundus_imaging_bundle/G1020/Images/image_1495.jpg,data/processed/standardized_masks/g1020/image_1495.png,G1020_image_1495,train
glaucoma_fundus_imaging_bundle,G1020,image_1496,data/external/kaggle/glaucoma_fundus_imaging_bundle/G1020/Images/image_1496.jpg,data/processed/standardized_masks/g1020/image_1496.png,G1020_image_1496,train
glaucoma_fundus_imaging_bundle,G1020,image_1497,data/external/kaggle/glaucoma_fundus_imaging_bundle/G1020/Images/image_1497.jpg,data/processed/standardized_masks/g1020/image_1497.png,G1020_image_1497,train
glaucoma_fundus_imaging_bundle,G1020,image_1498,data/external/kaggle/glaucoma_fundus_imaging_bundle/G1020/Images/image_1498.jpg,data/processed/standardized_masks/g1020/image_1498.png,G1020_image_1498,train
glaucoma_fundus_imaging_bundle,G1020,image_150,data/external/kaggle/glaucoma_fundus_imaging_bundle/G1020/Images/image_150.jpg,data/processed/standardized_masks/g1020/image_150.png,G1020_image_150,val
glaucoma_fundus_imaging_bundle,G1020,image_1504,data/external/kaggle/glaucoma_fundus_imaging_bundle/G1020/Images/image_1504.jpg,data/processed/standardized_masks/g1020/image_1504.png,G1020_image_1504,train
glaucoma_fundus_imaging_bundle,G1020,image_1507,data/external/kaggle/glaucoma_fundus_imaging_bundle/G1020/Images/image_1507.jpg,data/processed/standardized_masks/g1020/image_1507.png,G1020_image_1507,test
glaucoma_fundus_imaging_bundle,G1020,image_1508,data/external/kaggle/glaucoma_fundus_imaging_bundle/G1020/Images/image_1508.jpg,data/processed/standardized_masks/g1020/image_1508.png,G1020_image_1508,train
glaucoma_fundus_imaging_bundle,G1020,image_151,data/external/kaggle/glaucoma_fundus_imaging_bundle/G1020/Images/image_151.jpg,data/processed/standardized_masks/g1020/image_151.png,G1020_image_151,train
glaucoma_fundus_imaging_bundle,G1020,image_1515,data/external/kaggle/glaucoma_fundus_imaging_bundle/G1020/Images/image_1515.jpg,data/processed/standardized_masks/g1020/image_1515.png,G1020_image_1515,train
glaucoma_fundus_imaging_bundle,G1020,image_1516,data/external/kaggle/glaucoma_fundus_imaging_bundle/G1020/Images/image_1516.jpg,data/processed/standardized_masks/g1020/image_1516.png,G1020_image_1516,val
glaucoma_fundus_imaging_bundle,G1020,image_1519,data/external/kaggle/glaucoma_fundus_imaging_bundle/G1020/Images/image_1519.jpg,data/processed/standardized_masks/g1020/image_1519.png,G1020_image_1519,test
glaucoma_fundus_imaging_bundle,G1020,image_152,data/external/kaggle/glaucoma_fundus_imaging_bundle/G1020/Images/image_152.jpg,data/processed/standardized_masks/g1020/image_152.png,G1020_image_152,train
glaucoma_fundus_imaging_bundle,G1020,image_1520,data/external/kaggle/glaucoma_fundus_imaging_bundle/G1020/Images/image_1520.jpg,data/processed/standardized_masks/g1020/image_1520.png,G1020_image_1520,train
glaucoma_fundus_imaging_bundle,G1020,image_1521,data/external/kaggle/glaucoma_fundus_imaging_bundle/G1020/Images/image_1521.jpg,data/processed/standardized_masks/g1020/image_1521.png,G1020_image_1521,train
glaucoma_fundus_imaging_bundle,G1020,image_1522,data/external/kaggle/glaucoma_fundus_imaging_bundle/G1020/Images/image_1522.jpg,data/processed/standardized_masks/g1020/image_1522.png,G1020_image_1522,val
glaucoma_fundus_imaging_bundle,G1020,image_1524,data/external/kaggle/glaucoma_fundus_imaging_bundle/G1020/Images/image_1524.jpg,data/processed/standardized_masks/g1020/image_1524.png,G1020_image_1524,test
glaucoma_fundus_imaging_bundle,G1020,image_1525,data/external/kaggle/glaucoma_fundus_imaging_bundle/G1020/Images/image_1525.jpg,data/processed/standardized_masks/g1020/image_1525.png,G1020_image_1525,test
glaucoma_fundus_imaging_bundle,G1020,image_1526,data/external/kaggle/glaucoma_fundus_imaging_bundle/G1020/Images/image_1526.jpg,data/processed/standardized_masks/g1020/image_1526.png,G1020_image_1526,test
glaucoma_fundus_imaging_bundle,G1020,image_153,data/external/kaggle/glaucoma_fundus_imaging_bundle/G1020/Images/image_153.jpg,data/processed/standardized_masks/g1020/image_153.png,G1020_image_153,val
glaucoma_fundus_imaging_bundle,G1020,image_154,data/external/kaggle/glaucoma_fundus_imaging_bundle/G1020/Images/image_154.jpg,data/processed/standardized_masks/g1020/image_154.png,G1020_image_154,train
glaucoma_fundus_imaging_bundle,G1020,image_1543,data/external/kaggle/glaucoma_fundus_imaging_bundle/G1020/Images/image_1543.jpg,data/processed/standardized_masks/g1020/image_1543.png,G1020_image_1543,train
glaucoma_fundus_imaging_bundle,G1020,image_1544,data/external/kaggle/glaucoma_fundus_imaging_bundle/G1020/Images/image_1544.jpg,data/processed/standardized_masks/g1020/image_1544.png,G1020_image_1544,train
glaucoma_fundus_imaging_bundle,G1020,image_1553,data/external/kaggle/glaucoma_fundus_imaging_bundle/G1020/Images/image_1553.jpg,data/processed/standardized_masks/g1020/image_1553.png,G1020_image_1553,train
glaucoma_fundus_imaging_bundle,G1020,image_1554,data/external/kaggle/glaucoma_fundus_imaging_bundle/G1020/Images/image_1554.jpg,data/processed/standardized_masks/g1020/image_1554.png,G1020_image_1554,test
glaucoma_fundus_imaging_bundle,G1020,image_1575,data/external/kaggle/glaucoma_fundus_imaging_bundle/G1020/Images/image_1575.jpg,data/processed/standardized_masks/g1020/image_1575.png,G1020_image_1575,train
glaucoma_fundus_imaging_bundle,G1020,image_1576,data/external/kaggle/glaucoma_fundus_imaging_bundle/G1020/Images/image_1576.jpg,data/processed/standardized_masks/g1020/image_1576.png,G1020_image_1576,train
glaucoma_fundus_imaging_bundle,G1020,image_1579,data/external/kaggle/glaucoma_fundus_imaging_bundle/G1020/Images/image_1579.jpg,data/processed/standardized_masks/g1020/image_1579.png,G1020_image_1579,train
glaucoma_fundus_imaging_bundle,G1020,image_1580,data/external/kaggle/glaucoma_fundus_imaging_bundle/G1020/Images/image_1580.jpg,data/processed/standardized_masks/g1020/image_1580.png,G1020_image_1580,train
glaucoma_fundus_imaging_bundle,G1020,image_1589,data/external/kaggle/glaucoma_fundus_imaging_bundle/G1020/Images/image_1589.jpg,data/processed/standardized_masks/g1020/image_1589.png,G1020_image_1589,train
glaucoma_fundus_imaging_bundle,G1020,image_1590,data/external/kaggle/glaucoma_fundus_imaging_bundle/G1020/Images/image_1590.jpg,data/processed/standardized_masks/g1020/image_1590.png,G1020_image_1590,train
glaucoma_fundus_imaging_bundle,G1020,image_1591,data/external/kaggle/glaucoma_fundus_imaging_bundle/G1020/Images/image_1591.jpg,data/processed/standardized_masks/g1020/image_1591.png,G1020_image_1591,train
glaucoma_fundus_imaging_bundle,G1020,image_1592,data/external/kaggle/glaucoma_fundus_imaging_bundle/G1020/Images/image_1592.jpg,data/processed/standardized_masks/g1020/image_1592.png,G1020_image_1592,train
glaucoma_fundus_imaging_bundle,G1020,image_1594,data/external/kaggle/glaucoma_fundus_imaging_bundle/G1020/Images/image_1594.jpg,data/processed/standardized_masks/g1020/image_1594.png,G1020_image_1594,train
glaucoma_fundus_imaging_bundle,G1020,image_1595,data/external/kaggle/glaucoma_fundus_imaging_bundle/G1020/Images/image_1595.jpg,data/processed/standardized_masks/g1020/image_1595.png,G1020_image_1595,val
glaucoma_fundus_imaging_bundle,G1020,image_1598,data/external/kaggle/glaucoma_fundus_imaging_bundle/G1020/Images/image_1598.jpg,data/processed/standardized_masks/g1020/image_1598.png,G1020_image_1598,train
glaucoma_fundus_imaging_bundle,G1020,image_1599,data/external/kaggle/glaucoma_fundus_imaging_bundle/G1020/Images/image_1599.jpg,data/processed/standardized_masks/g1020/image_1599.png,G1020_image_1599,val
glaucoma_fundus_imaging_bundle,G1020,image_1607,data/external/kaggle/glaucoma_fundus_imaging_bundle/G1020/Images/image_1607.jpg,data/processed/standardized_masks/g1020/image_1607.png,G1020_image_1607,train
glaucoma_fundus_imaging_bundle,G1020,image_1608,data/external/kaggle/glaucoma_fundus_imaging_bundle/G1020/Images/image_1608.jpg,data/processed/standardized_masks/g1020/image_1608.png,G1020_image_1608,val
glaucoma_fundus_imaging_bundle,G1020,image_1609,data/external/kaggle/glaucoma_fundus_imaging_bundle/G1020/Images/image_1609.jpg,data/processed/standardized_masks/g1020/image_1609.png,G1020_image_1609,train
glaucoma_fundus_imaging_bundle,G1020,image_1610,data/external/kaggle/glaucoma_fundus_imaging_bundle/G1020/Images/image_1610.jpg,data/processed/standardized_masks/g1020/image_1610.png,G1020_image_1610,train
glaucoma_fundus_imaging_bundle,G1020,image_1616,data/external/kaggle/glaucoma_fundus_imaging_bundle/G1020/Images/image_1616.jpg,data/processed/standardized_masks/g1020/image_1616.png,G1020_image_1616,test
glaucoma_fundus_imaging_bundle,G1020,image_1623,data/external/kaggle/glaucoma_fundus_imaging_bundle/G1020/Images/image_1623.jpg,data/processed/standardized_masks/g1020/image_1623.png,G1020_image_1623,train
glaucoma_fundus_imaging_bundle,G1020,image_1624,data/external/kaggle/glaucoma_fundus_imaging_bundle/G1020/Images/image_1624.jpg,data/processed/standardized_masks/g1020/image_1624.png,G1020_image_1624,val
glaucoma_fundus_imaging_bundle,G1020,image_1625,data/external/kaggle/glaucoma_fundus_imaging_bundle/G1020/Images/image_1625.jpg,data/processed/standardized_masks/g1020/image_1625.png,G1020_image_1625,train
glaucoma_fundus_imaging_bundle,G1020,image_1626,data/external/kaggle/glaucoma_fundus_imaging_bundle/G1020/Images/image_1626.jpg,data/processed/standardized_masks/g1020/image_1626.png,G1020_image_1626,val
glaucoma_fundus_imaging_bundle,G1020,image_163,data/external/kaggle/glaucoma_fundus_imaging_bundle/G1020/Images/image_163.jpg,data/processed/standardized_masks/g1020/image_163.png,G1020_image_163,train
glaucoma_fundus_imaging_bundle,G1020,image_164,data/external/kaggle/glaucoma_fundus_imaging_bundle/G1020/Images/image_164.jpg,data/processed/standardized_masks/g1020/image_164.png,G1020_image_164,train
glaucoma_fundus_imaging_bundle,G1020,image_1644,data/external/kaggle/glaucoma_fundus_imaging_bundle/G1020/Images/image_1644.jpg,data/processed/standardized_masks/g1020/image_1644.png,G1020_image_1644,train
glaucoma_fundus_imaging_bundle,G1020,image_1645,data/external/kaggle/glaucoma_fundus_imaging_bundle/G1020/Images/image_1645.jpg,data/processed/standardized_masks/g1020/image_1645.png,G1020_image_1645,train
glaucoma_fundus_imaging_bundle,G1020,image_1652,data/external/kaggle/glaucoma_fundus_imaging_bundle/G1020/Images/image_1652.jpg,data/processed/standardized_masks/g1020/image_1652.png,G1020_image_1652,test
glaucoma_fundus_imaging_bundle,G1020,image_1653,data/external/kaggle/glaucoma_fundus_imaging_bundle/G1020/Images/image_1653.jpg,data/processed/standardized_masks/g1020/image_1653.png,G1020_image_1653,train
glaucoma_fundus_imaging_bundle,G1020,image_1686,data/external/kaggle/glaucoma_fundus_imaging_bundle/G1020/Images/image_1686.jpg,data/processed/standardized_masks/g1020/image_1686.png,G1020_image_1686,val
glaucoma_fundus_imaging_bundle,G1020,image_1687,data/external/kaggle/glaucoma_fundus_imaging_bundle/G1020/Images/image_1687.jpg,data/processed/standardized_masks/g1020/image_1687.png,G1020_image_1687,train
glaucoma_fundus_imaging_bundle,G1020,image_1691,data/external/kaggle/glaucoma_fundus_imaging_bundle/G1020/Images/image_1691.jpg,data/processed/standardized_masks/g1020/image_1691.png,G1020_image_1691,train
glaucoma_fundus_imaging_bundle,G1020,image_1692,data/external/kaggle/glaucoma_fundus_imaging_bundle/G1020/Images/image_1692.jpg,data/processed/standardized_masks/g1020/image_1692.png,G1020_image_1692,train
glaucoma_fundus_imaging_bundle,G1020,image_1693,data/external/kaggle/glaucoma_fundus_imaging_bundle/G1020/Images/image_1693.jpg,data/processed/standardized_masks/g1020/image_1693.png,G1020_image_1693,val
glaucoma_fundus_imaging_bundle,G1020,image_1694,data/external/kaggle/glaucoma_fundus_imaging_bundle/G1020/Images/image_1694.jpg,data/processed/standardized_masks/g1020/image_1694.png,G1020_image_1694,train
glaucoma_fundus_imaging_bundle,G1020,image_1695,data/external/kaggle/glaucoma_fundus_imaging_bundle/G1020/Images/image_1695.jpg,data/processed/standardized_masks/g1020/image_1695.png,G1020_image_1695,train
glaucoma_fundus_imaging_bundle,G1020,image_1696,data/external/kaggle/glaucoma_fundus_imaging_bundle/G1020/Images/image_1696.jpg,data/processed/standardized_masks/g1020/image_1696.png,G1020_image_1696,train
glaucoma_fundus_imaging_bundle,G1020,image_1697,data/external/kaggle/glaucoma_fundus_imaging_bundle/G1020/Images/image_1697.jpg,data/processed/standardized_masks/g1020/image_1697.png,G1020_image_1697,train
glaucoma_fundus_imaging_bundle,G1020,image_1698,data/external/kaggle/glaucoma_fundus_imaging_bundle/G1020/Images/image_1698.jpg,data/processed/standardized_masks/g1020/image_1698.png,G1020_image_1698,train
glaucoma_fundus_imaging_bundle,G1020,image_1699,data/external/kaggle/glaucoma_fundus_imaging_bundle/G1020/Images/image_1699.jpg,data/processed/standardized_masks/g1020/image_1699.png,G1020_image_1699,val
glaucoma_fundus_imaging_bundle,G1020,image_170,data/external/kaggle/glaucoma_fundus_imaging_bundle/G1020/Images/image_170.jpg,data/processed/standardized_masks/g1020/image_170.png,G1020_image_170,train
glaucoma_fundus_imaging_bundle,G1020,image_1700,data/external/kaggle/glaucoma_fundus_imaging_bundle/G1020/Images/image_1700.jpg,data/processed/standardized_masks/g1020/image_1700.png,G1020_image_1700,train
glaucoma_fundus_imaging_bundle,G1020,image_1701,data/external/kaggle/glaucoma_fundus_imaging_bundle/G1020/Images/image_1701.jpg,data/processed/standardized_masks/g1020/image_1701.png,G1020_image_1701,train
glaucoma_fundus_imaging_bundle,G1020,image_1702,data/external/kaggle/glaucoma_fundus_imaging_bundle/G1020/Images/image_1702.jpg,data/processed/standardized_masks/g1020/image_1702.png,G1020_image_1702,train
glaucoma_fundus_imaging_bundle,G1020,image_1703,data/external/kaggle/glaucoma_fundus_imaging_bundle/G1020/Images/image_1703.jpg,data/processed/standardized_masks/g1020/image_1703.png,G1020_image_1703,train
glaucoma_fundus_imaging_bundle,G1020,image_1704,data/external/kaggle/glaucoma_fundus_imaging_bundle/G1020/Images/image_1704.jpg,data/processed/standardized_masks/g1020/image_1704.png,G1020_image_1704,train
glaucoma_fundus_imaging_bundle,G1020,image_171,data/external/kaggle/glaucoma_fundus_imaging_bundle/G1020/Images/image_171.jpg,data/processed/standardized_masks/g1020/image_171.png,G1020_image_171,val
glaucoma_fundus_imaging_bundle,G1020,image_1710,data/external/kaggle/glaucoma_fundus_imaging_bundle/G1020/Images/image_1710.jpg,data/processed/standardized_masks/g1020/image_1710.png,G1020_image_1710,train
glaucoma_fundus_imaging_bundle,G1020,image_1711,data/external/kaggle/glaucoma_fundus_imaging_bundle/G1020/Images/image_1711.jpg,data/processed/standardized_masks/g1020/image_1711.png,G1020_image_1711,train
glaucoma_fundus_imaging_bundle,G1020,image_1712,data/external/kaggle/glaucoma_fundus_imaging_bundle/G1020/Images/image_1712.jpg,data/processed/standardized_masks/g1020/image_1712.png,G1020_image_1712,train
glaucoma_fundus_imaging_bundle,G1020,image_1713,data/external/kaggle/glaucoma_fundus_imaging_bundle/G1020/Images/image_1713.jpg,data/processed/standardized_masks/g1020/image_1713.png,G1020_image_1713,train
glaucoma_fundus_imaging_bundle,G1020,image_1714,data/external/kaggle/glaucoma_fundus_imaging_bundle/G1020/Images/image_1714.jpg,data/processed/standardized_masks/g1020/image_1714.png,G1020_image_1714,train
glaucoma_fundus_imaging_bundle,G1020,image_1715,data/external/kaggle/glaucoma_fundus_imaging_bundle/G1020/Images/image_1715.jpg,data/processed/standardized_masks/g1020/image_1715.png,G1020_image_1715,train
glaucoma_fundus_imaging_bundle,G1020,image_1716,data/external/kaggle/glaucoma_fundus_imaging_bundle/G1020/Images/image_1716.jpg,data/processed/standardized_masks/g1020/image_1716.png,G1020_image_1716,train
glaucoma_fundus_imaging_bundle,G1020,image_1717,data/external/kaggle/glaucoma_fundus_imaging_bundle/G1020/Images/image_1717.jpg,data/processed/standardized_masks/g1020/image_1717.png,G1020_image_1717,train
glaucoma_fundus_imaging_bundle,G1020,image_1722,data/external/kaggle/glaucoma_fundus_imaging_bundle/G1020/Images/image_1722.jpg,data/processed/standardized_masks/g1020/image_1722.png,G1020_image_1722,train
glaucoma_fundus_imaging_bundle,G1020,image_1723,data/external/kaggle/glaucoma_fundus_imaging_bundle/G1020/Images/image_1723.jpg,data/processed/standardized_masks/g1020/image_1723.png,G1020_image_1723,train
glaucoma_fundus_imaging_bundle,G1020,image_1724,data/external/kaggle/glaucoma_fundus_imaging_bundle/G1020/Images/image_1724.jpg,data/processed/standardized_masks/g1020/image_1724.png,G1020_image_1724,val
glaucoma_fundus_imaging_bundle,G1020,image_1742,data/external/kaggle/glaucoma_fundus_imaging_bundle/G1020/Images/image_1742.jpg,data/processed/standardized_masks/g1020/image_1742.png,G1020_image_1742,train
glaucoma_fundus_imaging_bundle,G1020,image_1745,data/external/kaggle/glaucoma_fundus_imaging_bundle/G1020/Images/image_1745.jpg,data/processed/standardized_masks/g1020/image_1745.png,G1020_image_1745,train
glaucoma_fundus_imaging_bundle,G1020,image_1746,data/external/kaggle/glaucoma_fundus_imaging_bundle/G1020/Images/image_1746.jpg,data/processed/standardized_masks/g1020/image_1746.png,G1020_image_1746,train
glaucoma_fundus_imaging_bundle,G1020,image_1747,data/external/kaggle/glaucoma_fundus_imaging_bundle/G1020/Images/image_1747.jpg,data/processed/standardized_masks/g1020/image_1747.png,G1020_image_1747,val
glaucoma_fundus_imaging_bundle,G1020,image_1748,data/external/kaggle/glaucoma_fundus_imaging_bundle/G1020/Images/image_1748.jpg,data/processed/standardized_masks/g1020/image_1748.png,G1020_image_1748,train
glaucoma_fundus_imaging_bundle,G1020,image_1759,data/external/kaggle/glaucoma_fundus_imaging_bundle/G1020/Images/image_1759.jpg,data/processed/standardized_masks/g1020/image_1759.png,G1020_image_1759,val
glaucoma_fundus_imaging_bundle,G1020,image_1760,data/external/kaggle/glaucoma_fundus_imaging_bundle/G1020/Images/image_1760.jpg,data/processed/standardized_masks/g1020/image_1760.png,G1020_image_1760,train
glaucoma_fundus_imaging_bundle,G1020,image_1765,data/external/kaggle/glaucoma_fundus_imaging_bundle/G1020/Images/image_1765.jpg,data/processed/standardized_masks/g1020/image_1765.png,G1020_image_1765,train
glaucoma_fundus_imaging_bundle,G1020,image_1766,data/external/kaggle/glaucoma_fundus_imaging_bundle/G1020/Images/image_1766.jpg,data/processed/standardized_masks/g1020/image_1766.png,G1020_image_1766,train
glaucoma_fundus_imaging_bundle,G1020,image_1767,data/external/kaggle/glaucoma_fundus_imaging_bundle/G1020/Images/image_1767.jpg,data/processed/standardized_masks/g1020/image_1767.png,G1020_image_1767,train
glaucoma_fundus_imaging_bundle,G1020,image_1768,data/external/kaggle/glaucoma_fundus_imaging_bundle/G1020/Images/image_1768.jpg,data/processed/standardized_masks/g1020/image_1768.png,G1020_image_1768,train
glaucoma_fundus_imaging_bundle,G1020,image_1786,data/external/kaggle/glaucoma_fundus_imaging_bundle/G1020/Images/image_1786.jpg,data/processed/standardized_masks/g1020/image_1786.png,G1020_image_1786,val
glaucoma_fundus_imaging_bundle,G1020,image_1787,data/external/kaggle/glaucoma_fundus_imaging_bundle/G1020/Images/image_1787.jpg,data/processed/standardized_masks/g1020/image_1787.png,G1020_image_1787,train
glaucoma_fundus_imaging_bundle,G1020,image_1788,data/external/kaggle/glaucoma_fundus_imaging_bundle/G1020/Images/image_1788.jpg,data/processed/standardized_masks/g1020/image_1788.png,G1020_image_1788,train
glaucoma_fundus_imaging_bundle,G1020,image_1789,data/external/kaggle/glaucoma_fundus_imaging_bundle/G1020/Images/image_1789.jpg,data/processed/standardized_masks/g1020/image_1789.png,G1020_image_1789,val
glaucoma_fundus_imaging_bundle,G1020,image_1790,data/external/kaggle/glaucoma_fundus_imaging_bundle/G1020/Images/image_1790.jpg,data/processed/standardized_masks/g1020/image_1790.png,G1020_image_1790,val
glaucoma_fundus_imaging_bundle,G1020,image_1791,data/external/kaggle/glaucoma_fundus_imaging_bundle/G1020/Images/image_1791.jpg,data/processed/standardized_masks/g1020/image_1791.png,G1020_image_1791,train
glaucoma_fundus_imaging_bundle,G1020,image_1796,data/external/kaggle/glaucoma_fundus_imaging_bundle/G1020/Images/image_1796.jpg,data/processed/standardized_masks/g1020/image_1796.png,G1020_image_1796,train
glaucoma_fundus_imaging_bundle,G1020,image_1797,data/external/kaggle/glaucoma_fundus_imaging_bundle/G1020/Images/image_1797.jpg,data/processed/standardized_masks/g1020/image_1797.png,G1020_image_1797,val
glaucoma_fundus_imaging_bundle,G1020,image_1798,data/external/kaggle/glaucoma_fundus_imaging_bundle/G1020/Images/image_1798.jpg,data/processed/standardized_masks/g1020/image_1798.png,G1020_image_1798,train
glaucoma_fundus_imaging_bundle,G1020,image_1799,data/external/kaggle/glaucoma_fundus_imaging_bundle/G1020/Images/image_1799.jpg,data/processed/standardized_masks/g1020/image_1799.png,G1020_image_1799,test
glaucoma_fundus_imaging_bundle,G1020,image_18,data/external/kaggle/glaucoma_fundus_imaging_bundle/G1020/Images/image_18.jpg,data/processed/standardized_masks/g1020/image_18.png,G1020_image_18,train
glaucoma_fundus_imaging_bundle,G1020,image_1824,data/external/kaggle/glaucoma_fundus_imaging_bundle/G1020/Images/image_1824.jpg,data/processed/standardized_masks/g1020/image_1824.png,G1020_image_1824,train
glaucoma_fundus_imaging_bundle,G1020,image_1825,data/external/kaggle/glaucoma_fundus_imaging_bundle/G1020/Images/image_1825.jpg,data/processed/standardized_masks/g1020/image_1825.png,G1020_image_1825,test
glaucoma_fundus_imaging_bundle,G1020,image_1842,data/external/kaggle/glaucoma_fundus_imaging_bundle/G1020/Images/image_1842.jpg,data/processed/standardized_masks/g1020/image_1842.png,G1020_image_1842,train
glaucoma_fundus_imaging_bundle,G1020,image_1843,data/external/kaggle/glaucoma_fundus_imaging_bundle/G1020/Images/image_1843.jpg,data/processed/standardized_masks/g1020/image_1843.png,G1020_image_1843,test
glaucoma_fundus_imaging_bundle,G1020,image_1844,data/external/kaggle/glaucoma_fundus_imaging_bundle/G1020/Images/image_1844.jpg,data/processed/standardized_masks/g1020/image_1844.png,G1020_image_1844,train
glaucoma_fundus_imaging_bundle,G1020,image_1845,data/external/kaggle/glaucoma_fundus_imaging_bundle/G1020/Images/image_1845.jpg,data/processed/standardized_masks/g1020/image_1845.png,G1020_image_1845,test
glaucoma_fundus_imaging_bundle,G1020,image_1847,data/external/kaggle/glaucoma_fundus_imaging_bundle/G1020/Images/image_1847.jpg,data/processed/standardized_masks/g1020/image_1847.png,G1020_image_1847,train
glaucoma_fundus_imaging_bundle,G1020,image_1860,data/external/kaggle/glaucoma_fundus_imaging_bundle/G1020/Images/image_1860.jpg,data/processed/standardized_masks/g1020/image_1860.png,G1020_image_1860,train
glaucoma_fundus_imaging_bundle,G1020,image_1861,data/external/kaggle/glaucoma_fundus_imaging_bundle/G1020/Images/image_1861.jpg,data/processed/standardized_masks/g1020/image_1861.png,G1020_image_1861,train
glaucoma_fundus_imaging_bundle,G1020,image_1862,data/external/kaggle/glaucoma_fundus_imaging_bundle/G1020/Images/image_1862.jpg,data/processed/standardized_masks/g1020/image_1862.png,G1020_image_1862,train
glaucoma_fundus_imaging_bundle,G1020,image_1865,data/external/kaggle/glaucoma_fundus_imaging_bundle/G1020/Images/image_1865.jpg,data/processed/standardized_masks/g1020/image_1865.png,G1020_image_1865,train
glaucoma_fundus_imaging_bundle,G1020,image_1866,data/external/kaggle/glaucoma_fundus_imaging_bundle/G1020/Images/image_1866.jpg,data/processed/standardized_masks/g1020/image_1866.png,G1020_image_1866,train
glaucoma_fundus_imaging_bundle,G1020,image_1874,data/external/kaggle/glaucoma_fundus_imaging_bundle/G1020/Images/image_1874.jpg,data/processed/standardized_masks/g1020/image_1874.png,G1020_image_1874,test
glaucoma_fundus_imaging_bundle,G1020,image_1875,data/external/kaggle/glaucoma_fundus_imaging_bundle/G1020/Images/image_1875.jpg,data/processed/standardized_masks/g1020/image_1875.png,G1020_image_1875,test
glaucoma_fundus_imaging_bundle,G1020,image_1876,data/external/kaggle/glaucoma_fundus_imaging_bundle/G1020/Images/image_1876.jpg,data/processed/standardized_masks/g1020/image_1876.png,G1020_image_1876,train
glaucoma_fundus_imaging_bundle,G1020,image_1877,data/external/kaggle/glaucoma_fundus_imaging_bundle/G1020/Images/image_1877.jpg,data/processed/standardized_masks/g1020/image_1877.png,G1020_image_1877,train
glaucoma_fundus_imaging_bundle,G1020,image_1892,data/external/kaggle/glaucoma_fundus_imaging_bundle/G1020/Images/image_1892.jpg,data/processed/standardized_masks/g1020/image_1892.png,G1020_image_1892,test
glaucoma_fundus_imaging_bundle,G1020,image_1893,data/external/kaggle/glaucoma_fundus_imaging_bundle/G1020/Images/image_1893.jpg,data/processed/standardized_masks/g1020/image_1893.png,G1020_image_1893,val
glaucoma_fundus_imaging_bundle,G1020,image_1894,data/external/kaggle/glaucoma_fundus_imaging_bundle/G1020/Images/image_1894.jpg,data/processed/standardized_masks/g1020/image_1894.png,G1020_image_1894,train
glaucoma_fundus_imaging_bundle,G1020,image_1895,data/external/kaggle/glaucoma_fundus_imaging_bundle/G1020/Images/image_1895.jpg,data/processed/standardized_masks/g1020/image_1895.png,G1020_image_1895,train
glaucoma_fundus_imaging_bundle,G1020,image_1896,data/external/kaggle/glaucoma_fundus_imaging_bundle/G1020/Images/image_1896.jpg,data/processed/standardized_masks/g1020/image_1896.png,G1020_image_1896,train
glaucoma_fundus_imaging_bundle,G1020,image_1897,data/external/kaggle/glaucoma_fundus_imaging_bundle/G1020/Images/image_1897.jpg,data/processed/standardized_masks/g1020/image_1897.png,G1020_image_1897,train
glaucoma_fundus_imaging_bundle,G1020,image_1898,data/external/kaggle/glaucoma_fundus_imaging_bundle/G1020/Images/image_1898.jpg,data/processed/standardized_masks/g1020/image_1898.png,G1020_image_1898,test
glaucoma_fundus_imaging_bundle,G1020,image_1899,data/external/kaggle/glaucoma_fundus_imaging_bundle/G1020/Images/image_1899.jpg,data/processed/standardized_masks/g1020/image_1899.png,G1020_image_1899,train
glaucoma_fundus_imaging_bundle,G1020,image_19,data/external/kaggle/glaucoma_fundus_imaging_bundle/G1020/Images/image_19.jpg,data/processed/standardized_masks/g1020/image_19.png,G1020_image_19,train
glaucoma_fundus_imaging_bundle,G1020,image_1901,data/external/kaggle/glaucoma_fundus_imaging_bundle/G1020/Images/image_1901.jpg,data/processed/standardized_masks/g1020/image_1901.png,G1020_image_1901,train
glaucoma_fundus_imaging_bundle,G1020,image_1902,data/external/kaggle/glaucoma_fundus_imaging_bundle/G1020/Images/image_1902.jpg,data/processed/standardized_masks/g1020/image_1902.png,G1020_image_1902,test
glaucoma_fundus_imaging_bundle,G1020,image_1903,data/external/kaggle/glaucoma_fundus_imaging_bundle/G1020/Images/image_1903.jpg,data/processed/standardized_masks/g1020/image_1903.png,G1020_image_1903,test
glaucoma_fundus_imaging_bundle,G1020,image_1904,data/external/kaggle/glaucoma_fundus_imaging_bundle/G1020/Images/image_1904.jpg,data/processed/standardized_masks/g1020/image_1904.png,G1020_image_1904,train
glaucoma_fundus_imaging_bundle,G1020,image_1912,data/external/kaggle/glaucoma_fundus_imaging_bundle/G1020/Images/image_1912.jpg,data/processed/standardized_masks/g1020/image_1912.png,G1020_image_1912,test
glaucoma_fundus_imaging_bundle,G1020,image_1913,data/external/kaggle/glaucoma_fundus_imaging_bundle/G1020/Images/image_1913.jpg,data/processed/standardized_masks/g1020/image_1913.png,G1020_image_1913,train
glaucoma_fundus_imaging_bundle,G1020,image_1914,data/external/kaggle/glaucoma_fundus_imaging_bundle/G1020/Images/image_1914.jpg,data/processed/standardized_masks/g1020/image_1914.png,G1020_image_1914,train
glaucoma_fundus_imaging_bundle,G1020,image_1915,data/external/kaggle/glaucoma_fundus_imaging_bundle/G1020/Images/image_1915.jpg,data/processed/standardized_masks/g1020/image_1915.png,G1020_image_1915,train
glaucoma_fundus_imaging_bundle,G1020,image_1916,data/external/kaggle/glaucoma_fundus_imaging_bundle/G1020/Images/image_1916.jpg,data/processed/standardized_masks/g1020/image_1916.png,G1020_image_1916,train
glaucoma_fundus_imaging_bundle,G1020,image_1917,data/external/kaggle/glaucoma_fundus_imaging_bundle/G1020/Images/image_1917.jpg,data/processed/standardized_masks/g1020/image_1917.png,G1020_image_1917,train
glaucoma_fundus_imaging_bundle,G1020,image_1922,data/external/kaggle/glaucoma_fundus_imaging_bundle/G1020/Images/image_1922.jpg,data/processed/standardized_masks/g1020/image_1922.png,G1020_image_1922,train
glaucoma_fundus_imaging_bundle,G1020,image_1923,data/external/kaggle/glaucoma_fundus_imaging_bundle/G1020/Images/image_1923.jpg,data/processed/standardized_masks/g1020/image_1923.png,G1020_image_1923,train
glaucoma_fundus_imaging_bundle,G1020,image_1924,data/external/kaggle/glaucoma_fundus_imaging_bundle/G1020/Images/image_1924.jpg,data/processed/standardized_masks/g1020/image_1924.png,G1020_image_1924,val
glaucoma_fundus_imaging_bundle,G1020,image_1925,data/external/kaggle/glaucoma_fundus_imaging_bundle/G1020/Images/image_1925.jpg,data/processed/standardized_masks/g1020/image_1925.png,G1020_image_1925,train
glaucoma_fundus_imaging_bundle,G1020,image_1926,data/external/kaggle/glaucoma_fundus_imaging_bundle/G1020/Images/image_1926.jpg,data/processed/standardized_masks/g1020/image_1926.png,G1020_image_1926,test
glaucoma_fundus_imaging_bundle,G1020,image_1927,data/external/kaggle/glaucoma_fundus_imaging_bundle/G1020/Images/image_1927.jpg,data/processed/standardized_masks/g1020/image_1927.png,G1020_image_1927,test
glaucoma_fundus_imaging_bundle,G1020,image_193,data/external/kaggle/glaucoma_fundus_imaging_bundle/G1020/Images/image_193.jpg,data/processed/standardized_masks/g1020/image_193.png,G1020_image_193,train
glaucoma_fundus_imaging_bundle,G1020,image_1931,data/external/kaggle/glaucoma_fundus_imaging_bundle/G1020/Images/image_1931.jpg,data/processed/standardized_masks/g1020/image_1931.png,G1020_image_1931,val
glaucoma_fundus_imaging_bundle,G1020,image_1932,data/external/kaggle/glaucoma_fundus_imaging_bundle/G1020/Images/image_1932.jpg,data/processed/standardized_masks/g1020/image_1932.png,G1020_image_1932,test
glaucoma_fundus_imaging_bundle,G1020,image_1933,data/external/kaggle/glaucoma_fundus_imaging_bundle/G1020/Images/image_1933.jpg,data/processed/standardized_masks/g1020/image_1933.png,G1020_image_1933,val
glaucoma_fundus_imaging_bundle,G1020,image_1934,data/external/kaggle/glaucoma_fundus_imaging_bundle/G1020/Images/image_1934.jpg,data/processed/standardized_masks/g1020/image_1934.png,G1020_image_1934,train
glaucoma_fundus_imaging_bundle,G1020,image_1935,data/external/kaggle/glaucoma_fundus_imaging_bundle/G1020/Images/image_1935.jpg,data/processed/standardized_masks/g1020/image_1935.png,G1020_image_1935,train
glaucoma_fundus_imaging_bundle,G1020,image_1938,data/external/kaggle/glaucoma_fundus_imaging_bundle/G1020/Images/image_1938.jpg,data/processed/standardized_masks/g1020/image_1938.png,G1020_image_1938,train
glaucoma_fundus_imaging_bundle,G1020,image_1939,data/external/kaggle/glaucoma_fundus_imaging_bundle/G1020/Images/image_1939.jpg,data/processed/standardized_masks/g1020/image_1939.png,G1020_image_1939,val
glaucoma_fundus_imaging_bundle,G1020,image_194,data/external/kaggle/glaucoma_fundus_imaging_bundle/G1020/Images/image_194.jpg,data/processed/standardized_masks/g1020/image_194.png,G1020_image_194,val
glaucoma_fundus_imaging_bundle,G1020,image_1940,data/external/kaggle/glaucoma_fundus_imaging_bundle/G1020/Images/image_1940.jpg,data/processed/standardized_masks/g1020/image_1940.png,G1020_image_1940,train
glaucoma_fundus_imaging_bundle,G1020,image_1941,data/external/kaggle/glaucoma_fundus_imaging_bundle/G1020/Images/image_1941.jpg,data/processed/standardized_masks/g1020/image_1941.png,G1020_image_1941,train
glaucoma_fundus_imaging_bundle,G1020,image_1956,data/external/kaggle/glaucoma_fundus_imaging_bundle/G1020/Images/image_1956.jpg,data/processed/standardized_masks/g1020/image_1956.png,G1020_image_1956,train
glaucoma_fundus_imaging_bundle,G1020,image_1957,data/external/kaggle/glaucoma_fundus_imaging_bundle/G1020/Images/image_1957.jpg,data/processed/standardized_masks/g1020/image_1957.png,G1020_image_1957,train
glaucoma_fundus_imaging_bundle,G1020,image_1958,data/external/kaggle/glaucoma_fundus_imaging_bundle/G1020/Images/image_1958.jpg,data/processed/standardized_masks/g1020/image_1958.png,G1020_image_1958,train
glaucoma_fundus_imaging_bundle,G1020,image_1959,data/external/kaggle/glaucoma_fundus_imaging_bundle/G1020/Images/image_1959.jpg,data/processed/standardized_masks/g1020/image_1959.png,G1020_image_1959,test
glaucoma_fundus_imaging_bundle,G1020,image_1960,data/external/kaggle/glaucoma_fundus_imaging_bundle/G1020/Images/image_1960.jpg,data/processed/standardized_masks/g1020/image_1960.png,G1020_image_1960,train
glaucoma_fundus_imaging_bundle,G1020,image_1961,data/external/kaggle/glaucoma_fundus_imaging_bundle/G1020/Images/image_1961.jpg,data/processed/standardized_masks/g1020/image_1961.png,G1020_image_1961,train
glaucoma_fundus_imaging_bundle,G1020,image_1977,data/external/kaggle/glaucoma_fundus_imaging_bundle/G1020/Images/image_1977.jpg,data/processed/standardized_masks/g1020/image_1977.png,G1020_image_1977,test
glaucoma_fundus_imaging_bundle,G1020,image_1978,data/external/kaggle/glaucoma_fundus_imaging_bundle/G1020/Images/image_1978.jpg,data/processed/standardized_masks/g1020/image_1978.png,G1020_image_1978,test
glaucoma_fundus_imaging_bundle,G1020,image_1981,data/external/kaggle/glaucoma_fundus_imaging_bundle/G1020/Images/image_1981.jpg,data/processed/standardized_masks/g1020/image_1981.png,G1020_image_1981,train
glaucoma_fundus_imaging_bundle,G1020,image_1982,data/external/kaggle/glaucoma_fundus_imaging_bundle/G1020/Images/image_1982.jpg,data/processed/standardized_masks/g1020/image_1982.png,G1020_image_1982,val
glaucoma_fundus_imaging_bundle,G1020,image_199,data/external/kaggle/glaucoma_fundus_imaging_bundle/G1020/Images/image_199.jpg,data/processed/standardized_masks/g1020/image_199.png,G1020_image_199,train
glaucoma_fundus_imaging_bundle,G1020,image_1999,data/external/kaggle/glaucoma_fundus_imaging_bundle/G1020/Images/image_1999.jpg,data/processed/standardized_masks/g1020/image_1999.png,G1020_image_1999,train
glaucoma_fundus_imaging_bundle,G1020,image_20,data/external/kaggle/glaucoma_fundus_imaging_bundle/G1020/Images/image_20.jpg,data/processed/standardized_masks/g1020/image_20.png,G1020_image_20,train
glaucoma_fundus_imaging_bundle,G1020,image_200,data/external/kaggle/glaucoma_fundus_imaging_bundle/G1020/Images/image_200.jpg,data/processed/standardized_masks/g1020/image_200.png,G1020_image_200,test
glaucoma_fundus_imaging_bundle,G1020,image_2000,data/external/kaggle/glaucoma_fundus_imaging_bundle/G1020/Images/image_2000.jpg,data/processed/standardized_masks/g1020/image_2000.png,G1020_image_2000,train
glaucoma_fundus_imaging_bundle,G1020,image_2001,data/external/kaggle/glaucoma_fundus_imaging_bundle/G1020/Images/image_2001.jpg,data/processed/standardized_masks/g1020/image_2001.png,G1020_image_2001,val
glaucoma_fundus_imaging_bundle,G1020,image_2002,data/external/kaggle/glaucoma_fundus_imaging_bundle/G1020/Images/image_2002.jpg,data/processed/standardized_masks/g1020/image_2002.png,G1020_image_2002,val
glaucoma_fundus_imaging_bundle,G1020,image_201,data/external/kaggle/glaucoma_fundus_imaging_bundle/G1020/Images/image_201.jpg,data/processed/standardized_masks/g1020/image_201.png,G1020_image_201,train
glaucoma_fundus_imaging_bundle,G1020,image_2019,data/external/kaggle/glaucoma_fundus_imaging_bundle/G1020/Images/image_2019.jpg,data/processed/standardized_masks/g1020/image_2019.png,G1020_image_2019,train
glaucoma_fundus_imaging_bundle,G1020,image_202,data/external/kaggle/glaucoma_fundus_imaging_bundle/G1020/Images/image_202.jpg,data/processed/standardized_masks/g1020/image_202.png,G1020_image_202,train
glaucoma_fundus_imaging_bundle,G1020,image_2020,data/external/kaggle/glaucoma_fundus_imaging_bundle/G1020/Images/image_2020.jpg,data/processed/standardized_masks/g1020/image_2020.png,G1020_image_2020,train
glaucoma_fundus_imaging_bundle,G1020,image_2022,data/external/kaggle/glaucoma_fundus_imaging_bundle/G1020/Images/image_2022.jpg,data/processed/standardized_masks/g1020/image_2022.png,G1020_image_2022,val
glaucoma_fundus_imaging_bundle,G1020,image_2028,data/external/kaggle/glaucoma_fundus_imaging_bundle/G1020/Images/image_2028.jpg,data/processed/standardized_masks/g1020/image_2028.png,G1020_image_2028,val
glaucoma_fundus_imaging_bundle,G1020,image_2030,data/external/kaggle/glaucoma_fundus_imaging_bundle/G1020/Images/image_2030.jpg,data/processed/standardized_masks/g1020/image_2030.png,G1020_image_2030,test
glaucoma_fundus_imaging_bundle,G1020,image_2031,data/external/kaggle/glaucoma_fundus_imaging_bundle/G1020/Images/image_2031.jpg,data/processed/standardized_masks/g1020/image_2031.png,G1020_image_2031,train
glaucoma_fundus_imaging_bundle,G1020,image_2032,data/external/kaggle/glaucoma_fundus_imaging_bundle/G1020/Images/image_2032.jpg,data/processed/standardized_masks/g1020/image_2032.png,G1020_image_2032,train
glaucoma_fundus_imaging_bundle,G1020,image_2033,data/external/kaggle/glaucoma_fundus_imaging_bundle/G1020/Images/image_2033.jpg,data/processed/standardized_masks/g1020/image_2033.png,G1020_image_2033,train
glaucoma_fundus_imaging_bundle,G1020,image_2034,data/external/kaggle/glaucoma_fundus_imaging_bundle/G1020/Images/image_2034.jpg,data/processed/standardized_masks/g1020/image_2034.png,G1020_image_2034,train
glaucoma_fundus_imaging_bundle,G1020,image_2035,data/external/kaggle/glaucoma_fundus_imaging_bundle/G1020/Images/image_2035.jpg,data/processed/standardized_masks/g1020/image_2035.png,G1020_image_2035,train
glaucoma_fundus_imaging_bundle,G1020,image_2036,data/external/kaggle/glaucoma_fundus_imaging_bundle/G1020/Images/image_2036.jpg,data/processed/standardized_masks/g1020/image_2036.png,G1020_image_2036,train
glaucoma_fundus_imaging_bundle,G1020,image_2037,data/external/kaggle/glaucoma_fundus_imaging_bundle/G1020/Images/image_2037.jpg,data/processed/standardized_masks/g1020/image_2037.png,G1020_image_2037,train
glaucoma_fundus_imaging_bundle,G1020,image_2039,data/external/kaggle/glaucoma_fundus_imaging_bundle/G1020/Images/image_2039.jpg,data/processed/standardized_masks/g1020/image_2039.png,G1020_image_2039,train
glaucoma_fundus_imaging_bundle,G1020,image_2041,data/external/kaggle/glaucoma_fundus_imaging_bundle/G1020/Images/image_2041.jpg,data/processed/standardized_masks/g1020/image_2041.png,G1020_image_2041,val
glaucoma_fundus_imaging_bundle,G1020,image_2042,data/external/kaggle/glaucoma_fundus_imaging_bundle/G1020/Images/image_2042.jpg,data/processed/standardized_masks/g1020/image_2042.png,G1020_image_2042,test
glaucoma_fundus_imaging_bundle,G1020,image_2045,data/external/kaggle/glaucoma_fundus_imaging_bundle/G1020/Images/image_2045.jpg,data/processed/standardized_masks/g1020/image_2045.png,G1020_image_2045,train
glaucoma_fundus_imaging_bundle,G1020,image_2046,data/external/kaggle/glaucoma_fundus_imaging_bundle/G1020/Images/image_2046.jpg,data/processed/standardized_masks/g1020/image_2046.png,G1020_image_2046,train
glaucoma_fundus_imaging_bundle,G1020,image_2047,data/external/kaggle/glaucoma_fundus_imaging_bundle/G1020/Images/image_2047.jpg,data/processed/standardized_masks/g1020/image_2047.png,G1020_image_2047,val
glaucoma_fundus_imaging_bundle,G1020,image_2048,data/external/kaggle/glaucoma_fundus_imaging_bundle/G1020/Images/image_2048.jpg,data/processed/standardized_masks/g1020/image_2048.png,G1020_image_2048,train
glaucoma_fundus_imaging_bundle,G1020,image_2049,data/external/kaggle/glaucoma_fundus_imaging_bundle/G1020/Images/image_2049.jpg,data/processed/standardized_masks/g1020/image_2049.png,G1020_image_2049,val
glaucoma_fundus_imaging_bundle,G1020,image_2050,data/external/kaggle/glaucoma_fundus_imaging_bundle/G1020/Images/image_2050.jpg,data/processed/standardized_masks/g1020/image_2050.png,G1020_image_2050,train
glaucoma_fundus_imaging_bundle,G1020,image_2064,data/external/kaggle/glaucoma_fundus_imaging_bundle/G1020/Images/image_2064.jpg,data/processed/standardized_masks/g1020/image_2064.png,G1020_image_2064,test
glaucoma_fundus_imaging_bundle,G1020,image_2065,data/external/kaggle/glaucoma_fundus_imaging_bundle/G1020/Images/image_2065.jpg,data/processed/standardized_masks/g1020/image_2065.png,G1020_image_2065,train
glaucoma_fundus_imaging_bundle,G1020,image_2078,data/external/kaggle/glaucoma_fundus_imaging_bundle/G1020/Images/image_2078.jpg,data/processed/standardized_masks/g1020/image_2078.png,G1020_image_2078,train
glaucoma_fundus_imaging_bundle,G1020,image_2084,data/external/kaggle/glaucoma_fundus_imaging_bundle/G1020/Images/image_2084.jpg,data/processed/standardized_masks/g1020/image_2084.png,G1020_image_2084,val
glaucoma_fundus_imaging_bundle,G1020,image_2085,data/external/kaggle/glaucoma_fundus_imaging_bundle/G1020/Images/image_2085.jpg,data/processed/standardized_masks/g1020/image_2085.png,G1020_image_2085,val
glaucoma_fundus_imaging_bundle,G1020,image_2097,data/external/kaggle/glaucoma_fundus_imaging_bundle/G1020/Images/image_2097.jpg,data/processed/standardized_masks/g1020/image_2097.png,G1020_image_2097,train
glaucoma_fundus_imaging_bundle,G1020,image_21,data/external/kaggle/glaucoma_fundus_imaging_bundle/G1020/Images/image_21.jpg,data/processed/standardized_masks/g1020/image_21.png,G1020_image_21,test
glaucoma_fundus_imaging_bundle,G1020,image_2101,data/external/kaggle/glaucoma_fundus_imaging_bundle/G1020/Images/image_2101.jpg,data/processed/standardized_masks/g1020/image_2101.png,G1020_image_2101,train
glaucoma_fundus_imaging_bundle,G1020,image_2102,data/external/kaggle/glaucoma_fundus_imaging_bundle/G1020/Images/image_2102.jpg,data/processed/standardized_masks/g1020/image_2102.png,G1020_image_2102,train
glaucoma_fundus_imaging_bundle,G1020,image_2110,data/external/kaggle/glaucoma_fundus_imaging_bundle/G1020/Images/image_2110.jpg,data/processed/standardized_masks/g1020/image_2110.png,G1020_image_2110,test
glaucoma_fundus_imaging_bundle,G1020,image_2111,data/external/kaggle/glaucoma_fundus_imaging_bundle/G1020/Images/image_2111.jpg,data/processed/standardized_masks/g1020/image_2111.png,G1020_image_2111,val
glaucoma_fundus_imaging_bundle,G1020,image_2116,data/external/kaggle/glaucoma_fundus_imaging_bundle/G1020/Images/image_2116.jpg,data/processed/standardized_masks/g1020/image_2116.png,G1020_image_2116,train
glaucoma_fundus_imaging_bundle,G1020,image_2117,data/external/kaggle/glaucoma_fundus_imaging_bundle/G1020/Images/image_2117.jpg,data/processed/standardized_masks/g1020/image_2117.png,G1020_image_2117,train
glaucoma_fundus_imaging_bundle,G1020,image_2124,data/external/kaggle/glaucoma_fundus_imaging_bundle/G1020/Images/image_2124.jpg,data/processed/standardized_masks/g1020/image_2124.png,G1020_image_2124,train
glaucoma_fundus_imaging_bundle,G1020,image_2125,data/external/kaggle/glaucoma_fundus_imaging_bundle/G1020/Images/image_2125.jpg,data/processed/standardized_masks/g1020/image_2125.png,G1020_image_2125,train
glaucoma_fundus_imaging_bundle,G1020,image_2139,data/external/kaggle/glaucoma_fundus_imaging_bundle/G1020/Images/image_2139.jpg,data/processed/standardized_masks/g1020/image_2139.png,G1020_image_2139,train
glaucoma_fundus_imaging_bundle,G1020,image_214,data/external/kaggle/glaucoma_fundus_imaging_bundle/G1020/Images/image_214.jpg,data/processed/standardized_masks/g1020/image_214.png,G1020_image_214,train
glaucoma_fundus_imaging_bundle,G1020,image_2140,data/external/kaggle/glaucoma_fundus_imaging_bundle/G1020/Images/image_2140.jpg,data/processed/standardized_masks/g1020/image_2140.png,G1020_image_2140,train
glaucoma_fundus_imaging_bundle,G1020,image_2141,data/external/kaggle/glaucoma_fundus_imaging_bundle/G1020/Images/image_2141.jpg,data/processed/standardized_masks/g1020/image_2141.png,G1020_image_2141,val
glaucoma_fundus_imaging_bundle,G1020,image_2142,data/external/kaggle/glaucoma_fundus_imaging_bundle/G1020/Images/image_2142.jpg,data/processed/standardized_masks/g1020/image_2142.png,G1020_image_2142,test
glaucoma_fundus_imaging_bundle,G1020,image_2143,data/external/kaggle/glaucoma_fundus_imaging_bundle/G1020/Images/image_2143.jpg,data/processed/standardized_masks/g1020/image_2143.png,G1020_image_2143,val
glaucoma_fundus_imaging_bundle,G1020,image_2144,data/external/kaggle/glaucoma_fundus_imaging_bundle/G1020/Images/image_2144.jpg,data/processed/standardized_masks/g1020/image_2144.png,G1020_image_2144,train
glaucoma_fundus_imaging_bundle,G1020,image_2146,data/external/kaggle/glaucoma_fundus_imaging_bundle/G1020/Images/image_2146.jpg,data/processed/standardized_masks/g1020/image_2146.png,G1020_image_2146,train
glaucoma_fundus_imaging_bundle,G1020,image_2147,data/external/kaggle/glaucoma_fundus_imaging_bundle/G1020/Images/image_2147.jpg,data/processed/standardized_masks/g1020/image_2147.png,G1020_image_2147,val
glaucoma_fundus_imaging_bundle,G1020,image_2148,data/external/kaggle/glaucoma_fundus_imaging_bundle/G1020/Images/image_2148.jpg,data/processed/standardized_masks/g1020/image_2148.png,G1020_image_2148,train
glaucoma_fundus_imaging_bundle,G1020,image_2149,data/external/kaggle/glaucoma_fundus_imaging_bundle/G1020/Images/image_2149.jpg,data/processed/standardized_masks/g1020/image_2149.png,G1020_image_2149,val
glaucoma_fundus_imaging_bundle,G1020,image_215,data/external/kaggle/glaucoma_fundus_imaging_bundle/G1020/Images/image_215.jpg,data/processed/standardized_masks/g1020/image_215.png,G1020_image_215,val
glaucoma_fundus_imaging_bundle,G1020,image_2151,data/external/kaggle/glaucoma_fundus_imaging_bundle/G1020/Images/image_2151.jpg,data/processed/standardized_masks/g1020/image_2151.png,G1020_image_2151,train
glaucoma_fundus_imaging_bundle,G1020,image_2152,data/external/kaggle/glaucoma_fundus_imaging_bundle/G1020/Images/image_2152.jpg,data/processed/standardized_masks/g1020/image_2152.png,G1020_image_2152,train
glaucoma_fundus_imaging_bundle,G1020,image_2154,data/external/kaggle/glaucoma_fundus_imaging_bundle/G1020/Images/image_2154.jpg,data/processed/standardized_masks/g1020/image_2154.png,G1020_image_2154,train
glaucoma_fundus_imaging_bundle,G1020,image_2155,data/external/kaggle/glaucoma_fundus_imaging_bundle/G1020/Images/image_2155.jpg,data/processed/standardized_masks/g1020/image_2155.png,G1020_image_2155,val
glaucoma_fundus_imaging_bundle,G1020,image_2156,data/external/kaggle/glaucoma_fundus_imaging_bundle/G1020/Images/image_2156.jpg,data/processed/standardized_masks/g1020/image_2156.png,G1020_image_2156,val
glaucoma_fundus_imaging_bundle,G1020,image_216,data/external/kaggle/glaucoma_fundus_imaging_bundle/G1020/Images/image_216.jpg,data/processed/standardized_masks/g1020/image_216.png,G1020_image_216,train
glaucoma_fundus_imaging_bundle,G1020,image_2162,data/external/kaggle/glaucoma_fundus_imaging_bundle/G1020/Images/image_2162.jpg,data/processed/standardized_masks/g1020/image_2162.png,G1020_image_2162,train
glaucoma_fundus_imaging_bundle,G1020,image_2163,data/external/kaggle/glaucoma_fundus_imaging_bundle/G1020/Images/image_2163.jpg,data/processed/standardized_masks/g1020/image_2163.png,G1020_image_2163,train
glaucoma_fundus_imaging_bundle,G1020,image_2164,data/external/kaggle/glaucoma_fundus_imaging_bundle/G1020/Images/image_2164.jpg,data/processed/standardized_masks/g1020/image_2164.png,G1020_image_2164,val
glaucoma_fundus_imaging_bundle,G1020,image_217,data/external/kaggle/glaucoma_fundus_imaging_bundle/G1020/Images/image_217.jpg,data/processed/standardized_masks/g1020/image_217.png,G1020_image_217,train
glaucoma_fundus_imaging_bundle,G1020,image_2170,data/external/kaggle/glaucoma_fundus_imaging_bundle/G1020/Images/image_2170.jpg,data/processed/standardized_masks/g1020/image_2170.png,G1020_image_2170,test
glaucoma_fundus_imaging_bundle,G1020,image_2171,data/external/kaggle/glaucoma_fundus_imaging_bundle/G1020/Images/image_2171.jpg,data/processed/standardized_masks/g1020/image_2171.png,G1020_image_2171,train
glaucoma_fundus_imaging_bundle,G1020,image_2172,data/external/kaggle/glaucoma_fundus_imaging_bundle/G1020/Images/image_2172.jpg,data/processed/standardized_masks/g1020/image_2172.png,G1020_image_2172,val
glaucoma_fundus_imaging_bundle,G1020,image_2173,data/external/kaggle/glaucoma_fundus_imaging_bundle/G1020/Images/image_2173.jpg,data/processed/standardized_masks/g1020/image_2173.png,G1020_image_2173,train
glaucoma_fundus_imaging_bundle,G1020,image_218,data/external/kaggle/glaucoma_fundus_imaging_bundle/G1020/Images/image_218.jpg,data/processed/standardized_masks/g1020/image_218.png,G1020_image_218,val
glaucoma_fundus_imaging_bundle,G1020,image_2188,data/external/kaggle/glaucoma_fundus_imaging_bundle/G1020/Images/image_2188.jpg,data/processed/standardized_masks/g1020/image_2188.png,G1020_image_2188,train
glaucoma_fundus_imaging_bundle,G1020,image_2189,data/external/kaggle/glaucoma_fundus_imaging_bundle/G1020/Images/image_2189.jpg,data/processed/standardized_masks/g1020/image_2189.png,G1020_image_2189,train
glaucoma_fundus_imaging_bundle,G1020,image_219,data/external/kaggle/glaucoma_fundus_imaging_bundle/G1020/Images/image_219.jpg,data/processed/standardized_masks/g1020/image_219.png,G1020_image_219,test
glaucoma_fundus_imaging_bundle,G1020,image_2199,data/external/kaggle/glaucoma_fundus_imaging_bundle/G1020/Images/image_2199.jpg,data/processed/standardized_masks/g1020/image_2199.png,G1020_image_2199,val
glaucoma_fundus_imaging_bundle,G1020,image_22,data/external/kaggle/glaucoma_fundus_imaging_bundle/G1020/Images/image_22.jpg,data/processed/standardized_masks/g1020/image_22.png,G1020_image_22,val
glaucoma_fundus_imaging_bundle,G1020,image_2200,data/external/kaggle/glaucoma_fundus_imaging_bundle/G1020/Images/image_2200.jpg,data/processed/standardized_masks/g1020/image_2200.png,G1020_image_2200,train
glaucoma_fundus_imaging_bundle,G1020,image_2201,data/external/kaggle/glaucoma_fundus_imaging_bundle/G1020/Images/image_2201.jpg,data/processed/standardized_masks/g1020/image_2201.png,G1020_image_2201,train
glaucoma_fundus_imaging_bundle,G1020,image_2202,data/external/kaggle/glaucoma_fundus_imaging_bundle/G1020/Images/image_2202.jpg,data/processed/standardized_masks/g1020/image_2202.png,G1020_image_2202,train
glaucoma_fundus_imaging_bundle,G1020,image_2209,data/external/kaggle/glaucoma_fundus_imaging_bundle/G1020/Images/image_2209.jpg,data/processed/standardized_masks/g1020/image_2209.png,G1020_image_2209,val
glaucoma_fundus_imaging_bundle,G1020,image_2210,data/external/kaggle/glaucoma_fundus_imaging_bundle/G1020/Images/image_2210.jpg,data/processed/standardized_masks/g1020/image_2210.png,G1020_image_2210,train
glaucoma_fundus_imaging_bundle,G1020,image_2211,data/external/kaggle/glaucoma_fundus_imaging_bundle/G1020/Images/image_2211.jpg,data/processed/standardized_masks/g1020/image_2211.png,G1020_image_2211,val
glaucoma_fundus_imaging_bundle,G1020,image_2212,data/external/kaggle/glaucoma_fundus_imaging_bundle/G1020/Images/image_2212.jpg,data/processed/standardized_masks/g1020/image_2212.png,G1020_image_2212,train
glaucoma_fundus_imaging_bundle,G1020,image_2215,data/external/kaggle/glaucoma_fundus_imaging_bundle/G1020/Images/image_2215.jpg,data/processed/standardized_masks/g1020/image_2215.png,G1020_image_2215,train
glaucoma_fundus_imaging_bundle,G1020,image_2216,data/external/kaggle/glaucoma_fundus_imaging_bundle/G1020/Images/image_2216.jpg,data/processed/standardized_masks/g1020/image_2216.png,G1020_image_2216,train
glaucoma_fundus_imaging_bundle,G1020,image_2217,data/external/kaggle/glaucoma_fundus_imaging_bundle/G1020/Images/image_2217.jpg,data/processed/standardized_masks/g1020/image_2217.png,G1020_image_2217,train
glaucoma_fundus_imaging_bundle,G1020,image_2218,data/external/kaggle/glaucoma_fundus_imaging_bundle/G1020/Images/image_2218.jpg,data/processed/standardized_masks/g1020/image_2218.png,G1020_image_2218,train
glaucoma_fundus_imaging_bundle,G1020,image_2219,data/external/kaggle/glaucoma_fundus_imaging_bundle/G1020/Images/image_2219.jpg,data/processed/standardized_masks/g1020/image_2219.png,G1020_image_2219,train
glaucoma_fundus_imaging_bundle,G1020,image_222,data/external/kaggle/glaucoma_fundus_imaging_bundle/G1020/Images/image_222.jpg,data/processed/standardized_masks/g1020/image_222.png,G1020_image_222,train
glaucoma_fundus_imaging_bundle,G1020,image_2220,data/external/kaggle/glaucoma_fundus_imaging_bundle/G1020/Images/image_2220.jpg,data/processed/standardized_masks/g1020/image_2220.png,G1020_image_2220,train
glaucoma_fundus_imaging_bundle,G1020,image_2223,data/external/kaggle/glaucoma_fundus_imaging_bundle/G1020/Images/image_2223.jpg,data/processed/standardized_masks/g1020/image_2223.png,G1020_image_2223,train
glaucoma_fundus_imaging_bundle,G1020,image_2225,data/external/kaggle/glaucoma_fundus_imaging_bundle/G1020/Images/image_2225.jpg,data/processed/standardized_masks/g1020/image_2225.png,G1020_image_2225,val
glaucoma_fundus_imaging_bundle,G1020,image_2226,data/external/kaggle/glaucoma_fundus_imaging_bundle/G1020/Images/image_2226.jpg,data/processed/standardized_masks/g1020/image_2226.png,G1020_image_2226,train
glaucoma_fundus_imaging_bundle,G1020,image_2229,data/external/kaggle/glaucoma_fundus_imaging_bundle/G1020/Images/image_2229.jpg,data/processed/standardized_masks/g1020/image_2229.png,G1020_image_2229,train
glaucoma_fundus_imaging_bundle,G1020,image_223,data/external/kaggle/glaucoma_fundus_imaging_bundle/G1020/Images/image_223.jpg,data/processed/standardized_masks/g1020/image_223.png,G1020_image_223,train
glaucoma_fundus_imaging_bundle,G1020,image_2230,data/external/kaggle/glaucoma_fundus_imaging_bundle/G1020/Images/image_2230.jpg,data/processed/standardized_masks/g1020/image_2230.png,G1020_image_2230,test
glaucoma_fundus_imaging_bundle,G1020,image_2231,data/external/kaggle/glaucoma_fundus_imaging_bundle/G1020/Images/image_2231.jpg,data/processed/standardized_masks/g1020/image_2231.png,G1020_image_2231,train
glaucoma_fundus_imaging_bundle,G1020,image_2232,data/external/kaggle/glaucoma_fundus_imaging_bundle/G1020/Images/image_2232.jpg,data/processed/standardized_masks/g1020/image_2232.png,G1020_image_2232,train
glaucoma_fundus_imaging_bundle,G1020,image_2234,data/external/kaggle/glaucoma_fundus_imaging_bundle/G1020/Images/image_2234.jpg,data/processed/standardized_masks/g1020/image_2234.png,G1020_image_2234,train
glaucoma_fundus_imaging_bundle,G1020,image_2244,data/external/kaggle/glaucoma_fundus_imaging_bundle/G1020/Images/image_2244.jpg,data/processed/standardized_masks/g1020/image_2244.png,G1020_image_2244,train
glaucoma_fundus_imaging_bundle,G1020,image_2245,data/external/kaggle/glaucoma_fundus_imaging_bundle/G1020/Images/image_2245.jpg,data/processed/standardized_masks/g1020/image_2245.png,G1020_image_2245,test
glaucoma_fundus_imaging_bundle,G1020,image_2246,data/external/kaggle/glaucoma_fundus_imaging_bundle/G1020/Images/image_2246.jpg,data/processed/standardized_masks/g1020/image_2246.png,G1020_image_2246,train
glaucoma_fundus_imaging_bundle,G1020,image_2247,data/external/kaggle/glaucoma_fundus_imaging_bundle/G1020/Images/image_2247.jpg,data/processed/standardized_masks/g1020/image_2247.png,G1020_image_2247,train
glaucoma_fundus_imaging_bundle,G1020,image_2248,data/external/kaggle/glaucoma_fundus_imaging_bundle/G1020/Images/image_2248.jpg,data/processed/standardized_masks/g1020/image_2248.png,G1020_image_2248,val
glaucoma_fundus_imaging_bundle,G1020,image_2249,data/external/kaggle/glaucoma_fundus_imaging_bundle/G1020/Images/image_2249.jpg,data/processed/standardized_masks/g1020/image_2249.png,G1020_image_2249,train
glaucoma_fundus_imaging_bundle,G1020,image_226,data/external/kaggle/glaucoma_fundus_imaging_bundle/G1020/Images/image_226.jpg,data/processed/standardized_masks/g1020/image_226.png,G1020_image_226,test
glaucoma_fundus_imaging_bundle,G1020,image_227,data/external/kaggle/glaucoma_fundus_imaging_bundle/G1020/Images/image_227.jpg,data/processed/standardized_masks/g1020/image_227.png,G1020_image_227,train
glaucoma_fundus_imaging_bundle,G1020,image_2276,data/external/kaggle/glaucoma_fundus_imaging_bundle/G1020/Images/image_2276.jpg,data/processed/standardized_masks/g1020/image_2276.png,G1020_image_2276,train
glaucoma_fundus_imaging_bundle,G1020,image_2277,data/external/kaggle/glaucoma_fundus_imaging_bundle/G1020/Images/image_2277.jpg,data/processed/standardized_masks/g1020/image_2277.png,G1020_image_2277,train
glaucoma_fundus_imaging_bundle,G1020,image_2278,data/external/kaggle/glaucoma_fundus_imaging_bundle/G1020/Images/image_2278.jpg,data/processed/standardized_masks/g1020/image_2278.png,G1020_image_2278,train
glaucoma_fundus_imaging_bundle,G1020,image_2279,data/external/kaggle/glaucoma_fundus_imaging_bundle/G1020/Images/image_2279.jpg,data/processed/standardized_masks/g1020/image_2279.png,G1020_image_2279,train
glaucoma_fundus_imaging_bundle,G1020,image_2289,data/external/kaggle/glaucoma_fundus_imaging_bundle/G1020/Images/image_2289.jpg,data/processed/standardized_masks/g1020/image_2289.png,G1020_image_2289,train
glaucoma_fundus_imaging_bundle,G1020,image_2290,data/external/kaggle/glaucoma_fundus_imaging_bundle/G1020/Images/image_2290.jpg,data/processed/standardized_masks/g1020/image_2290.png,G1020_image_2290,val
glaucoma_fundus_imaging_bundle,G1020,image_2291,data/external/kaggle/glaucoma_fundus_imaging_bundle/G1020/Images/image_2291.jpg,data/processed/standardized_masks/g1020/image_2291.png,G1020_image_2291,val
glaucoma_fundus_imaging_bundle,G1020,image_2292,data/external/kaggle/glaucoma_fundus_imaging_bundle/G1020/Images/image_2292.jpg,data/processed/standardized_masks/g1020/image_2292.png,G1020_image_2292,test
glaucoma_fundus_imaging_bundle,G1020,image_2299,data/external/kaggle/glaucoma_fundus_imaging_bundle/G1020/Images/image_2299.jpg,data/processed/standardized_masks/g1020/image_2299.png,G1020_image_2299,val
glaucoma_fundus_imaging_bundle,G1020,image_230,data/external/kaggle/glaucoma_fundus_imaging_bundle/G1020/Images/image_230.jpg,data/processed/standardized_masks/g1020/image_230.png,G1020_image_230,val
glaucoma_fundus_imaging_bundle,G1020,image_2300,data/external/kaggle/glaucoma_fundus_imaging_bundle/G1020/Images/image_2300.jpg,data/processed/standardized_masks/g1020/image_2300.png,G1020_image_2300,train
glaucoma_fundus_imaging_bundle,G1020,image_2303,data/external/kaggle/glaucoma_fundus_imaging_bundle/G1020/Images/image_2303.jpg,data/processed/standardized_masks/g1020/image_2303.png,G1020_image_2303,train
glaucoma_fundus_imaging_bundle,G1020,image_2304,data/external/kaggle/glaucoma_fundus_imaging_bundle/G1020/Images/image_2304.jpg,data/processed/standardized_masks/g1020/image_2304.png,G1020_image_2304,train
glaucoma_fundus_imaging_bundle,G1020,image_2307,data/external/kaggle/glaucoma_fundus_imaging_bundle/G1020/Images/image_2307.jpg,data/processed/standardized_masks/g1020/image_2307.png,G1020_image_2307,train
glaucoma_fundus_imaging_bundle,G1020,image_2308,data/external/kaggle/glaucoma_fundus_imaging_bundle/G1020/Images/image_2308.jpg,data/processed/standardized_masks/g1020/image_2308.png,G1020_image_2308,val
glaucoma_fundus_imaging_bundle,G1020,image_2309,data/external/kaggle/glaucoma_fundus_imaging_bundle/G1020/Images/image_2309.jpg,data/processed/standardized_masks/g1020/image_2309.png,G1020_image_2309,train
glaucoma_fundus_imaging_bundle,G1020,image_231,data/external/kaggle/glaucoma_fundus_imaging_bundle/G1020/Images/image_231.jpg,data/processed/standardized_masks/g1020/image_231.png,G1020_image_231,train
glaucoma_fundus_imaging_bundle,G1020,image_2310,data/external/kaggle/glaucoma_fundus_imaging_bundle/G1020/Images/image_2310.jpg,data/processed/standardized_masks/g1020/image_2310.png,G1020_image_2310,train
glaucoma_fundus_imaging_bundle,G1020,image_2313,data/external/kaggle/glaucoma_fundus_imaging_bundle/G1020/Images/image_2313.jpg,data/processed/standardized_masks/g1020/image_2313.png,G1020_image_2313,train
glaucoma_fundus_imaging_bundle,G1020,image_2314,data/external/kaggle/glaucoma_fundus_imaging_bundle/G1020/Images/image_2314.jpg,data/processed/standardized_masks/g1020/image_2314.png,G1020_image_2314,train
glaucoma_fundus_imaging_bundle,G1020,image_2315,data/external/kaggle/glaucoma_fundus_imaging_bundle/G1020/Images/image_2315.jpg,data/processed/standardized_masks/g1020/image_2315.png,G1020_image_2315,train
glaucoma_fundus_imaging_bundle,G1020,image_2316,data/external/kaggle/glaucoma_fundus_imaging_bundle/G1020/Images/image_2316.jpg,data/processed/standardized_masks/g1020/image_2316.png,G1020_image_2316,train
glaucoma_fundus_imaging_bundle,G1020,image_2319,data/external/kaggle/glaucoma_fundus_imaging_bundle/G1020/Images/image_2319.jpg,data/processed/standardized_masks/g1020/image_2319.png,G1020_image_2319,train
glaucoma_fundus_imaging_bundle,G1020,image_232,data/external/kaggle/glaucoma_fundus_imaging_bundle/G1020/Images/image_232.jpg,data/processed/standardized_masks/g1020/image_232.png,G1020_image_232,train
glaucoma_fundus_imaging_bundle,G1020,image_2320,data/external/kaggle/glaucoma_fundus_imaging_bundle/G1020/Images/image_2320.jpg,data/processed/standardized_masks/g1020/image_2320.png,G1020_image_2320,train
glaucoma_fundus_imaging_bundle,G1020,image_2321,data/external/kaggle/glaucoma_fundus_imaging_bundle/G1020/Images/image_2321.jpg,data/processed/standardized_masks/g1020/image_2321.png,G1020_image_2321,train
glaucoma_fundus_imaging_bundle,G1020,image_2322,data/external/kaggle/glaucoma_fundus_imaging_bundle/G1020/Images/image_2322.jpg,data/processed/standardized_masks/g1020/image_2322.png,G1020_image_2322,train
glaucoma_fundus_imaging_bundle,G1020,image_2326,data/external/kaggle/glaucoma_fundus_imaging_bundle/G1020/Images/image_2326.jpg,data/processed/standardized_masks/g1020/image_2326.png,G1020_image_2326,train
glaucoma_fundus_imaging_bundle,G1020,image_2327,data/external/kaggle/glaucoma_fundus_imaging_bundle/G1020/Images/image_2327.jpg,data/processed/standardized_masks/g1020/image_2327.png,G1020_image_2327,train
glaucoma_fundus_imaging_bundle,G1020,image_233,data/external/kaggle/glaucoma_fundus_imaging_bundle/G1020/Images/image_233.jpg,data/processed/standardized_masks/g1020/image_233.png,G1020_image_233,val
glaucoma_fundus_imaging_bundle,G1020,image_234,data/external/kaggle/glaucoma_fundus_imaging_bundle/G1020/Images/image_234.jpg,data/processed/standardized_masks/g1020/image_234.png,G1020_image_234,train
glaucoma_fundus_imaging_bundle,G1020,image_2345,data/external/kaggle/glaucoma_fundus_imaging_bundle/G1020/Images/image_2345.jpg,data/processed/standardized_masks/g1020/image_2345.png,G1020_image_2345,test
glaucoma_fundus_imaging_bundle,G1020,image_2346,data/external/kaggle/glaucoma_fundus_imaging_bundle/G1020/Images/image_2346.jpg,data/processed/standardized_masks/g1020/image_2346.png,G1020_image_2346,train
glaucoma_fundus_imaging_bundle,G1020,image_235,data/external/kaggle/glaucoma_fundus_imaging_bundle/G1020/Images/image_235.jpg,data/processed/standardized_masks/g1020/image_235.png,G1020_image_235,train
glaucoma_fundus_imaging_bundle,G1020,image_2354,data/external/kaggle/glaucoma_fundus_imaging_bundle/G1020/Images/image_2354.jpg,data/processed/standardized_masks/g1020/image_2354.png,G1020_image_2354,train
glaucoma_fundus_imaging_bundle,G1020,image_2355,data/external/kaggle/glaucoma_fundus_imaging_bundle/G1020/Images/image_2355.jpg,data/processed/standardized_masks/g1020/image_2355.png,G1020_image_2355,train
glaucoma_fundus_imaging_bundle,G1020,image_2359,data/external/kaggle/glaucoma_fundus_imaging_bundle/G1020/Images/image_2359.jpg,data/processed/standardized_masks/g1020/image_2359.png,G1020_image_2359,train
glaucoma_fundus_imaging_bundle,G1020,image_236,data/external/kaggle/glaucoma_fundus_imaging_bundle/G1020/Images/image_236.jpg,data/processed/standardized_masks/g1020/image_236.png,G1020_image_236,val
glaucoma_fundus_imaging_bundle,G1020,image_2360,data/external/kaggle/glaucoma_fundus_imaging_bundle/G1020/Images/image_2360.jpg,data/processed/standardized_masks/g1020/image_2360.png,G1020_image_2360,train
glaucoma_fundus_imaging_bundle,G1020,image_2361,data/external/kaggle/glaucoma_fundus_imaging_bundle/G1020/Images/image_2361.jpg,data/processed/standardized_masks/g1020/image_2361.png,G1020_image_2361,test
glaucoma_fundus_imaging_bundle,G1020,image_2362,data/external/kaggle/glaucoma_fundus_imaging_bundle/G1020/Images/image_2362.jpg,data/processed/standardized_masks/g1020/image_2362.png,G1020_image_2362,test
glaucoma_fundus_imaging_bundle,G1020,image_2363,data/external/kaggle/glaucoma_fundus_imaging_bundle/G1020/Images/image_2363.jpg,data/processed/standardized_masks/g1020/image_2363.png,G1020_image_2363,train
glaucoma_fundus_imaging_bundle,G1020,image_2364,data/external/kaggle/glaucoma_fundus_imaging_bundle/G1020/Images/image_2364.jpg,data/processed/standardized_masks/g1020/image_2364.png,G1020_image_2364,train
glaucoma_fundus_imaging_bundle,G1020,image_2365,data/external/kaggle/glaucoma_fundus_imaging_bundle/G1020/Images/image_2365.jpg,data/processed/standardized_masks/g1020/image_2365.png,G1020_image_2365,val
glaucoma_fundus_imaging_bundle,G1020,image_2366,data/external/kaggle/glaucoma_fundus_imaging_bundle/G1020/Images/image_2366.jpg,data/processed/standardized_masks/g1020/image_2366.png,G1020_image_2366,train
glaucoma_fundus_imaging_bundle,G1020,image_2367,data/external/kaggle/glaucoma_fundus_imaging_bundle/G1020/Images/image_2367.jpg,data/processed/standardized_masks/g1020/image_2367.png,G1020_image_2367,val
glaucoma_fundus_imaging_bundle,G1020,image_2368,data/external/kaggle/glaucoma_fundus_imaging_bundle/G1020/Images/image_2368.jpg,data/processed/standardized_masks/g1020/image_2368.png,G1020_image_2368,test
glaucoma_fundus_imaging_bundle,G1020,image_237,data/external/kaggle/glaucoma_fundus_imaging_bundle/G1020/Images/image_237.jpg,data/processed/standardized_masks/g1020/image_237.png,G1020_image_237,test
glaucoma_fundus_imaging_bundle,G1020,image_2375,data/external/kaggle/glaucoma_fundus_imaging_bundle/G1020/Images/image_2375.jpg,data/processed/standardized_masks/g1020/image_2375.png,G1020_image_2375,val
glaucoma_fundus_imaging_bundle,G1020,image_2376,data/external/kaggle/glaucoma_fundus_imaging_bundle/G1020/Images/image_2376.jpg,data/processed/standardized_masks/g1020/image_2376.png,G1020_image_2376,train
glaucoma_fundus_imaging_bundle,G1020,image_2402,data/external/kaggle/glaucoma_fundus_imaging_bundle/G1020/Images/image_2402.jpg,data/processed/standardized_masks/g1020/image_2402.png,G1020_image_2402,train
glaucoma_fundus_imaging_bundle,G1020,image_2403,data/external/kaggle/glaucoma_fundus_imaging_bundle/G1020/Images/image_2403.jpg,data/processed/standardized_masks/g1020/image_2403.png,G1020_image_2403,train
glaucoma_fundus_imaging_bundle,G1020,image_2404,data/external/kaggle/glaucoma_fundus_imaging_bundle/G1020/Images/image_2404.jpg,data/processed/standardized_masks/g1020/image_2404.png,G1020_image_2404,train
glaucoma_fundus_imaging_bundle,G1020,image_2407,data/external/kaggle/glaucoma_fundus_imaging_bundle/G1020/Images/image_2407.jpg,data/processed/standardized_masks/g1020/image_2407.png,G1020_image_2407,val
glaucoma_fundus_imaging_bundle,G1020,image_2408,data/external/kaggle/glaucoma_fundus_imaging_bundle/G1020/Images/image_2408.jpg,data/processed/standardized_masks/g1020/image_2408.png,G1020_image_2408,train
glaucoma_fundus_imaging_bundle,G1020,image_2411,data/external/kaggle/glaucoma_fundus_imaging_bundle/G1020/Images/image_2411.jpg,data/processed/standardized_masks/g1020/image_2411.png,G1020_image_2411,val
glaucoma_fundus_imaging_bundle,G1020,image_2412,data/external/kaggle/glaucoma_fundus_imaging_bundle/G1020/Images/image_2412.jpg,data/processed/standardized_masks/g1020/image_2412.png,G1020_image_2412,test
glaucoma_fundus_imaging_bundle,G1020,image_2413,data/external/kaggle/glaucoma_fundus_imaging_bundle/G1020/Images/image_2413.jpg,data/processed/standardized_masks/g1020/image_2413.png,G1020_image_2413,train
glaucoma_fundus_imaging_bundle,G1020,image_2414,data/external/kaggle/glaucoma_fundus_imaging_bundle/G1020/Images/image_2414.jpg,data/processed/standardized_masks/g1020/image_2414.png,G1020_image_2414,test
glaucoma_fundus_imaging_bundle,G1020,image_2417,data/external/kaggle/glaucoma_fundus_imaging_bundle/G1020/Images/image_2417.jpg,data/processed/standardized_masks/g1020/image_2417.png,G1020_image_2417,test
glaucoma_fundus_imaging_bundle,G1020,image_2418,data/external/kaggle/glaucoma_fundus_imaging_bundle/G1020/Images/image_2418.jpg,data/processed/standardized_masks/g1020/image_2418.png,G1020_image_2418,test
glaucoma_fundus_imaging_bundle,G1020,image_2421,data/external/kaggle/glaucoma_fundus_imaging_bundle/G1020/Images/image_2421.jpg,data/processed/standardized_masks/g1020/image_2421.png,G1020_image_2421,train
glaucoma_fundus_imaging_bundle,G1020,image_2423,data/external/kaggle/glaucoma_fundus_imaging_bundle/G1020/Images/image_2423.jpg,data/processed/standardized_masks/g1020/image_2423.png,G1020_image_2423,val
glaucoma_fundus_imaging_bundle,G1020,image_2424,data/external/kaggle/glaucoma_fundus_imaging_bundle/G1020/Images/image_2424.jpg,data/processed/standardized_masks/g1020/image_2424.png,G1020_image_2424,val
glaucoma_fundus_imaging_bundle,G1020,image_2425,data/external/kaggle/glaucoma_fundus_imaging_bundle/G1020/Images/image_2425.jpg,data/processed/standardized_masks/g1020/image_2425.png,G1020_image_2425,test
glaucoma_fundus_imaging_bundle,G1020,image_2426,data/external/kaggle/glaucoma_fundus_imaging_bundle/G1020/Images/image_2426.jpg,data/processed/standardized_masks/g1020/image_2426.png,G1020_image_2426,train
glaucoma_fundus_imaging_bundle,G1020,image_2430,data/external/kaggle/glaucoma_fundus_imaging_bundle/G1020/Images/image_2430.jpg,data/processed/standardized_masks/g1020/image_2430.png,G1020_image_2430,val
glaucoma_fundus_imaging_bundle,G1020,image_2431,data/external/kaggle/glaucoma_fundus_imaging_bundle/G1020/Images/image_2431.jpg,data/processed/standardized_masks/g1020/image_2431.png,G1020_image_2431,train
glaucoma_fundus_imaging_bundle,G1020,image_2434,data/external/kaggle/glaucoma_fundus_imaging_bundle/G1020/Images/image_2434.jpg,data/processed/standardized_masks/g1020/image_2434.png,G1020_image_2434,train
glaucoma_fundus_imaging_bundle,G1020,image_2435,data/external/kaggle/glaucoma_fundus_imaging_bundle/G1020/Images/image_2435.jpg,data/processed/standardized_masks/g1020/image_2435.png,G1020_image_2435,train
glaucoma_fundus_imaging_bundle,G1020,image_2436,data/external/kaggle/glaucoma_fundus_imaging_bundle/G1020/Images/image_2436.jpg,data/processed/standardized_masks/g1020/image_2436.png,G1020_image_2436,train
glaucoma_fundus_imaging_bundle,G1020,image_2437,data/external/kaggle/glaucoma_fundus_imaging_bundle/G1020/Images/image_2437.jpg,data/processed/standardized_masks/g1020/image_2437.png,G1020_image_2437,train
glaucoma_fundus_imaging_bundle,G1020,image_244,data/external/kaggle/glaucoma_fundus_imaging_bundle/G1020/Images/image_244.jpg,data/processed/standardized_masks/g1020/image_244.png,G1020_image_244,train
glaucoma_fundus_imaging_bundle,G1020,image_245,data/external/kaggle/glaucoma_fundus_imaging_bundle/G1020/Images/image_245.jpg,data/processed/standardized_masks/g1020/image_245.png,G1020_image_245,train
glaucoma_fundus_imaging_bundle,G1020,image_2455,data/external/kaggle/glaucoma_fundus_imaging_bundle/G1020/Images/image_2455.jpg,data/processed/standardized_masks/g1020/image_2455.png,G1020_image_2455,test
glaucoma_fundus_imaging_bundle,G1020,image_2456,data/external/kaggle/glaucoma_fundus_imaging_bundle/G1020/Images/image_2456.jpg,data/processed/standardized_masks/g1020/image_2456.png,G1020_image_2456,val
glaucoma_fundus_imaging_bundle,G1020,image_2457,data/external/kaggle/glaucoma_fundus_imaging_bundle/G1020/Images/image_2457.jpg,data/processed/standardized_masks/g1020/image_2457.png,G1020_image_2457,train
glaucoma_fundus_imaging_bundle,G1020,image_2458,data/external/kaggle/glaucoma_fundus_imaging_bundle/G1020/Images/image_2458.jpg,data/processed/standardized_masks/g1020/image_2458.png,G1020_image_2458,val
glaucoma_fundus_imaging_bundle,G1020,image_2459,data/external/kaggle/glaucoma_fundus_imaging_bundle/G1020/Images/image_2459.jpg,data/processed/standardized_masks/g1020/image_2459.png,G1020_image_2459,train
glaucoma_fundus_imaging_bundle,G1020,image_246,data/external/kaggle/glaucoma_fundus_imaging_bundle/G1020/Images/image_246.jpg,data/processed/standardized_masks/g1020/image_246.png,G1020_image_246,val
glaucoma_fundus_imaging_bundle,G1020,image_247,data/external/kaggle/glaucoma_fundus_imaging_bundle/G1020/Images/image_247.jpg,data/processed/standardized_masks/g1020/image_247.png,G1020_image_247,train
glaucoma_fundus_imaging_bundle,G1020,image_2470,data/external/kaggle/glaucoma_fundus_imaging_bundle/G1020/Images/image_2470.jpg,data/processed/standardized_masks/g1020/image_2470.png,G1020_image_2470,test
glaucoma_fundus_imaging_bundle,G1020,image_2471,data/external/kaggle/glaucoma_fundus_imaging_bundle/G1020/Images/image_2471.jpg,data/processed/standardized_masks/g1020/image_2471.png,G1020_image_2471,test
glaucoma_fundus_imaging_bundle,G1020,image_2473,data/external/kaggle/glaucoma_fundus_imaging_bundle/G1020/Images/image_2473.jpg,data/processed/standardized_masks/g1020/image_2473.png,G1020_image_2473,train
glaucoma_fundus_imaging_bundle,G1020,image_2474,data/external/kaggle/glaucoma_fundus_imaging_bundle/G1020/Images/image_2474.jpg,data/processed/standardized_masks/g1020/image_2474.png,G1020_image_2474,test
glaucoma_fundus_imaging_bundle,G1020,image_2475,data/external/kaggle/glaucoma_fundus_imaging_bundle/G1020/Images/image_2475.jpg,data/processed/standardized_masks/g1020/image_2475.png,G1020_image_2475,test
glaucoma_fundus_imaging_bundle,G1020,image_248,data/external/kaggle/glaucoma_fundus_imaging_bundle/G1020/Images/image_248.jpg,data/processed/standardized_masks/g1020/image_248.png,G1020_image_248,train
glaucoma_fundus_imaging_bundle,G1020,image_2482,data/external/kaggle/glaucoma_fundus_imaging_bundle/G1020/Images/image_2482.jpg,data/processed/standardized_masks/g1020/image_2482.png,G1020_image_2482,train
glaucoma_fundus_imaging_bundle,G1020,image_2483,data/external/kaggle/glaucoma_fundus_imaging_bundle/G1020/Images/image_2483.jpg,data/processed/standardized_masks/g1020/image_2483.png,G1020_image_2483,train
glaucoma_fundus_imaging_bundle,G1020,image_249,data/external/kaggle/glaucoma_fundus_imaging_bundle/G1020/Images/image_249.jpg,data/processed/standardized_masks/g1020/image_249.png,G1020_image_249,val
glaucoma_fundus_imaging_bundle,G1020,image_250,data/external/kaggle/glaucoma_fundus_imaging_bundle/G1020/Images/image_250.jpg,data/processed/standardized_masks/g1020/image_250.png,G1020_image_250,test
glaucoma_fundus_imaging_bundle,G1020,image_2503,data/external/kaggle/glaucoma_fundus_imaging_bundle/G1020/Images/image_2503.jpg,data/processed/standardized_masks/g1020/image_2503.png,G1020_image_2503,test
glaucoma_fundus_imaging_bundle,G1020,image_2504,data/external/kaggle/glaucoma_fundus_imaging_bundle/G1020/Images/image_2504.jpg,data/processed/standardized_masks/g1020/image_2504.png,G1020_image_2504,train
glaucoma_fundus_imaging_bundle,G1020,image_2505,data/external/kaggle/glaucoma_fundus_imaging_bundle/G1020/Images/image_2505.jpg,data/processed/standardized_masks/g1020/image_2505.png,G1020_image_2505,val
glaucoma_fundus_imaging_bundle,G1020,image_2507,data/external/kaggle/glaucoma_fundus_imaging_bundle/G1020/Images/image_2507.jpg,data/processed/standardized_masks/g1020/image_2507.png,G1020_image_2507,train
glaucoma_fundus_imaging_bundle,G1020,image_2512,data/external/kaggle/glaucoma_fundus_imaging_bundle/G1020/Images/image_2512.jpg,data/processed/standardized_masks/g1020/image_2512.png,G1020_image_2512,train
glaucoma_fundus_imaging_bundle,G1020,image_2513,data/external/kaggle/glaucoma_fundus_imaging_bundle/G1020/Images/image_2513.jpg,data/processed/standardized_masks/g1020/image_2513.png,G1020_image_2513,val
glaucoma_fundus_imaging_bundle,G1020,image_2514,data/external/kaggle/glaucoma_fundus_imaging_bundle/G1020/Images/image_2514.jpg,data/processed/standardized_masks/g1020/image_2514.png,G1020_image_2514,train
glaucoma_fundus_imaging_bundle,G1020,image_2515,data/external/kaggle/glaucoma_fundus_imaging_bundle/G1020/Images/image_2515.jpg,data/processed/standardized_masks/g1020/image_2515.png,G1020_image_2515,train
glaucoma_fundus_imaging_bundle,G1020,image_2516,data/external/kaggle/glaucoma_fundus_imaging_bundle/G1020/Images/image_2516.jpg,data/processed/standardized_masks/g1020/image_2516.png,G1020_image_2516,test
glaucoma_fundus_imaging_bundle,G1020,image_2523,data/external/kaggle/glaucoma_fundus_imaging_bundle/G1020/Images/image_2523.jpg,data/processed/standardized_masks/g1020/image_2523.png,G1020_image_2523,train
glaucoma_fundus_imaging_bundle,G1020,image_2524,data/external/kaggle/glaucoma_fundus_imaging_bundle/G1020/Images/image_2524.jpg,data/processed/standardized_masks/g1020/image_2524.png,G1020_image_2524,train
glaucoma_fundus_imaging_bundle,G1020,image_2525,data/external/kaggle/glaucoma_fundus_imaging_bundle/G1020/Images/image_2525.jpg,data/processed/standardized_masks/g1020/image_2525.png,G1020_image_2525,train
glaucoma_fundus_imaging_bundle,G1020,image_2526,data/external/kaggle/glaucoma_fundus_imaging_bundle/G1020/Images/image_2526.jpg,data/processed/standardized_masks/g1020/image_2526.png,G1020_image_2526,test
glaucoma_fundus_imaging_bundle,G1020,image_2527,data/external/kaggle/glaucoma_fundus_imaging_bundle/G1020/Images/image_2527.jpg,data/processed/standardized_masks/g1020/image_2527.png,G1020_image_2527,test
glaucoma_fundus_imaging_bundle,G1020,image_2528,data/external/kaggle/glaucoma_fundus_imaging_bundle/G1020/Images/image_2528.jpg,data/processed/standardized_masks/g1020/image_2528.png,G1020_image_2528,val
glaucoma_fundus_imaging_bundle,G1020,image_2529,data/external/kaggle/glaucoma_fundus_imaging_bundle/G1020/Images/image_2529.jpg,data/processed/standardized_masks/g1020/image_2529.png,G1020_image_2529,train
glaucoma_fundus_imaging_bundle,G1020,image_2530,data/external/kaggle/glaucoma_fundus_imaging_bundle/G1020/Images/image_2530.jpg,data/processed/standardized_masks/g1020/image_2530.png,G1020_image_2530,train
glaucoma_fundus_imaging_bundle,G1020,image_2531,data/external/kaggle/glaucoma_fundus_imaging_bundle/G1020/Images/image_2531.jpg,data/processed/standardized_masks/g1020/image_2531.png,G1020_image_2531,train
glaucoma_fundus_imaging_bundle,G1020,image_2532,data/external/kaggle/glaucoma_fundus_imaging_bundle/G1020/Images/image_2532.jpg,data/processed/standardized_masks/g1020/image_2532.png,G1020_image_2532,test
glaucoma_fundus_imaging_bundle,G1020,image_2533,data/external/kaggle/glaucoma_fundus_imaging_bundle/G1020/Images/image_2533.jpg,data/processed/standardized_masks/g1020/image_2533.png,G1020_image_2533,train
glaucoma_fundus_imaging_bundle,G1020,image_2534,data/external/kaggle/glaucoma_fundus_imaging_bundle/G1020/Images/image_2534.jpg,data/processed/standardized_masks/g1020/image_2534.png,G1020_image_2534,test
glaucoma_fundus_imaging_bundle,G1020,image_255,data/external/kaggle/glaucoma_fundus_imaging_bundle/G1020/Images/image_255.jpg,data/processed/standardized_masks/g1020/image_255.png,G1020_image_255,train
glaucoma_fundus_imaging_bundle,G1020,image_2550,data/external/kaggle/glaucoma_fundus_imaging_bundle/G1020/Images/image_2550.jpg,data/processed/standardized_masks/g1020/image_2550.png,G1020_image_2550,train
glaucoma_fundus_imaging_bundle,G1020,image_2551,data/external/kaggle/glaucoma_fundus_imaging_bundle/G1020/Images/image_2551.jpg,data/processed/standardized_masks/g1020/image_2551.png,G1020_image_2551,train
glaucoma_fundus_imaging_bundle,G1020,image_2552,data/external/kaggle/glaucoma_fundus_imaging_bundle/G1020/Images/image_2552.jpg,data/processed/standardized_masks/g1020/image_2552.png,G1020_image_2552,train
glaucoma_fundus_imaging_bundle,G1020,image_2553,data/external/kaggle/glaucoma_fundus_imaging_bundle/G1020/Images/image_2553.jpg,data/processed/standardized_masks/g1020/image_2553.png,G1020_image_2553,val
glaucoma_fundus_imaging_bundle,G1020,image_2554,data/external/kaggle/glaucoma_fundus_imaging_bundle/G1020/Images/image_2554.jpg,data/processed/standardized_masks/g1020/image_2554.png,G1020_image_2554,train
glaucoma_fundus_imaging_bundle,G1020,image_2555,data/external/kaggle/glaucoma_fundus_imaging_bundle/G1020/Images/image_2555.jpg,data/processed/standardized_masks/g1020/image_2555.png,G1020_image_2555,train
glaucoma_fundus_imaging_bundle,G1020,image_2558,data/external/kaggle/glaucoma_fundus_imaging_bundle/G1020/Images/image_2558.jpg,data/processed/standardized_masks/g1020/image_2558.png,G1020_image_2558,train
glaucoma_fundus_imaging_bundle,G1020,image_2559,data/external/kaggle/glaucoma_fundus_imaging_bundle/G1020/Images/image_2559.jpg,data/processed/standardized_masks/g1020/image_2559.png,G1020_image_2559,val
glaucoma_fundus_imaging_bundle,G1020,image_256,data/external/kaggle/glaucoma_fundus_imaging_bundle/G1020/Images/image_256.jpg,data/processed/standardized_masks/g1020/image_256.png,G1020_image_256,train
glaucoma_fundus_imaging_bundle,G1020,image_2562,data/external/kaggle/glaucoma_fundus_imaging_bundle/G1020/Images/image_2562.jpg,data/processed/standardized_masks/g1020/image_2562.png,G1020_image_2562,val
glaucoma_fundus_imaging_bundle,G1020,image_2563,data/external/kaggle/glaucoma_fundus_imaging_bundle/G1020/Images/image_2563.jpg,data/processed/standardized_masks/g1020/image_2563.png,G1020_image_2563,train
glaucoma_fundus_imaging_bundle,G1020,image_2564,data/external/kaggle/glaucoma_fundus_imaging_bundle/G1020/Images/image_2564.jpg,data/processed/standardized_masks/g1020/image_2564.png,G1020_image_2564,train
glaucoma_fundus_imaging_bundle,G1020,image_2565,data/external/kaggle/glaucoma_fundus_imaging_bundle/G1020/Images/image_2565.jpg,data/processed/standardized_masks/g1020/image_2565.png,G1020_image_2565,train
glaucoma_fundus_imaging_bundle,G1020,image_2566,data/external/kaggle/glaucoma_fundus_imaging_bundle/G1020/Images/image_2566.jpg,data/processed/standardized_masks/g1020/image_2566.png,G1020_image_2566,train
glaucoma_fundus_imaging_bundle,G1020,image_2567,data/external/kaggle/glaucoma_fundus_imaging_bundle/G1020/Images/image_2567.jpg,data/processed/standardized_masks/g1020/image_2567.png,G1020_image_2567,val
glaucoma_fundus_imaging_bundle,G1020,image_2568,data/external/kaggle/glaucoma_fundus_imaging_bundle/G1020/Images/image_2568.jpg,data/processed/standardized_masks/g1020/image_2568.png,G1020_image_2568,train
glaucoma_fundus_imaging_bundle,G1020,image_2569,data/external/kaggle/glaucoma_fundus_imaging_bundle/G1020/Images/image_2569.jpg,data/processed/standardized_masks/g1020/image_2569.png,G1020_image_2569,train
glaucoma_fundus_imaging_bundle,G1020,image_2570,data/external/kaggle/glaucoma_fundus_imaging_bundle/G1020/Images/image_2570.jpg,data/processed/standardized_masks/g1020/image_2570.png,G1020_image_2570,train
glaucoma_fundus_imaging_bundle,G1020,image_2571,data/external/kaggle/glaucoma_fundus_imaging_bundle/G1020/Images/image_2571.jpg,data/processed/standardized_masks/g1020/image_2571.png,G1020_image_2571,train
glaucoma_fundus_imaging_bundle,G1020,image_2572,data/external/kaggle/glaucoma_fundus_imaging_bundle/G1020/Images/image_2572.jpg,data/processed/standardized_masks/g1020/image_2572.png,G1020_image_2572,train
glaucoma_fundus_imaging_bundle,G1020,image_2573,data/external/kaggle/glaucoma_fundus_imaging_bundle/G1020/Images/image_2573.jpg,data/processed/standardized_masks/g1020/image_2573.png,G1020_image_2573,train
glaucoma_fundus_imaging_bundle,G1020,image_2574,data/external/kaggle/glaucoma_fundus_imaging_bundle/G1020/Images/image_2574.jpg,data/processed/standardized_masks/g1020/image_2574.png,G1020_image_2574,val
glaucoma_fundus_imaging_bundle,G1020,image_2575,data/external/kaggle/glaucoma_fundus_imaging_bundle/G1020/Images/image_2575.jpg,data/processed/standardized_masks/g1020/image_2575.png,G1020_image_2575,train
glaucoma_fundus_imaging_bundle,G1020,image_2576,data/external/kaggle/glaucoma_fundus_imaging_bundle/G1020/Images/image_2576.jpg,data/processed/standardized_masks/g1020/image_2576.png,G1020_image_2576,train
glaucoma_fundus_imaging_bundle,G1020,image_2577,data/external/kaggle/glaucoma_fundus_imaging_bundle/G1020/Images/image_2577.jpg,data/processed/standardized_masks/g1020/image_2577.png,G1020_image_2577,train
glaucoma_fundus_imaging_bundle,G1020,image_2578,data/external/kaggle/glaucoma_fundus_imaging_bundle/G1020/Images/image_2578.jpg,data/processed/standardized_masks/g1020/image_2578.png,G1020_image_2578,train
glaucoma_fundus_imaging_bundle,G1020,image_2579,data/external/kaggle/glaucoma_fundus_imaging_bundle/G1020/Images/image_2579.jpg,data/processed/standardized_masks/g1020/image_2579.png,G1020_image_2579,test
glaucoma_fundus_imaging_bundle,G1020,image_2588,data/external/kaggle/glaucoma_fundus_imaging_bundle/G1020/Images/image_2588.jpg,data/processed/standardized_masks/g1020/image_2588.png,G1020_image_2588,train
glaucoma_fundus_imaging_bundle,G1020,image_2589,data/external/kaggle/glaucoma_fundus_imaging_bundle/G1020/Images/image_2589.jpg,data/processed/standardized_masks/g1020/image_2589.png,G1020_image_2589,train
glaucoma_fundus_imaging_bundle,G1020,image_2602,data/external/kaggle/glaucoma_fundus_imaging_bundle/G1020/Images/image_2602.jpg,data/processed/standardized_masks/g1020/image_2602.png,G1020_image_2602,test
glaucoma_fundus_imaging_bundle,G1020,image_2605,data/external/kaggle/glaucoma_fundus_imaging_bundle/G1020/Images/image_2605.jpg,data/processed/standardized_masks/g1020/image_2605.png,G1020_image_2605,val
glaucoma_fundus_imaging_bundle,G1020,image_2606,data/external/kaggle/glaucoma_fundus_imaging_bundle/G1020/Images/image_2606.jpg,data/processed/standardized_masks/g1020/image_2606.png,G1020_image_2606,train
glaucoma_fundus_imaging_bundle,G1020,image_2607,data/external/kaggle/glaucoma_fundus_imaging_bundle/G1020/Images/image_2607.jpg,data/processed/standardized_masks/g1020/image_2607.png,G1020_image_2607,train
glaucoma_fundus_imaging_bundle,G1020,image_2608,data/external/kaggle/glaucoma_fundus_imaging_bundle/G1020/Images/image_2608.jpg,data/processed/standardized_masks/g1020/image_2608.png,G1020_image_2608,test
glaucoma_fundus_imaging_bundle,G1020,image_261,data/external/kaggle/glaucoma_fundus_imaging_bundle/G1020/Images/image_261.jpg,data/processed/standardized_masks/g1020/image_261.png,G1020_image_261,train
glaucoma_fundus_imaging_bundle,G1020,image_2611,data/external/kaggle/glaucoma_fundus_imaging_bundle/G1020/Images/image_2611.jpg,data/processed/standardized_masks/g1020/image_2611.png,G1020_image_2611,train
glaucoma_fundus_imaging_bundle,G1020,image_2612,data/external/kaggle/glaucoma_fundus_imaging_bundle/G1020/Images/image_2612.jpg,data/processed/standardized_masks/g1020/image_2612.png,G1020_image_2612,train
glaucoma_fundus_imaging_bundle,G1020,image_262,data/external/kaggle/glaucoma_fundus_imaging_bundle/G1020/Images/image_262.jpg,data/processed/standardized_masks/g1020/image_262.png,G1020_image_262,train
glaucoma_fundus_imaging_bundle,G1020,image_2622,data/external/kaggle/glaucoma_fundus_imaging_bundle/G1020/Images/image_2622.jpg,data/processed/standardized_masks/g1020/image_2622.png,G1020_image_2622,train
glaucoma_fundus_imaging_bundle,G1020,image_2623,data/external/kaggle/glaucoma_fundus_imaging_bundle/G1020/Images/image_2623.jpg,data/processed/standardized_masks/g1020/image_2623.png,G1020_image_2623,train
glaucoma_fundus_imaging_bundle,G1020,image_264,data/external/kaggle/glaucoma_fundus_imaging_bundle/G1020/Images/image_264.jpg,data/processed/standardized_masks/g1020/image_264.png,G1020_image_264,test
glaucoma_fundus_imaging_bundle,G1020,image_265,data/external/kaggle/glaucoma_fundus_imaging_bundle/G1020/Images/image_265.jpg,data/processed/standardized_masks/g1020/image_265.png,G1020_image_265,train
glaucoma_fundus_imaging_bundle,G1020,image_2651,data/external/kaggle/glaucoma_fundus_imaging_bundle/G1020/Images/image_2651.jpg,data/processed/standardized_masks/g1020/image_2651.png,G1020_image_2651,test
glaucoma_fundus_imaging_bundle,G1020,image_2652,data/external/kaggle/glaucoma_fundus_imaging_bundle/G1020/Images/image_2652.jpg,data/processed/standardized_masks/g1020/image_2652.png,G1020_image_2652,val
glaucoma_fundus_imaging_bundle,G1020,image_2654,data/external/kaggle/glaucoma_fundus_imaging_bundle/G1020/Images/image_2654.jpg,data/processed/standardized_masks/g1020/image_2654.png,G1020_image_2654,train
glaucoma_fundus_imaging_bundle,G1020,image_2655,data/external/kaggle/glaucoma_fundus_imaging_bundle/G1020/Images/image_2655.jpg,data/processed/standardized_masks/g1020/image_2655.png,G1020_image_2655,test
glaucoma_fundus_imaging_bundle,G1020,image_2656,data/external/kaggle/glaucoma_fundus_imaging_bundle/G1020/Images/image_2656.jpg,data/processed/standardized_masks/g1020/image_2656.png,G1020_image_2656,train
glaucoma_fundus_imaging_bundle,G1020,image_2658,data/external/kaggle/glaucoma_fundus_imaging_bundle/G1020/Images/image_2658.jpg,data/processed/standardized_masks/g1020/image_2658.png,G1020_image_2658,val
glaucoma_fundus_imaging_bundle,G1020,image_266,data/external/kaggle/glaucoma_fundus_imaging_bundle/G1020/Images/image_266.jpg,data/processed/standardized_masks/g1020/image_266.png,G1020_image_266,train
glaucoma_fundus_imaging_bundle,G1020,image_2661,data/external/kaggle/glaucoma_fundus_imaging_bundle/G1020/Images/image_2661.jpg,data/processed/standardized_masks/g1020/image_2661.png,G1020_image_2661,val
glaucoma_fundus_imaging_bundle,G1020,image_2662,data/external/kaggle/glaucoma_fundus_imaging_bundle/G1020/Images/image_2662.jpg,data/processed/standardized_masks/g1020/image_2662.png,G1020_image_2662,train
glaucoma_fundus_imaging_bundle,G1020,image_2668,data/external/kaggle/glaucoma_fundus_imaging_bundle/G1020/Images/image_2668.jpg,data/processed/standardized_masks/g1020/image_2668.png,G1020_image_2668,train
glaucoma_fundus_imaging_bundle,G1020,image_2669,data/external/kaggle/glaucoma_fundus_imaging_bundle/G1020/Images/image_2669.jpg,data/processed/standardized_masks/g1020/image_2669.png,G1020_image_2669,test
glaucoma_fundus_imaging_bundle,G1020,image_2676,data/external/kaggle/glaucoma_fundus_imaging_bundle/G1020/Images/image_2676.jpg,data/processed/standardized_masks/g1020/image_2676.png,G1020_image_2676,train
glaucoma_fundus_imaging_bundle,G1020,image_2677,data/external/kaggle/glaucoma_fundus_imaging_bundle/G1020/Images/image_2677.jpg,data/processed/standardized_masks/g1020/image_2677.png,G1020_image_2677,test
glaucoma_fundus_imaging_bundle,G1020,image_2685,data/external/kaggle/glaucoma_fundus_imaging_bundle/G1020/Images/image_2685.jpg,data/processed/standardized_masks/g1020/image_2685.png,G1020_image_2685,train
glaucoma_fundus_imaging_bundle,G1020,image_2686,data/external/kaggle/glaucoma_fundus_imaging_bundle/G1020/Images/image_2686.jpg,data/processed/standardized_masks/g1020/image_2686.png,G1020_image_2686,train
glaucoma_fundus_imaging_bundle,G1020,image_2687,data/external/kaggle/glaucoma_fundus_imaging_bundle/G1020/Images/image_2687.jpg,data/processed/standardized_masks/g1020/image_2687.png,G1020_image_2687,train
glaucoma_fundus_imaging_bundle,G1020,image_2688,data/external/kaggle/glaucoma_fundus_imaging_bundle/G1020/Images/image_2688.jpg,data/processed/standardized_masks/g1020/image_2688.png,G1020_image_2688,test
glaucoma_fundus_imaging_bundle,G1020,image_2689,data/external/kaggle/glaucoma_fundus_imaging_bundle/G1020/Images/image_2689.jpg,data/processed/standardized_masks/g1020/image_2689.png,G1020_image_2689,train
glaucoma_fundus_imaging_bundle,G1020,image_2690,data/external/kaggle/glaucoma_fundus_imaging_bundle/G1020/Images/image_2690.jpg,data/processed/standardized_masks/g1020/image_2690.png,G1020_image_2690,test
glaucoma_fundus_imaging_bundle,G1020,image_2691,data/external/kaggle/glaucoma_fundus_imaging_bundle/G1020/Images/image_2691.jpg,data/processed/standardized_masks/g1020/image_2691.png,G1020_image_2691,train
glaucoma_fundus_imaging_bundle,G1020,image_2692,data/external/kaggle/glaucoma_fundus_imaging_bundle/G1020/Images/image_2692.jpg,data/processed/standardized_masks/g1020/image_2692.png,G1020_image_2692,train
glaucoma_fundus_imaging_bundle,G1020,image_2693,data/external/kaggle/glaucoma_fundus_imaging_bundle/G1020/Images/image_2693.jpg,data/processed/standardized_masks/g1020/image_2693.png,G1020_image_2693,train
glaucoma_fundus_imaging_bundle,G1020,image_2694,data/external/kaggle/glaucoma_fundus_imaging_bundle/G1020/Images/image_2694.jpg,data/processed/standardized_masks/g1020/image_2694.png,G1020_image_2694,test
glaucoma_fundus_imaging_bundle,G1020,image_2695,data/external/kaggle/glaucoma_fundus_imaging_bundle/G1020/Images/image_2695.jpg,data/processed/standardized_masks/g1020/image_2695.png,G1020_image_2695,test
glaucoma_fundus_imaging_bundle,G1020,image_2698,data/external/kaggle/glaucoma_fundus_imaging_bundle/G1020/Images/image_2698.jpg,data/processed/standardized_masks/g1020/image_2698.png,G1020_image_2698,train
glaucoma_fundus_imaging_bundle,G1020,image_2699,data/external/kaggle/glaucoma_fundus_imaging_bundle/G1020/Images/image_2699.jpg,data/processed/standardized_masks/g1020/image_2699.png,G1020_image_2699,train
glaucoma_fundus_imaging_bundle,G1020,image_2700,data/external/kaggle/glaucoma_fundus_imaging_bundle/G1020/Images/image_2700.jpg,data/processed/standardized_masks/g1020/image_2700.png,G1020_image_2700,val
glaucoma_fundus_imaging_bundle,G1020,image_2701,data/external/kaggle/glaucoma_fundus_imaging_bundle/G1020/Images/image_2701.jpg,data/processed/standardized_masks/g1020/image_2701.png,G1020_image_2701,train
glaucoma_fundus_imaging_bundle,G1020,image_2702,data/external/kaggle/glaucoma_fundus_imaging_bundle/G1020/Images/image_2702.jpg,data/processed/standardized_masks/g1020/image_2702.png,G1020_image_2702,train
glaucoma_fundus_imaging_bundle,G1020,image_2703,data/external/kaggle/glaucoma_fundus_imaging_bundle/G1020/Images/image_2703.jpg,data/processed/standardized_masks/g1020/image_2703.png,G1020_image_2703,test
glaucoma_fundus_imaging_bundle,G1020,image_2707,data/external/kaggle/glaucoma_fundus_imaging_bundle/G1020/Images/image_2707.jpg,data/processed/standardized_masks/g1020/image_2707.png,G1020_image_2707,train
glaucoma_fundus_imaging_bundle,G1020,image_2708,data/external/kaggle/glaucoma_fundus_imaging_bundle/G1020/Images/image_2708.jpg,data/processed/standardized_masks/g1020/image_2708.png,G1020_image_2708,train
glaucoma_fundus_imaging_bundle,G1020,image_2709,data/external/kaggle/glaucoma_fundus_imaging_bundle/G1020/Images/image_2709.jpg,data/processed/standardized_masks/g1020/image_2709.png,G1020_image_2709,train
glaucoma_fundus_imaging_bundle,G1020,image_2710,data/external/kaggle/glaucoma_fundus_imaging_bundle/G1020/Images/image_2710.jpg,data/processed/standardized_masks/g1020/image_2710.png,G1020_image_2710,train
glaucoma_fundus_imaging_bundle,G1020,image_2711,data/external/kaggle/glaucoma_fundus_imaging_bundle/G1020/Images/image_2711.jpg,data/processed/standardized_masks/g1020/image_2711.png,G1020_image_2711,val
glaucoma_fundus_imaging_bundle,G1020,image_2712,data/external/kaggle/glaucoma_fundus_imaging_bundle/G1020/Images/image_2712.jpg,data/processed/standardized_masks/g1020/image_2712.png,G1020_image_2712,test
glaucoma_fundus_imaging_bundle,G1020,image_2713,data/external/kaggle/glaucoma_fundus_imaging_bundle/G1020/Images/image_2713.jpg,data/processed/standardized_masks/g1020/image_2713.png,G1020_image_2713,train
glaucoma_fundus_imaging_bundle,G1020,image_2714,data/external/kaggle/glaucoma_fundus_imaging_bundle/G1020/Images/image_2714.jpg,data/processed/standardized_masks/g1020/image_2714.png,G1020_image_2714,train
glaucoma_fundus_imaging_bundle,G1020,image_2728,data/external/kaggle/glaucoma_fundus_imaging_bundle/G1020/Images/image_2728.jpg,data/processed/standardized_masks/g1020/image_2728.png,G1020_image_2728,test
glaucoma_fundus_imaging_bundle,G1020,image_2729,data/external/kaggle/glaucoma_fundus_imaging_bundle/G1020/Images/image_2729.jpg,data/processed/standardized_masks/g1020/image_2729.png,G1020_image_2729,train
glaucoma_fundus_imaging_bundle,G1020,image_2730,data/external/kaggle/glaucoma_fundus_imaging_bundle/G1020/Images/image_2730.jpg,data/processed/standardized_masks/g1020/image_2730.png,G1020_image_2730,train
glaucoma_fundus_imaging_bundle,G1020,image_2731,data/external/kaggle/glaucoma_fundus_imaging_bundle/G1020/Images/image_2731.jpg,data/processed/standardized_masks/g1020/image_2731.png,G1020_image_2731,val
glaucoma_fundus_imaging_bundle,G1020,image_2732,data/external/kaggle/glaucoma_fundus_imaging_bundle/G1020/Images/image_2732.jpg,data/processed/standardized_masks/g1020/image_2732.png,G1020_image_2732,test
glaucoma_fundus_imaging_bundle,G1020,image_2733,data/external/kaggle/glaucoma_fundus_imaging_bundle/G1020/Images/image_2733.jpg,data/processed/standardized_masks/g1020/image_2733.png,G1020_image_2733,val
glaucoma_fundus_imaging_bundle,G1020,image_2734,data/external/kaggle/glaucoma_fundus_imaging_bundle/G1020/Images/image_2734.jpg,data/processed/standardized_masks/g1020/image_2734.png,G1020_image_2734,train
glaucoma_fundus_imaging_bundle,G1020,image_2735,data/external/kaggle/glaucoma_fundus_imaging_bundle/G1020/Images/image_2735.jpg,data/processed/standardized_masks/g1020/image_2735.png,G1020_image_2735,train
glaucoma_fundus_imaging_bundle,G1020,image_2736,data/external/kaggle/glaucoma_fundus_imaging_bundle/G1020/Images/image_2736.jpg,data/processed/standardized_masks/g1020/image_2736.png,G1020_image_2736,train
glaucoma_fundus_imaging_bundle,G1020,image_2737,data/external/kaggle/glaucoma_fundus_imaging_bundle/G1020/Images/image_2737.jpg,data/processed/standardized_masks/g1020/image_2737.png,G1020_image_2737,train
glaucoma_fundus_imaging_bundle,G1020,image_2738,data/external/kaggle/glaucoma_fundus_imaging_bundle/G1020/Images/image_2738.jpg,data/processed/standardized_masks/g1020/image_2738.png,G1020_image_2738,train
glaucoma_fundus_imaging_bundle,G1020,image_2739,data/external/kaggle/glaucoma_fundus_imaging_bundle/G1020/Images/image_2739.jpg,data/processed/standardized_masks/g1020/image_2739.png,G1020_image_2739,test
glaucoma_fundus_imaging_bundle,G1020,image_2765,data/external/kaggle/glaucoma_fundus_imaging_bundle/G1020/Images/image_2765.jpg,data/processed/standardized_masks/g1020/image_2765.png,G1020_image_2765,val
glaucoma_fundus_imaging_bundle,G1020,image_2766,data/external/kaggle/glaucoma_fundus_imaging_bundle/G1020/Images/image_2766.jpg,data/processed/standardized_masks/g1020/image_2766.png,G1020_image_2766,train
glaucoma_fundus_imaging_bundle,G1020,image_2767,data/external/kaggle/glaucoma_fundus_imaging_bundle/G1020/Images/image_2767.jpg,data/processed/standardized_masks/g1020/image_2767.png,G1020_image_2767,test
glaucoma_fundus_imaging_bundle,G1020,image_2768,data/external/kaggle/glaucoma_fundus_imaging_bundle/G1020/Images/image_2768.jpg,data/processed/standardized_masks/g1020/image_2768.png,G1020_image_2768,train
glaucoma_fundus_imaging_bundle,G1020,image_2781,data/external/kaggle/glaucoma_fundus_imaging_bundle/G1020/Images/image_2781.jpg,data/processed/standardized_masks/g1020/image_2781.png,G1020_image_2781,train
glaucoma_fundus_imaging_bundle,G1020,image_2782,data/external/kaggle/glaucoma_fundus_imaging_bundle/G1020/Images/image_2782.jpg,data/processed/standardized_masks/g1020/image_2782.png,G1020_image_2782,test
glaucoma_fundus_imaging_bundle,G1020,image_2783,data/external/kaggle/glaucoma_fundus_imaging_bundle/G1020/Images/image_2783.jpg,data/processed/standardized_masks/g1020/image_2783.png,G1020_image_2783,train
glaucoma_fundus_imaging_bundle,G1020,image_2784,data/external/kaggle/glaucoma_fundus_imaging_bundle/G1020/Images/image_2784.jpg,data/processed/standardized_masks/g1020/image_2784.png,G1020_image_2784,train
glaucoma_fundus_imaging_bundle,G1020,image_2785,data/external/kaggle/glaucoma_fundus_imaging_bundle/G1020/Images/image_2785.jpg,data/processed/standardized_masks/g1020/image_2785.png,G1020_image_2785,train
glaucoma_fundus_imaging_bundle,G1020,image_2786,data/external/kaggle/glaucoma_fundus_imaging_bundle/G1020/Images/image_2786.jpg,data/processed/standardized_masks/g1020/image_2786.png,G1020_image_2786,train
glaucoma_fundus_imaging_bundle,G1020,image_2787,data/external/kaggle/glaucoma_fundus_imaging_bundle/G1020/Images/image_2787.jpg,data/processed/standardized_masks/g1020/image_2787.png,G1020_image_2787,train
glaucoma_fundus_imaging_bundle,G1020,image_2788,data/external/kaggle/glaucoma_fundus_imaging_bundle/G1020/Images/image_2788.jpg,data/processed/standardized_masks/g1020/image_2788.png,G1020_image_2788,train
glaucoma_fundus_imaging_bundle,G1020,image_2795,data/external/kaggle/glaucoma_fundus_imaging_bundle/G1020/Images/image_2795.jpg,data/processed/standardized_masks/g1020/image_2795.png,G1020_image_2795,train
glaucoma_fundus_imaging_bundle,G1020,image_2796,data/external/kaggle/glaucoma_fundus_imaging_bundle/G1020/Images/image_2796.jpg,data/processed/standardized_masks/g1020/image_2796.png,G1020_image_2796,train
glaucoma_fundus_imaging_bundle,G1020,image_2805,data/external/kaggle/glaucoma_fundus_imaging_bundle/G1020/Images/image_2805.jpg,data/processed/standardized_masks/g1020/image_2805.png,G1020_image_2805,train
glaucoma_fundus_imaging_bundle,G1020,image_2806,data/external/kaggle/glaucoma_fundus_imaging_bundle/G1020/Images/image_2806.jpg,data/processed/standardized_masks/g1020/image_2806.png,G1020_image_2806,train
glaucoma_fundus_imaging_bundle,G1020,image_2807,data/external/kaggle/glaucoma_fundus_imaging_bundle/G1020/Images/image_2807.jpg,data/processed/standardized_masks/g1020/image_2807.png,G1020_image_2807,val
glaucoma_fundus_imaging_bundle,G1020,image_2808,data/external/kaggle/glaucoma_fundus_imaging_bundle/G1020/Images/image_2808.jpg,data/processed/standardized_masks/g1020/image_2808.png,G1020_image_2808,train
glaucoma_fundus_imaging_bundle,G1020,image_2809,data/external/kaggle/glaucoma_fundus_imaging_bundle/G1020/Images/image_2809.jpg,data/processed/standardized_masks/g1020/image_2809.png,G1020_image_2809,val
glaucoma_fundus_imaging_bundle,G1020,image_2810,data/external/kaggle/glaucoma_fundus_imaging_bundle/G1020/Images/image_2810.jpg,data/processed/standardized_masks/g1020/image_2810.png,G1020_image_2810,train
glaucoma_fundus_imaging_bundle,G1020,image_2823,data/external/kaggle/glaucoma_fundus_imaging_bundle/G1020/Images/image_2823.jpg,data/processed/standardized_masks/g1020/image_2823.png,G1020_image_2823,test
glaucoma_fundus_imaging_bundle,G1020,image_2824,data/external/kaggle/glaucoma_fundus_imaging_bundle/G1020/Images/image_2824.jpg,data/processed/standardized_masks/g1020/image_2824.png,G1020_image_2824,train
glaucoma_fundus_imaging_bundle,G1020,image_2825,data/external/kaggle/glaucoma_fundus_imaging_bundle/G1020/Images/image_2825.jpg,data/processed/standardized_masks/g1020/image_2825.png,G1020_image_2825,train
glaucoma_fundus_imaging_bundle,G1020,image_2826,data/external/kaggle/glaucoma_fundus_imaging_bundle/G1020/Images/image_2826.jpg,data/processed/standardized_masks/g1020/image_2826.png,G1020_image_2826,test
glaucoma_fundus_imaging_bundle,G1020,image_2827,data/external/kaggle/glaucoma_fundus_imaging_bundle/G1020/Images/image_2827.jpg,data/processed/standardized_masks/g1020/image_2827.png,G1020_image_2827,train
glaucoma_fundus_imaging_bundle,G1020,image_2828,data/external/kaggle/glaucoma_fundus_imaging_bundle/G1020/Images/image_2828.jpg,data/processed/standardized_masks/g1020/image_2828.png,G1020_image_2828,train
glaucoma_fundus_imaging_bundle,G1020,image_2839,data/external/kaggle/glaucoma_fundus_imaging_bundle/G1020/Images/image_2839.jpg,data/processed/standardized_masks/g1020/image_2839.png,G1020_image_2839,test
glaucoma_fundus_imaging_bundle,G1020,image_2840,data/external/kaggle/glaucoma_fundus_imaging_bundle/G1020/Images/image_2840.jpg,data/processed/standardized_masks/g1020/image_2840.png,G1020_image_2840,train
glaucoma_fundus_imaging_bundle,G1020,image_2856,data/external/kaggle/glaucoma_fundus_imaging_bundle/G1020/Images/image_2856.jpg,data/processed/standardized_masks/g1020/image_2856.png,G1020_image_2856,train
glaucoma_fundus_imaging_bundle,G1020,image_2857,data/external/kaggle/glaucoma_fundus_imaging_bundle/G1020/Images/image_2857.jpg,data/processed/standardized_masks/g1020/image_2857.png,G1020_image_2857,train
glaucoma_fundus_imaging_bundle,G1020,image_2860,data/external/kaggle/glaucoma_fundus_imaging_bundle/G1020/Images/image_2860.jpg,data/processed/standardized_masks/g1020/image_2860.png,G1020_image_2860,train
glaucoma_fundus_imaging_bundle,G1020,image_2861,data/external/kaggle/glaucoma_fundus_imaging_bundle/G1020/Images/image_2861.jpg,data/processed/standardized_masks/g1020/image_2861.png,G1020_image_2861,train
glaucoma_fundus_imaging_bundle,G1020,image_2880,data/external/kaggle/glaucoma_fundus_imaging_bundle/G1020/Images/image_2880.jpg,data/processed/standardized_masks/g1020/image_2880.png,G1020_image_2880,val
glaucoma_fundus_imaging_bundle,G1020,image_2881,data/external/kaggle/glaucoma_fundus_imaging_bundle/G1020/Images/image_2881.jpg,data/processed/standardized_masks/g1020/image_2881.png,G1020_image_2881,train
glaucoma_fundus_imaging_bundle,G1020,image_2885,data/external/kaggle/glaucoma_fundus_imaging_bundle/G1020/Images/image_2885.jpg,data/processed/standardized_masks/g1020/image_2885.png,G1020_image_2885,train
glaucoma_fundus_imaging_bundle,G1020,image_2886,data/external/kaggle/glaucoma_fundus_imaging_bundle/G1020/Images/image_2886.jpg,data/processed/standardized_masks/g1020/image_2886.png,G1020_image_2886,train
glaucoma_fundus_imaging_bundle,G1020,image_2887,data/external/kaggle/glaucoma_fundus_imaging_bundle/G1020/Images/image_2887.jpg,data/processed/standardized_masks/g1020/image_2887.png,G1020_image_2887,val
glaucoma_fundus_imaging_bundle,G1020,image_2888,data/external/kaggle/glaucoma_fundus_imaging_bundle/G1020/Images/image_2888.jpg,data/processed/standardized_masks/g1020/image_2888.png,G1020_image_2888,train
glaucoma_fundus_imaging_bundle,G1020,image_2891,data/external/kaggle/glaucoma_fundus_imaging_bundle/G1020/Images/image_2891.jpg,data/processed/standardized_masks/g1020/image_2891.png,G1020_image_2891,test
glaucoma_fundus_imaging_bundle,G1020,image_2892,data/external/kaggle/glaucoma_fundus_imaging_bundle/G1020/Images/image_2892.jpg,data/processed/standardized_masks/g1020/image_2892.png,G1020_image_2892,train
glaucoma_fundus_imaging_bundle,G1020,image_2897,data/external/kaggle/glaucoma_fundus_imaging_bundle/G1020/Images/image_2897.jpg,data/processed/standardized_masks/g1020/image_2897.png,G1020_image_2897,test
glaucoma_fundus_imaging_bundle,G1020,image_2898,data/external/kaggle/glaucoma_fundus_imaging_bundle/G1020/Images/image_2898.jpg,data/processed/standardized_masks/g1020/image_2898.png,G1020_image_2898,train
glaucoma_fundus_imaging_bundle,G1020,image_2899,data/external/kaggle/glaucoma_fundus_imaging_bundle/G1020/Images/image_2899.jpg,data/processed/standardized_masks/g1020/image_2899.png,G1020_image_2899,train
glaucoma_fundus_imaging_bundle,G1020,image_2900,data/external/kaggle/glaucoma_fundus_imaging_bundle/G1020/Images/image_2900.jpg,data/processed/standardized_masks/g1020/image_2900.png,G1020_image_2900,train
glaucoma_fundus_imaging_bundle,G1020,image_2901,data/external/kaggle/glaucoma_fundus_imaging_bundle/G1020/Images/image_2901.jpg,data/processed/standardized_masks/g1020/image_2901.png,G1020_image_2901,train
glaucoma_fundus_imaging_bundle,G1020,image_2902,data/external/kaggle/glaucoma_fundus_imaging_bundle/G1020/Images/image_2902.jpg,data/processed/standardized_masks/g1020/image_2902.png,G1020_image_2902,train
glaucoma_fundus_imaging_bundle,G1020,image_2906,data/external/kaggle/glaucoma_fundus_imaging_bundle/G1020/Images/image_2906.jpg,data/processed/standardized_masks/g1020/image_2906.png,G1020_image_2906,train
glaucoma_fundus_imaging_bundle,G1020,image_2912,data/external/kaggle/glaucoma_fundus_imaging_bundle/G1020/Images/image_2912.jpg,data/processed/standardized_masks/g1020/image_2912.png,G1020_image_2912,train
glaucoma_fundus_imaging_bundle,G1020,image_2913,data/external/kaggle/glaucoma_fundus_imaging_bundle/G1020/Images/image_2913.jpg,data/processed/standardized_masks/g1020/image_2913.png,G1020_image_2913,train
glaucoma_fundus_imaging_bundle,G1020,image_2914,data/external/kaggle/glaucoma_fundus_imaging_bundle/G1020/Images/image_2914.jpg,data/processed/standardized_masks/g1020/image_2914.png,G1020_image_2914,train
glaucoma_fundus_imaging_bundle,G1020,image_2915,data/external/kaggle/glaucoma_fundus_imaging_bundle/G1020/Images/image_2915.jpg,data/processed/standardized_masks/g1020/image_2915.png,G1020_image_2915,test
glaucoma_fundus_imaging_bundle,G1020,image_2916,data/external/kaggle/glaucoma_fundus_imaging_bundle/G1020/Images/image_2916.jpg,data/processed/standardized_masks/g1020/image_2916.png,G1020_image_2916,train
glaucoma_fundus_imaging_bundle,G1020,image_2917,data/external/kaggle/glaucoma_fundus_imaging_bundle/G1020/Images/image_2917.jpg,data/processed/standardized_masks/g1020/image_2917.png,G1020_image_2917,train
glaucoma_fundus_imaging_bundle,G1020,image_292,data/external/kaggle/glaucoma_fundus_imaging_bundle/G1020/Images/image_292.jpg,data/processed/standardized_masks/g1020/image_292.png,G1020_image_292,test
glaucoma_fundus_imaging_bundle,G1020,image_293,data/external/kaggle/glaucoma_fundus_imaging_bundle/G1020/Images/image_293.jpg,data/processed/standardized_masks/g1020/image_293.png,G1020_image_293,train
glaucoma_fundus_imaging_bundle,G1020,image_2935,data/external/kaggle/glaucoma_fundus_imaging_bundle/G1020/Images/image_2935.jpg,data/processed/standardized_masks/g1020/image_2935.png,G1020_image_2935,train
glaucoma_fundus_imaging_bundle,G1020,image_2936,data/external/kaggle/glaucoma_fundus_imaging_bundle/G1020/Images/image_2936.jpg,data/processed/standardized_masks/g1020/image_2936.png,G1020_image_2936,train
glaucoma_fundus_imaging_bundle,G1020,image_2941,data/external/kaggle/glaucoma_fundus_imaging_bundle/G1020/Images/image_2941.jpg,data/processed/standardized_masks/g1020/image_2941.png,G1020_image_2941,test
glaucoma_fundus_imaging_bundle,G1020,image_2942,data/external/kaggle/glaucoma_fundus_imaging_bundle/G1020/Images/image_2942.jpg,data/processed/standardized_masks/g1020/image_2942.png,G1020_image_2942,train
glaucoma_fundus_imaging_bundle,G1020,image_2945,data/external/kaggle/glaucoma_fundus_imaging_bundle/G1020/Images/image_2945.jpg,data/processed/standardized_masks/g1020/image_2945.png,G1020_image_2945,train
glaucoma_fundus_imaging_bundle,G1020,image_2946,data/external/kaggle/glaucoma_fundus_imaging_bundle/G1020/Images/image_2946.jpg,data/processed/standardized_masks/g1020/image_2946.png,G1020_image_2946,train
glaucoma_fundus_imaging_bundle,G1020,image_2947,data/external/kaggle/glaucoma_fundus_imaging_bundle/G1020/Images/image_2947.jpg,data/processed/standardized_masks/g1020/image_2947.png,G1020_image_2947,train
glaucoma_fundus_imaging_bundle,G1020,image_2949,data/external/kaggle/glaucoma_fundus_imaging_bundle/G1020/Images/image_2949.jpg,data/processed/standardized_masks/g1020/image_2949.png,G1020_image_2949,test
glaucoma_fundus_imaging_bundle,G1020,image_295,data/external/kaggle/glaucoma_fundus_imaging_bundle/G1020/Images/image_295.jpg,data/processed/standardized_masks/g1020/image_295.png,G1020_image_295,train
glaucoma_fundus_imaging_bundle,G1020,image_2950,data/external/kaggle/glaucoma_fundus_imaging_bundle/G1020/Images/image_2950.jpg,data/processed/standardized_masks/g1020/image_2950.png,G1020_image_2950,val
glaucoma_fundus_imaging_bundle,G1020,image_2956,data/external/kaggle/glaucoma_fundus_imaging_bundle/G1020/Images/image_2956.jpg,data/processed/standardized_masks/g1020/image_2956.png,G1020_image_2956,train
glaucoma_fundus_imaging_bundle,G1020,image_2957,data/external/kaggle/glaucoma_fundus_imaging_bundle/G1020/Images/image_2957.jpg,data/processed/standardized_masks/g1020/image_2957.png,G1020_image_2957,train
glaucoma_fundus_imaging_bundle,G1020,image_2970,data/external/kaggle/glaucoma_fundus_imaging_bundle/G1020/Images/image_2970.jpg,data/processed/standardized_masks/g1020/image_2970.png,G1020_image_2970,train
glaucoma_fundus_imaging_bundle,G1020,image_2971,data/external/kaggle/glaucoma_fundus_imaging_bundle/G1020/Images/image_2971.jpg,data/processed/standardized_masks/g1020/image_2971.png,G1020_image_2971,train
glaucoma_fundus_imaging_bundle,G1020,image_2972,data/external/kaggle/glaucoma_fundus_imaging_bundle/G1020/Images/image_2972.jpg,data/processed/standardized_masks/g1020/image_2972.png,G1020_image_2972,test
glaucoma_fundus_imaging_bundle,G1020,image_2973,data/external/kaggle/glaucoma_fundus_imaging_bundle/G1020/Images/image_2973.jpg,data/processed/standardized_masks/g1020/image_2973.png,G1020_image_2973,train
glaucoma_fundus_imaging_bundle,G1020,image_2974,data/external/kaggle/glaucoma_fundus_imaging_bundle/G1020/Images/image_2974.jpg,data/processed/standardized_masks/g1020/image_2974.png,G1020_image_2974,test
glaucoma_fundus_imaging_bundle,G1020,image_2975,data/external/kaggle/glaucoma_fundus_imaging_bundle/G1020/Images/image_2975.jpg,data/processed/standardized_masks/g1020/image_2975.png,G1020_image_2975,val
glaucoma_fundus_imaging_bundle,G1020,image_2980,data/external/kaggle/glaucoma_fundus_imaging_bundle/G1020/Images/image_2980.jpg,data/processed/standardized_masks/g1020/image_2980.png,G1020_image_2980,train
glaucoma_fundus_imaging_bundle,G1020,image_2981,data/external/kaggle/glaucoma_fundus_imaging_bundle/G1020/Images/image_2981.jpg,data/processed/standardized_masks/g1020/image_2981.png,G1020_image_2981,train
glaucoma_fundus_imaging_bundle,G1020,image_2984,data/external/kaggle/glaucoma_fundus_imaging_bundle/G1020/Images/image_2984.jpg,data/processed/standardized_masks/g1020/image_2984.png,G1020_image_2984,train
glaucoma_fundus_imaging_bundle,G1020,image_2985,data/external/kaggle/glaucoma_fundus_imaging_bundle/G1020/Images/image_2985.jpg,data/processed/standardized_masks/g1020/image_2985.png,G1020_image_2985,train
glaucoma_fundus_imaging_bundle,G1020,image_2991,data/external/kaggle/glaucoma_fundus_imaging_bundle/G1020/Images/image_2991.jpg,data/processed/standardized_masks/g1020/image_2991.png,G1020_image_2991,train
glaucoma_fundus_imaging_bundle,G1020,image_2992,data/external/kaggle/glaucoma_fundus_imaging_bundle/G1020/Images/image_2992.jpg,data/processed/standardized_masks/g1020/image_2992.png,G1020_image_2992,val
glaucoma_fundus_imaging_bundle,G1020,image_2998,data/external/kaggle/glaucoma_fundus_imaging_bundle/G1020/Images/image_2998.jpg,data/processed/standardized_masks/g1020/image_2998.png,G1020_image_2998,train
glaucoma_fundus_imaging_bundle,G1020,image_2999,data/external/kaggle/glaucoma_fundus_imaging_bundle/G1020/Images/image_2999.jpg,data/processed/standardized_masks/g1020/image_2999.png,G1020_image_2999,train
glaucoma_fundus_imaging_bundle,G1020,image_3,data/external/kaggle/glaucoma_fundus_imaging_bundle/G1020/Images/image_3.jpg,data/processed/standardized_masks/g1020/image_3.png,G1020_image_3,val
glaucoma_fundus_imaging_bundle,G1020,image_3000,data/external/kaggle/glaucoma_fundus_imaging_bundle/G1020/Images/image_3000.jpg,data/processed/standardized_masks/g1020/image_3000.png,G1020_image_3000,train
glaucoma_fundus_imaging_bundle,G1020,image_3017,data/external/kaggle/glaucoma_fundus_imaging_bundle/G1020/Images/image_3017.jpg,data/processed/standardized_masks/g1020/image_3017.png,G1020_image_3017,test
glaucoma_fundus_imaging_bundle,G1020,image_3018,data/external/kaggle/glaucoma_fundus_imaging_bundle/G1020/Images/image_3018.jpg,data/processed/standardized_masks/g1020/image_3018.png,G1020_image_3018,train
glaucoma_fundus_imaging_bundle,G1020,image_3019,data/external/kaggle/glaucoma_fundus_imaging_bundle/G1020/Images/image_3019.jpg,data/processed/standardized_masks/g1020/image_3019.png,G1020_image_3019,train
glaucoma_fundus_imaging_bundle,G1020,image_3020,data/external/kaggle/glaucoma_fundus_imaging_bundle/G1020/Images/image_3020.jpg,data/processed/standardized_masks/g1020/image_3020.png,G1020_image_3020,test
glaucoma_fundus_imaging_bundle,G1020,image_3021,data/external/kaggle/glaucoma_fundus_imaging_bundle/G1020/Images/image_3021.jpg,data/processed/standardized_masks/g1020/image_3021.png,G1020_image_3021,test
glaucoma_fundus_imaging_bundle,G1020,image_3022,data/external/kaggle/glaucoma_fundus_imaging_bundle/G1020/Images/image_3022.jpg,data/processed/standardized_masks/g1020/image_3022.png,G1020_image_3022,train
glaucoma_fundus_imaging_bundle,G1020,image_3023,data/external/kaggle/glaucoma_fundus_imaging_bundle/G1020/Images/image_3023.jpg,data/processed/standardized_masks/g1020/image_3023.png,G1020_image_3023,train
glaucoma_fundus_imaging_bundle,G1020,image_3024,data/external/kaggle/glaucoma_fundus_imaging_bundle/G1020/Images/image_3024.jpg,data/processed/standardized_masks/g1020/image_3024.png,G1020_image_3024,val
glaucoma_fundus_imaging_bundle,G1020,image_3025,data/external/kaggle/glaucoma_fundus_imaging_bundle/G1020/Images/image_3025.jpg,data/processed/standardized_masks/g1020/image_3025.png,G1020_image_3025,train
glaucoma_fundus_imaging_bundle,G1020,image_3026,data/external/kaggle/glaucoma_fundus_imaging_bundle/G1020/Images/image_3026.jpg,data/processed/standardized_masks/g1020/image_3026.png,G1020_image_3026,train
glaucoma_fundus_imaging_bundle,G1020,image_3029,data/external/kaggle/glaucoma_fundus_imaging_bundle/G1020/Images/image_3029.jpg,data/processed/standardized_masks/g1020/image_3029.png,G1020_image_3029,train
glaucoma_fundus_imaging_bundle,G1020,image_3038,data/external/kaggle/glaucoma_fundus_imaging_bundle/G1020/Images/image_3038.jpg,data/processed/standardized_masks/g1020/image_3038.png,G1020_image_3038,train
glaucoma_fundus_imaging_bundle,G1020,image_3039,data/external/kaggle/glaucoma_fundus_imaging_bundle/G1020/Images/image_3039.jpg,data/processed/standardized_masks/g1020/image_3039.png,G1020_image_3039,train
glaucoma_fundus_imaging_bundle,G1020,image_304,data/external/kaggle/glaucoma_fundus_imaging_bundle/G1020/Images/image_304.jpg,data/processed/standardized_masks/g1020/image_304.png,G1020_image_304,train
glaucoma_fundus_imaging_bundle,G1020,image_3040,data/external/kaggle/glaucoma_fundus_imaging_bundle/G1020/Images/image_3040.jpg,data/processed/standardized_masks/g1020/image_3040.png,G1020_image_3040,train
glaucoma_fundus_imaging_bundle,G1020,image_3041,data/external/kaggle/glaucoma_fundus_imaging_bundle/G1020/Images/image_3041.jpg,data/processed/standardized_masks/g1020/image_3041.png,G1020_image_3041,train
glaucoma_fundus_imaging_bundle,G1020,image_3044,data/external/kaggle/glaucoma_fundus_imaging_bundle/G1020/Images/image_3044.jpg,data/processed/standardized_masks/g1020/image_3044.png,G1020_image_3044,train
glaucoma_fundus_imaging_bundle,G1020,image_3045,data/external/kaggle/glaucoma_fundus_imaging_bundle/G1020/Images/image_3045.jpg,data/processed/standardized_masks/g1020/image_3045.png,G1020_image_3045,test
glaucoma_fundus_imaging_bundle,G1020,image_305,data/external/kaggle/glaucoma_fundus_imaging_bundle/G1020/Images/image_305.jpg,data/processed/standardized_masks/g1020/image_305.png,G1020_image_305,train
glaucoma_fundus_imaging_bundle,G1020,image_3058,data/external/kaggle/glaucoma_fundus_imaging_bundle/G1020/Images/image_3058.jpg,data/processed/standardized_masks/g1020/image_3058.png,G1020_image_3058,train
glaucoma_fundus_imaging_bundle,G1020,image_3059,data/external/kaggle/glaucoma_fundus_imaging_bundle/G1020/Images/image_3059.jpg,data/processed/standardized_masks/g1020/image_3059.png,G1020_image_3059,test
glaucoma_fundus_imaging_bundle,G1020,image_3064,data/external/kaggle/glaucoma_fundus_imaging_bundle/G1020/Images/image_3064.jpg,data/processed/standardized_masks/g1020/image_3064.png,G1020_image_3064,train
glaucoma_fundus_imaging_bundle,G1020,image_3065,data/external/kaggle/glaucoma_fundus_imaging_bundle/G1020/Images/image_3065.jpg,data/processed/standardized_masks/g1020/image_3065.png,G1020_image_3065,train
glaucoma_fundus_imaging_bundle,G1020,image_3066,data/external/kaggle/glaucoma_fundus_imaging_bundle/G1020/Images/image_3066.jpg,data/processed/standardized_masks/g1020/image_3066.png,G1020_image_3066,train
glaucoma_fundus_imaging_bundle,G1020,image_3067,data/external/kaggle/glaucoma_fundus_imaging_bundle/G1020/Images/image_3067.jpg,data/processed/standardized_masks/g1020/image_3067.png,G1020_image_3067,train
glaucoma_fundus_imaging_bundle,G1020,image_3076,data/external/kaggle/glaucoma_fundus_imaging_bundle/G1020/Images/image_3076.jpg,data/processed/standardized_masks/g1020/image_3076.png,G1020_image_3076,train
glaucoma_fundus_imaging_bundle,G1020,image_3080,data/external/kaggle/glaucoma_fundus_imaging_bundle/G1020/Images/image_3080.jpg,data/processed/standardized_masks/g1020/image_3080.png,G1020_image_3080,train
glaucoma_fundus_imaging_bundle,G1020,image_3081,data/external/kaggle/glaucoma_fundus_imaging_bundle/G1020/Images/image_3081.jpg,data/processed/standardized_masks/g1020/image_3081.png,G1020_image_3081,train
glaucoma_fundus_imaging_bundle,G1020,image_3082,data/external/kaggle/glaucoma_fundus_imaging_bundle/G1020/Images/image_3082.jpg,data/processed/standardized_masks/g1020/image_3082.png,G1020_image_3082,val
glaucoma_fundus_imaging_bundle,G1020,image_3084,data/external/kaggle/glaucoma_fundus_imaging_bundle/G1020/Images/image_3084.jpg,data/processed/standardized_masks/g1020/image_3084.png,G1020_image_3084,train
glaucoma_fundus_imaging_bundle,G1020,image_3085,data/external/kaggle/glaucoma_fundus_imaging_bundle/G1020/Images/image_3085.jpg,data/processed/standardized_masks/g1020/image_3085.png,G1020_image_3085,train
glaucoma_fundus_imaging_bundle,G1020,image_3090,data/external/kaggle/glaucoma_fundus_imaging_bundle/G1020/Images/image_3090.jpg,data/processed/standardized_masks/g1020/image_3090.png,G1020_image_3090,val
glaucoma_fundus_imaging_bundle,G1020,image_3091,data/external/kaggle/glaucoma_fundus_imaging_bundle/G1020/Images/image_3091.jpg,data/processed/standardized_masks/g1020/image_3091.png,G1020_image_3091,train
glaucoma_fundus_imaging_bundle,G1020,image_31,data/external/kaggle/glaucoma_fundus_imaging_bundle/G1020/Images/image_31.jpg,data/processed/standardized_masks/g1020/image_31.png,G1020_image_31,train
glaucoma_fundus_imaging_bundle,G1020,image_3116,data/external/kaggle/glaucoma_fundus_imaging_bundle/G1020/Images/image_3116.jpg,data/processed/standardized_masks/g1020/image_3116.png,G1020_image_3116,train
glaucoma_fundus_imaging_bundle,G1020,image_3117,data/external/kaggle/glaucoma_fundus_imaging_bundle/G1020/Images/image_3117.jpg,data/processed/standardized_masks/g1020/image_3117.png,G1020_image_3117,train
glaucoma_fundus_imaging_bundle,G1020,image_3120,data/external/kaggle/glaucoma_fundus_imaging_bundle/G1020/Images/image_3120.jpg,data/processed/standardized_masks/g1020/image_3120.png,G1020_image_3120,train
glaucoma_fundus_imaging_bundle,G1020,image_3121,data/external/kaggle/glaucoma_fundus_imaging_bundle/G1020/Images/image_3121.jpg,data/processed/standardized_masks/g1020/image_3121.png,G1020_image_3121,train
glaucoma_fundus_imaging_bundle,G1020,image_3122,data/external/kaggle/glaucoma_fundus_imaging_bundle/G1020/Images/image_3122.jpg,data/processed/standardized_masks/g1020/image_3122.png,G1020_image_3122,train
glaucoma_fundus_imaging_bundle,G1020,image_3123,data/external/kaggle/glaucoma_fundus_imaging_bundle/G1020/Images/image_3123.jpg,data/processed/standardized_masks/g1020/image_3123.png,G1020_image_3123,train
glaucoma_fundus_imaging_bundle,G1020,image_3124,data/external/kaggle/glaucoma_fundus_imaging_bundle/G1020/Images/image_3124.jpg,data/processed/standardized_masks/g1020/image_3124.png,G1020_image_3124,train
glaucoma_fundus_imaging_bundle,G1020,image_3129,data/external/kaggle/glaucoma_fundus_imaging_bundle/G1020/Images/image_3129.jpg,data/processed/standardized_masks/g1020/image_3129.png,G1020_image_3129,train
glaucoma_fundus_imaging_bundle,G1020,image_3130,data/external/kaggle/glaucoma_fundus_imaging_bundle/G1020/Images/image_3130.jpg,data/processed/standardized_masks/g1020/image_3130.png,G1020_image_3130,train
glaucoma_fundus_imaging_bundle,G1020,image_3131,data/external/kaggle/glaucoma_fundus_imaging_bundle/G1020/Images/image_3131.jpg,data/processed/standardized_masks/g1020/image_3131.png,G1020_image_3131,train
glaucoma_fundus_imaging_bundle,G1020,image_3132,data/external/kaggle/glaucoma_fundus_imaging_bundle/G1020/Images/image_3132.jpg,data/processed/standardized_masks/g1020/image_3132.png,G1020_image_3132,val
glaucoma_fundus_imaging_bundle,G1020,image_3137,data/external/kaggle/glaucoma_fundus_imaging_bundle/G1020/Images/image_3137.jpg,data/processed/standardized_masks/g1020/image_3137.png,G1020_image_3137,train
glaucoma_fundus_imaging_bundle,G1020,image_3138,data/external/kaggle/glaucoma_fundus_imaging_bundle/G1020/Images/image_3138.jpg,data/processed/standardized_masks/g1020/image_3138.png,G1020_image_3138,train
glaucoma_fundus_imaging_bundle,G1020,image_3143,data/external/kaggle/glaucoma_fundus_imaging_bundle/G1020/Images/image_3143.jpg,data/processed/standardized_masks/g1020/image_3143.png,G1020_image_3143,test
glaucoma_fundus_imaging_bundle,G1020,image_3144,data/external/kaggle/glaucoma_fundus_imaging_bundle/G1020/Images/image_3144.jpg,data/processed/standardized_masks/g1020/image_3144.png,G1020_image_3144,train
glaucoma_fundus_imaging_bundle,G1020,image_315,data/external/kaggle/glaucoma_fundus_imaging_bundle/G1020/Images/image_315.jpg,data/processed/standardized_masks/g1020/image_315.png,G1020_image_315,train
glaucoma_fundus_imaging_bundle,G1020,image_3159,data/external/kaggle/glaucoma_fundus_imaging_bundle/G1020/Images/image_3159.jpg,data/processed/standardized_masks/g1020/image_3159.png,G1020_image_3159,train
glaucoma_fundus_imaging_bundle,G1020,image_316,data/external/kaggle/glaucoma_fundus_imaging_bundle/G1020/Images/image_316.jpg,data/processed/standardized_masks/g1020/image_316.png,G1020_image_316,train
glaucoma_fundus_imaging_bundle,G1020,image_3160,data/external/kaggle/glaucoma_fundus_imaging_bundle/G1020/Images/image_3160.jpg,data/processed/standardized_masks/g1020/image_3160.png,G1020_image_3160,train
glaucoma_fundus_imaging_bundle,G1020,image_3163,data/external/kaggle/glaucoma_fundus_imaging_bundle/G1020/Images/image_3163.jpg,data/processed/standardized_masks/g1020/image_3163.png,G1020_image_3163,train
glaucoma_fundus_imaging_bundle,G1020,image_3164,data/external/kaggle/glaucoma_fundus_imaging_bundle/G1020/Images/image_3164.jpg,data/processed/standardized_masks/g1020/image_3164.png,G1020_image_3164,test
glaucoma_fundus_imaging_bundle,G1020,image_3165,data/external/kaggle/glaucoma_fundus_imaging_bundle/G1020/Images/image_3165.jpg,data/processed/standardized_masks/g1020/image_3165.png,G1020_image_3165,val
glaucoma_fundus_imaging_bundle,G1020,image_3166,data/external/kaggle/glaucoma_fundus_imaging_bundle/G1020/Images/image_3166.jpg,data/processed/standardized_masks/g1020/image_3166.png,G1020_image_3166,val
glaucoma_fundus_imaging_bundle,G1020,image_3167,data/external/kaggle/glaucoma_fundus_imaging_bundle/G1020/Images/image_3167.jpg,data/processed/standardized_masks/g1020/image_3167.png,G1020_image_3167,train
glaucoma_fundus_imaging_bundle,G1020,image_3168,data/external/kaggle/glaucoma_fundus_imaging_bundle/G1020/Images/image_3168.jpg,data/processed/standardized_masks/g1020/image_3168.png,G1020_image_3168,test
glaucoma_fundus_imaging_bundle,G1020,image_3169,data/external/kaggle/glaucoma_fundus_imaging_bundle/G1020/Images/image_3169.jpg,data/processed/standardized_masks/g1020/image_3169.png,G1020_image_3169,test
glaucoma_fundus_imaging_bundle,G1020,image_3170,data/external/kaggle/glaucoma_fundus_imaging_bundle/G1020/Images/image_3170.jpg,data/processed/standardized_masks/g1020/image_3170.png,G1020_image_3170,train
glaucoma_fundus_imaging_bundle,G1020,image_3182,data/external/kaggle/glaucoma_fundus_imaging_bundle/G1020/Images/image_3182.jpg,data/processed/standardized_masks/g1020/image_3182.png,G1020_image_3182,train
glaucoma_fundus_imaging_bundle,G1020,image_3183,data/external/kaggle/glaucoma_fundus_imaging_bundle/G1020/Images/image_3183.jpg,data/processed/standardized_masks/g1020/image_3183.png,G1020_image_3183,train
glaucoma_fundus_imaging_bundle,G1020,image_3184,data/external/kaggle/glaucoma_fundus_imaging_bundle/G1020/Images/image_3184.jpg,data/processed/standardized_masks/g1020/image_3184.png,G1020_image_3184,train
glaucoma_fundus_imaging_bundle,G1020,image_3185,data/external/kaggle/glaucoma_fundus_imaging_bundle/G1020/Images/image_3185.jpg,data/processed/standardized_masks/g1020/image_3185.png,G1020_image_3185,train
glaucoma_fundus_imaging_bundle,G1020,image_3198,data/external/kaggle/glaucoma_fundus_imaging_bundle/G1020/Images/image_3198.jpg,data/processed/standardized_masks/g1020/image_3198.png,G1020_image_3198,train
glaucoma_fundus_imaging_bundle,G1020,image_3199,data/external/kaggle/glaucoma_fundus_imaging_bundle/G1020/Images/image_3199.jpg,data/processed/standardized_masks/g1020/image_3199.png,G1020_image_3199,train
glaucoma_fundus_imaging_bundle,G1020,image_32,data/external/kaggle/glaucoma_fundus_imaging_bundle/G1020/Images/image_32.jpg,data/processed/standardized_masks/g1020/image_32.png,G1020_image_32,train
glaucoma_fundus_imaging_bundle,G1020,image_3201,data/external/kaggle/glaucoma_fundus_imaging_bundle/G1020/Images/image_3201.jpg,data/processed/standardized_masks/g1020/image_3201.png,G1020_image_3201,train
glaucoma_fundus_imaging_bundle,G1020,image_3202,data/external/kaggle/glaucoma_fundus_imaging_bundle/G1020/Images/image_3202.jpg,data/processed/standardized_masks/g1020/image_3202.png,G1020_image_3202,train
glaucoma_fundus_imaging_bundle,G1020,image_327,data/external/kaggle/glaucoma_fundus_imaging_bundle/G1020/Images/image_327.jpg,data/processed/standardized_masks/g1020/image_327.png,G1020_image_327,train
glaucoma_fundus_imaging_bundle,G1020,image_328,data/external/kaggle/glaucoma_fundus_imaging_bundle/G1020/Images/image_328.jpg,data/processed/standardized_masks/g1020/image_328.png,G1020_image_328,train
glaucoma_fundus_imaging_bundle,G1020,image_334,data/external/kaggle/glaucoma_fundus_imaging_bundle/G1020/Images/image_334.jpg,data/processed/standardized_masks/g1020/image_334.png,G1020_image_334,train
glaucoma_fundus_imaging_bundle,G1020,image_335,data/external/kaggle/glaucoma_fundus_imaging_bundle/G1020/Images/image_335.jpg,data/processed/standardized_masks/g1020/image_335.png,G1020_image_335,train
glaucoma_fundus_imaging_bundle,G1020,image_336,data/external/kaggle/glaucoma_fundus_imaging_bundle/G1020/Images/image_336.jpg,data/processed/standardized_masks/g1020/image_336.png,G1020_image_336,train
glaucoma_fundus_imaging_bundle,G1020,image_337,data/external/kaggle/glaucoma_fundus_imaging_bundle/G1020/Images/image_337.jpg,data/processed/standardized_masks/g1020/image_337.png,G1020_image_337,train
glaucoma_fundus_imaging_bundle,G1020,image_338,data/external/kaggle/glaucoma_fundus_imaging_bundle/G1020/Images/image_338.jpg,data/processed/standardized_masks/g1020/image_338.png,G1020_image_338,train
glaucoma_fundus_imaging_bundle,G1020,image_339,data/external/kaggle/glaucoma_fundus_imaging_bundle/G1020/Images/image_339.jpg,data/processed/standardized_masks/g1020/image_339.png,G1020_image_339,test
glaucoma_fundus_imaging_bundle,G1020,image_353,data/external/kaggle/glaucoma_fundus_imaging_bundle/G1020/Images/image_353.jpg,data/processed/standardized_masks/g1020/image_353.png,G1020_image_353,train
glaucoma_fundus_imaging_bundle,G1020,image_354,data/external/kaggle/glaucoma_fundus_imaging_bundle/G1020/Images/image_354.jpg,data/processed/standardized_masks/g1020/image_354.png,G1020_image_354,train
glaucoma_fundus_imaging_bundle,G1020,image_356,data/external/kaggle/glaucoma_fundus_imaging_bundle/G1020/Images/image_356.jpg,data/processed/standardized_masks/g1020/image_356.png,G1020_image_356,test
glaucoma_fundus_imaging_bundle,G1020,image_360,data/external/kaggle/glaucoma_fundus_imaging_bundle/G1020/Images/image_360.jpg,data/processed/standardized_masks/g1020/image_360.png,G1020_image_360,train
glaucoma_fundus_imaging_bundle,G1020,image_361,data/external/kaggle/glaucoma_fundus_imaging_bundle/G1020/Images/image_361.jpg,data/processed/standardized_masks/g1020/image_361.png,G1020_image_361,train
glaucoma_fundus_imaging_bundle,G1020,image_363,data/external/kaggle/glaucoma_fundus_imaging_bundle/G1020/Images/image_363.jpg,data/processed/standardized_masks/g1020/image_363.png,G1020_image_363,train
glaucoma_fundus_imaging_bundle,G1020,image_366,data/external/kaggle/glaucoma_fundus_imaging_bundle/G1020/Images/image_366.jpg,data/processed/standardized_masks/g1020/image_366.png,G1020_image_366,train
glaucoma_fundus_imaging_bundle,G1020,image_367,data/external/kaggle/glaucoma_fundus_imaging_bundle/G1020/Images/image_367.jpg,data/processed/standardized_masks/g1020/image_367.png,G1020_image_367,train
glaucoma_fundus_imaging_bundle,G1020,image_372,data/external/kaggle/glaucoma_fundus_imaging_bundle/G1020/Images/image_372.jpg,data/processed/standardized_masks/g1020/image_372.png,G1020_image_372,train
glaucoma_fundus_imaging_bundle,G1020,image_373,data/external/kaggle/glaucoma_fundus_imaging_bundle/G1020/Images/image_373.jpg,data/processed/standardized_masks/g1020/image_373.png,G1020_image_373,train
glaucoma_fundus_imaging_bundle,G1020,image_384,data/external/kaggle/glaucoma_fundus_imaging_bundle/G1020/Images/image_384.jpg,data/processed/standardized_masks/g1020/image_384.png,G1020_image_384,val
glaucoma_fundus_imaging_bundle,G1020,image_385,data/external/kaggle/glaucoma_fundus_imaging_bundle/G1020/Images/image_385.jpg,data/processed/standardized_masks/g1020/image_385.png,G1020_image_385,test
glaucoma_fundus_imaging_bundle,G1020,image_386,data/external/kaggle/glaucoma_fundus_imaging_bundle/G1020/Images/image_386.jpg,data/processed/standardized_masks/g1020/image_386.png,G1020_image_386,train
glaucoma_fundus_imaging_bundle,G1020,image_387,data/external/kaggle/glaucoma_fundus_imaging_bundle/G1020/Images/image_387.jpg,data/processed/standardized_masks/g1020/image_387.png,G1020_image_387,val
glaucoma_fundus_imaging_bundle,G1020,image_4,data/external/kaggle/glaucoma_fundus_imaging_bundle/G1020/Images/image_4.jpg,data/processed/standardized_masks/g1020/image_4.png,G1020_image_4,train
glaucoma_fundus_imaging_bundle,G1020,image_420,data/external/kaggle/glaucoma_fundus_imaging_bundle/G1020/Images/image_420.jpg,data/processed/standardized_masks/g1020/image_420.png,G1020_image_420,train
glaucoma_fundus_imaging_bundle,G1020,image_421,data/external/kaggle/glaucoma_fundus_imaging_bundle/G1020/Images/image_421.jpg,data/processed/standardized_masks/g1020/image_421.png,G1020_image_421,train
glaucoma_fundus_imaging_bundle,G1020,image_436,data/external/kaggle/glaucoma_fundus_imaging_bundle/G1020/Images/image_436.jpg,data/processed/standardized_masks/g1020/image_436.png,G1020_image_436,train
glaucoma_fundus_imaging_bundle,G1020,image_437,data/external/kaggle/glaucoma_fundus_imaging_bundle/G1020/Images/image_437.jpg,data/processed/standardized_masks/g1020/image_437.png,G1020_image_437,test
glaucoma_fundus_imaging_bundle,G1020,image_444,data/external/kaggle/glaucoma_fundus_imaging_bundle/G1020/Images/image_444.jpg,data/processed/standardized_masks/g1020/image_444.png,G1020_image_444,train
glaucoma_fundus_imaging_bundle,G1020,image_445,data/external/kaggle/glaucoma_fundus_imaging_bundle/G1020/Images/image_445.jpg,data/processed/standardized_masks/g1020/image_445.png,G1020_image_445,val
glaucoma_fundus_imaging_bundle,G1020,image_446,data/external/kaggle/glaucoma_fundus_imaging_bundle/G1020/Images/image_446.jpg,data/processed/standardized_masks/g1020/image_446.png,G1020_image_446,train
glaucoma_fundus_imaging_bundle,G1020,image_453,data/external/kaggle/glaucoma_fundus_imaging_bundle/G1020/Images/image_453.jpg,data/processed/standardized_masks/g1020/image_453.png,G1020_image_453,test
glaucoma_fundus_imaging_bundle,G1020,image_454,data/external/kaggle/glaucoma_fundus_imaging_bundle/G1020/Images/image_454.jpg,data/processed/standardized_masks/g1020/image_454.png,G1020_image_454,train
glaucoma_fundus_imaging_bundle,G1020,image_457,data/external/kaggle/glaucoma_fundus_imaging_bundle/G1020/Images/image_457.jpg,data/processed/standardized_masks/g1020/image_457.png,G1020_image_457,train
glaucoma_fundus_imaging_bundle,G1020,image_458,data/external/kaggle/glaucoma_fundus_imaging_bundle/G1020/Images/image_458.jpg,data/processed/standardized_masks/g1020/image_458.png,G1020_image_458,train
glaucoma_fundus_imaging_bundle,G1020,image_459,data/external/kaggle/glaucoma_fundus_imaging_bundle/G1020/Images/image_459.jpg,data/processed/standardized_masks/g1020/image_459.png,G1020_image_459,train
glaucoma_fundus_imaging_bundle,G1020,image_46,data/external/kaggle/glaucoma_fundus_imaging_bundle/G1020/Images/image_46.jpg,data/processed/standardized_masks/g1020/image_46.png,G1020_image_46,test
glaucoma_fundus_imaging_bundle,G1020,image_460,data/external/kaggle/glaucoma_fundus_imaging_bundle/G1020/Images/image_460.jpg,data/processed/standardized_masks/g1020/image_460.png,G1020_image_460,train
glaucoma_fundus_imaging_bundle,G1020,image_467,data/external/kaggle/glaucoma_fundus_imaging_bundle/G1020/Images/image_467.jpg,data/processed/standardized_masks/g1020/image_467.png,G1020_image_467,val
glaucoma_fundus_imaging_bundle,G1020,image_468,data/external/kaggle/glaucoma_fundus_imaging_bundle/G1020/Images/image_468.jpg,data/processed/standardized_masks/g1020/image_468.png,G1020_image_468,train
glaucoma_fundus_imaging_bundle,G1020,image_469,data/external/kaggle/glaucoma_fundus_imaging_bundle/G1020/Images/image_469.jpg,data/processed/standardized_masks/g1020/image_469.png,G1020_image_469,train
glaucoma_fundus_imaging_bundle,G1020,image_47,data/external/kaggle/glaucoma_fundus_imaging_bundle/G1020/Images/image_47.jpg,data/processed/standardized_masks/g1020/image_47.png,G1020_image_47,train
glaucoma_fundus_imaging_bundle,G1020,image_470,data/external/kaggle/glaucoma_fundus_imaging_bundle/G1020/Images/image_470.jpg,data/processed/standardized_masks/g1020/image_470.png,G1020_image_470,train
glaucoma_fundus_imaging_bundle,G1020,image_48,data/external/kaggle/glaucoma_fundus_imaging_bundle/G1020/Images/image_48.jpg,data/processed/standardized_masks/g1020/image_48.png,G1020_image_48,train
glaucoma_fundus_imaging_bundle,G1020,image_482,data/external/kaggle/glaucoma_fundus_imaging_bundle/G1020/Images/image_482.jpg,data/processed/standardized_masks/g1020/image_482.png,G1020_image_482,train
glaucoma_fundus_imaging_bundle,G1020,image_483,data/external/kaggle/glaucoma_fundus_imaging_bundle/G1020/Images/image_483.jpg,data/processed/standardized_masks/g1020/image_483.png,G1020_image_483,val
glaucoma_fundus_imaging_bundle,G1020,image_484,data/external/kaggle/glaucoma_fundus_imaging_bundle/G1020/Images/image_484.jpg,data/processed/standardized_masks/g1020/image_484.png,G1020_image_484,train
glaucoma_fundus_imaging_bundle,G1020,image_485,data/external/kaggle/glaucoma_fundus_imaging_bundle/G1020/Images/image_485.jpg,data/processed/standardized_masks/g1020/image_485.png,G1020_image_485,train
glaucoma_fundus_imaging_bundle,G1020,image_486,data/external/kaggle/glaucoma_fundus_imaging_bundle/G1020/Images/image_486.jpg,data/processed/standardized_masks/g1020/image_486.png,G1020_image_486,train
glaucoma_fundus_imaging_bundle,G1020,image_487,data/external/kaggle/glaucoma_fundus_imaging_bundle/G1020/Images/image_487.jpg,data/processed/standardized_masks/g1020/image_487.png,G1020_image_487,train
glaucoma_fundus_imaging_bundle,G1020,image_488,data/external/kaggle/glaucoma_fundus_imaging_bundle/G1020/Images/image_488.jpg,data/processed/standardized_masks/g1020/image_488.png,G1020_image_488,test
glaucoma_fundus_imaging_bundle,G1020,image_489,data/external/kaggle/glaucoma_fundus_imaging_bundle/G1020/Images/image_489.jpg,data/processed/standardized_masks/g1020/image_489.png,G1020_image_489,train
glaucoma_fundus_imaging_bundle,G1020,image_49,data/external/kaggle/glaucoma_fundus_imaging_bundle/G1020/Images/image_49.jpg,data/processed/standardized_masks/g1020/image_49.png,G1020_image_49,train
glaucoma_fundus_imaging_bundle,G1020,image_490,data/external/kaggle/glaucoma_fundus_imaging_bundle/G1020/Images/image_490.jpg,data/processed/standardized_masks/g1020/image_490.png,G1020_image_490,train
glaucoma_fundus_imaging_bundle,G1020,image_491,data/external/kaggle/glaucoma_fundus_imaging_bundle/G1020/Images/image_491.jpg,data/processed/standardized_masks/g1020/image_491.png,G1020_image_491,train
glaucoma_fundus_imaging_bundle,G1020,image_492,data/external/kaggle/glaucoma_fundus_imaging_bundle/G1020/Images/image_492.jpg,data/processed/standardized_masks/g1020/image_492.png,G1020_image_492,train
glaucoma_fundus_imaging_bundle,G1020,image_493,data/external/kaggle/glaucoma_fundus_imaging_bundle/G1020/Images/image_493.jpg,data/processed/standardized_masks/g1020/image_493.png,G1020_image_493,val
glaucoma_fundus_imaging_bundle,G1020,image_494,data/external/kaggle/glaucoma_fundus_imaging_bundle/G1020/Images/image_494.jpg,data/processed/standardized_masks/g1020/image_494.png,G1020_image_494,train
glaucoma_fundus_imaging_bundle,G1020,image_496,data/external/kaggle/glaucoma_fundus_imaging_bundle/G1020/Images/image_496.jpg,data/processed/standardized_masks/g1020/image_496.png,G1020_image_496,train
glaucoma_fundus_imaging_bundle,G1020,image_498,data/external/kaggle/glaucoma_fundus_imaging_bundle/G1020/Images/image_498.jpg,data/processed/standardized_masks/g1020/image_498.png,G1020_image_498,train
glaucoma_fundus_imaging_bundle,G1020,image_5,data/external/kaggle/glaucoma_fundus_imaging_bundle/G1020/Images/image_5.jpg,data/processed/standardized_masks/g1020/image_5.png,G1020_image_5,test
glaucoma_fundus_imaging_bundle,G1020,image_50,data/external/kaggle/glaucoma_fundus_imaging_bundle/G1020/Images/image_50.jpg,data/processed/standardized_masks/g1020/image_50.png,G1020_image_50,val
glaucoma_fundus_imaging_bundle,G1020,image_505,data/external/kaggle/glaucoma_fundus_imaging_bundle/G1020/Images/image_505.jpg,data/processed/standardized_masks/g1020/image_505.png,G1020_image_505,train
glaucoma_fundus_imaging_bundle,G1020,image_512,data/external/kaggle/glaucoma_fundus_imaging_bundle/G1020/Images/image_512.jpg,data/processed/standardized_masks/g1020/image_512.png,G1020_image_512,train
glaucoma_fundus_imaging_bundle,G1020,image_513,data/external/kaggle/glaucoma_fundus_imaging_bundle/G1020/Images/image_513.jpg,data/processed/standardized_masks/g1020/image_513.png,G1020_image_513,val
glaucoma_fundus_imaging_bundle,G1020,image_518,data/external/kaggle/glaucoma_fundus_imaging_bundle/G1020/Images/image_518.jpg,data/processed/standardized_masks/g1020/image_518.png,G1020_image_518,train
glaucoma_fundus_imaging_bundle,G1020,image_519,data/external/kaggle/glaucoma_fundus_imaging_bundle/G1020/Images/image_519.jpg,data/processed/standardized_masks/g1020/image_519.png,G1020_image_519,train
glaucoma_fundus_imaging_bundle,G1020,image_526,data/external/kaggle/glaucoma_fundus_imaging_bundle/G1020/Images/image_526.jpg,data/processed/standardized_masks/g1020/image_526.png,G1020_image_526,train
glaucoma_fundus_imaging_bundle,G1020,image_527,data/external/kaggle/glaucoma_fundus_imaging_bundle/G1020/Images/image_527.jpg,data/processed/standardized_masks/g1020/image_527.png,G1020_image_527,test
glaucoma_fundus_imaging_bundle,G1020,image_53,data/external/kaggle/glaucoma_fundus_imaging_bundle/G1020/Images/image_53.jpg,data/processed/standardized_masks/g1020/image_53.png,G1020_image_53,val
glaucoma_fundus_imaging_bundle,G1020,image_532,data/external/kaggle/glaucoma_fundus_imaging_bundle/G1020/Images/image_532.jpg,data/processed/standardized_masks/g1020/image_532.png,G1020_image_532,train
glaucoma_fundus_imaging_bundle,G1020,image_533,data/external/kaggle/glaucoma_fundus_imaging_bundle/G1020/Images/image_533.jpg,data/processed/standardized_masks/g1020/image_533.png,G1020_image_533,train
glaucoma_fundus_imaging_bundle,G1020,image_534,data/external/kaggle/glaucoma_fundus_imaging_bundle/G1020/Images/image_534.jpg,data/processed/standardized_masks/g1020/image_534.png,G1020_image_534,train
glaucoma_fundus_imaging_bundle,G1020,image_535,data/external/kaggle/glaucoma_fundus_imaging_bundle/G1020/Images/image_535.jpg,data/processed/standardized_masks/g1020/image_535.png,G1020_image_535,train
glaucoma_fundus_imaging_bundle,G1020,image_536,data/external/kaggle/glaucoma_fundus_imaging_bundle/G1020/Images/image_536.jpg,data/processed/standardized_masks/g1020/image_536.png,G1020_image_536,train
glaucoma_fundus_imaging_bundle,G1020,image_537,data/external/kaggle/glaucoma_fundus_imaging_bundle/G1020/Images/image_537.jpg,data/processed/standardized_masks/g1020/image_537.png,G1020_image_537,train
glaucoma_fundus_imaging_bundle,G1020,image_54,data/external/kaggle/glaucoma_fundus_imaging_bundle/G1020/Images/image_54.jpg,data/processed/standardized_masks/g1020/image_54.png,G1020_image_54,train
glaucoma_fundus_imaging_bundle,G1020,image_542,data/external/kaggle/glaucoma_fundus_imaging_bundle/G1020/Images/image_542.jpg,data/processed/standardized_masks/g1020/image_542.png,G1020_image_542,test
glaucoma_fundus_imaging_bundle,G1020,image_543,data/external/kaggle/glaucoma_fundus_imaging_bundle/G1020/Images/image_543.jpg,data/processed/standardized_masks/g1020/image_543.png,G1020_image_543,train
glaucoma_fundus_imaging_bundle,G1020,image_545,data/external/kaggle/glaucoma_fundus_imaging_bundle/G1020/Images/image_545.jpg,data/processed/standardized_masks/g1020/image_545.png,G1020_image_545,val
glaucoma_fundus_imaging_bundle,G1020,image_55,data/external/kaggle/glaucoma_fundus_imaging_bundle/G1020/Images/image_55.jpg,data/processed/standardized_masks/g1020/image_55.png,G1020_image_55,train
glaucoma_fundus_imaging_bundle,G1020,image_550,data/external/kaggle/glaucoma_fundus_imaging_bundle/G1020/Images/image_550.jpg,data/processed/standardized_masks/g1020/image_550.png,G1020_image_550,val
glaucoma_fundus_imaging_bundle,G1020,image_551,data/external/kaggle/glaucoma_fundus_imaging_bundle/G1020/Images/image_551.jpg,data/processed/standardized_masks/g1020/image_551.png,G1020_image_551,test
glaucoma_fundus_imaging_bundle,G1020,image_56,data/external/kaggle/glaucoma_fundus_imaging_bundle/G1020/Images/image_56.jpg,data/processed/standardized_masks/g1020/image_56.png,G1020_image_56,train
glaucoma_fundus_imaging_bundle,G1020,image_560,data/external/kaggle/glaucoma_fundus_imaging_bundle/G1020/Images/image_560.jpg,data/processed/standardized_masks/g1020/image_560.png,G1020_image_560,train
glaucoma_fundus_imaging_bundle,G1020,image_561,data/external/kaggle/glaucoma_fundus_imaging_bundle/G1020/Images/image_561.jpg,data/processed/standardized_masks/g1020/image_561.png,G1020_image_561,train
glaucoma_fundus_imaging_bundle,G1020,image_562,data/external/kaggle/glaucoma_fundus_imaging_bundle/G1020/Images/image_562.jpg,data/processed/standardized_masks/g1020/image_562.png,G1020_image_562,train
glaucoma_fundus_imaging_bundle,G1020,image_563,data/external/kaggle/glaucoma_fundus_imaging_bundle/G1020/Images/image_563.jpg,data/processed/standardized_masks/g1020/image_563.png,G1020_image_563,train
glaucoma_fundus_imaging_bundle,G1020,image_566,data/external/kaggle/glaucoma_fundus_imaging_bundle/G1020/Images/image_566.jpg,data/processed/standardized_masks/g1020/image_566.png,G1020_image_566,train
glaucoma_fundus_imaging_bundle,G1020,image_567,data/external/kaggle/glaucoma_fundus_imaging_bundle/G1020/Images/image_567.jpg,data/processed/standardized_masks/g1020/image_567.png,G1020_image_567,train
glaucoma_fundus_imaging_bundle,G1020,image_570,data/external/kaggle/glaucoma_fundus_imaging_bundle/G1020/Images/image_570.jpg,data/processed/standardized_masks/g1020/image_570.png,G1020_image_570,train
glaucoma_fundus_imaging_bundle,G1020,image_571,data/external/kaggle/glaucoma_fundus_imaging_bundle/G1020/Images/image_571.jpg,data/processed/standardized_masks/g1020/image_571.png,G1020_image_571,train
glaucoma_fundus_imaging_bundle,G1020,image_580,data/external/kaggle/glaucoma_fundus_imaging_bundle/G1020/Images/image_580.jpg,data/processed/standardized_masks/g1020/image_580.png,G1020_image_580,train
glaucoma_fundus_imaging_bundle,G1020,image_581,data/external/kaggle/glaucoma_fundus_imaging_bundle/G1020/Images/image_581.jpg,data/processed/standardized_masks/g1020/image_581.png,G1020_image_581,train
glaucoma_fundus_imaging_bundle,G1020,image_583,data/external/kaggle/glaucoma_fundus_imaging_bundle/G1020/Images/image_583.jpg,data/processed/standardized_masks/g1020/image_583.png,G1020_image_583,train
glaucoma_fundus_imaging_bundle,G1020,image_584,data/external/kaggle/glaucoma_fundus_imaging_bundle/G1020/Images/image_584.jpg,data/processed/standardized_masks/g1020/image_584.png,G1020_image_584,train
glaucoma_fundus_imaging_bundle,G1020,image_585,data/external/kaggle/glaucoma_fundus_imaging_bundle/G1020/Images/image_585.jpg,data/processed/standardized_masks/g1020/image_585.png,G1020_image_585,train
glaucoma_fundus_imaging_bundle,G1020,image_595,data/external/kaggle/glaucoma_fundus_imaging_bundle/G1020/Images/image_595.jpg,data/processed/standardized_masks/g1020/image_595.png,G1020_image_595,train
glaucoma_fundus_imaging_bundle,G1020,image_596,data/external/kaggle/glaucoma_fundus_imaging_bundle/G1020/Images/image_596.jpg,data/processed/standardized_masks/g1020/image_596.png,G1020_image_596,train
glaucoma_fundus_imaging_bundle,G1020,image_597,data/external/kaggle/glaucoma_fundus_imaging_bundle/G1020/Images/image_597.jpg,data/processed/standardized_masks/g1020/image_597.png,G1020_image_597,train
glaucoma_fundus_imaging_bundle,G1020,image_598,data/external/kaggle/glaucoma_fundus_imaging_bundle/G1020/Images/image_598.jpg,data/processed/standardized_masks/g1020/image_598.png,G1020_image_598,train
glaucoma_fundus_imaging_bundle,G1020,image_599,data/external/kaggle/glaucoma_fundus_imaging_bundle/G1020/Images/image_599.jpg,data/processed/standardized_masks/g1020/image_599.png,G1020_image_599,train
glaucoma_fundus_imaging_bundle,G1020,image_6,data/external/kaggle/glaucoma_fundus_imaging_bundle/G1020/Images/image_6.jpg,data/processed/standardized_masks/g1020/image_6.png,G1020_image_6,train
glaucoma_fundus_imaging_bundle,G1020,image_600,data/external/kaggle/glaucoma_fundus_imaging_bundle/G1020/Images/image_600.jpg,data/processed/standardized_masks/g1020/image_600.png,G1020_image_600,val
glaucoma_fundus_imaging_bundle,G1020,image_601,data/external/kaggle/glaucoma_fundus_imaging_bundle/G1020/Images/image_601.jpg,data/processed/standardized_masks/g1020/image_601.png,G1020_image_601,train
glaucoma_fundus_imaging_bundle,G1020,image_602,data/external/kaggle/glaucoma_fundus_imaging_bundle/G1020/Images/image_602.jpg,data/processed/standardized_masks/g1020/image_602.png,G1020_image_602,val
glaucoma_fundus_imaging_bundle,G1020,image_607,data/external/kaggle/glaucoma_fundus_imaging_bundle/G1020/Images/image_607.jpg,data/processed/standardized_masks/g1020/image_607.png,G1020_image_607,train
glaucoma_fundus_imaging_bundle,G1020,image_608,data/external/kaggle/glaucoma_fundus_imaging_bundle/G1020/Images/image_608.jpg,data/processed/standardized_masks/g1020/image_608.png,G1020_image_608,test
glaucoma_fundus_imaging_bundle,G1020,image_609,data/external/kaggle/glaucoma_fundus_imaging_bundle/G1020/Images/image_609.jpg,data/processed/standardized_masks/g1020/image_609.png,G1020_image_609,train
glaucoma_fundus_imaging_bundle,G1020,image_610,data/external/kaggle/glaucoma_fundus_imaging_bundle/G1020/Images/image_610.jpg,data/processed/standardized_masks/g1020/image_610.png,G1020_image_610,test
glaucoma_fundus_imaging_bundle,G1020,image_613,data/external/kaggle/glaucoma_fundus_imaging_bundle/G1020/Images/image_613.jpg,data/processed/standardized_masks/g1020/image_613.png,G1020_image_613,train
glaucoma_fundus_imaging_bundle,G1020,image_614,data/external/kaggle/glaucoma_fundus_imaging_bundle/G1020/Images/image_614.jpg,data/processed/standardized_masks/g1020/image_614.png,G1020_image_614,train
glaucoma_fundus_imaging_bundle,G1020,image_626,data/external/kaggle/glaucoma_fundus_imaging_bundle/G1020/Images/image_626.jpg,data/processed/standardized_masks/g1020/image_626.png,G1020_image_626,test
glaucoma_fundus_imaging_bundle,G1020,image_627,data/external/kaggle/glaucoma_fundus_imaging_bundle/G1020/Images/image_627.jpg,data/processed/standardized_masks/g1020/image_627.png,G1020_image_627,train
glaucoma_fundus_imaging_bundle,G1020,image_628,data/external/kaggle/glaucoma_fundus_imaging_bundle/G1020/Images/image_628.jpg,data/processed/standardized_masks/g1020/image_628.png,G1020_image_628,val
glaucoma_fundus_imaging_bundle,G1020,image_63,data/external/kaggle/glaucoma_fundus_imaging_bundle/G1020/Images/image_63.jpg,data/processed/standardized_masks/g1020/image_63.png,G1020_image_63,train
glaucoma_fundus_imaging_bundle,G1020,image_630,data/external/kaggle/glaucoma_fundus_imaging_bundle/G1020/Images/image_630.jpg,data/processed/standardized_masks/g1020/image_630.png,G1020_image_630,train
glaucoma_fundus_imaging_bundle,G1020,image_631,data/external/kaggle/glaucoma_fundus_imaging_bundle/G1020/Images/image_631.jpg,data/processed/standardized_masks/g1020/image_631.png,G1020_image_631,train
glaucoma_fundus_imaging_bundle,G1020,image_64,data/external/kaggle/glaucoma_fundus_imaging_bundle/G1020/Images/image_64.jpg,data/processed/standardized_masks/g1020/image_64.png,G1020_image_64,train
glaucoma_fundus_imaging_bundle,G1020,image_642,data/external/kaggle/glaucoma_fundus_imaging_bundle/G1020/Images/image_642.jpg,data/processed/standardized_masks/g1020/image_642.png,G1020_image_642,train
glaucoma_fundus_imaging_bundle,G1020,image_643,data/external/kaggle/glaucoma_fundus_imaging_bundle/G1020/Images/image_643.jpg,data/processed/standardized_masks/g1020/image_643.png,G1020_image_643,train
glaucoma_fundus_imaging_bundle,G1020,image_646,data/external/kaggle/glaucoma_fundus_imaging_bundle/G1020/Images/image_646.jpg,data/processed/standardized_masks/g1020/image_646.png,G1020_image_646,train
glaucoma_fundus_imaging_bundle,G1020,image_647,data/external/kaggle/glaucoma_fundus_imaging_bundle/G1020/Images/image_647.jpg,data/processed/standardized_masks/g1020/image_647.png,G1020_image_647,train
glaucoma_fundus_imaging_bundle,G1020,image_65,data/external/kaggle/glaucoma_fundus_imaging_bundle/G1020/Images/image_65.jpg,data/processed/standardized_masks/g1020/image_65.png,G1020_image_65,train
glaucoma_fundus_imaging_bundle,G1020,image_654,data/external/kaggle/glaucoma_fundus_imaging_bundle/G1020/Images/image_654.jpg,data/processed/standardized_masks/g1020/image_654.png,G1020_image_654,train
glaucoma_fundus_imaging_bundle,G1020,image_655,data/external/kaggle/glaucoma_fundus_imaging_bundle/G1020/Images/image_655.jpg,data/processed/standardized_masks/g1020/image_655.png,G1020_image_655,train
glaucoma_fundus_imaging_bundle,G1020,image_657,data/external/kaggle/glaucoma_fundus_imaging_bundle/G1020/Images/image_657.jpg,data/processed/standardized_masks/g1020/image_657.png,G1020_image_657,train
glaucoma_fundus_imaging_bundle,G1020,image_658,data/external/kaggle/glaucoma_fundus_imaging_bundle/G1020/Images/image_658.jpg,data/processed/standardized_masks/g1020/image_658.png,G1020_image_658,val
glaucoma_fundus_imaging_bundle,G1020,image_659,data/external/kaggle/glaucoma_fundus_imaging_bundle/G1020/Images/image_659.jpg,data/processed/standardized_masks/g1020/image_659.png,G1020_image_659,train
glaucoma_fundus_imaging_bundle,G1020,image_66,data/external/kaggle/glaucoma_fundus_imaging_bundle/G1020/Images/image_66.jpg,data/processed/standardized_masks/g1020/image_66.png,G1020_image_66,train
glaucoma_fundus_imaging_bundle,G1020,image_698,data/external/kaggle/glaucoma_fundus_imaging_bundle/G1020/Images/image_698.jpg,data/processed/standardized_masks/g1020/image_698.png,G1020_image_698,train
glaucoma_fundus_imaging_bundle,G1020,image_699,data/external/kaggle/glaucoma_fundus_imaging_bundle/G1020/Images/image_699.jpg,data/processed/standardized_masks/g1020/image_699.png,G1020_image_699,test
glaucoma_fundus_imaging_bundle,G1020,image_700,data/external/kaggle/glaucoma_fundus_imaging_bundle/G1020/Images/image_700.jpg,data/processed/standardized_masks/g1020/image_700.png,G1020_image_700,train
glaucoma_fundus_imaging_bundle,G1020,image_703,data/external/kaggle/glaucoma_fundus_imaging_bundle/G1020/Images/image_703.jpg,data/processed/standardized_masks/g1020/image_703.png,G1020_image_703,train
glaucoma_fundus_imaging_bundle,G1020,image_704,data/external/kaggle/glaucoma_fundus_imaging_bundle/G1020/Images/image_704.jpg,data/processed/standardized_masks/g1020/image_704.png,G1020_image_704,train
glaucoma_fundus_imaging_bundle,G1020,image_708,data/external/kaggle/glaucoma_fundus_imaging_bundle/G1020/Images/image_708.jpg,data/processed/standardized_masks/g1020/image_708.png,G1020_image_708,train
glaucoma_fundus_imaging_bundle,G1020,image_709,data/external/kaggle/glaucoma_fundus_imaging_bundle/G1020/Images/image_709.jpg,data/processed/standardized_masks/g1020/image_709.png,G1020_image_709,train
glaucoma_fundus_imaging_bundle,G1020,image_726,data/external/kaggle/glaucoma_fundus_imaging_bundle/G1020/Images/image_726.jpg,data/processed/standardized_masks/g1020/image_726.png,G1020_image_726,test
glaucoma_fundus_imaging_bundle,G1020,image_727,data/external/kaggle/glaucoma_fundus_imaging_bundle/G1020/Images/image_727.jpg,data/processed/standardized_masks/g1020/image_727.png,G1020_image_727,val
glaucoma_fundus_imaging_bundle,G1020,image_745,data/external/kaggle/glaucoma_fundus_imaging_bundle/G1020/Images/image_745.jpg,data/processed/standardized_masks/g1020/image_745.png,G1020_image_745,val
glaucoma_fundus_imaging_bundle,G1020,image_746,data/external/kaggle/glaucoma_fundus_imaging_bundle/G1020/Images/image_746.jpg,data/processed/standardized_masks/g1020/image_746.png,G1020_image_746,train
glaucoma_fundus_imaging_bundle,G1020,image_747,data/external/kaggle/glaucoma_fundus_imaging_bundle/G1020/Images/image_747.jpg,data/processed/standardized_masks/g1020/image_747.png,G1020_image_747,train
glaucoma_fundus_imaging_bundle,G1020,image_748,data/external/kaggle/glaucoma_fundus_imaging_bundle/G1020/Images/image_748.jpg,data/processed/standardized_masks/g1020/image_748.png,G1020_image_748,test
glaucoma_fundus_imaging_bundle,G1020,image_756,data/external/kaggle/glaucoma_fundus_imaging_bundle/G1020/Images/image_756.jpg,data/processed/standardized_masks/g1020/image_756.png,G1020_image_756,train
glaucoma_fundus_imaging_bundle,G1020,image_757,data/external/kaggle/glaucoma_fundus_imaging_bundle/G1020/Images/image_757.jpg,data/processed/standardized_masks/g1020/image_757.png,G1020_image_757,train
glaucoma_fundus_imaging_bundle,G1020,image_764,data/external/kaggle/glaucoma_fundus_imaging_bundle/G1020/Images/image_764.jpg,data/processed/standardized_masks/g1020/image_764.png,G1020_image_764,val
glaucoma_fundus_imaging_bundle,G1020,image_765,data/external/kaggle/glaucoma_fundus_imaging_bundle/G1020/Images/image_765.jpg,data/processed/standardized_masks/g1020/image_765.png,G1020_image_765,test
glaucoma_fundus_imaging_bundle,G1020,image_768,data/external/kaggle/glaucoma_fundus_imaging_bundle/G1020/Images/image_768.jpg,data/processed/standardized_masks/g1020/image_768.png,G1020_image_768,val
glaucoma_fundus_imaging_bundle,G1020,image_769,data/external/kaggle/glaucoma_fundus_imaging_bundle/G1020/Images/image_769.jpg,data/processed/standardized_masks/g1020/image_769.png,G1020_image_769,train
glaucoma_fundus_imaging_bundle,G1020,image_77,data/external/kaggle/glaucoma_fundus_imaging_bundle/G1020/Images/image_77.jpg,data/processed/standardized_masks/g1020/image_77.png,G1020_image_77,val
glaucoma_fundus_imaging_bundle,G1020,image_772,data/external/kaggle/glaucoma_fundus_imaging_bundle/G1020/Images/image_772.jpg,data/processed/standardized_masks/g1020/image_772.png,G1020_image_772,train
glaucoma_fundus_imaging_bundle,G1020,image_773,data/external/kaggle/glaucoma_fundus_imaging_bundle/G1020/Images/image_773.jpg,data/processed/standardized_masks/g1020/image_773.png,G1020_image_773,train
glaucoma_fundus_imaging_bundle,G1020,image_774,data/external/kaggle/glaucoma_fundus_imaging_bundle/G1020/Images/image_774.jpg,data/processed/standardized_masks/g1020/image_774.png,G1020_image_774,train
glaucoma_fundus_imaging_bundle,G1020,image_775,data/external/kaggle/glaucoma_fundus_imaging_bundle/G1020/Images/image_775.jpg,data/processed/standardized_masks/g1020/image_775.png,G1020_image_775,train
glaucoma_fundus_imaging_bundle,G1020,image_776,data/external/kaggle/glaucoma_fundus_imaging_bundle/G1020/Images/image_776.jpg,data/processed/standardized_masks/g1020/image_776.png,G1020_image_776,train
glaucoma_fundus_imaging_bundle,G1020,image_777,data/external/kaggle/glaucoma_fundus_imaging_bundle/G1020/Images/image_777.jpg,data/processed/standardized_masks/g1020/image_777.png,G1020_image_777,train
glaucoma_fundus_imaging_bundle,G1020,image_778,data/external/kaggle/glaucoma_fundus_imaging_bundle/G1020/Images/image_778.jpg,data/processed/standardized_masks/g1020/image_778.png,G1020_image_778,train
glaucoma_fundus_imaging_bundle,G1020,image_779,data/external/kaggle/glaucoma_fundus_imaging_bundle/G1020/Images/image_779.jpg,data/processed/standardized_masks/g1020/image_779.png,G1020_image_779,train
glaucoma_fundus_imaging_bundle,G1020,image_78,data/external/kaggle/glaucoma_fundus_imaging_bundle/G1020/Images/image_78.jpg,data/processed/standardized_masks/g1020/image_78.png,G1020_image_78,test
glaucoma_fundus_imaging_bundle,G1020,image_780,data/external/kaggle/glaucoma_fundus_imaging_bundle/G1020/Images/image_780.jpg,data/processed/standardized_masks/g1020/image_780.png,G1020_image_780,train
glaucoma_fundus_imaging_bundle,G1020,image_781,data/external/kaggle/glaucoma_fundus_imaging_bundle/G1020/Images/image_781.jpg,data/processed/standardized_masks/g1020/image_781.png,G1020_image_781,test
glaucoma_fundus_imaging_bundle,G1020,image_791,data/external/kaggle/glaucoma_fundus_imaging_bundle/G1020/Images/image_791.jpg,data/processed/standardized_masks/g1020/image_791.png,G1020_image_791,val
glaucoma_fundus_imaging_bundle,G1020,image_805,data/external/kaggle/glaucoma_fundus_imaging_bundle/G1020/Images/image_805.jpg,data/processed/standardized_masks/g1020/image_805.png,G1020_image_805,val
glaucoma_fundus_imaging_bundle,G1020,image_806,data/external/kaggle/glaucoma_fundus_imaging_bundle/G1020/Images/image_806.jpg,data/processed/standardized_masks/g1020/image_806.png,G1020_image_806,train
glaucoma_fundus_imaging_bundle,G1020,image_807,data/external/kaggle/glaucoma_fundus_imaging_bundle/G1020/Images/image_807.jpg,data/processed/standardized_masks/g1020/image_807.png,G1020_image_807,train
glaucoma_fundus_imaging_bundle,G1020,image_808,data/external/kaggle/glaucoma_fundus_imaging_bundle/G1020/Images/image_808.jpg,data/processed/standardized_masks/g1020/image_808.png,G1020_image_808,train
glaucoma_fundus_imaging_bundle,G1020,image_815,data/external/kaggle/glaucoma_fundus_imaging_bundle/G1020/Images/image_815.jpg,data/processed/standardized_masks/g1020/image_815.png,G1020_image_815,train
glaucoma_fundus_imaging_bundle,G1020,image_816,data/external/kaggle/glaucoma_fundus_imaging_bundle/G1020/Images/image_816.jpg,data/processed/standardized_masks/g1020/image_816.png,G1020_image_816,test
glaucoma_fundus_imaging_bundle,G1020,image_819,data/external/kaggle/glaucoma_fundus_imaging_bundle/G1020/Images/image_819.jpg,data/processed/standardized_masks/g1020/image_819.png,G1020_image_819,val
glaucoma_fundus_imaging_bundle,G1020,image_820,data/external/kaggle/glaucoma_fundus_imaging_bundle/G1020/Images/image_820.jpg,data/processed/standardized_masks/g1020/image_820.png,G1020_image_820,test
glaucoma_fundus_imaging_bundle,G1020,image_821,data/external/kaggle/glaucoma_fundus_imaging_bundle/G1020/Images/image_821.jpg,data/processed/standardized_masks/g1020/image_821.png,G1020_image_821,train
glaucoma_fundus_imaging_bundle,G1020,image_840,data/external/kaggle/glaucoma_fundus_imaging_bundle/G1020/Images/image_840.jpg,data/processed/standardized_masks/g1020/image_840.png,G1020_image_840,train
glaucoma_fundus_imaging_bundle,G1020,image_841,data/external/kaggle/glaucoma_fundus_imaging_bundle/G1020/Images/image_841.jpg,data/processed/standardized_masks/g1020/image_841.png,G1020_image_841,test
glaucoma_fundus_imaging_bundle,G1020,image_856,data/external/kaggle/glaucoma_fundus_imaging_bundle/G1020/Images/image_856.jpg,data/processed/standardized_masks/g1020/image_856.png,G1020_image_856,train
glaucoma_fundus_imaging_bundle,G1020,image_857,data/external/kaggle/glaucoma_fundus_imaging_bundle/G1020/Images/image_857.jpg,data/processed/standardized_masks/g1020/image_857.png,G1020_image_857,train
glaucoma_fundus_imaging_bundle,G1020,image_860,data/external/kaggle/glaucoma_fundus_imaging_bundle/G1020/Images/image_860.jpg,data/processed/standardized_masks/g1020/image_860.png,G1020_image_860,test
glaucoma_fundus_imaging_bundle,G1020,image_861,data/external/kaggle/glaucoma_fundus_imaging_bundle/G1020/Images/image_861.jpg,data/processed/standardized_masks/g1020/image_861.png,G1020_image_861,val
glaucoma_fundus_imaging_bundle,G1020,image_868,data/external/kaggle/glaucoma_fundus_imaging_bundle/G1020/Images/image_868.jpg,data/processed/standardized_masks/g1020/image_868.png,G1020_image_868,train
glaucoma_fundus_imaging_bundle,G1020,image_869,data/external/kaggle/glaucoma_fundus_imaging_bundle/G1020/Images/image_869.jpg,data/processed/standardized_masks/g1020/image_869.png,G1020_image_869,val
glaucoma_fundus_imaging_bundle,G1020,image_874,data/external/kaggle/glaucoma_fundus_imaging_bundle/G1020/Images/image_874.jpg,data/processed/standardized_masks/g1020/image_874.png,G1020_image_874,train
glaucoma_fundus_imaging_bundle,G1020,image_875,data/external/kaggle/glaucoma_fundus_imaging_bundle/G1020/Images/image_875.jpg,data/processed/standardized_masks/g1020/image_875.png,G1020_image_875,train
glaucoma_fundus_imaging_bundle,G1020,image_878,data/external/kaggle/glaucoma_fundus_imaging_bundle/G1020/Images/image_878.jpg,data/processed/standardized_masks/g1020/image_878.png,G1020_image_878,test
glaucoma_fundus_imaging_bundle,G1020,image_879,data/external/kaggle/glaucoma_fundus_imaging_bundle/G1020/Images/image_879.jpg,data/processed/standardized_masks/g1020/image_879.png,G1020_image_879,train
glaucoma_fundus_imaging_bundle,G1020,image_880,data/external/kaggle/glaucoma_fundus_imaging_bundle/G1020/Images/image_880.jpg,data/processed/standardized_masks/g1020/image_880.png,G1020_image_880,train
glaucoma_fundus_imaging_bundle,G1020,image_881,data/external/kaggle/glaucoma_fundus_imaging_bundle/G1020/Images/image_881.jpg,data/processed/standardized_masks/g1020/image_881.png,G1020_image_881,train
glaucoma_fundus_imaging_bundle,G1020,image_882,data/external/kaggle/glaucoma_fundus_imaging_bundle/G1020/Images/image_882.jpg,data/processed/standardized_masks/g1020/image_882.png,G1020_image_882,train
glaucoma_fundus_imaging_bundle,G1020,image_883,data/external/kaggle/glaucoma_fundus_imaging_bundle/G1020/Images/image_883.jpg,data/processed/standardized_masks/g1020/image_883.png,G1020_image_883,test
glaucoma_fundus_imaging_bundle,G1020,image_896,data/external/kaggle/glaucoma_fundus_imaging_bundle/G1020/Images/image_896.jpg,data/processed/standardized_masks/g1020/image_896.png,G1020_image_896,train
glaucoma_fundus_imaging_bundle,G1020,image_897,data/external/kaggle/glaucoma_fundus_imaging_bundle/G1020/Images/image_897.jpg,data/processed/standardized_masks/g1020/image_897.png,G1020_image_897,train
glaucoma_fundus_imaging_bundle,G1020,image_9,data/external/kaggle/glaucoma_fundus_imaging_bundle/G1020/Images/image_9.jpg,data/processed/standardized_masks/g1020/image_9.png,G1020_image_9,val
glaucoma_fundus_imaging_bundle,G1020,image_903,data/external/kaggle/glaucoma_fundus_imaging_bundle/G1020/Images/image_903.jpg,data/processed/standardized_masks/g1020/image_903.png,G1020_image_903,train
glaucoma_fundus_imaging_bundle,G1020,image_904,data/external/kaggle/glaucoma_fundus_imaging_bundle/G1020/Images/image_904.jpg,data/processed/standardized_masks/g1020/image_904.png,G1020_image_904,train
glaucoma_fundus_imaging_bundle,G1020,image_910,data/external/kaggle/glaucoma_fundus_imaging_bundle/G1020/Images/image_910.jpg,data/processed/standardized_masks/g1020/image_910.png,G1020_image_910,train
glaucoma_fundus_imaging_bundle,G1020,image_911,data/external/kaggle/glaucoma_fundus_imaging_bundle/G1020/Images/image_911.jpg,data/processed/standardized_masks/g1020/image_911.png,G1020_image_911,test
glaucoma_fundus_imaging_bundle,G1020,image_912,data/external/kaggle/glaucoma_fundus_imaging_bundle/G1020/Images/image_912.jpg,data/processed/standardized_masks/g1020/image_912.png,G1020_image_912,train
glaucoma_fundus_imaging_bundle,G1020,image_915,data/external/kaggle/glaucoma_fundus_imaging_bundle/G1020/Images/image_915.jpg,data/processed/standardized_masks/g1020/image_915.png,G1020_image_915,train
glaucoma_fundus_imaging_bundle,G1020,image_916,data/external/kaggle/glaucoma_fundus_imaging_bundle/G1020/Images/image_916.jpg,data/processed/standardized_masks/g1020/image_916.png,G1020_image_916,train
glaucoma_fundus_imaging_bundle,G1020,image_924,data/external/kaggle/glaucoma_fundus_imaging_bundle/G1020/Images/image_924.jpg,data/processed/standardized_masks/g1020/image_924.png,G1020_image_924,train
glaucoma_fundus_imaging_bundle,G1020,image_930,data/external/kaggle/glaucoma_fundus_imaging_bundle/G1020/Images/image_930.jpg,data/processed/standardized_masks/g1020/image_930.png,G1020_image_930,train
glaucoma_fundus_imaging_bundle,G1020,image_931,data/external/kaggle/glaucoma_fundus_imaging_bundle/G1020/Images/image_931.jpg,data/processed/standardized_masks/g1020/image_931.png,G1020_image_931,train
glaucoma_fundus_imaging_bundle,G1020,image_936,data/external/kaggle/glaucoma_fundus_imaging_bundle/G1020/Images/image_936.jpg,data/processed/standardized_masks/g1020/image_936.png,G1020_image_936,train
glaucoma_fundus_imaging_bundle,G1020,image_940,data/external/kaggle/glaucoma_fundus_imaging_bundle/G1020/Images/image_940.jpg,data/processed/standardized_masks/g1020/image_940.png,G1020_image_940,test
glaucoma_fundus_imaging_bundle,G1020,image_941,data/external/kaggle/glaucoma_fundus_imaging_bundle/G1020/Images/image_941.jpg,data/processed/standardized_masks/g1020/image_941.png,G1020_image_941,train
glaucoma_fundus_imaging_bundle,G1020,image_942,data/external/kaggle/glaucoma_fundus_imaging_bundle/G1020/Images/image_942.jpg,data/processed/standardized_masks/g1020/image_942.png,G1020_image_942,train
glaucoma_fundus_imaging_bundle,G1020,image_943,data/external/kaggle/glaucoma_fundus_imaging_bundle/G1020/Images/image_943.jpg,data/processed/standardized_masks/g1020/image_943.png,G1020_image_943,train
glaucoma_fundus_imaging_bundle,G1020,image_944,data/external/kaggle/glaucoma_fundus_imaging_bundle/G1020/Images/image_944.jpg,data/processed/standardized_masks/g1020/image_944.png,G1020_image_944,train
glaucoma_fundus_imaging_bundle,G1020,image_945,data/external/kaggle/glaucoma_fundus_imaging_bundle/G1020/Images/image_945.jpg,data/processed/standardized_masks/g1020/image_945.png,G1020_image_945,train
glaucoma_fundus_imaging_bundle,G1020,image_952,data/external/kaggle/glaucoma_fundus_imaging_bundle/G1020/Images/image_952.jpg,data/processed/standardized_masks/g1020/image_952.png,G1020_image_952,train
glaucoma_fundus_imaging_bundle,G1020,image_953,data/external/kaggle/glaucoma_fundus_imaging_bundle/G1020/Images/image_953.jpg,data/processed/standardized_masks/g1020/image_953.png,G1020_image_953,train
glaucoma_fundus_imaging_bundle,G1020,image_954,data/external/kaggle/glaucoma_fundus_imaging_bundle/G1020/Images/image_954.jpg,data/processed/standardized_masks/g1020/image_954.png,G1020_image_954,train
glaucoma_fundus_imaging_bundle,G1020,image_955,data/external/kaggle/glaucoma_fundus_imaging_bundle/G1020/Images/image_955.jpg,data/processed/standardized_masks/g1020/image_955.png,G1020_image_955,train
glaucoma_fundus_imaging_bundle,G1020,image_956,data/external/kaggle/glaucoma_fundus_imaging_bundle/G1020/Images/image_956.jpg,data/processed/standardized_masks/g1020/image_956.png,G1020_image_956,val
glaucoma_fundus_imaging_bundle,G1020,image_957,data/external/kaggle/glaucoma_fundus_imaging_bundle/G1020/Images/image_957.jpg,data/processed/standardized_masks/g1020/image_957.png,G1020_image_957,train
glaucoma_fundus_imaging_bundle,G1020,image_958,data/external/kaggle/glaucoma_fundus_imaging_bundle/G1020/Images/image_958.jpg,data/processed/standardized_masks/g1020/image_958.png,G1020_image_958,train
glaucoma_fundus_imaging_bundle,G1020,image_959,data/external/kaggle/glaucoma_fundus_imaging_bundle/G1020/Images/image_959.jpg,data/processed/standardized_masks/g1020/image_959.png,G1020_image_959,train
glaucoma_fundus_imaging_bundle,G1020,image_964,data/external/kaggle/glaucoma_fundus_imaging_bundle/G1020/Images/image_964.jpg,data/processed/standardized_masks/g1020/image_964.png,G1020_image_964,train
glaucoma_fundus_imaging_bundle,G1020,image_965,data/external/kaggle/glaucoma_fundus_imaging_bundle/G1020/Images/image_965.jpg,data/processed/standardized_masks/g1020/image_965.png,G1020_image_965,train
glaucoma_fundus_imaging_bundle,G1020,image_980,data/external/kaggle/glaucoma_fundus_imaging_bundle/G1020/Images/image_980.jpg,data/processed/standardized_masks/g1020/image_980.png,G1020_image_980,test
glaucoma_fundus_imaging_bundle,G1020,image_981,data/external/kaggle/glaucoma_fundus_imaging_bundle/G1020/Images/image_981.jpg,data/processed/standardized_masks/g1020/image_981.png,G1020_image_981,val
glaucoma_fundus_imaging_bundle,REFUGE,g0001,data/external/kaggle/glaucoma_fundus_imaging_bundle/REFUGE/train/Images/g0001.jpg,data/processed/standardized_masks/refuge/train_g0001.png,REFUGE_train_g0001,train
glaucoma_fundus_imaging_bundle,REFUGE,g0002,data/external/kaggle/glaucoma_fundus_imaging_bundle/REFUGE/train/Images/g0002.jpg,data/processed/standardized_masks/refuge/train_g0002.png,REFUGE_train_g0002,train
glaucoma_fundus_imaging_bundle,REFUGE,g0003,data/external/kaggle/glaucoma_fundus_imaging_bundle/REFUGE/train/Images/g0003.jpg,data/processed/standardized_masks/refuge/train_g0003.png,REFUGE_train_g0003,train
glaucoma_fundus_imaging_bundle,REFUGE,g0004,data/external/kaggle/glaucoma_fundus_imaging_bundle/REFUGE/train/Images/g0004.jpg,data/processed/standardized_masks/refuge/train_g0004.png,REFUGE_train_g0004,train
glaucoma_fundus_imaging_bundle,REFUGE,g0005,data/external/kaggle/glaucoma_fundus_imaging_bundle/REFUGE/train/Images/g0005.jpg,data/processed/standardized_masks/refuge/train_g0005.png,REFUGE_train_g0005,train
glaucoma_fundus_imaging_bundle,REFUGE,g0006,data/external/kaggle/glaucoma_fundus_imaging_bundle/REFUGE/train/Images/g0006.jpg,data/processed/standardized_masks/refuge/train_g0006.png,REFUGE_train_g0006,train
glaucoma_fundus_imaging_bundle,REFUGE,g0007,data/external/kaggle/glaucoma_fundus_imaging_bundle/REFUGE/train/Images/g0007.jpg,data/processed/standardized_masks/refuge/train_g0007.png,REFUGE_train_g0007,train
glaucoma_fundus_imaging_bundle,REFUGE,g0008,data/external/kaggle/glaucoma_fundus_imaging_bundle/REFUGE/train/Images/g0008.jpg,data/processed/standardized_masks/refuge/train_g0008.png,REFUGE_train_g0008,train
glaucoma_fundus_imaging_bundle,REFUGE,g0009,data/external/kaggle/glaucoma_fundus_imaging_bundle/REFUGE/train/Images/g0009.jpg,data/processed/standardized_masks/refuge/train_g0009.png,REFUGE_train_g0009,train
glaucoma_fundus_imaging_bundle,REFUGE,g0010,data/external/kaggle/glaucoma_fundus_imaging_bundle/REFUGE/train/Images/g0010.jpg,data/processed/standardized_masks/refuge/train_g0010.png,REFUGE_train_g0010,train
glaucoma_fundus_imaging_bundle,REFUGE,g0011,data/external/kaggle/glaucoma_fundus_imaging_bundle/REFUGE/train/Images/g0011.jpg,data/processed/standardized_masks/refuge/train_g0011.png,REFUGE_train_g0011,train
glaucoma_fundus_imaging_bundle,REFUGE,g0012,data/external/kaggle/glaucoma_fundus_imaging_bundle/REFUGE/train/Images/g0012.jpg,data/processed/standardized_masks/refuge/train_g0012.png,REFUGE_train_g0012,train
glaucoma_fundus_imaging_bundle,REFUGE,g0013,data/external/kaggle/glaucoma_fundus_imaging_bundle/REFUGE/train/Images/g0013.jpg,data/processed/standardized_masks/refuge/train_g0013.png,REFUGE_train_g0013,train
glaucoma_fundus_imaging_bundle,REFUGE,g0014,data/external/kaggle/glaucoma_fundus_imaging_bundle/REFUGE/train/Images/g0014.jpg,data/processed/standardized_masks/refuge/train_g0014.png,REFUGE_train_g0014,train
glaucoma_fundus_imaging_bundle,REFUGE,g0015,data/external/kaggle/glaucoma_fundus_imaging_bundle/REFUGE/train/Images/g0015.jpg,data/processed/standardized_masks/refuge/train_g0015.png,REFUGE_train_g0015,train
glaucoma_fundus_imaging_bundle,REFUGE,g0016,data/external/kaggle/glaucoma_fundus_imaging_bundle/REFUGE/train/Images/g0016.jpg,data/processed/standardized_masks/refuge/train_g0016.png,REFUGE_train_g0016,train
glaucoma_fundus_imaging_bundle,REFUGE,g0017,data/external/kaggle/glaucoma_fundus_imaging_bundle/REFUGE/train/Images/g0017.jpg,data/processed/standardized_masks/refuge/train_g0017.png,REFUGE_train_g0017,train
glaucoma_fundus_imaging_bundle,REFUGE,g0018,data/external/kaggle/glaucoma_fundus_imaging_bundle/REFUGE/train/Images/g0018.jpg,data/processed/standardized_masks/refuge/train_g0018.png,REFUGE_train_g0018,train
glaucoma_fundus_imaging_bundle,REFUGE,g0019,data/external/kaggle/glaucoma_fundus_imaging_bundle/REFUGE/train/Images/g0019.jpg,data/processed/standardized_masks/refuge/train_g0019.png,REFUGE_train_g0019,train
glaucoma_fundus_imaging_bundle,REFUGE,g0020,data/external/kaggle/glaucoma_fundus_imaging_bundle/REFUGE/train/Images/g0020.jpg,data/processed/standardized_masks/refuge/train_g0020.png,REFUGE_train_g0020,train
glaucoma_fundus_imaging_bundle,REFUGE,g0021,data/external/kaggle/glaucoma_fundus_imaging_bundle/REFUGE/train/Images/g0021.jpg,data/processed/standardized_masks/refuge/train_g0021.png,REFUGE_train_g0021,train
glaucoma_fundus_imaging_bundle,REFUGE,g0022,data/external/kaggle/glaucoma_fundus_imaging_bundle/REFUGE/train/Images/g0022.jpg,data/processed/standardized_masks/refuge/train_g0022.png,REFUGE_train_g0022,train
glaucoma_fundus_imaging_bundle,REFUGE,g0023,data/external/kaggle/glaucoma_fundus_imaging_bundle/REFUGE/train/Images/g0023.jpg,data/processed/standardized_masks/refuge/train_g0023.png,REFUGE_train_g0023,train
glaucoma_fundus_imaging_bundle,REFUGE,g0024,data/external/kaggle/glaucoma_fundus_imaging_bundle/REFUGE/train/Images/g0024.jpg,data/processed/standardized_masks/refuge/train_g0024.png,REFUGE_train_g0024,train
glaucoma_fundus_imaging_bundle,REFUGE,g0025,data/external/kaggle/glaucoma_fundus_imaging_bundle/REFUGE/train/Images/g0025.jpg,data/processed/standardized_masks/refuge/train_g0025.png,REFUGE_train_g0025,train
glaucoma_fundus_imaging_bundle,REFUGE,g0026,data/external/kaggle/glaucoma_fundus_imaging_bundle/REFUGE/train/Images/g0026.jpg,data/processed/standardized_masks/refuge/train_g0026.png,REFUGE_train_g0026,train
glaucoma_fundus_imaging_bundle,REFUGE,g0027,data/external/kaggle/glaucoma_fundus_imaging_bundle/REFUGE/train/Images/g0027.jpg,data/processed/standardized_masks/refuge/train_g0027.png,REFUGE_train_g0027,train
glaucoma_fundus_imaging_bundle,REFUGE,g0028,data/external/kaggle/glaucoma_fundus_imaging_bundle/REFUGE/train/Images/g0028.jpg,data/processed/standardized_masks/refuge/train_g0028.png,REFUGE_train_g0028,train
glaucoma_fundus_imaging_bundle,REFUGE,g0029,data/external/kaggle/glaucoma_fundus_imaging_bundle/REFUGE/train/Images/g0029.jpg,data/processed/standardized_masks/refuge/train_g0029.png,REFUGE_train_g0029,train
glaucoma_fundus_imaging_bundle,REFUGE,g0030,data/external/kaggle/glaucoma_fundus_imaging_bundle/REFUGE/train/Images/g0030.jpg,data/processed/standardized_masks/refuge/train_g0030.png,REFUGE_train_g0030,train
glaucoma_fundus_imaging_bundle,REFUGE,g0031,data/external/kaggle/glaucoma_fundus_imaging_bundle/REFUGE/train/Images/g0031.jpg,data/processed/standardized_masks/refuge/train_g0031.png,REFUGE_train_g0031,train
glaucoma_fundus_imaging_bundle,REFUGE,g0032,data/external/kaggle/glaucoma_fundus_imaging_bundle/REFUGE/train/Images/g0032.jpg,data/processed/standardized_masks/refuge/train_g0032.png,REFUGE_train_g0032,train
glaucoma_fundus_imaging_bundle,REFUGE,g0033,data/external/kaggle/glaucoma_fundus_imaging_bundle/REFUGE/train/Images/g0033.jpg,data/processed/standardized_masks/refuge/train_g0033.png,REFUGE_train_g0033,train
glaucoma_fundus_imaging_bundle,REFUGE,g0034,data/external/kaggle/glaucoma_fundus_imaging_bundle/REFUGE/train/Images/g0034.jpg,data/processed/standardized_masks/refuge/train_g0034.png,REFUGE_train_g0034,train
glaucoma_fundus_imaging_bundle,REFUGE,g0035,data/external/kaggle/glaucoma_fundus_imaging_bundle/REFUGE/train/Images/g0035.jpg,data/processed/standardized_masks/refuge/train_g0035.png,REFUGE_train_g0035,train
glaucoma_fundus_imaging_bundle,REFUGE,g0036,data/external/kaggle/glaucoma_fundus_imaging_bundle/REFUGE/train/Images/g0036.jpg,data/processed/standardized_masks/refuge/train_g0036.png,REFUGE_train_g0036,train
glaucoma_fundus_imaging_bundle,REFUGE,g0037,data/external/kaggle/glaucoma_fundus_imaging_bundle/REFUGE/train/Images/g0037.jpg,data/processed/standardized_masks/refuge/train_g0037.png,REFUGE_train_g0037,train
glaucoma_fundus_imaging_bundle,REFUGE,g0038,data/external/kaggle/glaucoma_fundus_imaging_bundle/REFUGE/train/Images/g0038.jpg,data/processed/standardized_masks/refuge/train_g0038.png,REFUGE_train_g0038,train
glaucoma_fundus_imaging_bundle,REFUGE,g0039,data/external/kaggle/glaucoma_fundus_imaging_bundle/REFUGE/train/Images/g0039.jpg,data/processed/standardized_masks/refuge/train_g0039.png,REFUGE_train_g0039,train
glaucoma_fundus_imaging_bundle,REFUGE,g0040,data/external/kaggle/glaucoma_fundus_imaging_bundle/REFUGE/train/Images/g0040.jpg,data/processed/standardized_masks/refuge/train_g0040.png,REFUGE_train_g0040,train
glaucoma_fundus_imaging_bundle,REFUGE,n0001,data/external/kaggle/glaucoma_fundus_imaging_bundle/REFUGE/train/Images/n0001.jpg,data/processed/standardized_masks/refuge/train_n0001.png,REFUGE_train_n0001,train
glaucoma_fundus_imaging_bundle,REFUGE,n0002,data/external/kaggle/glaucoma_fundus_imaging_bundle/REFUGE/train/Images/n0002.jpg,data/processed/standardized_masks/refuge/train_n0002.png,REFUGE_train_n0002,train
glaucoma_fundus_imaging_bundle,REFUGE,n0003,data/external/kaggle/glaucoma_fundus_imaging_bundle/REFUGE/train/Images/n0003.jpg,data/processed/standardized_masks/refuge/train_n0003.png,REFUGE_train_n0003,train
glaucoma_fundus_imaging_bundle,REFUGE,n0004,data/external/kaggle/glaucoma_fundus_imaging_bundle/REFUGE/train/Images/n0004.jpg,data/processed/standardized_masks/refuge/train_n0004.png,REFUGE_train_n0004,train
glaucoma_fundus_imaging_bundle,REFUGE,n0005,data/external/kaggle/glaucoma_fundus_imaging_bundle/REFUGE/train/Images/n0005.jpg,data/processed/standardized_masks/refuge/train_n0005.png,REFUGE_train_n0005,train
glaucoma_fundus_imaging_bundle,REFUGE,n0006,data/external/kaggle/glaucoma_fundus_imaging_bundle/REFUGE/train/Images/n0006.jpg,data/processed/standardized_masks/refuge/train_n0006.png,REFUGE_train_n0006,train
glaucoma_fundus_imaging_bundle,REFUGE,n0007,data/external/kaggle/glaucoma_fundus_imaging_bundle/REFUGE/train/Images/n0007.jpg,data/processed/standardized_masks/refuge/train_n0007.png,REFUGE_train_n0007,train
glaucoma_fundus_imaging_bundle,REFUGE,n0008,data/external/kaggle/glaucoma_fundus_imaging_bundle/REFUGE/train/Images/n0008.jpg,data/processed/standardized_masks/refuge/train_n0008.png,REFUGE_train_n0008,train
glaucoma_fundus_imaging_bundle,REFUGE,n0009,data/external/kaggle/glaucoma_fundus_imaging_bundle/REFUGE/train/Images/n0009.jpg,data/processed/standardized_masks/refuge/train_n0009.png,REFUGE_train_n0009,train
glaucoma_fundus_imaging_bundle,REFUGE,n0010,data/external/kaggle/glaucoma_fundus_imaging_bundle/REFUGE/train/Images/n0010.jpg,data/processed/standardized_masks/refuge/train_n0010.png,REFUGE_train_n0010,train
glaucoma_fundus_imaging_bundle,REFUGE,n0011,data/external/kaggle/glaucoma_fundus_imaging_bundle/REFUGE/train/Images/n0011.jpg,data/processed/standardized_masks/refuge/train_n0011.png,REFUGE_train_n0011,train
glaucoma_fundus_imaging_bundle,REFUGE,n0012,data/external/kaggle/glaucoma_fundus_imaging_bundle/REFUGE/train/Images/n0012.jpg,data/processed/standardized_masks/refuge/train_n0012.png,REFUGE_train_n0012,train
glaucoma_fundus_imaging_bundle,REFUGE,n0013,data/external/kaggle/glaucoma_fundus_imaging_bundle/REFUGE/train/Images/n0013.jpg,data/processed/standardized_masks/refuge/train_n0013.png,REFUGE_train_n0013,train
glaucoma_fundus_imaging_bundle,REFUGE,n0014,data/external/kaggle/glaucoma_fundus_imaging_bundle/REFUGE/train/Images/n0014.jpg,data/processed/standardized_masks/refuge/train_n0014.png,REFUGE_train_n0014,train
glaucoma_fundus_imaging_bundle,REFUGE,n0015,data/external/kaggle/glaucoma_fundus_imaging_bundle/REFUGE/train/Images/n0015.jpg,data/processed/standardized_masks/refuge/train_n0015.png,REFUGE_train_n0015,train
glaucoma_fundus_imaging_bundle,REFUGE,n0016,data/external/kaggle/glaucoma_fundus_imaging_bundle/REFUGE/train/Images/n0016.jpg,data/processed/standardized_masks/refuge/train_n0016.png,REFUGE_train_n0016,train
glaucoma_fundus_imaging_bundle,REFUGE,n0017,data/external/kaggle/glaucoma_fundus_imaging_bundle/REFUGE/train/Images/n0017.jpg,data/processed/standardized_masks/refuge/train_n0017.png,REFUGE_train_n0017,train
glaucoma_fundus_imaging_bundle,REFUGE,n0018,data/external/kaggle/glaucoma_fundus_imaging_bundle/REFUGE/train/Images/n0018.jpg,data/processed/standardized_masks/refuge/train_n0018.png,REFUGE_train_n0018,train
glaucoma_fundus_imaging_bundle,REFUGE,n0019,data/external/kaggle/glaucoma_fundus_imaging_bundle/REFUGE/train/Images/n0019.jpg,data/processed/standardized_masks/refuge/train_n0019.png,REFUGE_train_n0019,train
glaucoma_fundus_imaging_bundle,REFUGE,n0020,data/external/kaggle/glaucoma_fundus_imaging_bundle/REFUGE/train/Images/n0020.jpg,data/processed/standardized_masks/refuge/train_n0020.png,REFUGE_train_n0020,train
glaucoma_fundus_imaging_bundle,REFUGE,n0021,data/external/kaggle/glaucoma_fundus_imaging_bundle/REFUGE/train/Images/n0021.jpg,data/processed/standardized_masks/refuge/train_n0021.png,REFUGE_train_n0021,train
glaucoma_fundus_imaging_bundle,REFUGE,n0022,data/external/kaggle/glaucoma_fundus_imaging_bundle/REFUGE/train/Images/n0022.jpg,data/processed/standardized_masks/refuge/train_n0022.png,REFUGE_train_n0022,train
glaucoma_fundus_imaging_bundle,REFUGE,n0023,data/external/kaggle/glaucoma_fundus_imaging_bundle/REFUGE/train/Images/n0023.jpg,data/processed/standardized_masks/refuge/train_n0023.png,REFUGE_train_n0023,train
glaucoma_fundus_imaging_bundle,REFUGE,n0024,data/external/kaggle/glaucoma_fundus_imaging_bundle/REFUGE/train/Images/n0024.jpg,data/processed/standardized_masks/refuge/train_n0024.png,REFUGE_train_n0024,train
glaucoma_fundus_imaging_bundle,REFUGE,n0025,data/external/kaggle/glaucoma_fundus_imaging_bundle/REFUGE/train/Images/n0025.jpg,data/processed/standardized_masks/refuge/train_n0025.png,REFUGE_train_n0025,train
glaucoma_fundus_imaging_bundle,REFUGE,n0026,data/external/kaggle/glaucoma_fundus_imaging_bundle/REFUGE/train/Images/n0026.jpg,data/processed/standardized_masks/refuge/train_n0026.png,REFUGE_train_n0026,train
glaucoma_fundus_imaging_bundle,REFUGE,n0027,data/external/kaggle/glaucoma_fundus_imaging_bundle/REFUGE/train/Images/n0027.jpg,data/processed/standardized_masks/refuge/train_n0027.png,REFUGE_train_n0027,train
glaucoma_fundus_imaging_bundle,REFUGE,n0028,data/external/kaggle/glaucoma_fundus_imaging_bundle/REFUGE/train/Images/n0028.jpg,data/processed/standardized_masks/refuge/train_n0028.png,REFUGE_train_n0028,train
glaucoma_fundus_imaging_bundle,REFUGE,n0029,data/external/kaggle/glaucoma_fundus_imaging_bundle/REFUGE/train/Images/n0029.jpg,data/processed/standardized_masks/refuge/train_n0029.png,REFUGE_train_n0029,train
glaucoma_fundus_imaging_bundle,REFUGE,n0030,data/external/kaggle/glaucoma_fundus_imaging_bundle/REFUGE/train/Images/n0030.jpg,data/processed/standardized_masks/refuge/train_n0030.png,REFUGE_train_n0030,train
glaucoma_fundus_imaging_bundle,REFUGE,n0031,data/external/kaggle/glaucoma_fundus_imaging_bundle/REFUGE/train/Images/n0031.jpg,data/processed/standardized_masks/refuge/train_n0031.png,REFUGE_train_n0031,train
glaucoma_fundus_imaging_bundle,REFUGE,n0032,data/external/kaggle/glaucoma_fundus_imaging_bundle/REFUGE/train/Images/n0032.jpg,data/processed/standardized_masks/refuge/train_n0032.png,REFUGE_train_n0032,train
glaucoma_fundus_imaging_bundle,REFUGE,n0033,data/external/kaggle/glaucoma_fundus_imaging_bundle/REFUGE/train/Images/n0033.jpg,data/processed/standardized_masks/refuge/train_n0033.png,REFUGE_train_n0033,train
glaucoma_fundus_imaging_bundle,REFUGE,n0034,data/external/kaggle/glaucoma_fundus_imaging_bundle/REFUGE/train/Images/n0034.jpg,data/processed/standardized_masks/refuge/train_n0034.png,REFUGE_train_n0034,train
glaucoma_fundus_imaging_bundle,REFUGE,n0035,data/external/kaggle/glaucoma_fundus_imaging_bundle/REFUGE/train/Images/n0035.jpg,data/processed/standardized_masks/refuge/train_n0035.png,REFUGE_train_n0035,train
glaucoma_fundus_imaging_bundle,REFUGE,n0036,data/external/kaggle/glaucoma_fundus_imaging_bundle/REFUGE/train/Images/n0036.jpg,data/processed/standardized_masks/refuge/train_n0036.png,REFUGE_train_n0036,train
glaucoma_fundus_imaging_bundle,REFUGE,n0037,data/external/kaggle/glaucoma_fundus_imaging_bundle/REFUGE/train/Images/n0037.jpg,data/processed/standardized_masks/refuge/train_n0037.png,REFUGE_train_n0037,train
glaucoma_fundus_imaging_bundle,REFUGE,n0038,data/external/kaggle/glaucoma_fundus_imaging_bundle/REFUGE/train/Images/n0038.jpg,data/processed/standardized_masks/refuge/train_n0038.png,REFUGE_train_n0038,train
glaucoma_fundus_imaging_bundle,REFUGE,n0039,data/external/kaggle/glaucoma_fundus_imaging_bundle/REFUGE/train/Images/n0039.jpg,data/processed/standardized_masks/refuge/train_n0039.png,REFUGE_train_n0039,train
glaucoma_fundus_imaging_bundle,REFUGE,n0040,data/external/kaggle/glaucoma_fundus_imaging_bundle/REFUGE/train/Images/n0040.jpg,data/processed/standardized_masks/refuge/train_n0040.png,REFUGE_train_n0040,train
glaucoma_fundus_imaging_bundle,REFUGE,n0041,data/external/kaggle/glaucoma_fundus_imaging_bundle/REFUGE/train/Images/n0041.jpg,data/processed/standardized_masks/refuge/train_n0041.png,REFUGE_train_n0041,train
glaucoma_fundus_imaging_bundle,REFUGE,n0042,data/external/kaggle/glaucoma_fundus_imaging_bundle/REFUGE/train/Images/n0042.jpg,data/processed/standardized_masks/refuge/train_n0042.png,REFUGE_train_n0042,train
glaucoma_fundus_imaging_bundle,REFUGE,n0043,data/external/kaggle/glaucoma_fundus_imaging_bundle/REFUGE/train/Images/n0043.jpg,data/processed/standardized_masks/refuge/train_n0043.png,REFUGE_train_n0043,train
glaucoma_fundus_imaging_bundle,REFUGE,n0044,data/external/kaggle/glaucoma_fundus_imaging_bundle/REFUGE/train/Images/n0044.jpg,data/processed/standardized_masks/refuge/train_n0044.png,REFUGE_train_n0044,train
glaucoma_fundus_imaging_bundle,REFUGE,n0045,data/external/kaggle/glaucoma_fundus_imaging_bundle/REFUGE/train/Images/n0045.jpg,data/processed/standardized_masks/refuge/train_n0045.png,REFUGE_train_n0045,train
glaucoma_fundus_imaging_bundle,REFUGE,n0046,data/external/kaggle/glaucoma_fundus_imaging_bundle/REFUGE/train/Images/n0046.jpg,data/processed/standardized_masks/refuge/train_n0046.png,REFUGE_train_n0046,train
glaucoma_fundus_imaging_bundle,REFUGE,n0047,data/external/kaggle/glaucoma_fundus_imaging_bundle/REFUGE/train/Images/n0047.jpg,data/processed/standardized_masks/refuge/train_n0047.png,REFUGE_train_n0047,train
glaucoma_fundus_imaging_bundle,REFUGE,n0048,data/external/kaggle/glaucoma_fundus_imaging_bundle/REFUGE/train/Images/n0048.jpg,data/processed/standardized_masks/refuge/train_n0048.png,REFUGE_train_n0048,train
glaucoma_fundus_imaging_bundle,REFUGE,n0049,data/external/kaggle/glaucoma_fundus_imaging_bundle/REFUGE/train/Images/n0049.jpg,data/processed/standardized_masks/refuge/train_n0049.png,REFUGE_train_n0049,train
glaucoma_fundus_imaging_bundle,REFUGE,n0050,data/external/kaggle/glaucoma_fundus_imaging_bundle/REFUGE/train/Images/n0050.jpg,data/processed/standardized_masks/refuge/train_n0050.png,REFUGE_train_n0050,train
glaucoma_fundus_imaging_bundle,REFUGE,n0051,data/external/kaggle/glaucoma_fundus_imaging_bundle/REFUGE/train/Images/n0051.jpg,data/processed/standardized_masks/refuge/train_n0051.png,REFUGE_train_n0051,train
glaucoma_fundus_imaging_bundle,REFUGE,n0052,data/external/kaggle/glaucoma_fundus_imaging_bundle/REFUGE/train/Images/n0052.jpg,data/processed/standardized_masks/refuge/train_n0052.png,REFUGE_train_n0052,train
glaucoma_fundus_imaging_bundle,REFUGE,n0053,data/external/kaggle/glaucoma_fundus_imaging_bundle/REFUGE/train/Images/n0053.jpg,data/processed/standardized_masks/refuge/train_n0053.png,REFUGE_train_n0053,train
glaucoma_fundus_imaging_bundle,REFUGE,n0054,data/external/kaggle/glaucoma_fundus_imaging_bundle/REFUGE/train/Images/n0054.jpg,data/processed/standardized_masks/refuge/train_n0054.png,REFUGE_train_n0054,train
glaucoma_fundus_imaging_bundle,REFUGE,n0055,data/external/kaggle/glaucoma_fundus_imaging_bundle/REFUGE/train/Images/n0055.jpg,data/processed/standardized_masks/refuge/train_n0055.png,REFUGE_train_n0055,train
glaucoma_fundus_imaging_bundle,REFUGE,n0056,data/external/kaggle/glaucoma_fundus_imaging_bundle/REFUGE/train/Images/n0056.jpg,data/processed/standardized_masks/refuge/train_n0056.png,REFUGE_train_n0056,train
glaucoma_fundus_imaging_bundle,REFUGE,n0057,data/external/kaggle/glaucoma_fundus_imaging_bundle/REFUGE/train/Images/n0057.jpg,data/processed/standardized_masks/refuge/train_n0057.png,REFUGE_train_n0057,train
glaucoma_fundus_imaging_bundle,REFUGE,n0058,data/external/kaggle/glaucoma_fundus_imaging_bundle/REFUGE/train/Images/n0058.jpg,data/processed/standardized_masks/refuge/train_n0058.png,REFUGE_train_n0058,train
glaucoma_fundus_imaging_bundle,REFUGE,n0059,data/external/kaggle/glaucoma_fundus_imaging_bundle/REFUGE/train/Images/n0059.jpg,data/processed/standardized_masks/refuge/train_n0059.png,REFUGE_train_n0059,train
glaucoma_fundus_imaging_bundle,REFUGE,n0060,data/external/kaggle/glaucoma_fundus_imaging_bundle/REFUGE/train/Images/n0060.jpg,data/processed/standardized_masks/refuge/train_n0060.png,REFUGE_train_n0060,train
glaucoma_fundus_imaging_bundle,REFUGE,n0061,data/external/kaggle/glaucoma_fundus_imaging_bundle/REFUGE/train/Images/n0061.jpg,data/processed/standardized_masks/refuge/train_n0061.png,REFUGE_train_n0061,train
glaucoma_fundus_imaging_bundle,REFUGE,n0062,data/external/kaggle/glaucoma_fundus_imaging_bundle/REFUGE/train/Images/n0062.jpg,data/processed/standardized_masks/refuge/train_n0062.png,REFUGE_train_n0062,train
glaucoma_fundus_imaging_bundle,REFUGE,n0063,data/external/kaggle/glaucoma_fundus_imaging_bundle/REFUGE/train/Images/n0063.jpg,data/processed/standardized_masks/refuge/train_n0063.png,REFUGE_train_n0063,train
glaucoma_fundus_imaging_bundle,REFUGE,n0064,data/external/kaggle/glaucoma_fundus_imaging_bundle/REFUGE/train/Images/n0064.jpg,data/processed/standardized_masks/refuge/train_n0064.png,REFUGE_train_n0064,train
glaucoma_fundus_imaging_bundle,REFUGE,n0065,data/external/kaggle/glaucoma_fundus_imaging_bundle/REFUGE/train/Images/n0065.jpg,data/processed/standardized_masks/refuge/train_n0065.png,REFUGE_train_n0065,train
glaucoma_fundus_imaging_bundle,REFUGE,n0066,data/external/kaggle/glaucoma_fundus_imaging_bundle/REFUGE/train/Images/n0066.jpg,data/processed/standardized_masks/refuge/train_n0066.png,REFUGE_train_n0066,train
glaucoma_fundus_imaging_bundle,REFUGE,n0067,data/external/kaggle/glaucoma_fundus_imaging_bundle/REFUGE/train/Images/n0067.jpg,data/processed/standardized_masks/refuge/train_n0067.png,REFUGE_train_n0067,train
glaucoma_fundus_imaging_bundle,REFUGE,n0068,data/external/kaggle/glaucoma_fundus_imaging_bundle/REFUGE/train/Images/n0068.jpg,data/processed/standardized_masks/refuge/train_n0068.png,REFUGE_train_n0068,train
glaucoma_fundus_imaging_bundle,REFUGE,n0069,data/external/kaggle/glaucoma_fundus_imaging_bundle/REFUGE/train/Images/n0069.jpg,data/processed/standardized_masks/refuge/train_n0069.png,REFUGE_train_n0069,train
glaucoma_fundus_imaging_bundle,REFUGE,n0070,data/external/kaggle/glaucoma_fundus_imaging_bundle/REFUGE/train/Images/n0070.jpg,data/processed/standardized_masks/refuge/train_n0070.png,REFUGE_train_n0070,train
glaucoma_fundus_imaging_bundle,REFUGE,n0071,data/external/kaggle/glaucoma_fundus_imaging_bundle/REFUGE/train/Images/n0071.jpg,data/processed/standardized_masks/refuge/train_n0071.png,REFUGE_train_n0071,train
glaucoma_fundus_imaging_bundle,REFUGE,n0072,data/external/kaggle/glaucoma_fundus_imaging_bundle/REFUGE/train/Images/n0072.jpg,data/processed/standardized_masks/refuge/train_n0072.png,REFUGE_train_n0072,train
glaucoma_fundus_imaging_bundle,REFUGE,n0073,data/external/kaggle/glaucoma_fundus_imaging_bundle/REFUGE/train/Images/n0073.jpg,data/processed/standardized_masks/refuge/train_n0073.png,REFUGE_train_n0073,train
glaucoma_fundus_imaging_bundle,REFUGE,n0074,data/external/kaggle/glaucoma_fundus_imaging_bundle/REFUGE/train/Images/n0074.jpg,data/processed/standardized_masks/refuge/train_n0074.png,REFUGE_train_n0074,train
glaucoma_fundus_imaging_bundle,REFUGE,n0075,data/external/kaggle/glaucoma_fundus_imaging_bundle/REFUGE/train/Images/n0075.jpg,data/processed/standardized_masks/refuge/train_n0075.png,REFUGE_train_n0075,train
glaucoma_fundus_imaging_bundle,REFUGE,n0076,data/external/kaggle/glaucoma_fundus_imaging_bundle/REFUGE/train/Images/n0076.jpg,data/processed/standardized_masks/refuge/train_n0076.png,REFUGE_train_n0076,train
glaucoma_fundus_imaging_bundle,REFUGE,n0077,data/external/kaggle/glaucoma_fundus_imaging_bundle/REFUGE/train/Images/n0077.jpg,data/processed/standardized_masks/refuge/train_n0077.png,REFUGE_train_n0077,train
glaucoma_fundus_imaging_bundle,REFUGE,n0078,data/external/kaggle/glaucoma_fundus_imaging_bundle/REFUGE/train/Images/n0078.jpg,data/processed/standardized_masks/refuge/train_n0078.png,REFUGE_train_n0078,train
glaucoma_fundus_imaging_bundle,REFUGE,n0079,data/external/kaggle/glaucoma_fundus_imaging_bundle/REFUGE/train/Images/n0079.jpg,data/processed/standardized_masks/refuge/train_n0079.png,REFUGE_train_n0079,train
glaucoma_fundus_imaging_bundle,REFUGE,n0080,data/external/kaggle/glaucoma_fundus_imaging_bundle/REFUGE/train/Images/n0080.jpg,data/processed/standardized_masks/refuge/train_n0080.png,REFUGE_train_n0080,train
glaucoma_fundus_imaging_bundle,REFUGE,n0081,data/external/kaggle/glaucoma_fundus_imaging_bundle/REFUGE/train/Images/n0081.jpg,data/processed/standardized_masks/refuge/train_n0081.png,REFUGE_train_n0081,train
glaucoma_fundus_imaging_bundle,REFUGE,n0082,data/external/kaggle/glaucoma_fundus_imaging_bundle/REFUGE/train/Images/n0082.jpg,data/processed/standardized_masks/refuge/train_n0082.png,REFUGE_train_n0082,train
glaucoma_fundus_imaging_bundle,REFUGE,n0083,data/external/kaggle/glaucoma_fundus_imaging_bundle/REFUGE/train/Images/n0083.jpg,data/processed/standardized_masks/refuge/train_n0083.png,REFUGE_train_n0083,train
glaucoma_fundus_imaging_bundle,REFUGE,n0084,data/external/kaggle/glaucoma_fundus_imaging_bundle/REFUGE/train/Images/n0084.jpg,data/processed/standardized_masks/refuge/train_n0084.png,REFUGE_train_n0084,train
glaucoma_fundus_imaging_bundle,REFUGE,n0085,data/external/kaggle/glaucoma_fundus_imaging_bundle/REFUGE/train/Images/n0085.jpg,data/processed/standardized_masks/refuge/train_n0085.png,REFUGE_train_n0085,train
glaucoma_fundus_imaging_bundle,REFUGE,n0086,data/external/kaggle/glaucoma_fundus_imaging_bundle/REFUGE/train/Images/n0086.jpg,data/processed/standardized_masks/refuge/train_n0086.png,REFUGE_train_n0086,train
glaucoma_fundus_imaging_bundle,REFUGE,n0087,data/external/kaggle/glaucoma_fundus_imaging_bundle/REFUGE/train/Images/n0087.jpg,data/processed/standardized_masks/refuge/train_n0087.png,REFUGE_train_n0087,train
glaucoma_fundus_imaging_bundle,REFUGE,n0088,data/external/kaggle/glaucoma_fundus_imaging_bundle/REFUGE/train/Images/n0088.jpg,data/processed/standardized_masks/refuge/train_n0088.png,REFUGE_train_n0088,train
glaucoma_fundus_imaging_bundle,REFUGE,n0089,data/external/kaggle/glaucoma_fundus_imaging_bundle/REFUGE/train/Images/n0089.jpg,data/processed/standardized_masks/refuge/train_n0089.png,REFUGE_train_n0089,train
glaucoma_fundus_imaging_bundle,REFUGE,n0090,data/external/kaggle/glaucoma_fundus_imaging_bundle/REFUGE/train/Images/n0090.jpg,data/processed/standardized_masks/refuge/train_n0090.png,REFUGE_train_n0090,train
glaucoma_fundus_imaging_bundle,REFUGE,n0091,data/external/kaggle/glaucoma_fundus_imaging_bundle/REFUGE/train/Images/n0091.jpg,data/processed/standardized_masks/refuge/train_n0091.png,REFUGE_train_n0091,train
glaucoma_fundus_imaging_bundle,REFUGE,n0092,data/external/kaggle/glaucoma_fundus_imaging_bundle/REFUGE/train/Images/n0092.jpg,data/processed/standardized_masks/refuge/train_n0092.png,REFUGE_train_n0092,train
glaucoma_fundus_imaging_bundle,REFUGE,n0093,data/external/kaggle/glaucoma_fundus_imaging_bundle/REFUGE/train/Images/n0093.jpg,data/processed/standardized_masks/refuge/train_n0093.png,REFUGE_train_n0093,train
glaucoma_fundus_imaging_bundle,REFUGE,n0094,data/external/kaggle/glaucoma_fundus_imaging_bundle/REFUGE/train/Images/n0094.jpg,data/processed/standardized_masks/refuge/train_n0094.png,REFUGE_train_n0094,train
glaucoma_fundus_imaging_bundle,REFUGE,n0095,data/external/kaggle/glaucoma_fundus_imaging_bundle/REFUGE/train/Images/n0095.jpg,data/processed/standardized_masks/refuge/train_n0095.png,REFUGE_train_n0095,train
glaucoma_fundus_imaging_bundle,REFUGE,n0096,data/external/kaggle/glaucoma_fundus_imaging_bundle/REFUGE/train/Images/n0096.jpg,data/processed/standardized_masks/refuge/train_n0096.png,REFUGE_train_n0096,train
glaucoma_fundus_imaging_bundle,REFUGE,n0097,data/external/kaggle/glaucoma_fundus_imaging_bundle/REFUGE/train/Images/n0097.jpg,data/processed/standardized_masks/refuge/train_n0097.png,REFUGE_train_n0097,train
glaucoma_fundus_imaging_bundle,REFUGE,n0098,data/external/kaggle/glaucoma_fundus_imaging_bundle/REFUGE/train/Images/n0098.jpg,data/processed/standardized_masks/refuge/train_n0098.png,REFUGE_train_n0098,train
glaucoma_fundus_imaging_bundle,REFUGE,n0099,data/external/kaggle/glaucoma_fundus_imaging_bundle/REFUGE/train/Images/n0099.jpg,data/processed/standardized_masks/refuge/train_n0099.png,REFUGE_train_n0099,train
glaucoma_fundus_imaging_bundle,REFUGE,n0100,data/external/kaggle/glaucoma_fundus_imaging_bundle/REFUGE/train/Images/n0100.jpg,data/processed/standardized_masks/refuge/train_n0100.png,REFUGE_train_n0100,train
glaucoma_fundus_imaging_bundle,REFUGE,n0101,data/external/kaggle/glaucoma_fundus_imaging_bundle/REFUGE/train/Images/n0101.jpg,data/processed/standardized_masks/refuge/train_n0101.png,REFUGE_train_n0101,train
glaucoma_fundus_imaging_bundle,REFUGE,n0102,data/external/kaggle/glaucoma_fundus_imaging_bundle/REFUGE/train/Images/n0102.jpg,data/processed/standardized_masks/refuge/train_n0102.png,REFUGE_train_n0102,train
glaucoma_fundus_imaging_bundle,REFUGE,n0103,data/external/kaggle/glaucoma_fundus_imaging_bundle/REFUGE/train/Images/n0103.jpg,data/processed/standardized_masks/refuge/train_n0103.png,REFUGE_train_n0103,train
glaucoma_fundus_imaging_bundle,REFUGE,n0104,data/external/kaggle/glaucoma_fundus_imaging_bundle/REFUGE/train/Images/n0104.jpg,data/processed/standardized_masks/refuge/train_n0104.png,REFUGE_train_n0104,train
glaucoma_fundus_imaging_bundle,REFUGE,n0105,data/external/kaggle/glaucoma_fundus_imaging_bundle/REFUGE/train/Images/n0105.jpg,data/processed/standardized_masks/refuge/train_n0105.png,REFUGE_train_n0105,train
glaucoma_fundus_imaging_bundle,REFUGE,n0106,data/external/kaggle/glaucoma_fundus_imaging_bundle/REFUGE/train/Images/n0106.jpg,data/processed/standardized_masks/refuge/train_n0106.png,REFUGE_train_n0106,train
glaucoma_fundus_imaging_bundle,REFUGE,n0107,data/external/kaggle/glaucoma_fundus_imaging_bundle/REFUGE/train/Images/n0107.jpg,data/processed/standardized_masks/refuge/train_n0107.png,REFUGE_train_n0107,train
glaucoma_fundus_imaging_bundle,REFUGE,n0108,data/external/kaggle/glaucoma_fundus_imaging_bundle/REFUGE/train/Images/n0108.jpg,data/processed/standardized_masks/refuge/train_n0108.png,REFUGE_train_n0108,train
glaucoma_fundus_imaging_bundle,REFUGE,n0109,data/external/kaggle/glaucoma_fundus_imaging_bundle/REFUGE/train/Images/n0109.jpg,data/processed/standardized_masks/refuge/train_n0109.png,REFUGE_train_n0109,train
glaucoma_fundus_imaging_bundle,REFUGE,n0110,data/external/kaggle/glaucoma_fundus_imaging_bundle/REFUGE/train/Images/n0110.jpg,data/processed/standardized_masks/refuge/train_n0110.png,REFUGE_train_n0110,train
glaucoma_fundus_imaging_bundle,REFUGE,n0111,data/external/kaggle/glaucoma_fundus_imaging_bundle/REFUGE/train/Images/n0111.jpg,data/processed/standardized_masks/refuge/train_n0111.png,REFUGE_train_n0111,train
glaucoma_fundus_imaging_bundle,REFUGE,n0112,data/external/kaggle/glaucoma_fundus_imaging_bundle/REFUGE/train/Images/n0112.jpg,data/processed/standardized_masks/refuge/train_n0112.png,REFUGE_train_n0112,train
glaucoma_fundus_imaging_bundle,REFUGE,n0113,data/external/kaggle/glaucoma_fundus_imaging_bundle/REFUGE/train/Images/n0113.jpg,data/processed/standardized_masks/refuge/train_n0113.png,REFUGE_train_n0113,train
glaucoma_fundus_imaging_bundle,REFUGE,n0114,data/external/kaggle/glaucoma_fundus_imaging_bundle/REFUGE/train/Images/n0114.jpg,data/processed/standardized_masks/refuge/train_n0114.png,REFUGE_train_n0114,train
glaucoma_fundus_imaging_bundle,REFUGE,n0115,data/external/kaggle/glaucoma_fundus_imaging_bundle/REFUGE/train/Images/n0115.jpg,data/processed/standardized_masks/refuge/train_n0115.png,REFUGE_train_n0115,train
glaucoma_fundus_imaging_bundle,REFUGE,n0116,data/external/kaggle/glaucoma_fundus_imaging_bundle/REFUGE/train/Images/n0116.jpg,data/processed/standardized_masks/refuge/train_n0116.png,REFUGE_train_n0116,train
glaucoma_fundus_imaging_bundle,REFUGE,n0117,data/external/kaggle/glaucoma_fundus_imaging_bundle/REFUGE/train/Images/n0117.jpg,data/processed/standardized_masks/refuge/train_n0117.png,REFUGE_train_n0117,train
glaucoma_fundus_imaging_bundle,REFUGE,n0118,data/external/kaggle/glaucoma_fundus_imaging_bundle/REFUGE/train/Images/n0118.jpg,data/processed/standardized_masks/refuge/train_n0118.png,REFUGE_train_n0118,train
glaucoma_fundus_imaging_bundle,REFUGE,n0119,data/external/kaggle/glaucoma_fundus_imaging_bundle/REFUGE/train/Images/n0119.jpg,data/processed/standardized_masks/refuge/train_n0119.png,REFUGE_train_n0119,train
glaucoma_fundus_imaging_bundle,REFUGE,n0120,data/external/kaggle/glaucoma_fundus_imaging_bundle/REFUGE/train/Images/n0120.jpg,data/processed/standardized_masks/refuge/train_n0120.png,REFUGE_train_n0120,train
glaucoma_fundus_imaging_bundle,REFUGE,n0121,data/external/kaggle/glaucoma_fundus_imaging_bundle/REFUGE/train/Images/n0121.jpg,data/processed/standardized_masks/refuge/train_n0121.png,REFUGE_train_n0121,train
glaucoma_fundus_imaging_bundle,REFUGE,n0122,data/external/kaggle/glaucoma_fundus_imaging_bundle/REFUGE/train/Images/n0122.jpg,data/processed/standardized_masks/refuge/train_n0122.png,REFUGE_train_n0122,train
glaucoma_fundus_imaging_bundle,REFUGE,n0123,data/external/kaggle/glaucoma_fundus_imaging_bundle/REFUGE/train/Images/n0123.jpg,data/processed/standardized_masks/refuge/train_n0123.png,REFUGE_train_n0123,train
glaucoma_fundus_imaging_bundle,REFUGE,n0124,data/external/kaggle/glaucoma_fundus_imaging_bundle/REFUGE/train/Images/n0124.jpg,data/processed/standardized_masks/refuge/train_n0124.png,REFUGE_train_n0124,train
glaucoma_fundus_imaging_bundle,REFUGE,n0125,data/external/kaggle/glaucoma_fundus_imaging_bundle/REFUGE/train/Images/n0125.jpg,data/processed/standardized_masks/refuge/train_n0125.png,REFUGE_train_n0125,train
glaucoma_fundus_imaging_bundle,REFUGE,n0126,data/external/kaggle/glaucoma_fundus_imaging_bundle/REFUGE/train/Images/n0126.jpg,data/processed/standardized_masks/refuge/train_n0126.png,REFUGE_train_n0126,train
glaucoma_fundus_imaging_bundle,REFUGE,n0127,data/external/kaggle/glaucoma_fundus_imaging_bundle/REFUGE/train/Images/n0127.jpg,data/processed/standardized_masks/refuge/train_n0127.png,REFUGE_train_n0127,train
glaucoma_fundus_imaging_bundle,REFUGE,n0128,data/external/kaggle/glaucoma_fundus_imaging_bundle/REFUGE/train/Images/n0128.jpg,data/processed/standardized_masks/refuge/train_n0128.png,REFUGE_train_n0128,train
glaucoma_fundus_imaging_bundle,REFUGE,n0129,data/external/kaggle/glaucoma_fundus_imaging_bundle/REFUGE/train/Images/n0129.jpg,data/processed/standardized_masks/refuge/train_n0129.png,REFUGE_train_n0129,train
glaucoma_fundus_imaging_bundle,REFUGE,n0130,data/external/kaggle/glaucoma_fundus_imaging_bundle/REFUGE/train/Images/n0130.jpg,data/processed/standardized_masks/refuge/train_n0130.png,REFUGE_train_n0130,train
glaucoma_fundus_imaging_bundle,REFUGE,n0131,data/external/kaggle/glaucoma_fundus_imaging_bundle/REFUGE/train/Images/n0131.jpg,data/processed/standardized_masks/refuge/train_n0131.png,REFUGE_train_n0131,train
glaucoma_fundus_imaging_bundle,REFUGE,n0132,data/external/kaggle/glaucoma_fundus_imaging_bundle/REFUGE/train/Images/n0132.jpg,data/processed/standardized_masks/refuge/train_n0132.png,REFUGE_train_n0132,train
glaucoma_fundus_imaging_bundle,REFUGE,n0133,data/external/kaggle/glaucoma_fundus_imaging_bundle/REFUGE/train/Images/n0133.jpg,data/processed/standardized_masks/refuge/train_n0133.png,REFUGE_train_n0133,train
glaucoma_fundus_imaging_bundle,REFUGE,n0134,data/external/kaggle/glaucoma_fundus_imaging_bundle/REFUGE/train/Images/n0134.jpg,data/processed/standardized_masks/refuge/train_n0134.png,REFUGE_train_n0134,train
glaucoma_fundus_imaging_bundle,REFUGE,n0135,data/external/kaggle/glaucoma_fundus_imaging_bundle/REFUGE/train/Images/n0135.jpg,data/processed/standardized_masks/refuge/train_n0135.png,REFUGE_train_n0135,train
glaucoma_fundus_imaging_bundle,REFUGE,n0136,data/external/kaggle/glaucoma_fundus_imaging_bundle/REFUGE/train/Images/n0136.jpg,data/processed/standardized_masks/refuge/train_n0136.png,REFUGE_train_n0136,train
glaucoma_fundus_imaging_bundle,REFUGE,n0137,data/external/kaggle/glaucoma_fundus_imaging_bundle/REFUGE/train/Images/n0137.jpg,data/processed/standardized_masks/refuge/train_n0137.png,REFUGE_train_n0137,train
glaucoma_fundus_imaging_bundle,REFUGE,n0138,data/external/kaggle/glaucoma_fundus_imaging_bundle/REFUGE/train/Images/n0138.jpg,data/processed/standardized_masks/refuge/train_n0138.png,REFUGE_train_n0138,train
glaucoma_fundus_imaging_bundle,REFUGE,n0139,data/external/kaggle/glaucoma_fundus_imaging_bundle/REFUGE/train/Images/n0139.jpg,data/processed/standardized_masks/refuge/train_n0139.png,REFUGE_train_n0139,train
glaucoma_fundus_imaging_bundle,REFUGE,n0140,data/external/kaggle/glaucoma_fundus_imaging_bundle/REFUGE/train/Images/n0140.jpg,data/processed/standardized_masks/refuge/train_n0140.png,REFUGE_train_n0140,train
glaucoma_fundus_imaging_bundle,REFUGE,n0141,data/external/kaggle/glaucoma_fundus_imaging_bundle/REFUGE/train/Images/n0141.jpg,data/processed/standardized_masks/refuge/train_n0141.png,REFUGE_train_n0141,train
glaucoma_fundus_imaging_bundle,REFUGE,n0142,data/external/kaggle/glaucoma_fundus_imaging_bundle/REFUGE/train/Images/n0142.jpg,data/processed/standardized_masks/refuge/train_n0142.png,REFUGE_train_n0142,train
glaucoma_fundus_imaging_bundle,REFUGE,n0143,data/external/kaggle/glaucoma_fundus_imaging_bundle/REFUGE/train/Images/n0143.jpg,data/processed/standardized_masks/refuge/train_n0143.png,REFUGE_train_n0143,train
glaucoma_fundus_imaging_bundle,REFUGE,n0144,data/external/kaggle/glaucoma_fundus_imaging_bundle/REFUGE/train/Images/n0144.jpg,data/processed/standardized_masks/refuge/train_n0144.png,REFUGE_train_n0144,train
glaucoma_fundus_imaging_bundle,REFUGE,n0145,data/external/kaggle/glaucoma_fundus_imaging_bundle/REFUGE/train/Images/n0145.jpg,data/processed/standardized_masks/refuge/train_n0145.png,REFUGE_train_n0145,train
glaucoma_fundus_imaging_bundle,REFUGE,n0146,data/external/kaggle/glaucoma_fundus_imaging_bundle/REFUGE/train/Images/n0146.jpg,data/processed/standardized_masks/refuge/train_n0146.png,REFUGE_train_n0146,train
glaucoma_fundus_imaging_bundle,REFUGE,n0147,data/external/kaggle/glaucoma_fundus_imaging_bundle/REFUGE/train/Images/n0147.jpg,data/processed/standardized_masks/refuge/train_n0147.png,REFUGE_train_n0147,train
glaucoma_fundus_imaging_bundle,REFUGE,n0148,data/external/kaggle/glaucoma_fundus_imaging_bundle/REFUGE/train/Images/n0148.jpg,data/processed/standardized_masks/refuge/train_n0148.png,REFUGE_train_n0148,train
glaucoma_fundus_imaging_bundle,REFUGE,n0149,data/external/kaggle/glaucoma_fundus_imaging_bundle/REFUGE/train/Images/n0149.jpg,data/processed/standardized_masks/refuge/train_n0149.png,REFUGE_train_n0149,train
glaucoma_fundus_imaging_bundle,REFUGE,n0150,data/external/kaggle/glaucoma_fundus_imaging_bundle/REFUGE/train/Images/n0150.jpg,data/processed/standardized_masks/refuge/train_n0150.png,REFUGE_train_n0150,train
glaucoma_fundus_imaging_bundle,REFUGE,n0151,data/external/kaggle/glaucoma_fundus_imaging_bundle/REFUGE/train/Images/n0151.jpg,data/processed/standardized_masks/refuge/train_n0151.png,REFUGE_train_n0151,train
glaucoma_fundus_imaging_bundle,REFUGE,n0152,data/external/kaggle/glaucoma_fundus_imaging_bundle/REFUGE/train/Images/n0152.jpg,data/processed/standardized_masks/refuge/train_n0152.png,REFUGE_train_n0152,train
glaucoma_fundus_imaging_bundle,REFUGE,n0153,data/external/kaggle/glaucoma_fundus_imaging_bundle/REFUGE/train/Images/n0153.jpg,data/processed/standardized_masks/refuge/train_n0153.png,REFUGE_train_n0153,train
glaucoma_fundus_imaging_bundle,REFUGE,n0154,data/external/kaggle/glaucoma_fundus_imaging_bundle/REFUGE/train/Images/n0154.jpg,data/processed/standardized_masks/refuge/train_n0154.png,REFUGE_train_n0154,train
glaucoma_fundus_imaging_bundle,REFUGE,n0155,data/external/kaggle/glaucoma_fundus_imaging_bundle/REFUGE/train/Images/n0155.jpg,data/processed/standardized_masks/refuge/train_n0155.png,REFUGE_train_n0155,train
glaucoma_fundus_imaging_bundle,REFUGE,n0156,data/external/kaggle/glaucoma_fundus_imaging_bundle/REFUGE/train/Images/n0156.jpg,data/processed/standardized_masks/refuge/train_n0156.png,REFUGE_train_n0156,train
glaucoma_fundus_imaging_bundle,REFUGE,n0157,data/external/kaggle/glaucoma_fundus_imaging_bundle/REFUGE/train/Images/n0157.jpg,data/processed/standardized_masks/refuge/train_n0157.png,REFUGE_train_n0157,train
glaucoma_fundus_imaging_bundle,REFUGE,n0158,data/external/kaggle/glaucoma_fundus_imaging_bundle/REFUGE/train/Images/n0158.jpg,data/processed/standardized_masks/refuge/train_n0158.png,REFUGE_train_n0158,train
glaucoma_fundus_imaging_bundle,REFUGE,n0159,data/external/kaggle/glaucoma_fundus_imaging_bundle/REFUGE/train/Images/n0159.jpg,data/processed/standardized_masks/refuge/train_n0159.png,REFUGE_train_n0159,train
glaucoma_fundus_imaging_bundle,REFUGE,n0160,data/external/kaggle/glaucoma_fundus_imaging_bundle/REFUGE/train/Images/n0160.jpg,data/processed/standardized_masks/refuge/train_n0160.png,REFUGE_train_n0160,train
glaucoma_fundus_imaging_bundle,REFUGE,n0161,data/external/kaggle/glaucoma_fundus_imaging_bundle/REFUGE/train/Images/n0161.jpg,data/processed/standardized_masks/refuge/train_n0161.png,REFUGE_train_n0161,train
glaucoma_fundus_imaging_bundle,REFUGE,n0162,data/external/kaggle/glaucoma_fundus_imaging_bundle/REFUGE/train/Images/n0162.jpg,data/processed/standardized_masks/refuge/train_n0162.png,REFUGE_train_n0162,train
glaucoma_fundus_imaging_bundle,REFUGE,n0163,data/external/kaggle/glaucoma_fundus_imaging_bundle/REFUGE/train/Images/n0163.jpg,data/processed/standardized_masks/refuge/train_n0163.png,REFUGE_train_n0163,train
glaucoma_fundus_imaging_bundle,REFUGE,n0164,data/external/kaggle/glaucoma_fundus_imaging_bundle/REFUGE/train/Images/n0164.jpg,data/processed/standardized_masks/refuge/train_n0164.png,REFUGE_train_n0164,train
glaucoma_fundus_imaging_bundle,REFUGE,n0165,data/external/kaggle/glaucoma_fundus_imaging_bundle/REFUGE/train/Images/n0165.jpg,data/processed/standardized_masks/refuge/train_n0165.png,REFUGE_train_n0165,train
glaucoma_fundus_imaging_bundle,REFUGE,n0166,data/external/kaggle/glaucoma_fundus_imaging_bundle/REFUGE/train/Images/n0166.jpg,data/processed/standardized_masks/refuge/train_n0166.png,REFUGE_train_n0166,train
glaucoma_fundus_imaging_bundle,REFUGE,n0167,data/external/kaggle/glaucoma_fundus_imaging_bundle/REFUGE/train/Images/n0167.jpg,data/processed/standardized_masks/refuge/train_n0167.png,REFUGE_train_n0167,train
glaucoma_fundus_imaging_bundle,REFUGE,n0168,data/external/kaggle/glaucoma_fundus_imaging_bundle/REFUGE/train/Images/n0168.jpg,data/processed/standardized_masks/refuge/train_n0168.png,REFUGE_train_n0168,train
glaucoma_fundus_imaging_bundle,REFUGE,n0169,data/external/kaggle/glaucoma_fundus_imaging_bundle/REFUGE/train/Images/n0169.jpg,data/processed/standardized_masks/refuge/train_n0169.png,REFUGE_train_n0169,train
glaucoma_fundus_imaging_bundle,REFUGE,n0170,data/external/kaggle/glaucoma_fundus_imaging_bundle/REFUGE/train/Images/n0170.jpg,data/processed/standardized_masks/refuge/train_n0170.png,REFUGE_train_n0170,train
glaucoma_fundus_imaging_bundle,REFUGE,n0171,data/external/kaggle/glaucoma_fundus_imaging_bundle/REFUGE/train/Images/n0171.jpg,data/processed/standardized_masks/refuge/train_n0171.png,REFUGE_train_n0171,train
glaucoma_fundus_imaging_bundle,REFUGE,n0172,data/external/kaggle/glaucoma_fundus_imaging_bundle/REFUGE/train/Images/n0172.jpg,data/processed/standardized_masks/refuge/train_n0172.png,REFUGE_train_n0172,train
glaucoma_fundus_imaging_bundle,REFUGE,n0173,data/external/kaggle/glaucoma_fundus_imaging_bundle/REFUGE/train/Images/n0173.jpg,data/processed/standardized_masks/refuge/train_n0173.png,REFUGE_train_n0173,train
glaucoma_fundus_imaging_bundle,REFUGE,n0174,data/external/kaggle/glaucoma_fundus_imaging_bundle/REFUGE/train/Images/n0174.jpg,data/processed/standardized_masks/refuge/train_n0174.png,REFUGE_train_n0174,train
glaucoma_fundus_imaging_bundle,REFUGE,n0175,data/external/kaggle/glaucoma_fundus_imaging_bundle/REFUGE/train/Images/n0175.jpg,data/processed/standardized_masks/refuge/train_n0175.png,REFUGE_train_n0175,train
glaucoma_fundus_imaging_bundle,REFUGE,n0176,data/external/kaggle/glaucoma_fundus_imaging_bundle/REFUGE/train/Images/n0176.jpg,data/processed/standardized_masks/refuge/train_n0176.png,REFUGE_train_n0176,train
glaucoma_fundus_imaging_bundle,REFUGE,n0177,data/external/kaggle/glaucoma_fundus_imaging_bundle/REFUGE/train/Images/n0177.jpg,data/processed/standardized_masks/refuge/train_n0177.png,REFUGE_train_n0177,train
glaucoma_fundus_imaging_bundle,REFUGE,n0178,data/external/kaggle/glaucoma_fundus_imaging_bundle/REFUGE/train/Images/n0178.jpg,data/processed/standardized_masks/refuge/train_n0178.png,REFUGE_train_n0178,train
glaucoma_fundus_imaging_bundle,REFUGE,n0179,data/external/kaggle/glaucoma_fundus_imaging_bundle/REFUGE/train/Images/n0179.jpg,data/processed/standardized_masks/refuge/train_n0179.png,REFUGE_train_n0179,train
glaucoma_fundus_imaging_bundle,REFUGE,n0180,data/external/kaggle/glaucoma_fundus_imaging_bundle/REFUGE/train/Images/n0180.jpg,data/processed/standardized_masks/refuge/train_n0180.png,REFUGE_train_n0180,train
glaucoma_fundus_imaging_bundle,REFUGE,n0181,data/external/kaggle/glaucoma_fundus_imaging_bundle/REFUGE/train/Images/n0181.jpg,data/processed/standardized_masks/refuge/train_n0181.png,REFUGE_train_n0181,train
glaucoma_fundus_imaging_bundle,REFUGE,n0182,data/external/kaggle/glaucoma_fundus_imaging_bundle/REFUGE/train/Images/n0182.jpg,data/processed/standardized_masks/refuge/train_n0182.png,REFUGE_train_n0182,train
glaucoma_fundus_imaging_bundle,REFUGE,n0183,data/external/kaggle/glaucoma_fundus_imaging_bundle/REFUGE/train/Images/n0183.jpg,data/processed/standardized_masks/refuge/train_n0183.png,REFUGE_train_n0183,train
glaucoma_fundus_imaging_bundle,REFUGE,n0184,data/external/kaggle/glaucoma_fundus_imaging_bundle/REFUGE/train/Images/n0184.jpg,data/processed/standardized_masks/refuge/train_n0184.png,REFUGE_train_n0184,train
glaucoma_fundus_imaging_bundle,REFUGE,n0185,data/external/kaggle/glaucoma_fundus_imaging_bundle/REFUGE/train/Images/n0185.jpg,data/processed/standardized_masks/refuge/train_n0185.png,REFUGE_train_n0185,train
glaucoma_fundus_imaging_bundle,REFUGE,n0186,data/external/kaggle/glaucoma_fundus_imaging_bundle/REFUGE/train/Images/n0186.jpg,data/processed/standardized_masks/refuge/train_n0186.png,REFUGE_train_n0186,train
glaucoma_fundus_imaging_bundle,REFUGE,n0187,data/external/kaggle/glaucoma_fundus_imaging_bundle/REFUGE/train/Images/n0187.jpg,data/processed/standardized_masks/refuge/train_n0187.png,REFUGE_train_n0187,train
glaucoma_fundus_imaging_bundle,REFUGE,n0188,data/external/kaggle/glaucoma_fundus_imaging_bundle/REFUGE/train/Images/n0188.jpg,data/processed/standardized_masks/refuge/train_n0188.png,REFUGE_train_n0188,train
glaucoma_fundus_imaging_bundle,REFUGE,n0189,data/external/kaggle/glaucoma_fundus_imaging_bundle/REFUGE/train/Images/n0189.jpg,data/processed/standardized_masks/refuge/train_n0189.png,REFUGE_train_n0189,train
glaucoma_fundus_imaging_bundle,REFUGE,n0190,data/external/kaggle/glaucoma_fundus_imaging_bundle/REFUGE/train/Images/n0190.jpg,data/processed/standardized_masks/refuge/train_n0190.png,REFUGE_train_n0190,train
glaucoma_fundus_imaging_bundle,REFUGE,n0191,data/external/kaggle/glaucoma_fundus_imaging_bundle/REFUGE/train/Images/n0191.jpg,data/processed/standardized_masks/refuge/train_n0191.png,REFUGE_train_n0191,train
glaucoma_fundus_imaging_bundle,REFUGE,n0192,data/external/kaggle/glaucoma_fundus_imaging_bundle/REFUGE/train/Images/n0192.jpg,data/processed/standardized_masks/refuge/train_n0192.png,REFUGE_train_n0192,train
glaucoma_fundus_imaging_bundle,REFUGE,n0193,data/external/kaggle/glaucoma_fundus_imaging_bundle/REFUGE/train/Images/n0193.jpg,data/processed/standardized_masks/refuge/train_n0193.png,REFUGE_train_n0193,train
glaucoma_fundus_imaging_bundle,REFUGE,n0194,data/external/kaggle/glaucoma_fundus_imaging_bundle/REFUGE/train/Images/n0194.jpg,data/processed/standardized_masks/refuge/train_n0194.png,REFUGE_train_n0194,train
glaucoma_fundus_imaging_bundle,REFUGE,n0195,data/external/kaggle/glaucoma_fundus_imaging_bundle/REFUGE/train/Images/n0195.jpg,data/processed/standardized_masks/refuge/train_n0195.png,REFUGE_train_n0195,train
glaucoma_fundus_imaging_bundle,REFUGE,n0196,data/external/kaggle/glaucoma_fundus_imaging_bundle/REFUGE/train/Images/n0196.jpg,data/processed/standardized_masks/refuge/train_n0196.png,REFUGE_train_n0196,train
glaucoma_fundus_imaging_bundle,REFUGE,n0197,data/external/kaggle/glaucoma_fundus_imaging_bundle/REFUGE/train/Images/n0197.jpg,data/processed/standardized_masks/refuge/train_n0197.png,REFUGE_train_n0197,train
glaucoma_fundus_imaging_bundle,REFUGE,n0198,data/external/kaggle/glaucoma_fundus_imaging_bundle/REFUGE/train/Images/n0198.jpg,data/processed/standardized_masks/refuge/train_n0198.png,REFUGE_train_n0198,train
glaucoma_fundus_imaging_bundle,REFUGE,n0199,data/external/kaggle/glaucoma_fundus_imaging_bundle/REFUGE/train/Images/n0199.jpg,data/processed/standardized_masks/refuge/train_n0199.png,REFUGE_train_n0199,train
glaucoma_fundus_imaging_bundle,REFUGE,n0200,data/external/kaggle/glaucoma_fundus_imaging_bundle/REFUGE/train/Images/n0200.jpg,data/processed/standardized_masks/refuge/train_n0200.png,REFUGE_train_n0200,train
glaucoma_fundus_imaging_bundle,REFUGE,n0201,data/external/kaggle/glaucoma_fundus_imaging_bundle/REFUGE/train/Images/n0201.jpg,data/processed/standardized_masks/refuge/train_n0201.png,REFUGE_train_n0201,train
glaucoma_fundus_imaging_bundle,REFUGE,n0202,data/external/kaggle/glaucoma_fundus_imaging_bundle/REFUGE/train/Images/n0202.jpg,data/processed/standardized_masks/refuge/train_n0202.png,REFUGE_train_n0202,train
glaucoma_fundus_imaging_bundle,REFUGE,n0203,data/external/kaggle/glaucoma_fundus_imaging_bundle/REFUGE/train/Images/n0203.jpg,data/processed/standardized_masks/refuge/train_n0203.png,REFUGE_train_n0203,train
glaucoma_fundus_imaging_bundle,REFUGE,n0204,data/external/kaggle/glaucoma_fundus_imaging_bundle/REFUGE/train/Images/n0204.jpg,data/processed/standardized_masks/refuge/train_n0204.png,REFUGE_train_n0204,train
glaucoma_fundus_imaging_bundle,REFUGE,n0205,data/external/kaggle/glaucoma_fundus_imaging_bundle/REFUGE/train/Images/n0205.jpg,data/processed/standardized_masks/refuge/train_n0205.png,REFUGE_train_n0205,train
glaucoma_fundus_imaging_bundle,REFUGE,n0206,data/external/kaggle/glaucoma_fundus_imaging_bundle/REFUGE/train/Images/n0206.jpg,data/processed/standardized_masks/refuge/train_n0206.png,REFUGE_train_n0206,train
glaucoma_fundus_imaging_bundle,REFUGE,n0207,data/external/kaggle/glaucoma_fundus_imaging_bundle/REFUGE/train/Images/n0207.jpg,data/processed/standardized_masks/refuge/train_n0207.png,REFUGE_train_n0207,train
glaucoma_fundus_imaging_bundle,REFUGE,n0208,data/external/kaggle/glaucoma_fundus_imaging_bundle/REFUGE/train/Images/n0208.jpg,data/processed/standardized_masks/refuge/train_n0208.png,REFUGE_train_n0208,train
glaucoma_fundus_imaging_bundle,REFUGE,n0209,data/external/kaggle/glaucoma_fundus_imaging_bundle/REFUGE/train/Images/n0209.jpg,data/processed/standardized_masks/refuge/train_n0209.png,REFUGE_train_n0209,train
glaucoma_fundus_imaging_bundle,REFUGE,n0210,data/external/kaggle/glaucoma_fundus_imaging_bundle/REFUGE/train/Images/n0210.jpg,data/processed/standardized_masks/refuge/train_n0210.png,REFUGE_train_n0210,train
glaucoma_fundus_imaging_bundle,REFUGE,n0211,data/external/kaggle/glaucoma_fundus_imaging_bundle/REFUGE/train/Images/n0211.jpg,data/processed/standardized_masks/refuge/train_n0211.png,REFUGE_train_n0211,train
glaucoma_fundus_imaging_bundle,REFUGE,n0212,data/external/kaggle/glaucoma_fundus_imaging_bundle/REFUGE/train/Images/n0212.jpg,data/processed/standardized_masks/refuge/train_n0212.png,REFUGE_train_n0212,train
glaucoma_fundus_imaging_bundle,REFUGE,n0213,data/external/kaggle/glaucoma_fundus_imaging_bundle/REFUGE/train/Images/n0213.jpg,data/processed/standardized_masks/refuge/train_n0213.png,REFUGE_train_n0213,train
glaucoma_fundus_imaging_bundle,REFUGE,n0214,data/external/kaggle/glaucoma_fundus_imaging_bundle/REFUGE/train/Images/n0214.jpg,data/processed/standardized_masks/refuge/train_n0214.png,REFUGE_train_n0214,train
glaucoma_fundus_imaging_bundle,REFUGE,n0215,data/external/kaggle/glaucoma_fundus_imaging_bundle/REFUGE/train/Images/n0215.jpg,data/processed/standardized_masks/refuge/train_n0215.png,REFUGE_train_n0215,train
glaucoma_fundus_imaging_bundle,REFUGE,n0216,data/external/kaggle/glaucoma_fundus_imaging_bundle/REFUGE/train/Images/n0216.jpg,data/processed/standardized_masks/refuge/train_n0216.png,REFUGE_train_n0216,train
glaucoma_fundus_imaging_bundle,REFUGE,n0217,data/external/kaggle/glaucoma_fundus_imaging_bundle/REFUGE/train/Images/n0217.jpg,data/processed/standardized_masks/refuge/train_n0217.png,REFUGE_train_n0217,train
glaucoma_fundus_imaging_bundle,REFUGE,n0218,data/external/kaggle/glaucoma_fundus_imaging_bundle/REFUGE/train/Images/n0218.jpg,data/processed/standardized_masks/refuge/train_n0218.png,REFUGE_train_n0218,train
glaucoma_fundus_imaging_bundle,REFUGE,n0219,data/external/kaggle/glaucoma_fundus_imaging_bundle/REFUGE/train/Images/n0219.jpg,data/processed/standardized_masks/refuge/train_n0219.png,REFUGE_train_n0219,train
glaucoma_fundus_imaging_bundle,REFUGE,n0220,data/external/kaggle/glaucoma_fundus_imaging_bundle/REFUGE/train/Images/n0220.jpg,data/processed/standardized_masks/refuge/train_n0220.png,REFUGE_train_n0220,train
glaucoma_fundus_imaging_bundle,REFUGE,n0221,data/external/kaggle/glaucoma_fundus_imaging_bundle/REFUGE/train/Images/n0221.jpg,data/processed/standardized_masks/refuge/train_n0221.png,REFUGE_train_n0221,train
glaucoma_fundus_imaging_bundle,REFUGE,n0222,data/external/kaggle/glaucoma_fundus_imaging_bundle/REFUGE/train/Images/n0222.jpg,data/processed/standardized_masks/refuge/train_n0222.png,REFUGE_train_n0222,train
glaucoma_fundus_imaging_bundle,REFUGE,n0223,data/external/kaggle/glaucoma_fundus_imaging_bundle/REFUGE/train/Images/n0223.jpg,data/processed/standardized_masks/refuge/train_n0223.png,REFUGE_train_n0223,train
glaucoma_fundus_imaging_bundle,REFUGE,n0224,data/external/kaggle/glaucoma_fundus_imaging_bundle/REFUGE/train/Images/n0224.jpg,data/processed/standardized_masks/refuge/train_n0224.png,REFUGE_train_n0224,train
glaucoma_fundus_imaging_bundle,REFUGE,n0225,data/external/kaggle/glaucoma_fundus_imaging_bundle/REFUGE/train/Images/n0225.jpg,data/processed/standardized_masks/refuge/train_n0225.png,REFUGE_train_n0225,train
glaucoma_fundus_imaging_bundle,REFUGE,n0226,data/external/kaggle/glaucoma_fundus_imaging_bundle/REFUGE/train/Images/n0226.jpg,data/processed/standardized_masks/refuge/train_n0226.png,REFUGE_train_n0226,train
glaucoma_fundus_imaging_bundle,REFUGE,n0227,data/external/kaggle/glaucoma_fundus_imaging_bundle/REFUGE/train/Images/n0227.jpg,data/processed/standardized_masks/refuge/train_n0227.png,REFUGE_train_n0227,train
glaucoma_fundus_imaging_bundle,REFUGE,n0228,data/external/kaggle/glaucoma_fundus_imaging_bundle/REFUGE/train/Images/n0228.jpg,data/processed/standardized_masks/refuge/train_n0228.png,REFUGE_train_n0228,train
glaucoma_fundus_imaging_bundle,REFUGE,n0229,data/external/kaggle/glaucoma_fundus_imaging_bundle/REFUGE/train/Images/n0229.jpg,data/processed/standardized_masks/refuge/train_n0229.png,REFUGE_train_n0229,train
glaucoma_fundus_imaging_bundle,REFUGE,n0230,data/external/kaggle/glaucoma_fundus_imaging_bundle/REFUGE/train/Images/n0230.jpg,data/processed/standardized_masks/refuge/train_n0230.png,REFUGE_train_n0230,train
glaucoma_fundus_imaging_bundle,REFUGE,n0231,data/external/kaggle/glaucoma_fundus_imaging_bundle/REFUGE/train/Images/n0231.jpg,data/processed/standardized_masks/refuge/train_n0231.png,REFUGE_train_n0231,train
glaucoma_fundus_imaging_bundle,REFUGE,n0232,data/external/kaggle/glaucoma_fundus_imaging_bundle/REFUGE/train/Images/n0232.jpg,data/processed/standardized_masks/refuge/train_n0232.png,REFUGE_train_n0232,train
glaucoma_fundus_imaging_bundle,REFUGE,n0233,data/external/kaggle/glaucoma_fundus_imaging_bundle/REFUGE/train/Images/n0233.jpg,data/processed/standardized_masks/refuge/train_n0233.png,REFUGE_train_n0233,train
glaucoma_fundus_imaging_bundle,REFUGE,n0234,data/external/kaggle/glaucoma_fundus_imaging_bundle/REFUGE/train/Images/n0234.jpg,data/processed/standardized_masks/refuge/train_n0234.png,REFUGE_train_n0234,train
glaucoma_fundus_imaging_bundle,REFUGE,n0235,data/external/kaggle/glaucoma_fundus_imaging_bundle/REFUGE/train/Images/n0235.jpg,data/processed/standardized_masks/refuge/train_n0235.png,REFUGE_train_n0235,train
glaucoma_fundus_imaging_bundle,REFUGE,n0236,data/external/kaggle/glaucoma_fundus_imaging_bundle/REFUGE/train/Images/n0236.jpg,data/processed/standardized_masks/refuge/train_n0236.png,REFUGE_train_n0236,train
glaucoma_fundus_imaging_bundle,REFUGE,n0237,data/external/kaggle/glaucoma_fundus_imaging_bundle/REFUGE/train/Images/n0237.jpg,data/processed/standardized_masks/refuge/train_n0237.png,REFUGE_train_n0237,train
glaucoma_fundus_imaging_bundle,REFUGE,n0238,data/external/kaggle/glaucoma_fundus_imaging_bundle/REFUGE/train/Images/n0238.jpg,data/processed/standardized_masks/refuge/train_n0238.png,REFUGE_train_n0238,train
glaucoma_fundus_imaging_bundle,REFUGE,n0239,data/external/kaggle/glaucoma_fundus_imaging_bundle/REFUGE/train/Images/n0239.jpg,data/processed/standardized_masks/refuge/train_n0239.png,REFUGE_train_n0239,train
glaucoma_fundus_imaging_bundle,REFUGE,n0240,data/external/kaggle/glaucoma_fundus_imaging_bundle/REFUGE/train/Images/n0240.jpg,data/processed/standardized_masks/refuge/train_n0240.png,REFUGE_train_n0240,train
glaucoma_fundus_imaging_bundle,REFUGE,n0241,data/external/kaggle/glaucoma_fundus_imaging_bundle/REFUGE/train/Images/n0241.jpg,data/processed/standardized_masks/refuge/train_n0241.png,REFUGE_train_n0241,train
glaucoma_fundus_imaging_bundle,REFUGE,n0242,data/external/kaggle/glaucoma_fundus_imaging_bundle/REFUGE/train/Images/n0242.jpg,data/processed/standardized_masks/refuge/train_n0242.png,REFUGE_train_n0242,train
glaucoma_fundus_imaging_bundle,REFUGE,n0243,data/external/kaggle/glaucoma_fundus_imaging_bundle/REFUGE/train/Images/n0243.jpg,data/processed/standardized_masks/refuge/train_n0243.png,REFUGE_train_n0243,train
glaucoma_fundus_imaging_bundle,REFUGE,n0244,data/external/kaggle/glaucoma_fundus_imaging_bundle/REFUGE/train/Images/n0244.jpg,data/processed/standardized_masks/refuge/train_n0244.png,REFUGE_train_n0244,train
glaucoma_fundus_imaging_bundle,REFUGE,n0245,data/external/kaggle/glaucoma_fundus_imaging_bundle/REFUGE/train/Images/n0245.jpg,data/processed/standardized_masks/refuge/train_n0245.png,REFUGE_train_n0245,train
glaucoma_fundus_imaging_bundle,REFUGE,n0246,data/external/kaggle/glaucoma_fundus_imaging_bundle/REFUGE/train/Images/n0246.jpg,data/processed/standardized_masks/refuge/train_n0246.png,REFUGE_train_n0246,train
glaucoma_fundus_imaging_bundle,REFUGE,n0247,data/external/kaggle/glaucoma_fundus_imaging_bundle/REFUGE/train/Images/n0247.jpg,data/processed/standardized_masks/refuge/train_n0247.png,REFUGE_train_n0247,train
glaucoma_fundus_imaging_bundle,REFUGE,n0248,data/external/kaggle/glaucoma_fundus_imaging_bundle/REFUGE/train/Images/n0248.jpg,data/processed/standardized_masks/refuge/train_n0248.png,REFUGE_train_n0248,train
glaucoma_fundus_imaging_bundle,REFUGE,n0249,data/external/kaggle/glaucoma_fundus_imaging_bundle/REFUGE/train/Images/n0249.jpg,data/processed/standardized_masks/refuge/train_n0249.png,REFUGE_train_n0249,train
glaucoma_fundus_imaging_bundle,REFUGE,n0250,data/external/kaggle/glaucoma_fundus_imaging_bundle/REFUGE/train/Images/n0250.jpg,data/processed/standardized_masks/refuge/train_n0250.png,REFUGE_train_n0250,train
glaucoma_fundus_imaging_bundle,REFUGE,n0251,data/external/kaggle/glaucoma_fundus_imaging_bundle/REFUGE/train/Images/n0251.jpg,data/processed/standardized_masks/refuge/train_n0251.png,REFUGE_train_n0251,train
glaucoma_fundus_imaging_bundle,REFUGE,n0252,data/external/kaggle/glaucoma_fundus_imaging_bundle/REFUGE/train/Images/n0252.jpg,data/processed/standardized_masks/refuge/train_n0252.png,REFUGE_train_n0252,train
glaucoma_fundus_imaging_bundle,REFUGE,n0253,data/external/kaggle/glaucoma_fundus_imaging_bundle/REFUGE/train/Images/n0253.jpg,data/processed/standardized_masks/refuge/train_n0253.png,REFUGE_train_n0253,train
glaucoma_fundus_imaging_bundle,REFUGE,n0254,data/external/kaggle/glaucoma_fundus_imaging_bundle/REFUGE/train/Images/n0254.jpg,data/processed/standardized_masks/refuge/train_n0254.png,REFUGE_train_n0254,train
glaucoma_fundus_imaging_bundle,REFUGE,n0255,data/external/kaggle/glaucoma_fundus_imaging_bundle/REFUGE/train/Images/n0255.jpg,data/processed/standardized_masks/refuge/train_n0255.png,REFUGE_train_n0255,train
glaucoma_fundus_imaging_bundle,REFUGE,n0256,data/external/kaggle/glaucoma_fundus_imaging_bundle/REFUGE/train/Images/n0256.jpg,data/processed/standardized_masks/refuge/train_n0256.png,REFUGE_train_n0256,train
glaucoma_fundus_imaging_bundle,REFUGE,n0257,data/external/kaggle/glaucoma_fundus_imaging_bundle/REFUGE/train/Images/n0257.jpg,data/processed/standardized_masks/refuge/train_n0257.png,REFUGE_train_n0257,train
glaucoma_fundus_imaging_bundle,REFUGE,n0258,data/external/kaggle/glaucoma_fundus_imaging_bundle/REFUGE/train/Images/n0258.jpg,data/processed/standardized_masks/refuge/train_n0258.png,REFUGE_train_n0258,train
glaucoma_fundus_imaging_bundle,REFUGE,n0259,data/external/kaggle/glaucoma_fundus_imaging_bundle/REFUGE/train/Images/n0259.jpg,data/processed/standardized_masks/refuge/train_n0259.png,REFUGE_train_n0259,train
glaucoma_fundus_imaging_bundle,REFUGE,n0260,data/external/kaggle/glaucoma_fundus_imaging_bundle/REFUGE/train/Images/n0260.jpg,data/processed/standardized_masks/refuge/train_n0260.png,REFUGE_train_n0260,train
glaucoma_fundus_imaging_bundle,REFUGE,n0261,data/external/kaggle/glaucoma_fundus_imaging_bundle/REFUGE/train/Images/n0261.jpg,data/processed/standardized_masks/refuge/train_n0261.png,REFUGE_train_n0261,train
glaucoma_fundus_imaging_bundle,REFUGE,n0262,data/external/kaggle/glaucoma_fundus_imaging_bundle/REFUGE/train/Images/n0262.jpg,data/processed/standardized_masks/refuge/train_n0262.png,REFUGE_train_n0262,train
glaucoma_fundus_imaging_bundle,REFUGE,n0263,data/external/kaggle/glaucoma_fundus_imaging_bundle/REFUGE/train/Images/n0263.jpg,data/processed/standardized_masks/refuge/train_n0263.png,REFUGE_train_n0263,train
glaucoma_fundus_imaging_bundle,REFUGE,n0264,data/external/kaggle/glaucoma_fundus_imaging_bundle/REFUGE/train/Images/n0264.jpg,data/processed/standardized_masks/refuge/train_n0264.png,REFUGE_train_n0264,train
glaucoma_fundus_imaging_bundle,REFUGE,n0265,data/external/kaggle/glaucoma_fundus_imaging_bundle/REFUGE/train/Images/n0265.jpg,data/processed/standardized_masks/refuge/train_n0265.png,REFUGE_train_n0265,train
glaucoma_fundus_imaging_bundle,REFUGE,n0266,data/external/kaggle/glaucoma_fundus_imaging_bundle/REFUGE/train/Images/n0266.jpg,data/processed/standardized_masks/refuge/train_n0266.png,REFUGE_train_n0266,train
glaucoma_fundus_imaging_bundle,REFUGE,n0267,data/external/kaggle/glaucoma_fundus_imaging_bundle/REFUGE/train/Images/n0267.jpg,data/processed/standardized_masks/refuge/train_n0267.png,REFUGE_train_n0267,train
glaucoma_fundus_imaging_bundle,REFUGE,n0268,data/external/kaggle/glaucoma_fundus_imaging_bundle/REFUGE/train/Images/n0268.jpg,data/processed/standardized_masks/refuge/train_n0268.png,REFUGE_train_n0268,train
glaucoma_fundus_imaging_bundle,REFUGE,n0269,data/external/kaggle/glaucoma_fundus_imaging_bundle/REFUGE/train/Images/n0269.jpg,data/processed/standardized_masks/refuge/train_n0269.png,REFUGE_train_n0269,train
glaucoma_fundus_imaging_bundle,REFUGE,n0270,data/external/kaggle/glaucoma_fundus_imaging_bundle/REFUGE/train/Images/n0270.jpg,data/processed/standardized_masks/refuge/train_n0270.png,REFUGE_train_n0270,train
glaucoma_fundus_imaging_bundle,REFUGE,n0271,data/external/kaggle/glaucoma_fundus_imaging_bundle/REFUGE/train/Images/n0271.jpg,data/processed/standardized_masks/refuge/train_n0271.png,REFUGE_train_n0271,train
glaucoma_fundus_imaging_bundle,REFUGE,n0272,data/external/kaggle/glaucoma_fundus_imaging_bundle/REFUGE/train/Images/n0272.jpg,data/processed/standardized_masks/refuge/train_n0272.png,REFUGE_train_n0272,train
glaucoma_fundus_imaging_bundle,REFUGE,n0273,data/external/kaggle/glaucoma_fundus_imaging_bundle/REFUGE/train/Images/n0273.jpg,data/processed/standardized_masks/refuge/train_n0273.png,REFUGE_train_n0273,train
glaucoma_fundus_imaging_bundle,REFUGE,n0274,data/external/kaggle/glaucoma_fundus_imaging_bundle/REFUGE/train/Images/n0274.jpg,data/processed/standardized_masks/refuge/train_n0274.png,REFUGE_train_n0274,train
glaucoma_fundus_imaging_bundle,REFUGE,n0275,data/external/kaggle/glaucoma_fundus_imaging_bundle/REFUGE/train/Images/n0275.jpg,data/processed/standardized_masks/refuge/train_n0275.png,REFUGE_train_n0275,train
glaucoma_fundus_imaging_bundle,REFUGE,n0276,data/external/kaggle/glaucoma_fundus_imaging_bundle/REFUGE/train/Images/n0276.jpg,data/processed/standardized_masks/refuge/train_n0276.png,REFUGE_train_n0276,train
glaucoma_fundus_imaging_bundle,REFUGE,n0277,data/external/kaggle/glaucoma_fundus_imaging_bundle/REFUGE/train/Images/n0277.jpg,data/processed/standardized_masks/refuge/train_n0277.png,REFUGE_train_n0277,train
glaucoma_fundus_imaging_bundle,REFUGE,n0278,data/external/kaggle/glaucoma_fundus_imaging_bundle/REFUGE/train/Images/n0278.jpg,data/processed/standardized_masks/refuge/train_n0278.png,REFUGE_train_n0278,train
glaucoma_fundus_imaging_bundle,REFUGE,n0279,data/external/kaggle/glaucoma_fundus_imaging_bundle/REFUGE/train/Images/n0279.jpg,data/processed/standardized_masks/refuge/train_n0279.png,REFUGE_train_n0279,train
glaucoma_fundus_imaging_bundle,REFUGE,n0280,data/external/kaggle/glaucoma_fundus_imaging_bundle/REFUGE/train/Images/n0280.jpg,data/processed/standardized_masks/refuge/train_n0280.png,REFUGE_train_n0280,train
glaucoma_fundus_imaging_bundle,REFUGE,n0281,data/external/kaggle/glaucoma_fundus_imaging_bundle/REFUGE/train/Images/n0281.jpg,data/processed/standardized_masks/refuge/train_n0281.png,REFUGE_train_n0281,train
glaucoma_fundus_imaging_bundle,REFUGE,n0282,data/external/kaggle/glaucoma_fundus_imaging_bundle/REFUGE/train/Images/n0282.jpg,data/processed/standardized_masks/refuge/train_n0282.png,REFUGE_train_n0282,train
glaucoma_fundus_imaging_bundle,REFUGE,n0283,data/external/kaggle/glaucoma_fundus_imaging_bundle/REFUGE/train/Images/n0283.jpg,data/processed/standardized_masks/refuge/train_n0283.png,REFUGE_train_n0283,train
glaucoma_fundus_imaging_bundle,REFUGE,n0284,data/external/kaggle/glaucoma_fundus_imaging_bundle/REFUGE/train/Images/n0284.jpg,data/processed/standardized_masks/refuge/train_n0284.png,REFUGE_train_n0284,train
glaucoma_fundus_imaging_bundle,REFUGE,n0285,data/external/kaggle/glaucoma_fundus_imaging_bundle/REFUGE/train/Images/n0285.jpg,data/processed/standardized_masks/refuge/train_n0285.png,REFUGE_train_n0285,train
glaucoma_fundus_imaging_bundle,REFUGE,n0286,data/external/kaggle/glaucoma_fundus_imaging_bundle/REFUGE/train/Images/n0286.jpg,data/processed/standardized_masks/refuge/train_n0286.png,REFUGE_train_n0286,train
glaucoma_fundus_imaging_bundle,REFUGE,n0287,data/external/kaggle/glaucoma_fundus_imaging_bundle/REFUGE/train/Images/n0287.jpg,data/processed/standardized_masks/refuge/train_n0287.png,REFUGE_train_n0287,train
glaucoma_fundus_imaging_bundle,REFUGE,n0288,data/external/kaggle/glaucoma_fundus_imaging_bundle/REFUGE/train/Images/n0288.jpg,data/processed/standardized_masks/refuge/train_n0288.png,REFUGE_train_n0288,train
glaucoma_fundus_imaging_bundle,REFUGE,n0289,data/external/kaggle/glaucoma_fundus_imaging_bundle/REFUGE/train/Images/n0289.jpg,data/processed/standardized_masks/refuge/train_n0289.png,REFUGE_train_n0289,train
glaucoma_fundus_imaging_bundle,REFUGE,n0290,data/external/kaggle/glaucoma_fundus_imaging_bundle/REFUGE/train/Images/n0290.jpg,data/processed/standardized_masks/refuge/train_n0290.png,REFUGE_train_n0290,train
glaucoma_fundus_imaging_bundle,REFUGE,n0291,data/external/kaggle/glaucoma_fundus_imaging_bundle/REFUGE/train/Images/n0291.jpg,data/processed/standardized_masks/refuge/train_n0291.png,REFUGE_train_n0291,train
glaucoma_fundus_imaging_bundle,REFUGE,n0292,data/external/kaggle/glaucoma_fundus_imaging_bundle/REFUGE/train/Images/n0292.jpg,data/processed/standardized_masks/refuge/train_n0292.png,REFUGE_train_n0292,train
glaucoma_fundus_imaging_bundle,REFUGE,n0293,data/external/kaggle/glaucoma_fundus_imaging_bundle/REFUGE/train/Images/n0293.jpg,data/processed/standardized_masks/refuge/train_n0293.png,REFUGE_train_n0293,train
glaucoma_fundus_imaging_bundle,REFUGE,n0294,data/external/kaggle/glaucoma_fundus_imaging_bundle/REFUGE/train/Images/n0294.jpg,data/processed/standardized_masks/refuge/train_n0294.png,REFUGE_train_n0294,train
glaucoma_fundus_imaging_bundle,REFUGE,n0295,data/external/kaggle/glaucoma_fundus_imaging_bundle/REFUGE/train/Images/n0295.jpg,data/processed/standardized_masks/refuge/train_n0295.png,REFUGE_train_n0295,train
glaucoma_fundus_imaging_bundle,REFUGE,n0296,data/external/kaggle/glaucoma_fundus_imaging_bundle/REFUGE/train/Images/n0296.jpg,data/processed/standardized_masks/refuge/train_n0296.png,REFUGE_train_n0296,train
glaucoma_fundus_imaging_bundle,REFUGE,n0297,data/external/kaggle/glaucoma_fundus_imaging_bundle/REFUGE/train/Images/n0297.jpg,data/processed/standardized_masks/refuge/train_n0297.png,REFUGE_train_n0297,train
glaucoma_fundus_imaging_bundle,REFUGE,n0298,data/external/kaggle/glaucoma_fundus_imaging_bundle/REFUGE/train/Images/n0298.jpg,data/processed/standardized_masks/refuge/train_n0298.png,REFUGE_train_n0298,train
glaucoma_fundus_imaging_bundle,REFUGE,n0299,data/external/kaggle/glaucoma_fundus_imaging_bundle/REFUGE/train/Images/n0299.jpg,data/processed/standardized_masks/refuge/train_n0299.png,REFUGE_train_n0299,train
glaucoma_fundus_imaging_bundle,REFUGE,n0300,data/external/kaggle/glaucoma_fundus_imaging_bundle/REFUGE/train/Images/n0300.jpg,data/processed/standardized_masks/refuge/train_n0300.png,REFUGE_train_n0300,train
glaucoma_fundus_imaging_bundle,REFUGE,n0301,data/external/kaggle/glaucoma_fundus_imaging_bundle/REFUGE/train/Images/n0301.jpg,data/processed/standardized_masks/refuge/train_n0301.png,REFUGE_train_n0301,train
glaucoma_fundus_imaging_bundle,REFUGE,n0302,data/external/kaggle/glaucoma_fundus_imaging_bundle/REFUGE/train/Images/n0302.jpg,data/processed/standardized_masks/refuge/train_n0302.png,REFUGE_train_n0302,train
glaucoma_fundus_imaging_bundle,REFUGE,n0303,data/external/kaggle/glaucoma_fundus_imaging_bundle/REFUGE/train/Images/n0303.jpg,data/processed/standardized_masks/refuge/train_n0303.png,REFUGE_train_n0303,train
glaucoma_fundus_imaging_bundle,REFUGE,n0304,data/external/kaggle/glaucoma_fundus_imaging_bundle/REFUGE/train/Images/n0304.jpg,data/processed/standardized_masks/refuge/train_n0304.png,REFUGE_train_n0304,train
glaucoma_fundus_imaging_bundle,REFUGE,n0305,data/external/kaggle/glaucoma_fundus_imaging_bundle/REFUGE/train/Images/n0305.jpg,data/processed/standardized_masks/refuge/train_n0305.png,REFUGE_train_n0305,train
glaucoma_fundus_imaging_bundle,REFUGE,n0306,data/external/kaggle/glaucoma_fundus_imaging_bundle/REFUGE/train/Images/n0306.jpg,data/processed/standardized_masks/refuge/train_n0306.png,REFUGE_train_n0306,train
glaucoma_fundus_imaging_bundle,REFUGE,n0307,data/external/kaggle/glaucoma_fundus_imaging_bundle/REFUGE/train/Images/n0307.jpg,data/processed/standardized_masks/refuge/train_n0307.png,REFUGE_train_n0307,train
glaucoma_fundus_imaging_bundle,REFUGE,n0308,data/external/kaggle/glaucoma_fundus_imaging_bundle/REFUGE/train/Images/n0308.jpg,data/processed/standardized_masks/refuge/train_n0308.png,REFUGE_train_n0308,train
glaucoma_fundus_imaging_bundle,REFUGE,n0309,data/external/kaggle/glaucoma_fundus_imaging_bundle/REFUGE/train/Images/n0309.jpg,data/processed/standardized_masks/refuge/train_n0309.png,REFUGE_train_n0309,train
glaucoma_fundus_imaging_bundle,REFUGE,n0310,data/external/kaggle/glaucoma_fundus_imaging_bundle/REFUGE/train/Images/n0310.jpg,data/processed/standardized_masks/refuge/train_n0310.png,REFUGE_train_n0310,train
glaucoma_fundus_imaging_bundle,REFUGE,n0311,data/external/kaggle/glaucoma_fundus_imaging_bundle/REFUGE/train/Images/n0311.jpg,data/processed/standardized_masks/refuge/train_n0311.png,REFUGE_train_n0311,train
glaucoma_fundus_imaging_bundle,REFUGE,n0312,data/external/kaggle/glaucoma_fundus_imaging_bundle/REFUGE/train/Images/n0312.jpg,data/processed/standardized_masks/refuge/train_n0312.png,REFUGE_train_n0312,train
glaucoma_fundus_imaging_bundle,REFUGE,n0313,data/external/kaggle/glaucoma_fundus_imaging_bundle/REFUGE/train/Images/n0313.jpg,data/processed/standardized_masks/refuge/train_n0313.png,REFUGE_train_n0313,train
glaucoma_fundus_imaging_bundle,REFUGE,n0314,data/external/kaggle/glaucoma_fundus_imaging_bundle/REFUGE/train/Images/n0314.jpg,data/processed/standardized_masks/refuge/train_n0314.png,REFUGE_train_n0314,train
glaucoma_fundus_imaging_bundle,REFUGE,n0315,data/external/kaggle/glaucoma_fundus_imaging_bundle/REFUGE/train/Images/n0315.jpg,data/processed/standardized_masks/refuge/train_n0315.png,REFUGE_train_n0315,train
glaucoma_fundus_imaging_bundle,REFUGE,n0316,data/external/kaggle/glaucoma_fundus_imaging_bundle/REFUGE/train/Images/n0316.jpg,data/processed/standardized_masks/refuge/train_n0316.png,REFUGE_train_n0316,train
glaucoma_fundus_imaging_bundle,REFUGE,n0317,data/external/kaggle/glaucoma_fundus_imaging_bundle/REFUGE/train/Images/n0317.jpg,data/processed/standardized_masks/refuge/train_n0317.png,REFUGE_train_n0317,train
glaucoma_fundus_imaging_bundle,REFUGE,n0318,data/external/kaggle/glaucoma_fundus_imaging_bundle/REFUGE/train/Images/n0318.jpg,data/processed/standardized_masks/refuge/train_n0318.png,REFUGE_train_n0318,train
glaucoma_fundus_imaging_bundle,REFUGE,n0319,data/external/kaggle/glaucoma_fundus_imaging_bundle/REFUGE/train/Images/n0319.jpg,data/processed/standardized_masks/refuge/train_n0319.png,REFUGE_train_n0319,train
glaucoma_fundus_imaging_bundle,REFUGE,n0320,data/external/kaggle/glaucoma_fundus_imaging_bundle/REFUGE/train/Images/n0320.jpg,data/processed/standardized_masks/refuge/train_n0320.png,REFUGE_train_n0320,train
glaucoma_fundus_imaging_bundle,REFUGE,n0321,data/external/kaggle/glaucoma_fundus_imaging_bundle/REFUGE/train/Images/n0321.jpg,data/processed/standardized_masks/refuge/train_n0321.png,REFUGE_train_n0321,train
glaucoma_fundus_imaging_bundle,REFUGE,n0322,data/external/kaggle/glaucoma_fundus_imaging_bundle/REFUGE/train/Images/n0322.jpg,data/processed/standardized_masks/refuge/train_n0322.png,REFUGE_train_n0322,train
glaucoma_fundus_imaging_bundle,REFUGE,n0323,data/external/kaggle/glaucoma_fundus_imaging_bundle/REFUGE/train/Images/n0323.jpg,data/processed/standardized_masks/refuge/train_n0323.png,REFUGE_train_n0323,train
glaucoma_fundus_imaging_bundle,REFUGE,n0324,data/external/kaggle/glaucoma_fundus_imaging_bundle/REFUGE/train/Images/n0324.jpg,data/processed/standardized_masks/refuge/train_n0324.png,REFUGE_train_n0324,train
glaucoma_fundus_imaging_bundle,REFUGE,n0325,data/external/kaggle/glaucoma_fundus_imaging_bundle/REFUGE/train/Images/n0325.jpg,data/processed/standardized_masks/refuge/train_n0325.png,REFUGE_train_n0325,train
glaucoma_fundus_imaging_bundle,REFUGE,n0326,data/external/kaggle/glaucoma_fundus_imaging_bundle/REFUGE/train/Images/n0326.jpg,data/processed/standardized_masks/refuge/train_n0326.png,REFUGE_train_n0326,train
glaucoma_fundus_imaging_bundle,REFUGE,n0327,data/external/kaggle/glaucoma_fundus_imaging_bundle/REFUGE/train/Images/n0327.jpg,data/processed/standardized_masks/refuge/train_n0327.png,REFUGE_train_n0327,train
glaucoma_fundus_imaging_bundle,REFUGE,n0328,data/external/kaggle/glaucoma_fundus_imaging_bundle/REFUGE/train/Images/n0328.jpg,data/processed/standardized_masks/refuge/train_n0328.png,REFUGE_train_n0328,train
glaucoma_fundus_imaging_bundle,REFUGE,n0329,data/external/kaggle/glaucoma_fundus_imaging_bundle/REFUGE/train/Images/n0329.jpg,data/processed/standardized_masks/refuge/train_n0329.png,REFUGE_train_n0329,train
glaucoma_fundus_imaging_bundle,REFUGE,n0330,data/external/kaggle/glaucoma_fundus_imaging_bundle/REFUGE/train/Images/n0330.jpg,data/processed/standardized_masks/refuge/train_n0330.png,REFUGE_train_n0330,train
glaucoma_fundus_imaging_bundle,REFUGE,n0331,data/external/kaggle/glaucoma_fundus_imaging_bundle/REFUGE/train/Images/n0331.jpg,data/processed/standardized_masks/refuge/train_n0331.png,REFUGE_train_n0331,train
glaucoma_fundus_imaging_bundle,REFUGE,n0332,data/external/kaggle/glaucoma_fundus_imaging_bundle/REFUGE/train/Images/n0332.jpg,data/processed/standardized_masks/refuge/train_n0332.png,REFUGE_train_n0332,train
glaucoma_fundus_imaging_bundle,REFUGE,n0333,data/external/kaggle/glaucoma_fundus_imaging_bundle/REFUGE/train/Images/n0333.jpg,data/processed/standardized_masks/refuge/train_n0333.png,REFUGE_train_n0333,train
glaucoma_fundus_imaging_bundle,REFUGE,n0334,data/external/kaggle/glaucoma_fundus_imaging_bundle/REFUGE/train/Images/n0334.jpg,data/processed/standardized_masks/refuge/train_n0334.png,REFUGE_train_n0334,train
glaucoma_fundus_imaging_bundle,REFUGE,n0335,data/external/kaggle/glaucoma_fundus_imaging_bundle/REFUGE/train/Images/n0335.jpg,data/processed/standardized_masks/refuge/train_n0335.png,REFUGE_train_n0335,train
glaucoma_fundus_imaging_bundle,REFUGE,n0336,data/external/kaggle/glaucoma_fundus_imaging_bundle/REFUGE/train/Images/n0336.jpg,data/processed/standardized_masks/refuge/train_n0336.png,REFUGE_train_n0336,train
glaucoma_fundus_imaging_bundle,REFUGE,n0337,data/external/kaggle/glaucoma_fundus_imaging_bundle/REFUGE/train/Images/n0337.jpg,data/processed/standardized_masks/refuge/train_n0337.png,REFUGE_train_n0337,train
glaucoma_fundus_imaging_bundle,REFUGE,n0338,data/external/kaggle/glaucoma_fundus_imaging_bundle/REFUGE/train/Images/n0338.jpg,data/processed/standardized_masks/refuge/train_n0338.png,REFUGE_train_n0338,train
glaucoma_fundus_imaging_bundle,REFUGE,n0339,data/external/kaggle/glaucoma_fundus_imaging_bundle/REFUGE/train/Images/n0339.jpg,data/processed/standardized_masks/refuge/train_n0339.png,REFUGE_train_n0339,train
glaucoma_fundus_imaging_bundle,REFUGE,n0340,data/external/kaggle/glaucoma_fundus_imaging_bundle/REFUGE/train/Images/n0340.jpg,data/processed/standardized_masks/refuge/train_n0340.png,REFUGE_train_n0340,train
glaucoma_fundus_imaging_bundle,REFUGE,n0341,data/external/kaggle/glaucoma_fundus_imaging_bundle/REFUGE/train/Images/n0341.jpg,data/processed/standardized_masks/refuge/train_n0341.png,REFUGE_train_n0341,train
glaucoma_fundus_imaging_bundle,REFUGE,n0342,data/external/kaggle/glaucoma_fundus_imaging_bundle/REFUGE/train/Images/n0342.jpg,data/processed/standardized_masks/refuge/train_n0342.png,REFUGE_train_n0342,train
glaucoma_fundus_imaging_bundle,REFUGE,n0343,data/external/kaggle/glaucoma_fundus_imaging_bundle/REFUGE/train/Images/n0343.jpg,data/processed/standardized_masks/refuge/train_n0343.png,REFUGE_train_n0343,train
glaucoma_fundus_imaging_bundle,REFUGE,n0344,data/external/kaggle/glaucoma_fundus_imaging_bundle/REFUGE/train/Images/n0344.jpg,data/processed/standardized_masks/refuge/train_n0344.png,REFUGE_train_n0344,train
glaucoma_fundus_imaging_bundle,REFUGE,n0345,data/external/kaggle/glaucoma_fundus_imaging_bundle/REFUGE/train/Images/n0345.jpg,data/processed/standardized_masks/refuge/train_n0345.png,REFUGE_train_n0345,train
glaucoma_fundus_imaging_bundle,REFUGE,n0346,data/external/kaggle/glaucoma_fundus_imaging_bundle/REFUGE/train/Images/n0346.jpg,data/processed/standardized_masks/refuge/train_n0346.png,REFUGE_train_n0346,train
glaucoma_fundus_imaging_bundle,REFUGE,n0347,data/external/kaggle/glaucoma_fundus_imaging_bundle/REFUGE/train/Images/n0347.jpg,data/processed/standardized_masks/refuge/train_n0347.png,REFUGE_train_n0347,train
glaucoma_fundus_imaging_bundle,REFUGE,n0348,data/external/kaggle/glaucoma_fundus_imaging_bundle/REFUGE/train/Images/n0348.jpg,data/processed/standardized_masks/refuge/train_n0348.png,REFUGE_train_n0348,train
glaucoma_fundus_imaging_bundle,REFUGE,n0349,data/external/kaggle/glaucoma_fundus_imaging_bundle/REFUGE/train/Images/n0349.jpg,data/processed/standardized_masks/refuge/train_n0349.png,REFUGE_train_n0349,train
glaucoma_fundus_imaging_bundle,REFUGE,n0350,data/external/kaggle/glaucoma_fundus_imaging_bundle/REFUGE/train/Images/n0350.jpg,data/processed/standardized_masks/refuge/train_n0350.png,REFUGE_train_n0350,train
glaucoma_fundus_imaging_bundle,REFUGE,n0351,data/external/kaggle/glaucoma_fundus_imaging_bundle/REFUGE/train/Images/n0351.jpg,data/processed/standardized_masks/refuge/train_n0351.png,REFUGE_train_n0351,train
glaucoma_fundus_imaging_bundle,REFUGE,n0352,data/external/kaggle/glaucoma_fundus_imaging_bundle/REFUGE/train/Images/n0352.jpg,data/processed/standardized_masks/refuge/train_n0352.png,REFUGE_train_n0352,train
glaucoma_fundus_imaging_bundle,REFUGE,n0353,data/external/kaggle/glaucoma_fundus_imaging_bundle/REFUGE/train/Images/n0353.jpg,data/processed/standardized_masks/refuge/train_n0353.png,REFUGE_train_n0353,train
glaucoma_fundus_imaging_bundle,REFUGE,n0354,data/external/kaggle/glaucoma_fundus_imaging_bundle/REFUGE/train/Images/n0354.jpg,data/processed/standardized_masks/refuge/train_n0354.png,REFUGE_train_n0354,train
glaucoma_fundus_imaging_bundle,REFUGE,n0355,data/external/kaggle/glaucoma_fundus_imaging_bundle/REFUGE/train/Images/n0355.jpg,data/processed/standardized_masks/refuge/train_n0355.png,REFUGE_train_n0355,train
glaucoma_fundus_imaging_bundle,REFUGE,n0356,data/external/kaggle/glaucoma_fundus_imaging_bundle/REFUGE/train/Images/n0356.jpg,data/processed/standardized_masks/refuge/train_n0356.png,REFUGE_train_n0356,train
glaucoma_fundus_imaging_bundle,REFUGE,n0357,data/external/kaggle/glaucoma_fundus_imaging_bundle/REFUGE/train/Images/n0357.jpg,data/processed/standardized_masks/refuge/train_n0357.png,REFUGE_train_n0357,train
glaucoma_fundus_imaging_bundle,REFUGE,n0358,data/external/kaggle/glaucoma_fundus_imaging_bundle/REFUGE/train/Images/n0358.jpg,data/processed/standardized_masks/refuge/train_n0358.png,REFUGE_train_n0358,train
glaucoma_fundus_imaging_bundle,REFUGE,n0359,data/external/kaggle/glaucoma_fundus_imaging_bundle/REFUGE/train/Images/n0359.jpg,data/processed/standardized_masks/refuge/train_n0359.png,REFUGE_train_n0359,train
glaucoma_fundus_imaging_bundle,REFUGE,n0360,data/external/kaggle/glaucoma_fundus_imaging_bundle/REFUGE/train/Images/n0360.jpg,data/processed/standardized_masks/refuge/train_n0360.png,REFUGE_train_n0360,train
glaucoma_fundus_imaging_bundle,REFUGE,V0001,data/external/kaggle/glaucoma_fundus_imaging_bundle/REFUGE/val/Images/V0001.jpg,data/processed/standardized_masks/refuge/val_V0001.png,REFUGE_val_V0001,val
glaucoma_fundus_imaging_bundle,REFUGE,V0002,data/external/kaggle/glaucoma_fundus_imaging_bundle/REFUGE/val/Images/V0002.jpg,data/processed/standardized_masks/refuge/val_V0002.png,REFUGE_val_V0002,val
glaucoma_fundus_imaging_bundle,REFUGE,V0003,data/external/kaggle/glaucoma_fundus_imaging_bundle/REFUGE/val/Images/V0003.jpg,data/processed/standardized_masks/refuge/val_V0003.png,REFUGE_val_V0003,val
glaucoma_fundus_imaging_bundle,REFUGE,V0004,data/external/kaggle/glaucoma_fundus_imaging_bundle/REFUGE/val/Images/V0004.jpg,data/processed/standardized_masks/refuge/val_V0004.png,REFUGE_val_V0004,val
glaucoma_fundus_imaging_bundle,REFUGE,V0005,data/external/kaggle/glaucoma_fundus_imaging_bundle/REFUGE/val/Images/V0005.jpg,data/processed/standardized_masks/refuge/val_V0005.png,REFUGE_val_V0005,val
glaucoma_fundus_imaging_bundle,REFUGE,V0006,data/external/kaggle/glaucoma_fundus_imaging_bundle/REFUGE/val/Images/V0006.jpg,data/processed/standardized_masks/refuge/val_V0006.png,REFUGE_val_V0006,val
glaucoma_fundus_imaging_bundle,REFUGE,V0007,data/external/kaggle/glaucoma_fundus_imaging_bundle/REFUGE/val/Images/V0007.jpg,data/processed/standardized_masks/refuge/val_V0007.png,REFUGE_val_V0007,val
glaucoma_fundus_imaging_bundle,REFUGE,V0008,data/external/kaggle/glaucoma_fundus_imaging_bundle/REFUGE/val/Images/V0008.jpg,data/processed/standardized_masks/refuge/val_V0008.png,REFUGE_val_V0008,val
glaucoma_fundus_imaging_bundle,REFUGE,V0009,data/external/kaggle/glaucoma_fundus_imaging_bundle/REFUGE/val/Images/V0009.jpg,data/processed/standardized_masks/refuge/val_V0009.png,REFUGE_val_V0009,val
glaucoma_fundus_imaging_bundle,REFUGE,V0010,data/external/kaggle/glaucoma_fundus_imaging_bundle/REFUGE/val/Images/V0010.jpg,data/processed/standardized_masks/refuge/val_V0010.png,REFUGE_val_V0010,val
glaucoma_fundus_imaging_bundle,REFUGE,V0011,data/external/kaggle/glaucoma_fundus_imaging_bundle/REFUGE/val/Images/V0011.jpg,data/processed/standardized_masks/refuge/val_V0011.png,REFUGE_val_V0011,val
glaucoma_fundus_imaging_bundle,REFUGE,V0012,data/external/kaggle/glaucoma_fundus_imaging_bundle/REFUGE/val/Images/V0012.jpg,data/processed/standardized_masks/refuge/val_V0012.png,REFUGE_val_V0012,val
glaucoma_fundus_imaging_bundle,REFUGE,V0013,data/external/kaggle/glaucoma_fundus_imaging_bundle/REFUGE/val/Images/V0013.jpg,data/processed/standardized_masks/refuge/val_V0013.png,REFUGE_val_V0013,val
glaucoma_fundus_imaging_bundle,REFUGE,V0014,data/external/kaggle/glaucoma_fundus_imaging_bundle/REFUGE/val/Images/V0014.jpg,data/processed/standardized_masks/refuge/val_V0014.png,REFUGE_val_V0014,val
glaucoma_fundus_imaging_bundle,REFUGE,V0015,data/external/kaggle/glaucoma_fundus_imaging_bundle/REFUGE/val/Images/V0015.jpg,data/processed/standardized_masks/refuge/val_V0015.png,REFUGE_val_V0015,val
glaucoma_fundus_imaging_bundle,REFUGE,V0016,data/external/kaggle/glaucoma_fundus_imaging_bundle/REFUGE/val/Images/V0016.jpg,data/processed/standardized_masks/refuge/val_V0016.png,REFUGE_val_V0016,val
glaucoma_fundus_imaging_bundle,REFUGE,V0017,data/external/kaggle/glaucoma_fundus_imaging_bundle/REFUGE/val/Images/V0017.jpg,data/processed/standardized_masks/refuge/val_V0017.png,REFUGE_val_V0017,val
glaucoma_fundus_imaging_bundle,REFUGE,V0018,data/external/kaggle/glaucoma_fundus_imaging_bundle/REFUGE/val/Images/V0018.jpg,data/processed/standardized_masks/refuge/val_V0018.png,REFUGE_val_V0018,val
glaucoma_fundus_imaging_bundle,REFUGE,V0019,data/external/kaggle/glaucoma_fundus_imaging_bundle/REFUGE/val/Images/V0019.jpg,data/processed/standardized_masks/refuge/val_V0019.png,REFUGE_val_V0019,val
glaucoma_fundus_imaging_bundle,REFUGE,V0020,data/external/kaggle/glaucoma_fundus_imaging_bundle/REFUGE/val/Images/V0020.jpg,data/processed/standardized_masks/refuge/val_V0020.png,REFUGE_val_V0020,val
glaucoma_fundus_imaging_bundle,REFUGE,V0021,data/external/kaggle/glaucoma_fundus_imaging_bundle/REFUGE/val/Images/V0021.jpg,data/processed/standardized_masks/refuge/val_V0021.png,REFUGE_val_V0021,val
glaucoma_fundus_imaging_bundle,REFUGE,V0022,data/external/kaggle/glaucoma_fundus_imaging_bundle/REFUGE/val/Images/V0022.jpg,data/processed/standardized_masks/refuge/val_V0022.png,REFUGE_val_V0022,val
glaucoma_fundus_imaging_bundle,REFUGE,V0023,data/external/kaggle/glaucoma_fundus_imaging_bundle/REFUGE/val/Images/V0023.jpg,data/processed/standardized_masks/refuge/val_V0023.png,REFUGE_val_V0023,val
glaucoma_fundus_imaging_bundle,REFUGE,V0024,data/external/kaggle/glaucoma_fundus_imaging_bundle/REFUGE/val/Images/V0024.jpg,data/processed/standardized_masks/refuge/val_V0024.png,REFUGE_val_V0024,val
glaucoma_fundus_imaging_bundle,REFUGE,V0025,data/external/kaggle/glaucoma_fundus_imaging_bundle/REFUGE/val/Images/V0025.jpg,data/processed/standardized_masks/refuge/val_V0025.png,REFUGE_val_V0025,val
glaucoma_fundus_imaging_bundle,REFUGE,V0026,data/external/kaggle/glaucoma_fundus_imaging_bundle/REFUGE/val/Images/V0026.jpg,data/processed/standardized_masks/refuge/val_V0026.png,REFUGE_val_V0026,val
glaucoma_fundus_imaging_bundle,REFUGE,V0027,data/external/kaggle/glaucoma_fundus_imaging_bundle/REFUGE/val/Images/V0027.jpg,data/processed/standardized_masks/refuge/val_V0027.png,REFUGE_val_V0027,val
glaucoma_fundus_imaging_bundle,REFUGE,V0028,data/external/kaggle/glaucoma_fundus_imaging_bundle/REFUGE/val/Images/V0028.jpg,data/processed/standardized_masks/refuge/val_V0028.png,REFUGE_val_V0028,val
glaucoma_fundus_imaging_bundle,REFUGE,V0029,data/external/kaggle/glaucoma_fundus_imaging_bundle/REFUGE/val/Images/V0029.jpg,data/processed/standardized_masks/refuge/val_V0029.png,REFUGE_val_V0029,val
glaucoma_fundus_imaging_bundle,REFUGE,V0030,data/external/kaggle/glaucoma_fundus_imaging_bundle/REFUGE/val/Images/V0030.jpg,data/processed/standardized_masks/refuge/val_V0030.png,REFUGE_val_V0030,val
glaucoma_fundus_imaging_bundle,REFUGE,V0031,data/external/kaggle/glaucoma_fundus_imaging_bundle/REFUGE/val/Images/V0031.jpg,data/processed/standardized_masks/refuge/val_V0031.png,REFUGE_val_V0031,val
glaucoma_fundus_imaging_bundle,REFUGE,V0032,data/external/kaggle/glaucoma_fundus_imaging_bundle/REFUGE/val/Images/V0032.jpg,data/processed/standardized_masks/refuge/val_V0032.png,REFUGE_val_V0032,val
glaucoma_fundus_imaging_bundle,REFUGE,V0033,data/external/kaggle/glaucoma_fundus_imaging_bundle/REFUGE/val/Images/V0033.jpg,data/processed/standardized_masks/refuge/val_V0033.png,REFUGE_val_V0033,val
glaucoma_fundus_imaging_bundle,REFUGE,V0034,data/external/kaggle/glaucoma_fundus_imaging_bundle/REFUGE/val/Images/V0034.jpg,data/processed/standardized_masks/refuge/val_V0034.png,REFUGE_val_V0034,val
glaucoma_fundus_imaging_bundle,REFUGE,V0035,data/external/kaggle/glaucoma_fundus_imaging_bundle/REFUGE/val/Images/V0035.jpg,data/processed/standardized_masks/refuge/val_V0035.png,REFUGE_val_V0035,val
glaucoma_fundus_imaging_bundle,REFUGE,V0036,data/external/kaggle/glaucoma_fundus_imaging_bundle/REFUGE/val/Images/V0036.jpg,data/processed/standardized_masks/refuge/val_V0036.png,REFUGE_val_V0036,val
glaucoma_fundus_imaging_bundle,REFUGE,V0037,data/external/kaggle/glaucoma_fundus_imaging_bundle/REFUGE/val/Images/V0037.jpg,data/processed/standardized_masks/refuge/val_V0037.png,REFUGE_val_V0037,val
glaucoma_fundus_imaging_bundle,REFUGE,V0038,data/external/kaggle/glaucoma_fundus_imaging_bundle/REFUGE/val/Images/V0038.jpg,data/processed/standardized_masks/refuge/val_V0038.png,REFUGE_val_V0038,val
glaucoma_fundus_imaging_bundle,REFUGE,V0039,data/external/kaggle/glaucoma_fundus_imaging_bundle/REFUGE/val/Images/V0039.jpg,data/processed/standardized_masks/refuge/val_V0039.png,REFUGE_val_V0039,val
glaucoma_fundus_imaging_bundle,REFUGE,V0040,data/external/kaggle/glaucoma_fundus_imaging_bundle/REFUGE/val/Images/V0040.jpg,data/processed/standardized_masks/refuge/val_V0040.png,REFUGE_val_V0040,val
glaucoma_fundus_imaging_bundle,REFUGE,V0041,data/external/kaggle/glaucoma_fundus_imaging_bundle/REFUGE/val/Images/V0041.jpg,data/processed/standardized_masks/refuge/val_V0041.png,REFUGE_val_V0041,val
glaucoma_fundus_imaging_bundle,REFUGE,V0042,data/external/kaggle/glaucoma_fundus_imaging_bundle/REFUGE/val/Images/V0042.jpg,data/processed/standardized_masks/refuge/val_V0042.png,REFUGE_val_V0042,val
glaucoma_fundus_imaging_bundle,REFUGE,V0043,data/external/kaggle/glaucoma_fundus_imaging_bundle/REFUGE/val/Images/V0043.jpg,data/processed/standardized_masks/refuge/val_V0043.png,REFUGE_val_V0043,val
glaucoma_fundus_imaging_bundle,REFUGE,V0044,data/external/kaggle/glaucoma_fundus_imaging_bundle/REFUGE/val/Images/V0044.jpg,data/processed/standardized_masks/refuge/val_V0044.png,REFUGE_val_V0044,val
glaucoma_fundus_imaging_bundle,REFUGE,V0045,data/external/kaggle/glaucoma_fundus_imaging_bundle/REFUGE/val/Images/V0045.jpg,data/processed/standardized_masks/refuge/val_V0045.png,REFUGE_val_V0045,val
glaucoma_fundus_imaging_bundle,REFUGE,V0046,data/external/kaggle/glaucoma_fundus_imaging_bundle/REFUGE/val/Images/V0046.jpg,data/processed/standardized_masks/refuge/val_V0046.png,REFUGE_val_V0046,val
glaucoma_fundus_imaging_bundle,REFUGE,V0047,data/external/kaggle/glaucoma_fundus_imaging_bundle/REFUGE/val/Images/V0047.jpg,data/processed/standardized_masks/refuge/val_V0047.png,REFUGE_val_V0047,val
glaucoma_fundus_imaging_bundle,REFUGE,V0048,data/external/kaggle/glaucoma_fundus_imaging_bundle/REFUGE/val/Images/V0048.jpg,data/processed/standardized_masks/refuge/val_V0048.png,REFUGE_val_V0048,val
glaucoma_fundus_imaging_bundle,REFUGE,V0049,data/external/kaggle/glaucoma_fundus_imaging_bundle/REFUGE/val/Images/V0049.jpg,data/processed/standardized_masks/refuge/val_V0049.png,REFUGE_val_V0049,val
glaucoma_fundus_imaging_bundle,REFUGE,V0050,data/external/kaggle/glaucoma_fundus_imaging_bundle/REFUGE/val/Images/V0050.jpg,data/processed/standardized_masks/refuge/val_V0050.png,REFUGE_val_V0050,val
glaucoma_fundus_imaging_bundle,REFUGE,V0051,data/external/kaggle/glaucoma_fundus_imaging_bundle/REFUGE/val/Images/V0051.jpg,data/processed/standardized_masks/refuge/val_V0051.png,REFUGE_val_V0051,val
glaucoma_fundus_imaging_bundle,REFUGE,V0052,data/external/kaggle/glaucoma_fundus_imaging_bundle/REFUGE/val/Images/V0052.jpg,data/processed/standardized_masks/refuge/val_V0052.png,REFUGE_val_V0052,val
glaucoma_fundus_imaging_bundle,REFUGE,V0053,data/external/kaggle/glaucoma_fundus_imaging_bundle/REFUGE/val/Images/V0053.jpg,data/processed/standardized_masks/refuge/val_V0053.png,REFUGE_val_V0053,val
glaucoma_fundus_imaging_bundle,REFUGE,V0054,data/external/kaggle/glaucoma_fundus_imaging_bundle/REFUGE/val/Images/V0054.jpg,data/processed/standardized_masks/refuge/val_V0054.png,REFUGE_val_V0054,val
glaucoma_fundus_imaging_bundle,REFUGE,V0055,data/external/kaggle/glaucoma_fundus_imaging_bundle/REFUGE/val/Images/V0055.jpg,data/processed/standardized_masks/refuge/val_V0055.png,REFUGE_val_V0055,val
glaucoma_fundus_imaging_bundle,REFUGE,V0056,data/external/kaggle/glaucoma_fundus_imaging_bundle/REFUGE/val/Images/V0056.jpg,data/processed/standardized_masks/refuge/val_V0056.png,REFUGE_val_V0056,val
glaucoma_fundus_imaging_bundle,REFUGE,V0057,data/external/kaggle/glaucoma_fundus_imaging_bundle/REFUGE/val/Images/V0057.jpg,data/processed/standardized_masks/refuge/val_V0057.png,REFUGE_val_V0057,val
glaucoma_fundus_imaging_bundle,REFUGE,V0058,data/external/kaggle/glaucoma_fundus_imaging_bundle/REFUGE/val/Images/V0058.jpg,data/processed/standardized_masks/refuge/val_V0058.png,REFUGE_val_V0058,val
glaucoma_fundus_imaging_bundle,REFUGE,V0059,data/external/kaggle/glaucoma_fundus_imaging_bundle/REFUGE/val/Images/V0059.jpg,data/processed/standardized_masks/refuge/val_V0059.png,REFUGE_val_V0059,val
glaucoma_fundus_imaging_bundle,REFUGE,V0060,data/external/kaggle/glaucoma_fundus_imaging_bundle/REFUGE/val/Images/V0060.jpg,data/processed/standardized_masks/refuge/val_V0060.png,REFUGE_val_V0060,val
glaucoma_fundus_imaging_bundle,REFUGE,V0061,data/external/kaggle/glaucoma_fundus_imaging_bundle/REFUGE/val/Images/V0061.jpg,data/processed/standardized_masks/refuge/val_V0061.png,REFUGE_val_V0061,val
glaucoma_fundus_imaging_bundle,REFUGE,V0062,data/external/kaggle/glaucoma_fundus_imaging_bundle/REFUGE/val/Images/V0062.jpg,data/processed/standardized_masks/refuge/val_V0062.png,REFUGE_val_V0062,val
glaucoma_fundus_imaging_bundle,REFUGE,V0063,data/external/kaggle/glaucoma_fundus_imaging_bundle/REFUGE/val/Images/V0063.jpg,data/processed/standardized_masks/refuge/val_V0063.png,REFUGE_val_V0063,val
glaucoma_fundus_imaging_bundle,REFUGE,V0064,data/external/kaggle/glaucoma_fundus_imaging_bundle/REFUGE/val/Images/V0064.jpg,data/processed/standardized_masks/refuge/val_V0064.png,REFUGE_val_V0064,val
glaucoma_fundus_imaging_bundle,REFUGE,V0065,data/external/kaggle/glaucoma_fundus_imaging_bundle/REFUGE/val/Images/V0065.jpg,data/processed/standardized_masks/refuge/val_V0065.png,REFUGE_val_V0065,val
glaucoma_fundus_imaging_bundle,REFUGE,V0066,data/external/kaggle/glaucoma_fundus_imaging_bundle/REFUGE/val/Images/V0066.jpg,data/processed/standardized_masks/refuge/val_V0066.png,REFUGE_val_V0066,val
glaucoma_fundus_imaging_bundle,REFUGE,V0067,data/external/kaggle/glaucoma_fundus_imaging_bundle/REFUGE/val/Images/V0067.jpg,data/processed/standardized_masks/refuge/val_V0067.png,REFUGE_val_V0067,val
glaucoma_fundus_imaging_bundle,REFUGE,V0068,data/external/kaggle/glaucoma_fundus_imaging_bundle/REFUGE/val/Images/V0068.jpg,data/processed/standardized_masks/refuge/val_V0068.png,REFUGE_val_V0068,val
glaucoma_fundus_imaging_bundle,REFUGE,V0069,data/external/kaggle/glaucoma_fundus_imaging_bundle/REFUGE/val/Images/V0069.jpg,data/processed/standardized_masks/refuge/val_V0069.png,REFUGE_val_V0069,val
glaucoma_fundus_imaging_bundle,REFUGE,V0070,data/external/kaggle/glaucoma_fundus_imaging_bundle/REFUGE/val/Images/V0070.jpg,data/processed/standardized_masks/refuge/val_V0070.png,REFUGE_val_V0070,val
glaucoma_fundus_imaging_bundle,REFUGE,V0071,data/external/kaggle/glaucoma_fundus_imaging_bundle/REFUGE/val/Images/V0071.jpg,data/processed/standardized_masks/refuge/val_V0071.png,REFUGE_val_V0071,val
glaucoma_fundus_imaging_bundle,REFUGE,V0072,data/external/kaggle/glaucoma_fundus_imaging_bundle/REFUGE/val/Images/V0072.jpg,data/processed/standardized_masks/refuge/val_V0072.png,REFUGE_val_V0072,val
glaucoma_fundus_imaging_bundle,REFUGE,V0073,data/external/kaggle/glaucoma_fundus_imaging_bundle/REFUGE/val/Images/V0073.jpg,data/processed/standardized_masks/refuge/val_V0073.png,REFUGE_val_V0073,val
glaucoma_fundus_imaging_bundle,REFUGE,V0074,data/external/kaggle/glaucoma_fundus_imaging_bundle/REFUGE/val/Images/V0074.jpg,data/processed/standardized_masks/refuge/val_V0074.png,REFUGE_val_V0074,val
glaucoma_fundus_imaging_bundle,REFUGE,V0075,data/external/kaggle/glaucoma_fundus_imaging_bundle/REFUGE/val/Images/V0075.jpg,data/processed/standardized_masks/refuge/val_V0075.png,REFUGE_val_V0075,val
glaucoma_fundus_imaging_bundle,REFUGE,V0076,data/external/kaggle/glaucoma_fundus_imaging_bundle/REFUGE/val/Images/V0076.jpg,data/processed/standardized_masks/refuge/val_V0076.png,REFUGE_val_V0076,val
glaucoma_fundus_imaging_bundle,REFUGE,V0077,data/external/kaggle/glaucoma_fundus_imaging_bundle/REFUGE/val/Images/V0077.jpg,data/processed/standardized_masks/refuge/val_V0077.png,REFUGE_val_V0077,val
glaucoma_fundus_imaging_bundle,REFUGE,V0078,data/external/kaggle/glaucoma_fundus_imaging_bundle/REFUGE/val/Images/V0078.jpg,data/processed/standardized_masks/refuge/val_V0078.png,REFUGE_val_V0078,val
glaucoma_fundus_imaging_bundle,REFUGE,V0079,data/external/kaggle/glaucoma_fundus_imaging_bundle/REFUGE/val/Images/V0079.jpg,data/processed/standardized_masks/refuge/val_V0079.png,REFUGE_val_V0079,val
glaucoma_fundus_imaging_bundle,REFUGE,V0080,data/external/kaggle/glaucoma_fundus_imaging_bundle/REFUGE/val/Images/V0080.jpg,data/processed/standardized_masks/refuge/val_V0080.png,REFUGE_val_V0080,val
glaucoma_fundus_imaging_bundle,REFUGE,V0081,data/external/kaggle/glaucoma_fundus_imaging_bundle/REFUGE/val/Images/V0081.jpg,data/processed/standardized_masks/refuge/val_V0081.png,REFUGE_val_V0081,val
glaucoma_fundus_imaging_bundle,REFUGE,V0082,data/external/kaggle/glaucoma_fundus_imaging_bundle/REFUGE/val/Images/V0082.jpg,data/processed/standardized_masks/refuge/val_V0082.png,REFUGE_val_V0082,val
glaucoma_fundus_imaging_bundle,REFUGE,V0083,data/external/kaggle/glaucoma_fundus_imaging_bundle/REFUGE/val/Images/V0083.jpg,data/processed/standardized_masks/refuge/val_V0083.png,REFUGE_val_V0083,val
glaucoma_fundus_imaging_bundle,REFUGE,V0084,data/external/kaggle/glaucoma_fundus_imaging_bundle/REFUGE/val/Images/V0084.jpg,data/processed/standardized_masks/refuge/val_V0084.png,REFUGE_val_V0084,val
glaucoma_fundus_imaging_bundle,REFUGE,V0085,data/external/kaggle/glaucoma_fundus_imaging_bundle/REFUGE/val/Images/V0085.jpg,data/processed/standardized_masks/refuge/val_V0085.png,REFUGE_val_V0085,val
glaucoma_fundus_imaging_bundle,REFUGE,V0086,data/external/kaggle/glaucoma_fundus_imaging_bundle/REFUGE/val/Images/V0086.jpg,data/processed/standardized_masks/refuge/val_V0086.png,REFUGE_val_V0086,val
glaucoma_fundus_imaging_bundle,REFUGE,V0087,data/external/kaggle/glaucoma_fundus_imaging_bundle/REFUGE/val/Images/V0087.jpg,data/processed/standardized_masks/refuge/val_V0087.png,REFUGE_val_V0087,val
glaucoma_fundus_imaging_bundle,REFUGE,V0088,data/external/kaggle/glaucoma_fundus_imaging_bundle/REFUGE/val/Images/V0088.jpg,data/processed/standardized_masks/refuge/val_V0088.png,REFUGE_val_V0088,val
glaucoma_fundus_imaging_bundle,REFUGE,V0089,data/external/kaggle/glaucoma_fundus_imaging_bundle/REFUGE/val/Images/V0089.jpg,data/processed/standardized_masks/refuge/val_V0089.png,REFUGE_val_V0089,val
glaucoma_fundus_imaging_bundle,REFUGE,V0090,data/external/kaggle/glaucoma_fundus_imaging_bundle/REFUGE/val/Images/V0090.jpg,data/processed/standardized_masks/refuge/val_V0090.png,REFUGE_val_V0090,val
glaucoma_fundus_imaging_bundle,REFUGE,V0091,data/external/kaggle/glaucoma_fundus_imaging_bundle/REFUGE/val/Images/V0091.jpg,data/processed/standardized_masks/refuge/val_V0091.png,REFUGE_val_V0091,val
glaucoma_fundus_imaging_bundle,REFUGE,V0092,data/external/kaggle/glaucoma_fundus_imaging_bundle/REFUGE/val/Images/V0092.jpg,data/processed/standardized_masks/refuge/val_V0092.png,REFUGE_val_V0092,val
glaucoma_fundus_imaging_bundle,REFUGE,V0093,data/external/kaggle/glaucoma_fundus_imaging_bundle/REFUGE/val/Images/V0093.jpg,data/processed/standardized_masks/refuge/val_V0093.png,REFUGE_val_V0093,val
glaucoma_fundus_imaging_bundle,REFUGE,V0094,data/external/kaggle/glaucoma_fundus_imaging_bundle/REFUGE/val/Images/V0094.jpg,data/processed/standardized_masks/refuge/val_V0094.png,REFUGE_val_V0094,val
glaucoma_fundus_imaging_bundle,REFUGE,V0095,data/external/kaggle/glaucoma_fundus_imaging_bundle/REFUGE/val/Images/V0095.jpg,data/processed/standardized_masks/refuge/val_V0095.png,REFUGE_val_V0095,val
glaucoma_fundus_imaging_bundle,REFUGE,V0096,data/external/kaggle/glaucoma_fundus_imaging_bundle/REFUGE/val/Images/V0096.jpg,data/processed/standardized_masks/refuge/val_V0096.png,REFUGE_val_V0096,val
glaucoma_fundus_imaging_bundle,REFUGE,V0097,data/external/kaggle/glaucoma_fundus_imaging_bundle/REFUGE/val/Images/V0097.jpg,data/processed/standardized_masks/refuge/val_V0097.png,REFUGE_val_V0097,val
glaucoma_fundus_imaging_bundle,REFUGE,V0098,data/external/kaggle/glaucoma_fundus_imaging_bundle/REFUGE/val/Images/V0098.jpg,data/processed/standardized_masks/refuge/val_V0098.png,REFUGE_val_V0098,val
glaucoma_fundus_imaging_bundle,REFUGE,V0099,data/external/kaggle/glaucoma_fundus_imaging_bundle/REFUGE/val/Images/V0099.jpg,data/processed/standardized_masks/refuge/val_V0099.png,REFUGE_val_V0099,val
glaucoma_fundus_imaging_bundle,REFUGE,V0100,data/external/kaggle/glaucoma_fundus_imaging_bundle/REFUGE/val/Images/V0100.jpg,data/processed/standardized_masks/refuge/val_V0100.png,REFUGE_val_V0100,val
glaucoma_fundus_imaging_bundle,REFUGE,V0101,data/external/kaggle/glaucoma_fundus_imaging_bundle/REFUGE/val/Images/V0101.jpg,data/processed/standardized_masks/refuge/val_V0101.png,REFUGE_val_V0101,val
glaucoma_fundus_imaging_bundle,REFUGE,V0102,data/external/kaggle/glaucoma_fundus_imaging_bundle/REFUGE/val/Images/V0102.jpg,data/processed/standardized_masks/refuge/val_V0102.png,REFUGE_val_V0102,val
glaucoma_fundus_imaging_bundle,REFUGE,V0103,data/external/kaggle/glaucoma_fundus_imaging_bundle/REFUGE/val/Images/V0103.jpg,data/processed/standardized_masks/refuge/val_V0103.png,REFUGE_val_V0103,val
glaucoma_fundus_imaging_bundle,REFUGE,V0104,data/external/kaggle/glaucoma_fundus_imaging_bundle/REFUGE/val/Images/V0104.jpg,data/processed/standardized_masks/refuge/val_V0104.png,REFUGE_val_V0104,val
glaucoma_fundus_imaging_bundle,REFUGE,V0105,data/external/kaggle/glaucoma_fundus_imaging_bundle/REFUGE/val/Images/V0105.jpg,data/processed/standardized_masks/refuge/val_V0105.png,REFUGE_val_V0105,val
glaucoma_fundus_imaging_bundle,REFUGE,V0106,data/external/kaggle/glaucoma_fundus_imaging_bundle/REFUGE/val/Images/V0106.jpg,data/processed/standardized_masks/refuge/val_V0106.png,REFUGE_val_V0106,val
glaucoma_fundus_imaging_bundle,REFUGE,V0107,data/external/kaggle/glaucoma_fundus_imaging_bundle/REFUGE/val/Images/V0107.jpg,data/processed/standardized_masks/refuge/val_V0107.png,REFUGE_val_V0107,val
glaucoma_fundus_imaging_bundle,REFUGE,V0108,data/external/kaggle/glaucoma_fundus_imaging_bundle/REFUGE/val/Images/V0108.jpg,data/processed/standardized_masks/refuge/val_V0108.png,REFUGE_val_V0108,val
glaucoma_fundus_imaging_bundle,REFUGE,V0109,data/external/kaggle/glaucoma_fundus_imaging_bundle/REFUGE/val/Images/V0109.jpg,data/processed/standardized_masks/refuge/val_V0109.png,REFUGE_val_V0109,val
glaucoma_fundus_imaging_bundle,REFUGE,V0110,data/external/kaggle/glaucoma_fundus_imaging_bundle/REFUGE/val/Images/V0110.jpg,data/processed/standardized_masks/refuge/val_V0110.png,REFUGE_val_V0110,val
glaucoma_fundus_imaging_bundle,REFUGE,V0111,data/external/kaggle/glaucoma_fundus_imaging_bundle/REFUGE/val/Images/V0111.jpg,data/processed/standardized_masks/refuge/val_V0111.png,REFUGE_val_V0111,val
glaucoma_fundus_imaging_bundle,REFUGE,V0112,data/external/kaggle/glaucoma_fundus_imaging_bundle/REFUGE/val/Images/V0112.jpg,data/processed/standardized_masks/refuge/val_V0112.png,REFUGE_val_V0112,val
glaucoma_fundus_imaging_bundle,REFUGE,V0113,data/external/kaggle/glaucoma_fundus_imaging_bundle/REFUGE/val/Images/V0113.jpg,data/processed/standardized_masks/refuge/val_V0113.png,REFUGE_val_V0113,val
glaucoma_fundus_imaging_bundle,REFUGE,V0114,data/external/kaggle/glaucoma_fundus_imaging_bundle/REFUGE/val/Images/V0114.jpg,data/processed/standardized_masks/refuge/val_V0114.png,REFUGE_val_V0114,val
glaucoma_fundus_imaging_bundle,REFUGE,V0115,data/external/kaggle/glaucoma_fundus_imaging_bundle/REFUGE/val/Images/V0115.jpg,data/processed/standardized_masks/refuge/val_V0115.png,REFUGE_val_V0115,val
glaucoma_fundus_imaging_bundle,REFUGE,V0116,data/external/kaggle/glaucoma_fundus_imaging_bundle/REFUGE/val/Images/V0116.jpg,data/processed/standardized_masks/refuge/val_V0116.png,REFUGE_val_V0116,val
glaucoma_fundus_imaging_bundle,REFUGE,V0117,data/external/kaggle/glaucoma_fundus_imaging_bundle/REFUGE/val/Images/V0117.jpg,data/processed/standardized_masks/refuge/val_V0117.png,REFUGE_val_V0117,val
glaucoma_fundus_imaging_bundle,REFUGE,V0118,data/external/kaggle/glaucoma_fundus_imaging_bundle/REFUGE/val/Images/V0118.jpg,data/processed/standardized_masks/refuge/val_V0118.png,REFUGE_val_V0118,val
glaucoma_fundus_imaging_bundle,REFUGE,V0119,data/external/kaggle/glaucoma_fundus_imaging_bundle/REFUGE/val/Images/V0119.jpg,data/processed/standardized_masks/refuge/val_V0119.png,REFUGE_val_V0119,val
glaucoma_fundus_imaging_bundle,REFUGE,V0120,data/external/kaggle/glaucoma_fundus_imaging_bundle/REFUGE/val/Images/V0120.jpg,data/processed/standardized_masks/refuge/val_V0120.png,REFUGE_val_V0120,val
glaucoma_fundus_imaging_bundle,REFUGE,V0121,data/external/kaggle/glaucoma_fundus_imaging_bundle/REFUGE/val/Images/V0121.jpg,data/processed/standardized_masks/refuge/val_V0121.png,REFUGE_val_V0121,val
glaucoma_fundus_imaging_bundle,REFUGE,V0122,data/external/kaggle/glaucoma_fundus_imaging_bundle/REFUGE/val/Images/V0122.jpg,data/processed/standardized_masks/refuge/val_V0122.png,REFUGE_val_V0122,val
glaucoma_fundus_imaging_bundle,REFUGE,V0123,data/external/kaggle/glaucoma_fundus_imaging_bundle/REFUGE/val/Images/V0123.jpg,data/processed/standardized_masks/refuge/val_V0123.png,REFUGE_val_V0123,val
glaucoma_fundus_imaging_bundle,REFUGE,V0124,data/external/kaggle/glaucoma_fundus_imaging_bundle/REFUGE/val/Images/V0124.jpg,data/processed/standardized_masks/refuge/val_V0124.png,REFUGE_val_V0124,val
glaucoma_fundus_imaging_bundle,REFUGE,V0125,data/external/kaggle/glaucoma_fundus_imaging_bundle/REFUGE/val/Images/V0125.jpg,data/processed/standardized_masks/refuge/val_V0125.png,REFUGE_val_V0125,val
glaucoma_fundus_imaging_bundle,REFUGE,V0126,data/external/kaggle/glaucoma_fundus_imaging_bundle/REFUGE/val/Images/V0126.jpg,data/processed/standardized_masks/refuge/val_V0126.png,REFUGE_val_V0126,val
glaucoma_fundus_imaging_bundle,REFUGE,V0127,data/external/kaggle/glaucoma_fundus_imaging_bundle/REFUGE/val/Images/V0127.jpg,data/processed/standardized_masks/refuge/val_V0127.png,REFUGE_val_V0127,val
glaucoma_fundus_imaging_bundle,REFUGE,V0128,data/external/kaggle/glaucoma_fundus_imaging_bundle/REFUGE/val/Images/V0128.jpg,data/processed/standardized_masks/refuge/val_V0128.png,REFUGE_val_V0128,val
glaucoma_fundus_imaging_bundle,REFUGE,V0129,data/external/kaggle/glaucoma_fundus_imaging_bundle/REFUGE/val/Images/V0129.jpg,data/processed/standardized_masks/refuge/val_V0129.png,REFUGE_val_V0129,val
glaucoma_fundus_imaging_bundle,REFUGE,V0130,data/external/kaggle/glaucoma_fundus_imaging_bundle/REFUGE/val/Images/V0130.jpg,data/processed/standardized_masks/refuge/val_V0130.png,REFUGE_val_V0130,val
glaucoma_fundus_imaging_bundle,REFUGE,V0131,data/external/kaggle/glaucoma_fundus_imaging_bundle/REFUGE/val/Images/V0131.jpg,data/processed/standardized_masks/refuge/val_V0131.png,REFUGE_val_V0131,val
glaucoma_fundus_imaging_bundle,REFUGE,V0132,data/external/kaggle/glaucoma_fundus_imaging_bundle/REFUGE/val/Images/V0132.jpg,data/processed/standardized_masks/refuge/val_V0132.png,REFUGE_val_V0132,val
glaucoma_fundus_imaging_bundle,REFUGE,V0133,data/external/kaggle/glaucoma_fundus_imaging_bundle/REFUGE/val/Images/V0133.jpg,data/processed/standardized_masks/refuge/val_V0133.png,REFUGE_val_V0133,val
glaucoma_fundus_imaging_bundle,REFUGE,V0134,data/external/kaggle/glaucoma_fundus_imaging_bundle/REFUGE/val/Images/V0134.jpg,data/processed/standardized_masks/refuge/val_V0134.png,REFUGE_val_V0134,val
glaucoma_fundus_imaging_bundle,REFUGE,V0135,data/external/kaggle/glaucoma_fundus_imaging_bundle/REFUGE/val/Images/V0135.jpg,data/processed/standardized_masks/refuge/val_V0135.png,REFUGE_val_V0135,val
glaucoma_fundus_imaging_bundle,REFUGE,V0136,data/external/kaggle/glaucoma_fundus_imaging_bundle/REFUGE/val/Images/V0136.jpg,data/processed/standardized_masks/refuge/val_V0136.png,REFUGE_val_V0136,val
glaucoma_fundus_imaging_bundle,REFUGE,V0137,data/external/kaggle/glaucoma_fundus_imaging_bundle/REFUGE/val/Images/V0137.jpg,data/processed/standardized_masks/refuge/val_V0137.png,REFUGE_val_V0137,val
glaucoma_fundus_imaging_bundle,REFUGE,V0138,data/external/kaggle/glaucoma_fundus_imaging_bundle/REFUGE/val/Images/V0138.jpg,data/processed/standardized_masks/refuge/val_V0138.png,REFUGE_val_V0138,val
glaucoma_fundus_imaging_bundle,REFUGE,V0139,data/external/kaggle/glaucoma_fundus_imaging_bundle/REFUGE/val/Images/V0139.jpg,data/processed/standardized_masks/refuge/val_V0139.png,REFUGE_val_V0139,val
glaucoma_fundus_imaging_bundle,REFUGE,V0140,data/external/kaggle/glaucoma_fundus_imaging_bundle/REFUGE/val/Images/V0140.jpg,data/processed/standardized_masks/refuge/val_V0140.png,REFUGE_val_V0140,val
glaucoma_fundus_imaging_bundle,REFUGE,V0141,data/external/kaggle/glaucoma_fundus_imaging_bundle/REFUGE/val/Images/V0141.jpg,data/processed/standardized_masks/refuge/val_V0141.png,REFUGE_val_V0141,val
glaucoma_fundus_imaging_bundle,REFUGE,V0142,data/external/kaggle/glaucoma_fundus_imaging_bundle/REFUGE/val/Images/V0142.jpg,data/processed/standardized_masks/refuge/val_V0142.png,REFUGE_val_V0142,val
glaucoma_fundus_imaging_bundle,REFUGE,V0143,data/external/kaggle/glaucoma_fundus_imaging_bundle/REFUGE/val/Images/V0143.jpg,data/processed/standardized_masks/refuge/val_V0143.png,REFUGE_val_V0143,val
glaucoma_fundus_imaging_bundle,REFUGE,V0144,data/external/kaggle/glaucoma_fundus_imaging_bundle/REFUGE/val/Images/V0144.jpg,data/processed/standardized_masks/refuge/val_V0144.png,REFUGE_val_V0144,val
glaucoma_fundus_imaging_bundle,REFUGE,V0145,data/external/kaggle/glaucoma_fundus_imaging_bundle/REFUGE/val/Images/V0145.jpg,data/processed/standardized_masks/refuge/val_V0145.png,REFUGE_val_V0145,val
glaucoma_fundus_imaging_bundle,REFUGE,V0146,data/external/kaggle/glaucoma_fundus_imaging_bundle/REFUGE/val/Images/V0146.jpg,data/processed/standardized_masks/refuge/val_V0146.png,REFUGE_val_V0146,val
glaucoma_fundus_imaging_bundle,REFUGE,V0147,data/external/kaggle/glaucoma_fundus_imaging_bundle/REFUGE/val/Images/V0147.jpg,data/processed/standardized_masks/refuge/val_V0147.png,REFUGE_val_V0147,val
glaucoma_fundus_imaging_bundle,REFUGE,V0148,data/external/kaggle/glaucoma_fundus_imaging_bundle/REFUGE/val/Images/V0148.jpg,data/processed/standardized_masks/refuge/val_V0148.png,REFUGE_val_V0148,val
glaucoma_fundus_imaging_bundle,REFUGE,V0149,data/external/kaggle/glaucoma_fundus_imaging_bundle/REFUGE/val/Images/V0149.jpg,data/processed/standardized_masks/refuge/val_V0149.png,REFUGE_val_V0149,val
glaucoma_fundus_imaging_bundle,REFUGE,V0150,data/external/kaggle/glaucoma_fundus_imaging_bundle/REFUGE/val/Images/V0150.jpg,data/processed/standardized_masks/refuge/val_V0150.png,REFUGE_val_V0150,val
glaucoma_fundus_imaging_bundle,REFUGE,V0151,data/external/kaggle/glaucoma_fundus_imaging_bundle/REFUGE/val/Images/V0151.jpg,data/processed/standardized_masks/refuge/val_V0151.png,REFUGE_val_V0151,val
glaucoma_fundus_imaging_bundle,REFUGE,V0152,data/external/kaggle/glaucoma_fundus_imaging_bundle/REFUGE/val/Images/V0152.jpg,data/processed/standardized_masks/refuge/val_V0152.png,REFUGE_val_V0152,val
glaucoma_fundus_imaging_bundle,REFUGE,V0153,data/external/kaggle/glaucoma_fundus_imaging_bundle/REFUGE/val/Images/V0153.jpg,data/processed/standardized_masks/refuge/val_V0153.png,REFUGE_val_V0153,val
glaucoma_fundus_imaging_bundle,REFUGE,V0154,data/external/kaggle/glaucoma_fundus_imaging_bundle/REFUGE/val/Images/V0154.jpg,data/processed/standardized_masks/refuge/val_V0154.png,REFUGE_val_V0154,val
glaucoma_fundus_imaging_bundle,REFUGE,V0155,data/external/kaggle/glaucoma_fundus_imaging_bundle/REFUGE/val/Images/V0155.jpg,data/processed/standardized_masks/refuge/val_V0155.png,REFUGE_val_V0155,val
glaucoma_fundus_imaging_bundle,REFUGE,V0156,data/external/kaggle/glaucoma_fundus_imaging_bundle/REFUGE/val/Images/V0156.jpg,data/processed/standardized_masks/refuge/val_V0156.png,REFUGE_val_V0156,val
glaucoma_fundus_imaging_bundle,REFUGE,V0157,data/external/kaggle/glaucoma_fundus_imaging_bundle/REFUGE/val/Images/V0157.jpg,data/processed/standardized_masks/refuge/val_V0157.png,REFUGE_val_V0157,val
glaucoma_fundus_imaging_bundle,REFUGE,V0158,data/external/kaggle/glaucoma_fundus_imaging_bundle/REFUGE/val/Images/V0158.jpg,data/processed/standardized_masks/refuge/val_V0158.png,REFUGE_val_V0158,val
glaucoma_fundus_imaging_bundle,REFUGE,V0159,data/external/kaggle/glaucoma_fundus_imaging_bundle/REFUGE/val/Images/V0159.jpg,data/processed/standardized_masks/refuge/val_V0159.png,REFUGE_val_V0159,val
glaucoma_fundus_imaging_bundle,REFUGE,V0160,data/external/kaggle/glaucoma_fundus_imaging_bundle/REFUGE/val/Images/V0160.jpg,data/processed/standardized_masks/refuge/val_V0160.png,REFUGE_val_V0160,val
glaucoma_fundus_imaging_bundle,REFUGE,V0161,data/external/kaggle/glaucoma_fundus_imaging_bundle/REFUGE/val/Images/V0161.jpg,data/processed/standardized_masks/refuge/val_V0161.png,REFUGE_val_V0161,val
glaucoma_fundus_imaging_bundle,REFUGE,V0162,data/external/kaggle/glaucoma_fundus_imaging_bundle/REFUGE/val/Images/V0162.jpg,data/processed/standardized_masks/refuge/val_V0162.png,REFUGE_val_V0162,val
glaucoma_fundus_imaging_bundle,REFUGE,V0163,data/external/kaggle/glaucoma_fundus_imaging_bundle/REFUGE/val/Images/V0163.jpg,data/processed/standardized_masks/refuge/val_V0163.png,REFUGE_val_V0163,val
glaucoma_fundus_imaging_bundle,REFUGE,V0164,data/external/kaggle/glaucoma_fundus_imaging_bundle/REFUGE/val/Images/V0164.jpg,data/processed/standardized_masks/refuge/val_V0164.png,REFUGE_val_V0164,val
glaucoma_fundus_imaging_bundle,REFUGE,V0165,data/external/kaggle/glaucoma_fundus_imaging_bundle/REFUGE/val/Images/V0165.jpg,data/processed/standardized_masks/refuge/val_V0165.png,REFUGE_val_V0165,val
glaucoma_fundus_imaging_bundle,REFUGE,V0166,data/external/kaggle/glaucoma_fundus_imaging_bundle/REFUGE/val/Images/V0166.jpg,data/processed/standardized_masks/refuge/val_V0166.png,REFUGE_val_V0166,val
glaucoma_fundus_imaging_bundle,REFUGE,V0167,data/external/kaggle/glaucoma_fundus_imaging_bundle/REFUGE/val/Images/V0167.jpg,data/processed/standardized_masks/refuge/val_V0167.png,REFUGE_val_V0167,val
glaucoma_fundus_imaging_bundle,REFUGE,V0168,data/external/kaggle/glaucoma_fundus_imaging_bundle/REFUGE/val/Images/V0168.jpg,data/processed/standardized_masks/refuge/val_V0168.png,REFUGE_val_V0168,val
glaucoma_fundus_imaging_bundle,REFUGE,V0169,data/external/kaggle/glaucoma_fundus_imaging_bundle/REFUGE/val/Images/V0169.jpg,data/processed/standardized_masks/refuge/val_V0169.png,REFUGE_val_V0169,val
glaucoma_fundus_imaging_bundle,REFUGE,V0170,data/external/kaggle/glaucoma_fundus_imaging_bundle/REFUGE/val/Images/V0170.jpg,data/processed/standardized_masks/refuge/val_V0170.png,REFUGE_val_V0170,val
glaucoma_fundus_imaging_bundle,REFUGE,V0171,data/external/kaggle/glaucoma_fundus_imaging_bundle/REFUGE/val/Images/V0171.jpg,data/processed/standardized_masks/refuge/val_V0171.png,REFUGE_val_V0171,val
glaucoma_fundus_imaging_bundle,REFUGE,V0172,data/external/kaggle/glaucoma_fundus_imaging_bundle/REFUGE/val/Images/V0172.jpg,data/processed/standardized_masks/refuge/val_V0172.png,REFUGE_val_V0172,val
glaucoma_fundus_imaging_bundle,REFUGE,V0173,data/external/kaggle/glaucoma_fundus_imaging_bundle/REFUGE/val/Images/V0173.jpg,data/processed/standardized_masks/refuge/val_V0173.png,REFUGE_val_V0173,val
glaucoma_fundus_imaging_bundle,REFUGE,V0174,data/external/kaggle/glaucoma_fundus_imaging_bundle/REFUGE/val/Images/V0174.jpg,data/processed/standardized_masks/refuge/val_V0174.png,REFUGE_val_V0174,val
glaucoma_fundus_imaging_bundle,REFUGE,V0175,data/external/kaggle/glaucoma_fundus_imaging_bundle/REFUGE/val/Images/V0175.jpg,data/processed/standardized_masks/refuge/val_V0175.png,REFUGE_val_V0175,val
glaucoma_fundus_imaging_bundle,REFUGE,V0176,data/external/kaggle/glaucoma_fundus_imaging_bundle/REFUGE/val/Images/V0176.jpg,data/processed/standardized_masks/refuge/val_V0176.png,REFUGE_val_V0176,val
glaucoma_fundus_imaging_bundle,REFUGE,V0177,data/external/kaggle/glaucoma_fundus_imaging_bundle/REFUGE/val/Images/V0177.jpg,data/processed/standardized_masks/refuge/val_V0177.png,REFUGE_val_V0177,val
glaucoma_fundus_imaging_bundle,REFUGE,V0178,data/external/kaggle/glaucoma_fundus_imaging_bundle/REFUGE/val/Images/V0178.jpg,data/processed/standardized_masks/refuge/val_V0178.png,REFUGE_val_V0178,val
glaucoma_fundus_imaging_bundle,REFUGE,V0179,data/external/kaggle/glaucoma_fundus_imaging_bundle/REFUGE/val/Images/V0179.jpg,data/processed/standardized_masks/refuge/val_V0179.png,REFUGE_val_V0179,val
glaucoma_fundus_imaging_bundle,REFUGE,V0180,data/external/kaggle/glaucoma_fundus_imaging_bundle/REFUGE/val/Images/V0180.jpg,data/processed/standardized_masks/refuge/val_V0180.png,REFUGE_val_V0180,val
glaucoma_fundus_imaging_bundle,REFUGE,V0181,data/external/kaggle/glaucoma_fundus_imaging_bundle/REFUGE/val/Images/V0181.jpg,data/processed/standardized_masks/refuge/val_V0181.png,REFUGE_val_V0181,val
glaucoma_fundus_imaging_bundle,REFUGE,V0182,data/external/kaggle/glaucoma_fundus_imaging_bundle/REFUGE/val/Images/V0182.jpg,data/processed/standardized_masks/refuge/val_V0182.png,REFUGE_val_V0182,val
glaucoma_fundus_imaging_bundle,REFUGE,V0183,data/external/kaggle/glaucoma_fundus_imaging_bundle/REFUGE/val/Images/V0183.jpg,data/processed/standardized_masks/refuge/val_V0183.png,REFUGE_val_V0183,val
glaucoma_fundus_imaging_bundle,REFUGE,V0184,data/external/kaggle/glaucoma_fundus_imaging_bundle/REFUGE/val/Images/V0184.jpg,data/processed/standardized_masks/refuge/val_V0184.png,REFUGE_val_V0184,val
glaucoma_fundus_imaging_bundle,REFUGE,V0185,data/external/kaggle/glaucoma_fundus_imaging_bundle/REFUGE/val/Images/V0185.jpg,data/processed/standardized_masks/refuge/val_V0185.png,REFUGE_val_V0185,val
glaucoma_fundus_imaging_bundle,REFUGE,V0186,data/external/kaggle/glaucoma_fundus_imaging_bundle/REFUGE/val/Images/V0186.jpg,data/processed/standardized_masks/refuge/val_V0186.png,REFUGE_val_V0186,val
glaucoma_fundus_imaging_bundle,REFUGE,V0187,data/external/kaggle/glaucoma_fundus_imaging_bundle/REFUGE/val/Images/V0187.jpg,data/processed/standardized_masks/refuge/val_V0187.png,REFUGE_val_V0187,val
glaucoma_fundus_imaging_bundle,REFUGE,V0188,data/external/kaggle/glaucoma_fundus_imaging_bundle/REFUGE/val/Images/V0188.jpg,data/processed/standardized_masks/refuge/val_V0188.png,REFUGE_val_V0188,val
glaucoma_fundus_imaging_bundle,REFUGE,V0189,data/external/kaggle/glaucoma_fundus_imaging_bundle/REFUGE/val/Images/V0189.jpg,data/processed/standardized_masks/refuge/val_V0189.png,REFUGE_val_V0189,val
glaucoma_fundus_imaging_bundle,REFUGE,V0190,data/external/kaggle/glaucoma_fundus_imaging_bundle/REFUGE/val/Images/V0190.jpg,data/processed/standardized_masks/refuge/val_V0190.png,REFUGE_val_V0190,val
glaucoma_fundus_imaging_bundle,REFUGE,V0191,data/external/kaggle/glaucoma_fundus_imaging_bundle/REFUGE/val/Images/V0191.jpg,data/processed/standardized_masks/refuge/val_V0191.png,REFUGE_val_V0191,val
glaucoma_fundus_imaging_bundle,REFUGE,V0192,data/external/kaggle/glaucoma_fundus_imaging_bundle/REFUGE/val/Images/V0192.jpg,data/processed/standardized_masks/refuge/val_V0192.png,REFUGE_val_V0192,val
glaucoma_fundus_imaging_bundle,REFUGE,V0193,data/external/kaggle/glaucoma_fundus_imaging_bundle/REFUGE/val/Images/V0193.jpg,data/processed/standardized_masks/refuge/val_V0193.png,REFUGE_val_V0193,val
glaucoma_fundus_imaging_bundle,REFUGE,V0194,data/external/kaggle/glaucoma_fundus_imaging_bundle/REFUGE/val/Images/V0194.jpg,data/processed/standardized_masks/refuge/val_V0194.png,REFUGE_val_V0194,val
glaucoma_fundus_imaging_bundle,REFUGE,V0195,data/external/kaggle/glaucoma_fundus_imaging_bundle/REFUGE/val/Images/V0195.jpg,data/processed/standardized_masks/refuge/val_V0195.png,REFUGE_val_V0195,val
glaucoma_fundus_imaging_bundle,REFUGE,V0196,data/external/kaggle/glaucoma_fundus_imaging_bundle/REFUGE/val/Images/V0196.jpg,data/processed/standardized_masks/refuge/val_V0196.png,REFUGE_val_V0196,val
glaucoma_fundus_imaging_bundle,REFUGE,V0197,data/external/kaggle/glaucoma_fundus_imaging_bundle/REFUGE/val/Images/V0197.jpg,data/processed/standardized_masks/refuge/val_V0197.png,REFUGE_val_V0197,val
glaucoma_fundus_imaging_bundle,REFUGE,V0198,data/external/kaggle/glaucoma_fundus_imaging_bundle/REFUGE/val/Images/V0198.jpg,data/processed/standardized_masks/refuge/val_V0198.png,REFUGE_val_V0198,val
glaucoma_fundus_imaging_bundle,REFUGE,V0199,data/external/kaggle/glaucoma_fundus_imaging_bundle/REFUGE/val/Images/V0199.jpg,data/processed/standardized_masks/refuge/val_V0199.png,REFUGE_val_V0199,val
glaucoma_fundus_imaging_bundle,REFUGE,V0200,data/external/kaggle/glaucoma_fundus_imaging_bundle/REFUGE/val/Images/V0200.jpg,data/processed/standardized_masks/refuge/val_V0200.png,REFUGE_val_V0200,val
glaucoma_fundus_imaging_bundle,REFUGE,V0201,data/external/kaggle/glaucoma_fundus_imaging_bundle/REFUGE/val/Images/V0201.jpg,data/processed/standardized_masks/refuge/val_V0201.png,REFUGE_val_V0201,val
glaucoma_fundus_imaging_bundle,REFUGE,V0202,data/external/kaggle/glaucoma_fundus_imaging_bundle/REFUGE/val/Images/V0202.jpg,data/processed/standardized_masks/refuge/val_V0202.png,REFUGE_val_V0202,val
glaucoma_fundus_imaging_bundle,REFUGE,V0203,data/external/kaggle/glaucoma_fundus_imaging_bundle/REFUGE/val/Images/V0203.jpg,data/processed/standardized_masks/refuge/val_V0203.png,REFUGE_val_V0203,val
glaucoma_fundus_imaging_bundle,REFUGE,V0204,data/external/kaggle/glaucoma_fundus_imaging_bundle/REFUGE/val/Images/V0204.jpg,data/processed/standardized_masks/refuge/val_V0204.png,REFUGE_val_V0204,val
glaucoma_fundus_imaging_bundle,REFUGE,V0205,data/external/kaggle/glaucoma_fundus_imaging_bundle/REFUGE/val/Images/V0205.jpg,data/processed/standardized_masks/refuge/val_V0205.png,REFUGE_val_V0205,val
glaucoma_fundus_imaging_bundle,REFUGE,V0206,data/external/kaggle/glaucoma_fundus_imaging_bundle/REFUGE/val/Images/V0206.jpg,data/processed/standardized_masks/refuge/val_V0206.png,REFUGE_val_V0206,val
glaucoma_fundus_imaging_bundle,REFUGE,V0207,data/external/kaggle/glaucoma_fundus_imaging_bundle/REFUGE/val/Images/V0207.jpg,data/processed/standardized_masks/refuge/val_V0207.png,REFUGE_val_V0207,val
glaucoma_fundus_imaging_bundle,REFUGE,V0208,data/external/kaggle/glaucoma_fundus_imaging_bundle/REFUGE/val/Images/V0208.jpg,data/processed/standardized_masks/refuge/val_V0208.png,REFUGE_val_V0208,val
glaucoma_fundus_imaging_bundle,REFUGE,V0209,data/external/kaggle/glaucoma_fundus_imaging_bundle/REFUGE/val/Images/V0209.jpg,data/processed/standardized_masks/refuge/val_V0209.png,REFUGE_val_V0209,val
glaucoma_fundus_imaging_bundle,REFUGE,V0210,data/external/kaggle/glaucoma_fundus_imaging_bundle/REFUGE/val/Images/V0210.jpg,data/processed/standardized_masks/refuge/val_V0210.png,REFUGE_val_V0210,val
glaucoma_fundus_imaging_bundle,REFUGE,V0211,data/external/kaggle/glaucoma_fundus_imaging_bundle/REFUGE/val/Images/V0211.jpg,data/processed/standardized_masks/refuge/val_V0211.png,REFUGE_val_V0211,val
glaucoma_fundus_imaging_bundle,REFUGE,V0212,data/external/kaggle/glaucoma_fundus_imaging_bundle/REFUGE/val/Images/V0212.jpg,data/processed/standardized_masks/refuge/val_V0212.png,REFUGE_val_V0212,val
glaucoma_fundus_imaging_bundle,REFUGE,V0213,data/external/kaggle/glaucoma_fundus_imaging_bundle/REFUGE/val/Images/V0213.jpg,data/processed/standardized_masks/refuge/val_V0213.png,REFUGE_val_V0213,val
glaucoma_fundus_imaging_bundle,REFUGE,V0214,data/external/kaggle/glaucoma_fundus_imaging_bundle/REFUGE/val/Images/V0214.jpg,data/processed/standardized_masks/refuge/val_V0214.png,REFUGE_val_V0214,val
glaucoma_fundus_imaging_bundle,REFUGE,V0215,data/external/kaggle/glaucoma_fundus_imaging_bundle/REFUGE/val/Images/V0215.jpg,data/processed/standardized_masks/refuge/val_V0215.png,REFUGE_val_V0215,val
glaucoma_fundus_imaging_bundle,REFUGE,V0216,data/external/kaggle/glaucoma_fundus_imaging_bundle/REFUGE/val/Images/V0216.jpg,data/processed/standardized_masks/refuge/val_V0216.png,REFUGE_val_V0216,val
glaucoma_fundus_imaging_bundle,REFUGE,V0217,data/external/kaggle/glaucoma_fundus_imaging_bundle/REFUGE/val/Images/V0217.jpg,data/processed/standardized_masks/refuge/val_V0217.png,REFUGE_val_V0217,val
glaucoma_fundus_imaging_bundle,REFUGE,V0218,data/external/kaggle/glaucoma_fundus_imaging_bundle/REFUGE/val/Images/V0218.jpg,data/processed/standardized_masks/refuge/val_V0218.png,REFUGE_val_V0218,val
glaucoma_fundus_imaging_bundle,REFUGE,V0219,data/external/kaggle/glaucoma_fundus_imaging_bundle/REFUGE/val/Images/V0219.jpg,data/processed/standardized_masks/refuge/val_V0219.png,REFUGE_val_V0219,val
glaucoma_fundus_imaging_bundle,REFUGE,V0220,data/external/kaggle/glaucoma_fundus_imaging_bundle/REFUGE/val/Images/V0220.jpg,data/processed/standardized_masks/refuge/val_V0220.png,REFUGE_val_V0220,val
glaucoma_fundus_imaging_bundle,REFUGE,V0221,data/external/kaggle/glaucoma_fundus_imaging_bundle/REFUGE/val/Images/V0221.jpg,data/processed/standardized_masks/refuge/val_V0221.png,REFUGE_val_V0221,val
glaucoma_fundus_imaging_bundle,REFUGE,V0222,data/external/kaggle/glaucoma_fundus_imaging_bundle/REFUGE/val/Images/V0222.jpg,data/processed/standardized_masks/refuge/val_V0222.png,REFUGE_val_V0222,val
glaucoma_fundus_imaging_bundle,REFUGE,V0223,data/external/kaggle/glaucoma_fundus_imaging_bundle/REFUGE/val/Images/V0223.jpg,data/processed/standardized_masks/refuge/val_V0223.png,REFUGE_val_V0223,val
glaucoma_fundus_imaging_bundle,REFUGE,V0224,data/external/kaggle/glaucoma_fundus_imaging_bundle/REFUGE/val/Images/V0224.jpg,data/processed/standardized_masks/refuge/val_V0224.png,REFUGE_val_V0224,val
glaucoma_fundus_imaging_bundle,REFUGE,V0225,data/external/kaggle/glaucoma_fundus_imaging_bundle/REFUGE/val/Images/V0225.jpg,data/processed/standardized_masks/refuge/val_V0225.png,REFUGE_val_V0225,val
glaucoma_fundus_imaging_bundle,REFUGE,V0226,data/external/kaggle/glaucoma_fundus_imaging_bundle/REFUGE/val/Images/V0226.jpg,data/processed/standardized_masks/refuge/val_V0226.png,REFUGE_val_V0226,val
glaucoma_fundus_imaging_bundle,REFUGE,V0227,data/external/kaggle/glaucoma_fundus_imaging_bundle/REFUGE/val/Images/V0227.jpg,data/processed/standardized_masks/refuge/val_V0227.png,REFUGE_val_V0227,val
glaucoma_fundus_imaging_bundle,REFUGE,V0228,data/external/kaggle/glaucoma_fundus_imaging_bundle/REFUGE/val/Images/V0228.jpg,data/processed/standardized_masks/refuge/val_V0228.png,REFUGE_val_V0228,val
glaucoma_fundus_imaging_bundle,REFUGE,V0229,data/external/kaggle/glaucoma_fundus_imaging_bundle/REFUGE/val/Images/V0229.jpg,data/processed/standardized_masks/refuge/val_V0229.png,REFUGE_val_V0229,val
glaucoma_fundus_imaging_bundle,REFUGE,V0230,data/external/kaggle/glaucoma_fundus_imaging_bundle/REFUGE/val/Images/V0230.jpg,data/processed/standardized_masks/refuge/val_V0230.png,REFUGE_val_V0230,val
glaucoma_fundus_imaging_bundle,REFUGE,V0231,data/external/kaggle/glaucoma_fundus_imaging_bundle/REFUGE/val/Images/V0231.jpg,data/processed/standardized_masks/refuge/val_V0231.png,REFUGE_val_V0231,val
glaucoma_fundus_imaging_bundle,REFUGE,V0232,data/external/kaggle/glaucoma_fundus_imaging_bundle/REFUGE/val/Images/V0232.jpg,data/processed/standardized_masks/refuge/val_V0232.png,REFUGE_val_V0232,val
glaucoma_fundus_imaging_bundle,REFUGE,V0233,data/external/kaggle/glaucoma_fundus_imaging_bundle/REFUGE/val/Images/V0233.jpg,data/processed/standardized_masks/refuge/val_V0233.png,REFUGE_val_V0233,val
glaucoma_fundus_imaging_bundle,REFUGE,V0234,data/external/kaggle/glaucoma_fundus_imaging_bundle/REFUGE/val/Images/V0234.jpg,data/processed/standardized_masks/refuge/val_V0234.png,REFUGE_val_V0234,val
glaucoma_fundus_imaging_bundle,REFUGE,V0235,data/external/kaggle/glaucoma_fundus_imaging_bundle/REFUGE/val/Images/V0235.jpg,data/processed/standardized_masks/refuge/val_V0235.png,REFUGE_val_V0235,val
glaucoma_fundus_imaging_bundle,REFUGE,V0236,data/external/kaggle/glaucoma_fundus_imaging_bundle/REFUGE/val/Images/V0236.jpg,data/processed/standardized_masks/refuge/val_V0236.png,REFUGE_val_V0236,val
glaucoma_fundus_imaging_bundle,REFUGE,V0237,data/external/kaggle/glaucoma_fundus_imaging_bundle/REFUGE/val/Images/V0237.jpg,data/processed/standardized_masks/refuge/val_V0237.png,REFUGE_val_V0237,val
glaucoma_fundus_imaging_bundle,REFUGE,V0238,data/external/kaggle/glaucoma_fundus_imaging_bundle/REFUGE/val/Images/V0238.jpg,data/processed/standardized_masks/refuge/val_V0238.png,REFUGE_val_V0238,val
glaucoma_fundus_imaging_bundle,REFUGE,V0239,data/external/kaggle/glaucoma_fundus_imaging_bundle/REFUGE/val/Images/V0239.jpg,data/processed/standardized_masks/refuge/val_V0239.png,REFUGE_val_V0239,val
glaucoma_fundus_imaging_bundle,REFUGE,V0240,data/external/kaggle/glaucoma_fundus_imaging_bundle/REFUGE/val/Images/V0240.jpg,data/processed/standardized_masks/refuge/val_V0240.png,REFUGE_val_V0240,val
glaucoma_fundus_imaging_bundle,REFUGE,V0241,data/external/kaggle/glaucoma_fundus_imaging_bundle/REFUGE/val/Images/V0241.jpg,data/processed/standardized_masks/refuge/val_V0241.png,REFUGE_val_V0241,val
glaucoma_fundus_imaging_bundle,REFUGE,V0242,data/external/kaggle/glaucoma_fundus_imaging_bundle/REFUGE/val/Images/V0242.jpg,data/processed/standardized_masks/refuge/val_V0242.png,REFUGE_val_V0242,val
glaucoma_fundus_imaging_bundle,REFUGE,V0243,data/external/kaggle/glaucoma_fundus_imaging_bundle/REFUGE/val/Images/V0243.jpg,data/processed/standardized_masks/refuge/val_V0243.png,REFUGE_val_V0243,val
glaucoma_fundus_imaging_bundle,REFUGE,V0244,data/external/kaggle/glaucoma_fundus_imaging_bundle/REFUGE/val/Images/V0244.jpg,data/processed/standardized_masks/refuge/val_V0244.png,REFUGE_val_V0244,val
glaucoma_fundus_imaging_bundle,REFUGE,V0245,data/external/kaggle/glaucoma_fundus_imaging_bundle/REFUGE/val/Images/V0245.jpg,data/processed/standardized_masks/refuge/val_V0245.png,REFUGE_val_V0245,val
glaucoma_fundus_imaging_bundle,REFUGE,V0246,data/external/kaggle/glaucoma_fundus_imaging_bundle/REFUGE/val/Images/V0246.jpg,data/processed/standardized_masks/refuge/val_V0246.png,REFUGE_val_V0246,val
glaucoma_fundus_imaging_bundle,REFUGE,V0247,data/external/kaggle/glaucoma_fundus_imaging_bundle/REFUGE/val/Images/V0247.jpg,data/processed/standardized_masks/refuge/val_V0247.png,REFUGE_val_V0247,val
glaucoma_fundus_imaging_bundle,REFUGE,V0248,data/external/kaggle/glaucoma_fundus_imaging_bundle/REFUGE/val/Images/V0248.jpg,data/processed/standardized_masks/refuge/val_V0248.png,REFUGE_val_V0248,val
glaucoma_fundus_imaging_bundle,REFUGE,V0249,data/external/kaggle/glaucoma_fundus_imaging_bundle/REFUGE/val/Images/V0249.jpg,data/processed/standardized_masks/refuge/val_V0249.png,REFUGE_val_V0249,val
glaucoma_fundus_imaging_bundle,REFUGE,V0250,data/external/kaggle/glaucoma_fundus_imaging_bundle/REFUGE/val/Images/V0250.jpg,data/processed/standardized_masks/refuge/val_V0250.png,REFUGE_val_V0250,val
glaucoma_fundus_imaging_bundle,REFUGE,V0251,data/external/kaggle/glaucoma_fundus_imaging_bundle/REFUGE/val/Images/V0251.jpg,data/processed/standardized_masks/refuge/val_V0251.png,REFUGE_val_V0251,val
glaucoma_fundus_imaging_bundle,REFUGE,V0252,data/external/kaggle/glaucoma_fundus_imaging_bundle/REFUGE/val/Images/V0252.jpg,data/processed/standardized_masks/refuge/val_V0252.png,REFUGE_val_V0252,val
glaucoma_fundus_imaging_bundle,REFUGE,V0253,data/external/kaggle/glaucoma_fundus_imaging_bundle/REFUGE/val/Images/V0253.jpg,data/processed/standardized_masks/refuge/val_V0253.png,REFUGE_val_V0253,val
glaucoma_fundus_imaging_bundle,REFUGE,V0254,data/external/kaggle/glaucoma_fundus_imaging_bundle/REFUGE/val/Images/V0254.jpg,data/processed/standardized_masks/refuge/val_V0254.png,REFUGE_val_V0254,val
glaucoma_fundus_imaging_bundle,REFUGE,V0255,data/external/kaggle/glaucoma_fundus_imaging_bundle/REFUGE/val/Images/V0255.jpg,data/processed/standardized_masks/refuge/val_V0255.png,REFUGE_val_V0255,val
glaucoma_fundus_imaging_bundle,REFUGE,V0256,data/external/kaggle/glaucoma_fundus_imaging_bundle/REFUGE/val/Images/V0256.jpg,data/processed/standardized_masks/refuge/val_V0256.png,REFUGE_val_V0256,val
glaucoma_fundus_imaging_bundle,REFUGE,V0257,data/external/kaggle/glaucoma_fundus_imaging_bundle/REFUGE/val/Images/V0257.jpg,data/processed/standardized_masks/refuge/val_V0257.png,REFUGE_val_V0257,val
glaucoma_fundus_imaging_bundle,REFUGE,V0258,data/external/kaggle/glaucoma_fundus_imaging_bundle/REFUGE/val/Images/V0258.jpg,data/processed/standardized_masks/refuge/val_V0258.png,REFUGE_val_V0258,val
glaucoma_fundus_imaging_bundle,REFUGE,V0259,data/external/kaggle/glaucoma_fundus_imaging_bundle/REFUGE/val/Images/V0259.jpg,data/processed/standardized_masks/refuge/val_V0259.png,REFUGE_val_V0259,val
glaucoma_fundus_imaging_bundle,REFUGE,V0260,data/external/kaggle/glaucoma_fundus_imaging_bundle/REFUGE/val/Images/V0260.jpg,data/processed/standardized_masks/refuge/val_V0260.png,REFUGE_val_V0260,val
glaucoma_fundus_imaging_bundle,REFUGE,V0261,data/external/kaggle/glaucoma_fundus_imaging_bundle/REFUGE/val/Images/V0261.jpg,data/processed/standardized_masks/refuge/val_V0261.png,REFUGE_val_V0261,val
glaucoma_fundus_imaging_bundle,REFUGE,V0262,data/external/kaggle/glaucoma_fundus_imaging_bundle/REFUGE/val/Images/V0262.jpg,data/processed/standardized_masks/refuge/val_V0262.png,REFUGE_val_V0262,val
glaucoma_fundus_imaging_bundle,REFUGE,V0263,data/external/kaggle/glaucoma_fundus_imaging_bundle/REFUGE/val/Images/V0263.jpg,data/processed/standardized_masks/refuge/val_V0263.png,REFUGE_val_V0263,val
glaucoma_fundus_imaging_bundle,REFUGE,V0264,data/external/kaggle/glaucoma_fundus_imaging_bundle/REFUGE/val/Images/V0264.jpg,data/processed/standardized_masks/refuge/val_V0264.png,REFUGE_val_V0264,val
glaucoma_fundus_imaging_bundle,REFUGE,V0265,data/external/kaggle/glaucoma_fundus_imaging_bundle/REFUGE/val/Images/V0265.jpg,data/processed/standardized_masks/refuge/val_V0265.png,REFUGE_val_V0265,val
glaucoma_fundus_imaging_bundle,REFUGE,V0266,data/external/kaggle/glaucoma_fundus_imaging_bundle/REFUGE/val/Images/V0266.jpg,data/processed/standardized_masks/refuge/val_V0266.png,REFUGE_val_V0266,val
glaucoma_fundus_imaging_bundle,REFUGE,V0267,data/external/kaggle/glaucoma_fundus_imaging_bundle/REFUGE/val/Images/V0267.jpg,data/processed/standardized_masks/refuge/val_V0267.png,REFUGE_val_V0267,val
glaucoma_fundus_imaging_bundle,REFUGE,V0268,data/external/kaggle/glaucoma_fundus_imaging_bundle/REFUGE/val/Images/V0268.jpg,data/processed/standardized_masks/refuge/val_V0268.png,REFUGE_val_V0268,val
glaucoma_fundus_imaging_bundle,REFUGE,V0269,data/external/kaggle/glaucoma_fundus_imaging_bundle/REFUGE/val/Images/V0269.jpg,data/processed/standardized_masks/refuge/val_V0269.png,REFUGE_val_V0269,val
glaucoma_fundus_imaging_bundle,REFUGE,V0270,data/external/kaggle/glaucoma_fundus_imaging_bundle/REFUGE/val/Images/V0270.jpg,data/processed/standardized_masks/refuge/val_V0270.png,REFUGE_val_V0270,val
glaucoma_fundus_imaging_bundle,REFUGE,V0271,data/external/kaggle/glaucoma_fundus_imaging_bundle/REFUGE/val/Images/V0271.jpg,data/processed/standardized_masks/refuge/val_V0271.png,REFUGE_val_V0271,val
glaucoma_fundus_imaging_bundle,REFUGE,V0272,data/external/kaggle/glaucoma_fundus_imaging_bundle/REFUGE/val/Images/V0272.jpg,data/processed/standardized_masks/refuge/val_V0272.png,REFUGE_val_V0272,val
glaucoma_fundus_imaging_bundle,REFUGE,V0273,data/external/kaggle/glaucoma_fundus_imaging_bundle/REFUGE/val/Images/V0273.jpg,data/processed/standardized_masks/refuge/val_V0273.png,REFUGE_val_V0273,val
glaucoma_fundus_imaging_bundle,REFUGE,V0274,data/external/kaggle/glaucoma_fundus_imaging_bundle/REFUGE/val/Images/V0274.jpg,data/processed/standardized_masks/refuge/val_V0274.png,REFUGE_val_V0274,val
glaucoma_fundus_imaging_bundle,REFUGE,V0275,data/external/kaggle/glaucoma_fundus_imaging_bundle/REFUGE/val/Images/V0275.jpg,data/processed/standardized_masks/refuge/val_V0275.png,REFUGE_val_V0275,val
glaucoma_fundus_imaging_bundle,REFUGE,V0276,data/external/kaggle/glaucoma_fundus_imaging_bundle/REFUGE/val/Images/V0276.jpg,data/processed/standardized_masks/refuge/val_V0276.png,REFUGE_val_V0276,val
glaucoma_fundus_imaging_bundle,REFUGE,V0277,data/external/kaggle/glaucoma_fundus_imaging_bundle/REFUGE/val/Images/V0277.jpg,data/processed/standardized_masks/refuge/val_V0277.png,REFUGE_val_V0277,val
glaucoma_fundus_imaging_bundle,REFUGE,V0278,data/external/kaggle/glaucoma_fundus_imaging_bundle/REFUGE/val/Images/V0278.jpg,data/processed/standardized_masks/refuge/val_V0278.png,REFUGE_val_V0278,val
glaucoma_fundus_imaging_bundle,REFUGE,V0279,data/external/kaggle/glaucoma_fundus_imaging_bundle/REFUGE/val/Images/V0279.jpg,data/processed/standardized_masks/refuge/val_V0279.png,REFUGE_val_V0279,val
glaucoma_fundus_imaging_bundle,REFUGE,V0280,data/external/kaggle/glaucoma_fundus_imaging_bundle/REFUGE/val/Images/V0280.jpg,data/processed/standardized_masks/refuge/val_V0280.png,REFUGE_val_V0280,val
glaucoma_fundus_imaging_bundle,REFUGE,V0281,data/external/kaggle/glaucoma_fundus_imaging_bundle/REFUGE/val/Images/V0281.jpg,data/processed/standardized_masks/refuge/val_V0281.png,REFUGE_val_V0281,val
glaucoma_fundus_imaging_bundle,REFUGE,V0282,data/external/kaggle/glaucoma_fundus_imaging_bundle/REFUGE/val/Images/V0282.jpg,data/processed/standardized_masks/refuge/val_V0282.png,REFUGE_val_V0282,val
glaucoma_fundus_imaging_bundle,REFUGE,V0283,data/external/kaggle/glaucoma_fundus_imaging_bundle/REFUGE/val/Images/V0283.jpg,data/processed/standardized_masks/refuge/val_V0283.png,REFUGE_val_V0283,val
glaucoma_fundus_imaging_bundle,REFUGE,V0284,data/external/kaggle/glaucoma_fundus_imaging_bundle/REFUGE/val/Images/V0284.jpg,data/processed/standardized_masks/refuge/val_V0284.png,REFUGE_val_V0284,val
glaucoma_fundus_imaging_bundle,REFUGE,V0285,data/external/kaggle/glaucoma_fundus_imaging_bundle/REFUGE/val/Images/V0285.jpg,data/processed/standardized_masks/refuge/val_V0285.png,REFUGE_val_V0285,val
glaucoma_fundus_imaging_bundle,REFUGE,V0286,data/external/kaggle/glaucoma_fundus_imaging_bundle/REFUGE/val/Images/V0286.jpg,data/processed/standardized_masks/refuge/val_V0286.png,REFUGE_val_V0286,val
glaucoma_fundus_imaging_bundle,REFUGE,V0287,data/external/kaggle/glaucoma_fundus_imaging_bundle/REFUGE/val/Images/V0287.jpg,data/processed/standardized_masks/refuge/val_V0287.png,REFUGE_val_V0287,val
glaucoma_fundus_imaging_bundle,REFUGE,V0288,data/external/kaggle/glaucoma_fundus_imaging_bundle/REFUGE/val/Images/V0288.jpg,data/processed/standardized_masks/refuge/val_V0288.png,REFUGE_val_V0288,val
glaucoma_fundus_imaging_bundle,REFUGE,V0289,data/external/kaggle/glaucoma_fundus_imaging_bundle/REFUGE/val/Images/V0289.jpg,data/processed/standardized_masks/refuge/val_V0289.png,REFUGE_val_V0289,val
glaucoma_fundus_imaging_bundle,REFUGE,V0290,data/external/kaggle/glaucoma_fundus_imaging_bundle/REFUGE/val/Images/V0290.jpg,data/processed/standardized_masks/refuge/val_V0290.png,REFUGE_val_V0290,val
glaucoma_fundus_imaging_bundle,REFUGE,V0291,data/external/kaggle/glaucoma_fundus_imaging_bundle/REFUGE/val/Images/V0291.jpg,data/processed/standardized_masks/refuge/val_V0291.png,REFUGE_val_V0291,val
glaucoma_fundus_imaging_bundle,REFUGE,V0292,data/external/kaggle/glaucoma_fundus_imaging_bundle/REFUGE/val/Images/V0292.jpg,data/processed/standardized_masks/refuge/val_V0292.png,REFUGE_val_V0292,val
glaucoma_fundus_imaging_bundle,REFUGE,V0293,data/external/kaggle/glaucoma_fundus_imaging_bundle/REFUGE/val/Images/V0293.jpg,data/processed/standardized_masks/refuge/val_V0293.png,REFUGE_val_V0293,val
glaucoma_fundus_imaging_bundle,REFUGE,V0294,data/external/kaggle/glaucoma_fundus_imaging_bundle/REFUGE/val/Images/V0294.jpg,data/processed/standardized_masks/refuge/val_V0294.png,REFUGE_val_V0294,val
glaucoma_fundus_imaging_bundle,REFUGE,V0295,data/external/kaggle/glaucoma_fundus_imaging_bundle/REFUGE/val/Images/V0295.jpg,data/processed/standardized_masks/refuge/val_V0295.png,REFUGE_val_V0295,val
glaucoma_fundus_imaging_bundle,REFUGE,V0296,data/external/kaggle/glaucoma_fundus_imaging_bundle/REFUGE/val/Images/V0296.jpg,data/processed/standardized_masks/refuge/val_V0296.png,REFUGE_val_V0296,val
glaucoma_fundus_imaging_bundle,REFUGE,V0297,data/external/kaggle/glaucoma_fundus_imaging_bundle/REFUGE/val/Images/V0297.jpg,data/processed/standardized_masks/refuge/val_V0297.png,REFUGE_val_V0297,val
glaucoma_fundus_imaging_bundle,REFUGE,V0298,data/external/kaggle/glaucoma_fundus_imaging_bundle/REFUGE/val/Images/V0298.jpg,data/processed/standardized_masks/refuge/val_V0298.png,REFUGE_val_V0298,val
glaucoma_fundus_imaging_bundle,REFUGE,V0299,data/external/kaggle/glaucoma_fundus_imaging_bundle/REFUGE/val/Images/V0299.jpg,data/processed/standardized_masks/refuge/val_V0299.png,REFUGE_val_V0299,val
glaucoma_fundus_imaging_bundle,REFUGE,V0300,data/external/kaggle/glaucoma_fundus_imaging_bundle/REFUGE/val/Images/V0300.jpg,data/processed/standardized_masks/refuge/val_V0300.png,REFUGE_val_V0300,val
glaucoma_fundus_imaging_bundle,REFUGE,V0301,data/external/kaggle/glaucoma_fundus_imaging_bundle/REFUGE/val/Images/V0301.jpg,data/processed/standardized_masks/refuge/val_V0301.png,REFUGE_val_V0301,val
glaucoma_fundus_imaging_bundle,REFUGE,V0302,data/external/kaggle/glaucoma_fundus_imaging_bundle/REFUGE/val/Images/V0302.jpg,data/processed/standardized_masks/refuge/val_V0302.png,REFUGE_val_V0302,val
glaucoma_fundus_imaging_bundle,REFUGE,V0303,data/external/kaggle/glaucoma_fundus_imaging_bundle/REFUGE/val/Images/V0303.jpg,data/processed/standardized_masks/refuge/val_V0303.png,REFUGE_val_V0303,val
glaucoma_fundus_imaging_bundle,REFUGE,V0304,data/external/kaggle/glaucoma_fundus_imaging_bundle/REFUGE/val/Images/V0304.jpg,data/processed/standardized_masks/refuge/val_V0304.png,REFUGE_val_V0304,val
glaucoma_fundus_imaging_bundle,REFUGE,V0305,data/external/kaggle/glaucoma_fundus_imaging_bundle/REFUGE/val/Images/V0305.jpg,data/processed/standardized_masks/refuge/val_V0305.png,REFUGE_val_V0305,val
glaucoma_fundus_imaging_bundle,REFUGE,V0306,data/external/kaggle/glaucoma_fundus_imaging_bundle/REFUGE/val/Images/V0306.jpg,data/processed/standardized_masks/refuge/val_V0306.png,REFUGE_val_V0306,val
glaucoma_fundus_imaging_bundle,REFUGE,V0307,data/external/kaggle/glaucoma_fundus_imaging_bundle/REFUGE/val/Images/V0307.jpg,data/processed/standardized_masks/refuge/val_V0307.png,REFUGE_val_V0307,val
glaucoma_fundus_imaging_bundle,REFUGE,V0308,data/external/kaggle/glaucoma_fundus_imaging_bundle/REFUGE/val/Images/V0308.jpg,data/processed/standardized_masks/refuge/val_V0308.png,REFUGE_val_V0308,val
glaucoma_fundus_imaging_bundle,REFUGE,V0309,data/external/kaggle/glaucoma_fundus_imaging_bundle/REFUGE/val/Images/V0309.jpg,data/processed/standardized_masks/refuge/val_V0309.png,REFUGE_val_V0309,val
glaucoma_fundus_imaging_bundle,REFUGE,V0310,data/external/kaggle/glaucoma_fundus_imaging_bundle/REFUGE/val/Images/V0310.jpg,data/processed/standardized_masks/refuge/val_V0310.png,REFUGE_val_V0310,val
glaucoma_fundus_imaging_bundle,REFUGE,V0311,data/external/kaggle/glaucoma_fundus_imaging_bundle/REFUGE/val/Images/V0311.jpg,data/processed/standardized_masks/refuge/val_V0311.png,REFUGE_val_V0311,val
glaucoma_fundus_imaging_bundle,REFUGE,V0312,data/external/kaggle/glaucoma_fundus_imaging_bundle/REFUGE/val/Images/V0312.jpg,data/processed/standardized_masks/refuge/val_V0312.png,REFUGE_val_V0312,val
glaucoma_fundus_imaging_bundle,REFUGE,V0313,data/external/kaggle/glaucoma_fundus_imaging_bundle/REFUGE/val/Images/V0313.jpg,data/processed/standardized_masks/refuge/val_V0313.png,REFUGE_val_V0313,val
glaucoma_fundus_imaging_bundle,REFUGE,V0314,data/external/kaggle/glaucoma_fundus_imaging_bundle/REFUGE/val/Images/V0314.jpg,data/processed/standardized_masks/refuge/val_V0314.png,REFUGE_val_V0314,val
glaucoma_fundus_imaging_bundle,REFUGE,V0315,data/external/kaggle/glaucoma_fundus_imaging_bundle/REFUGE/val/Images/V0315.jpg,data/processed/standardized_masks/refuge/val_V0315.png,REFUGE_val_V0315,val
glaucoma_fundus_imaging_bundle,REFUGE,V0316,data/external/kaggle/glaucoma_fundus_imaging_bundle/REFUGE/val/Images/V0316.jpg,data/processed/standardized_masks/refuge/val_V0316.png,REFUGE_val_V0316,val
glaucoma_fundus_imaging_bundle,REFUGE,V0317,data/external/kaggle/glaucoma_fundus_imaging_bundle/REFUGE/val/Images/V0317.jpg,data/processed/standardized_masks/refuge/val_V0317.png,REFUGE_val_V0317,val
glaucoma_fundus_imaging_bundle,REFUGE,V0318,data/external/kaggle/glaucoma_fundus_imaging_bundle/REFUGE/val/Images/V0318.jpg,data/processed/standardized_masks/refuge/val_V0318.png,REFUGE_val_V0318,val
glaucoma_fundus_imaging_bundle,REFUGE,V0319,data/external/kaggle/glaucoma_fundus_imaging_bundle/REFUGE/val/Images/V0319.jpg,data/processed/standardized_masks/refuge/val_V0319.png,REFUGE_val_V0319,val
glaucoma_fundus_imaging_bundle,REFUGE,V0320,data/external/kaggle/glaucoma_fundus_imaging_bundle/REFUGE/val/Images/V0320.jpg,data/processed/standardized_masks/refuge/val_V0320.png,REFUGE_val_V0320,val
glaucoma_fundus_imaging_bundle,REFUGE,V0321,data/external/kaggle/glaucoma_fundus_imaging_bundle/REFUGE/val/Images/V0321.jpg,data/processed/standardized_masks/refuge/val_V0321.png,REFUGE_val_V0321,val
glaucoma_fundus_imaging_bundle,REFUGE,V0322,data/external/kaggle/glaucoma_fundus_imaging_bundle/REFUGE/val/Images/V0322.jpg,data/processed/standardized_masks/refuge/val_V0322.png,REFUGE_val_V0322,val
glaucoma_fundus_imaging_bundle,REFUGE,V0323,data/external/kaggle/glaucoma_fundus_imaging_bundle/REFUGE/val/Images/V0323.jpg,data/processed/standardized_masks/refuge/val_V0323.png,REFUGE_val_V0323,val
glaucoma_fundus_imaging_bundle,REFUGE,V0324,data/external/kaggle/glaucoma_fundus_imaging_bundle/REFUGE/val/Images/V0324.jpg,data/processed/standardized_masks/refuge/val_V0324.png,REFUGE_val_V0324,val
glaucoma_fundus_imaging_bundle,REFUGE,V0325,data/external/kaggle/glaucoma_fundus_imaging_bundle/REFUGE/val/Images/V0325.jpg,data/processed/standardized_masks/refuge/val_V0325.png,REFUGE_val_V0325,val
glaucoma_fundus_imaging_bundle,REFUGE,V0326,data/external/kaggle/glaucoma_fundus_imaging_bundle/REFUGE/val/Images/V0326.jpg,data/processed/standardized_masks/refuge/val_V0326.png,REFUGE_val_V0326,val
glaucoma_fundus_imaging_bundle,REFUGE,V0327,data/external/kaggle/glaucoma_fundus_imaging_bundle/REFUGE/val/Images/V0327.jpg,data/processed/standardized_masks/refuge/val_V0327.png,REFUGE_val_V0327,val
glaucoma_fundus_imaging_bundle,REFUGE,V0328,data/external/kaggle/glaucoma_fundus_imaging_bundle/REFUGE/val/Images/V0328.jpg,data/processed/standardized_masks/refuge/val_V0328.png,REFUGE_val_V0328,val
glaucoma_fundus_imaging_bundle,REFUGE,V0329,data/external/kaggle/glaucoma_fundus_imaging_bundle/REFUGE/val/Images/V0329.jpg,data/processed/standardized_masks/refuge/val_V0329.png,REFUGE_val_V0329,val
glaucoma_fundus_imaging_bundle,REFUGE,V0330,data/external/kaggle/glaucoma_fundus_imaging_bundle/REFUGE/val/Images/V0330.jpg,data/processed/standardized_masks/refuge/val_V0330.png,REFUGE_val_V0330,val
glaucoma_fundus_imaging_bundle,REFUGE,V0331,data/external/kaggle/glaucoma_fundus_imaging_bundle/REFUGE/val/Images/V0331.jpg,data/processed/standardized_masks/refuge/val_V0331.png,REFUGE_val_V0331,val
glaucoma_fundus_imaging_bundle,REFUGE,V0332,data/external/kaggle/glaucoma_fundus_imaging_bundle/REFUGE/val/Images/V0332.jpg,data/processed/standardized_masks/refuge/val_V0332.png,REFUGE_val_V0332,val
glaucoma_fundus_imaging_bundle,REFUGE,V0333,data/external/kaggle/glaucoma_fundus_imaging_bundle/REFUGE/val/Images/V0333.jpg,data/processed/standardized_masks/refuge/val_V0333.png,REFUGE_val_V0333,val
glaucoma_fundus_imaging_bundle,REFUGE,V0334,data/external/kaggle/glaucoma_fundus_imaging_bundle/REFUGE/val/Images/V0334.jpg,data/processed/standardized_masks/refuge/val_V0334.png,REFUGE_val_V0334,val
glaucoma_fundus_imaging_bundle,REFUGE,V0335,data/external/kaggle/glaucoma_fundus_imaging_bundle/REFUGE/val/Images/V0335.jpg,data/processed/standardized_masks/refuge/val_V0335.png,REFUGE_val_V0335,val
glaucoma_fundus_imaging_bundle,REFUGE,V0336,data/external/kaggle/glaucoma_fundus_imaging_bundle/REFUGE/val/Images/V0336.jpg,data/processed/standardized_masks/refuge/val_V0336.png,REFUGE_val_V0336,val
glaucoma_fundus_imaging_bundle,REFUGE,V0337,data/external/kaggle/glaucoma_fundus_imaging_bundle/REFUGE/val/Images/V0337.jpg,data/processed/standardized_masks/refuge/val_V0337.png,REFUGE_val_V0337,val
glaucoma_fundus_imaging_bundle,REFUGE,V0338,data/external/kaggle/glaucoma_fundus_imaging_bundle/REFUGE/val/Images/V0338.jpg,data/processed/standardized_masks/refuge/val_V0338.png,REFUGE_val_V0338,val
glaucoma_fundus_imaging_bundle,REFUGE,V0339,data/external/kaggle/glaucoma_fundus_imaging_bundle/REFUGE/val/Images/V0339.jpg,data/processed/standardized_masks/refuge/val_V0339.png,REFUGE_val_V0339,val
glaucoma_fundus_imaging_bundle,REFUGE,V0340,data/external/kaggle/glaucoma_fundus_imaging_bundle/REFUGE/val/Images/V0340.jpg,data/processed/standardized_masks/refuge/val_V0340.png,REFUGE_val_V0340,val
glaucoma_fundus_imaging_bundle,REFUGE,V0341,data/external/kaggle/glaucoma_fundus_imaging_bundle/REFUGE/val/Images/V0341.jpg,data/processed/standardized_masks/refuge/val_V0341.png,REFUGE_val_V0341,val
glaucoma_fundus_imaging_bundle,REFUGE,V0342,data/external/kaggle/glaucoma_fundus_imaging_bundle/REFUGE/val/Images/V0342.jpg,data/processed/standardized_masks/refuge/val_V0342.png,REFUGE_val_V0342,val
glaucoma_fundus_imaging_bundle,REFUGE,V0343,data/external/kaggle/glaucoma_fundus_imaging_bundle/REFUGE/val/Images/V0343.jpg,data/processed/standardized_masks/refuge/val_V0343.png,REFUGE_val_V0343,val
glaucoma_fundus_imaging_bundle,REFUGE,V0344,data/external/kaggle/glaucoma_fundus_imaging_bundle/REFUGE/val/Images/V0344.jpg,data/processed/standardized_masks/refuge/val_V0344.png,REFUGE_val_V0344,val
glaucoma_fundus_imaging_bundle,REFUGE,V0345,data/external/kaggle/glaucoma_fundus_imaging_bundle/REFUGE/val/Images/V0345.jpg,data/processed/standardized_masks/refuge/val_V0345.png,REFUGE_val_V0345,val
glaucoma_fundus_imaging_bundle,REFUGE,V0346,data/external/kaggle/glaucoma_fundus_imaging_bundle/REFUGE/val/Images/V0346.jpg,data/processed/standardized_masks/refuge/val_V0346.png,REFUGE_val_V0346,val
glaucoma_fundus_imaging_bundle,REFUGE,V0347,data/external/kaggle/glaucoma_fundus_imaging_bundle/REFUGE/val/Images/V0347.jpg,data/processed/standardized_masks/refuge/val_V0347.png,REFUGE_val_V0347,val
glaucoma_fundus_imaging_bundle,REFUGE,V0348,data/external/kaggle/glaucoma_fundus_imaging_bundle/REFUGE/val/Images/V0348.jpg,data/processed/standardized_masks/refuge/val_V0348.png,REFUGE_val_V0348,val
glaucoma_fundus_imaging_bundle,REFUGE,V0349,data/external/kaggle/glaucoma_fundus_imaging_bundle/REFUGE/val/Images/V0349.jpg,data/processed/standardized_masks/refuge/val_V0349.png,REFUGE_val_V0349,val
glaucoma_fundus_imaging_bundle,REFUGE,V0350,data/external/kaggle/glaucoma_fundus_imaging_bundle/REFUGE/val/Images/V0350.jpg,data/processed/standardized_masks/refuge/val_V0350.png,REFUGE_val_V0350,val
glaucoma_fundus_imaging_bundle,REFUGE,V0351,data/external/kaggle/glaucoma_fundus_imaging_bundle/REFUGE/val/Images/V0351.jpg,data/processed/standardized_masks/refuge/val_V0351.png,REFUGE_val_V0351,val
glaucoma_fundus_imaging_bundle,REFUGE,V0352,data/external/kaggle/glaucoma_fundus_imaging_bundle/REFUGE/val/Images/V0352.jpg,data/processed/standardized_masks/refuge/val_V0352.png,REFUGE_val_V0352,val
glaucoma_fundus_imaging_bundle,REFUGE,V0353,data/external/kaggle/glaucoma_fundus_imaging_bundle/REFUGE/val/Images/V0353.jpg,data/processed/standardized_masks/refuge/val_V0353.png,REFUGE_val_V0353,val
glaucoma_fundus_imaging_bundle,REFUGE,V0354,data/external/kaggle/glaucoma_fundus_imaging_bundle/REFUGE/val/Images/V0354.jpg,data/processed/standardized_masks/refuge/val_V0354.png,REFUGE_val_V0354,val
glaucoma_fundus_imaging_bundle,REFUGE,V0355,data/external/kaggle/glaucoma_fundus_imaging_bundle/REFUGE/val/Images/V0355.jpg,data/processed/standardized_masks/refuge/val_V0355.png,REFUGE_val_V0355,val
glaucoma_fundus_imaging_bundle,REFUGE,V0356,data/external/kaggle/glaucoma_fundus_imaging_bundle/REFUGE/val/Images/V0356.jpg,data/processed/standardized_masks/refuge/val_V0356.png,REFUGE_val_V0356,val
glaucoma_fundus_imaging_bundle,REFUGE,V0357,data/external/kaggle/glaucoma_fundus_imaging_bundle/REFUGE/val/Images/V0357.jpg,data/processed/standardized_masks/refuge/val_V0357.png,REFUGE_val_V0357,val
glaucoma_fundus_imaging_bundle,REFUGE,V0358,data/external/kaggle/glaucoma_fundus_imaging_bundle/REFUGE/val/Images/V0358.jpg,data/processed/standardized_masks/refuge/val_V0358.png,REFUGE_val_V0358,val
glaucoma_fundus_imaging_bundle,REFUGE,V0359,data/external/kaggle/glaucoma_fundus_imaging_bundle/REFUGE/val/Images/V0359.jpg,data/processed/standardized_masks/refuge/val_V0359.png,REFUGE_val_V0359,val
glaucoma_fundus_imaging_bundle,REFUGE,V0360,data/external/kaggle/glaucoma_fundus_imaging_bundle/REFUGE/val/Images/V0360.jpg,data/processed/standardized_masks/refuge/val_V0360.png,REFUGE_val_V0360,val
glaucoma_fundus_imaging_bundle,REFUGE,V0361,data/external/kaggle/glaucoma_fundus_imaging_bundle/REFUGE/val/Images/V0361.jpg,data/processed/standardized_masks/refuge/val_V0361.png,REFUGE_val_V0361,val
glaucoma_fundus_imaging_bundle,REFUGE,V0362,data/external/kaggle/glaucoma_fundus_imaging_bundle/REFUGE/val/Images/V0362.jpg,data/processed/standardized_masks/refuge/val_V0362.png,REFUGE_val_V0362,val
glaucoma_fundus_imaging_bundle,REFUGE,V0363,data/external/kaggle/glaucoma_fundus_imaging_bundle/REFUGE/val/Images/V0363.jpg,data/processed/standardized_masks/refuge/val_V0363.png,REFUGE_val_V0363,val
glaucoma_fundus_imaging_bundle,REFUGE,V0364,data/external/kaggle/glaucoma_fundus_imaging_bundle/REFUGE/val/Images/V0364.jpg,data/processed/standardized_masks/refuge/val_V0364.png,REFUGE_val_V0364,val
glaucoma_fundus_imaging_bundle,REFUGE,V0365,data/external/kaggle/glaucoma_fundus_imaging_bundle/REFUGE/val/Images/V0365.jpg,data/processed/standardized_masks/refuge/val_V0365.png,REFUGE_val_V0365,val
glaucoma_fundus_imaging_bundle,REFUGE,V0366,data/external/kaggle/glaucoma_fundus_imaging_bundle/REFUGE/val/Images/V0366.jpg,data/processed/standardized_masks/refuge/val_V0366.png,REFUGE_val_V0366,val
glaucoma_fundus_imaging_bundle,REFUGE,V0367,data/external/kaggle/glaucoma_fundus_imaging_bundle/REFUGE/val/Images/V0367.jpg,data/processed/standardized_masks/refuge/val_V0367.png,REFUGE_val_V0367,val
glaucoma_fundus_imaging_bundle,REFUGE,V0368,data/external/kaggle/glaucoma_fundus_imaging_bundle/REFUGE/val/Images/V0368.jpg,data/processed/standardized_masks/refuge/val_V0368.png,REFUGE_val_V0368,val
glaucoma_fundus_imaging_bundle,REFUGE,V0369,data/external/kaggle/glaucoma_fundus_imaging_bundle/REFUGE/val/Images/V0369.jpg,data/processed/standardized_masks/refuge/val_V0369.png,REFUGE_val_V0369,val
glaucoma_fundus_imaging_bundle,REFUGE,V0370,data/external/kaggle/glaucoma_fundus_imaging_bundle/REFUGE/val/Images/V0370.jpg,data/processed/standardized_masks/refuge/val_V0370.png,REFUGE_val_V0370,val
glaucoma_fundus_imaging_bundle,REFUGE,V0371,data/external/kaggle/glaucoma_fundus_imaging_bundle/REFUGE/val/Images/V0371.jpg,data/processed/standardized_masks/refuge/val_V0371.png,REFUGE_val_V0371,val
glaucoma_fundus_imaging_bundle,REFUGE,V0372,data/external/kaggle/glaucoma_fundus_imaging_bundle/REFUGE/val/Images/V0372.jpg,data/processed/standardized_masks/refuge/val_V0372.png,REFUGE_val_V0372,val
glaucoma_fundus_imaging_bundle,REFUGE,V0373,data/external/kaggle/glaucoma_fundus_imaging_bundle/REFUGE/val/Images/V0373.jpg,data/processed/standardized_masks/refuge/val_V0373.png,REFUGE_val_V0373,val
glaucoma_fundus_imaging_bundle,REFUGE,V0374,data/external/kaggle/glaucoma_fundus_imaging_bundle/REFUGE/val/Images/V0374.jpg,data/processed/standardized_masks/refuge/val_V0374.png,REFUGE_val_V0374,val
glaucoma_fundus_imaging_bundle,REFUGE,V0375,data/external/kaggle/glaucoma_fundus_imaging_bundle/REFUGE/val/Images/V0375.jpg,data/processed/standardized_masks/refuge/val_V0375.png,REFUGE_val_V0375,val
glaucoma_fundus_imaging_bundle,REFUGE,V0376,data/external/kaggle/glaucoma_fundus_imaging_bundle/REFUGE/val/Images/V0376.jpg,data/processed/standardized_masks/refuge/val_V0376.png,REFUGE_val_V0376,val
glaucoma_fundus_imaging_bundle,REFUGE,V0377,data/external/kaggle/glaucoma_fundus_imaging_bundle/REFUGE/val/Images/V0377.jpg,data/processed/standardized_masks/refuge/val_V0377.png,REFUGE_val_V0377,val
glaucoma_fundus_imaging_bundle,REFUGE,V0378,data/external/kaggle/glaucoma_fundus_imaging_bundle/REFUGE/val/Images/V0378.jpg,data/processed/standardized_masks/refuge/val_V0378.png,REFUGE_val_V0378,val
glaucoma_fundus_imaging_bundle,REFUGE,V0379,data/external/kaggle/glaucoma_fundus_imaging_bundle/REFUGE/val/Images/V0379.jpg,data/processed/standardized_masks/refuge/val_V0379.png,REFUGE_val_V0379,val
glaucoma_fundus_imaging_bundle,REFUGE,V0380,data/external/kaggle/glaucoma_fundus_imaging_bundle/REFUGE/val/Images/V0380.jpg,data/processed/standardized_masks/refuge/val_V0380.png,REFUGE_val_V0380,val
glaucoma_fundus_imaging_bundle,REFUGE,V0381,data/external/kaggle/glaucoma_fundus_imaging_bundle/REFUGE/val/Images/V0381.jpg,data/processed/standardized_masks/refuge/val_V0381.png,REFUGE_val_V0381,val
glaucoma_fundus_imaging_bundle,REFUGE,V0382,data/external/kaggle/glaucoma_fundus_imaging_bundle/REFUGE/val/Images/V0382.jpg,data/processed/standardized_masks/refuge/val_V0382.png,REFUGE_val_V0382,val
glaucoma_fundus_imaging_bundle,REFUGE,V0383,data/external/kaggle/glaucoma_fundus_imaging_bundle/REFUGE/val/Images/V0383.jpg,data/processed/standardized_masks/refuge/val_V0383.png,REFUGE_val_V0383,val
glaucoma_fundus_imaging_bundle,REFUGE,V0384,data/external/kaggle/glaucoma_fundus_imaging_bundle/REFUGE/val/Images/V0384.jpg,data/processed/standardized_masks/refuge/val_V0384.png,REFUGE_val_V0384,val
glaucoma_fundus_imaging_bundle,REFUGE,V0385,data/external/kaggle/glaucoma_fundus_imaging_bundle/REFUGE/val/Images/V0385.jpg,data/processed/standardized_masks/refuge/val_V0385.png,REFUGE_val_V0385,val
glaucoma_fundus_imaging_bundle,REFUGE,V0386,data/external/kaggle/glaucoma_fundus_imaging_bundle/REFUGE/val/Images/V0386.jpg,data/processed/standardized_masks/refuge/val_V0386.png,REFUGE_val_V0386,val
glaucoma_fundus_imaging_bundle,REFUGE,V0387,data/external/kaggle/glaucoma_fundus_imaging_bundle/REFUGE/val/Images/V0387.jpg,data/processed/standardized_masks/refuge/val_V0387.png,REFUGE_val_V0387,val
glaucoma_fundus_imaging_bundle,REFUGE,V0388,data/external/kaggle/glaucoma_fundus_imaging_bundle/REFUGE/val/Images/V0388.jpg,data/processed/standardized_masks/refuge/val_V0388.png,REFUGE_val_V0388,val
glaucoma_fundus_imaging_bundle,REFUGE,V0389,data/external/kaggle/glaucoma_fundus_imaging_bundle/REFUGE/val/Images/V0389.jpg,data/processed/standardized_masks/refuge/val_V0389.png,REFUGE_val_V0389,val
glaucoma_fundus_imaging_bundle,REFUGE,V0390,data/external/kaggle/glaucoma_fundus_imaging_bundle/REFUGE/val/Images/V0390.jpg,data/processed/standardized_masks/refuge/val_V0390.png,REFUGE_val_V0390,val
glaucoma_fundus_imaging_bundle,REFUGE,V0391,data/external/kaggle/glaucoma_fundus_imaging_bundle/REFUGE/val/Images/V0391.jpg,data/processed/standardized_masks/refuge/val_V0391.png,REFUGE_val_V0391,val
glaucoma_fundus_imaging_bundle,REFUGE,V0392,data/external/kaggle/glaucoma_fundus_imaging_bundle/REFUGE/val/Images/V0392.jpg,data/processed/standardized_masks/refuge/val_V0392.png,REFUGE_val_V0392,val
glaucoma_fundus_imaging_bundle,REFUGE,V0393,data/external/kaggle/glaucoma_fundus_imaging_bundle/REFUGE/val/Images/V0393.jpg,data/processed/standardized_masks/refuge/val_V0393.png,REFUGE_val_V0393,val
glaucoma_fundus_imaging_bundle,REFUGE,V0394,data/external/kaggle/glaucoma_fundus_imaging_bundle/REFUGE/val/Images/V0394.jpg,data/processed/standardized_masks/refuge/val_V0394.png,REFUGE_val_V0394,val
glaucoma_fundus_imaging_bundle,REFUGE,V0395,data/external/kaggle/glaucoma_fundus_imaging_bundle/REFUGE/val/Images/V0395.jpg,data/processed/standardized_masks/refuge/val_V0395.png,REFUGE_val_V0395,val
glaucoma_fundus_imaging_bundle,REFUGE,V0396,data/external/kaggle/glaucoma_fundus_imaging_bundle/REFUGE/val/Images/V0396.jpg,data/processed/standardized_masks/refuge/val_V0396.png,REFUGE_val_V0396,val
glaucoma_fundus_imaging_bundle,REFUGE,V0397,data/external/kaggle/glaucoma_fundus_imaging_bundle/REFUGE/val/Images/V0397.jpg,data/processed/standardized_masks/refuge/val_V0397.png,REFUGE_val_V0397,val
glaucoma_fundus_imaging_bundle,REFUGE,V0398,data/external/kaggle/glaucoma_fundus_imaging_bundle/REFUGE/val/Images/V0398.jpg,data/processed/standardized_masks/refuge/val_V0398.png,REFUGE_val_V0398,val
glaucoma_fundus_imaging_bundle,REFUGE,V0399,data/external/kaggle/glaucoma_fundus_imaging_bundle/REFUGE/val/Images/V0399.jpg,data/processed/standardized_masks/refuge/val_V0399.png,REFUGE_val_V0399,val
glaucoma_fundus_imaging_bundle,REFUGE,V0400,data/external/kaggle/glaucoma_fundus_imaging_bundle/REFUGE/val/Images/V0400.jpg,data/processed/standardized_masks/refuge/val_V0400.png,REFUGE_val_V0400,val
glaucoma_fundus_imaging_bundle,REFUGE,T0001,data/external/kaggle/glaucoma_fundus_imaging_bundle/REFUGE/test/Images/T0001.jpg,data/processed/standardized_masks/refuge/test_T0001.png,REFUGE_test_T0001,test
glaucoma_fundus_imaging_bundle,REFUGE,T0002,data/external/kaggle/glaucoma_fundus_imaging_bundle/REFUGE/test/Images/T0002.jpg,data/processed/standardized_masks/refuge/test_T0002.png,REFUGE_test_T0002,test
glaucoma_fundus_imaging_bundle,REFUGE,T0003,data/external/kaggle/glaucoma_fundus_imaging_bundle/REFUGE/test/Images/T0003.jpg,data/processed/standardized_masks/refuge/test_T0003.png,REFUGE_test_T0003,test
glaucoma_fundus_imaging_bundle,REFUGE,T0004,data/external/kaggle/glaucoma_fundus_imaging_bundle/REFUGE/test/Images/T0004.jpg,data/processed/standardized_masks/refuge/test_T0004.png,REFUGE_test_T0004,test
glaucoma_fundus_imaging_bundle,REFUGE,T0005,data/external/kaggle/glaucoma_fundus_imaging_bundle/REFUGE/test/Images/T0005.jpg,data/processed/standardized_masks/refuge/test_T0005.png,REFUGE_test_T0005,test
glaucoma_fundus_imaging_bundle,REFUGE,T0006,data/external/kaggle/glaucoma_fundus_imaging_bundle/REFUGE/test/Images/T0006.jpg,data/processed/standardized_masks/refuge/test_T0006.png,REFUGE_test_T0006,test
glaucoma_fundus_imaging_bundle,REFUGE,T0007,data/external/kaggle/glaucoma_fundus_imaging_bundle/REFUGE/test/Images/T0007.jpg,data/processed/standardized_masks/refuge/test_T0007.png,REFUGE_test_T0007,test
glaucoma_fundus_imaging_bundle,REFUGE,T0008,data/external/kaggle/glaucoma_fundus_imaging_bundle/REFUGE/test/Images/T0008.jpg,data/processed/standardized_masks/refuge/test_T0008.png,REFUGE_test_T0008,test
glaucoma_fundus_imaging_bundle,REFUGE,T0009,data/external/kaggle/glaucoma_fundus_imaging_bundle/REFUGE/test/Images/T0009.jpg,data/processed/standardized_masks/refuge/test_T0009.png,REFUGE_test_T0009,test
glaucoma_fundus_imaging_bundle,REFUGE,T0010,data/external/kaggle/glaucoma_fundus_imaging_bundle/REFUGE/test/Images/T0010.jpg,data/processed/standardized_masks/refuge/test_T0010.png,REFUGE_test_T0010,test
glaucoma_fundus_imaging_bundle,REFUGE,T0011,data/external/kaggle/glaucoma_fundus_imaging_bundle/REFUGE/test/Images/T0011.jpg,data/processed/standardized_masks/refuge/test_T0011.png,REFUGE_test_T0011,test
glaucoma_fundus_imaging_bundle,REFUGE,T0012,data/external/kaggle/glaucoma_fundus_imaging_bundle/REFUGE/test/Images/T0012.jpg,data/processed/standardized_masks/refuge/test_T0012.png,REFUGE_test_T0012,test
glaucoma_fundus_imaging_bundle,REFUGE,T0013,data/external/kaggle/glaucoma_fundus_imaging_bundle/REFUGE/test/Images/T0013.jpg,data/processed/standardized_masks/refuge/test_T0013.png,REFUGE_test_T0013,test
glaucoma_fundus_imaging_bundle,REFUGE,T0014,data/external/kaggle/glaucoma_fundus_imaging_bundle/REFUGE/test/Images/T0014.jpg,data/processed/standardized_masks/refuge/test_T0014.png,REFUGE_test_T0014,test
glaucoma_fundus_imaging_bundle,REFUGE,T0015,data/external/kaggle/glaucoma_fundus_imaging_bundle/REFUGE/test/Images/T0015.jpg,data/processed/standardized_masks/refuge/test_T0015.png,REFUGE_test_T0015,test
glaucoma_fundus_imaging_bundle,REFUGE,T0016,data/external/kaggle/glaucoma_fundus_imaging_bundle/REFUGE/test/Images/T0016.jpg,data/processed/standardized_masks/refuge/test_T0016.png,REFUGE_test_T0016,test
glaucoma_fundus_imaging_bundle,REFUGE,T0017,data/external/kaggle/glaucoma_fundus_imaging_bundle/REFUGE/test/Images/T0017.jpg,data/processed/standardized_masks/refuge/test_T0017.png,REFUGE_test_T0017,test
glaucoma_fundus_imaging_bundle,REFUGE,T0018,data/external/kaggle/glaucoma_fundus_imaging_bundle/REFUGE/test/Images/T0018.jpg,data/processed/standardized_masks/refuge/test_T0018.png,REFUGE_test_T0018,test
glaucoma_fundus_imaging_bundle,REFUGE,T0019,data/external/kaggle/glaucoma_fundus_imaging_bundle/REFUGE/test/Images/T0019.jpg,data/processed/standardized_masks/refuge/test_T0019.png,REFUGE_test_T0019,test
glaucoma_fundus_imaging_bundle,REFUGE,T0020,data/external/kaggle/glaucoma_fundus_imaging_bundle/REFUGE/test/Images/T0020.jpg,data/processed/standardized_masks/refuge/test_T0020.png,REFUGE_test_T0020,test
glaucoma_fundus_imaging_bundle,REFUGE,T0021,data/external/kaggle/glaucoma_fundus_imaging_bundle/REFUGE/test/Images/T0021.jpg,data/processed/standardized_masks/refuge/test_T0021.png,REFUGE_test_T0021,test
glaucoma_fundus_imaging_bundle,REFUGE,T0022,data/external/kaggle/glaucoma_fundus_imaging_bundle/REFUGE/test/Images/T0022.jpg,data/processed/standardized_masks/refuge/test_T0022.png,REFUGE_test_T0022,test
glaucoma_fundus_imaging_bundle,REFUGE,T0023,data/external/kaggle/glaucoma_fundus_imaging_bundle/REFUGE/test/Images/T0023.jpg,data/processed/standardized_masks/refuge/test_T0023.png,REFUGE_test_T0023,test
glaucoma_fundus_imaging_bundle,REFUGE,T0024,data/external/kaggle/glaucoma_fundus_imaging_bundle/REFUGE/test/Images/T0024.jpg,data/processed/standardized_masks/refuge/test_T0024.png,REFUGE_test_T0024,test
glaucoma_fundus_imaging_bundle,REFUGE,T0025,data/external/kaggle/glaucoma_fundus_imaging_bundle/REFUGE/test/Images/T0025.jpg,data/processed/standardized_masks/refuge/test_T0025.png,REFUGE_test_T0025,test
glaucoma_fundus_imaging_bundle,REFUGE,T0026,data/external/kaggle/glaucoma_fundus_imaging_bundle/REFUGE/test/Images/T0026.jpg,data/processed/standardized_masks/refuge/test_T0026.png,REFUGE_test_T0026,test
glaucoma_fundus_imaging_bundle,REFUGE,T0027,data/external/kaggle/glaucoma_fundus_imaging_bundle/REFUGE/test/Images/T0027.jpg,data/processed/standardized_masks/refuge/test_T0027.png,REFUGE_test_T0027,test
glaucoma_fundus_imaging_bundle,REFUGE,T0028,data/external/kaggle/glaucoma_fundus_imaging_bundle/REFUGE/test/Images/T0028.jpg,data/processed/standardized_masks/refuge/test_T0028.png,REFUGE_test_T0028,test
glaucoma_fundus_imaging_bundle,REFUGE,T0029,data/external/kaggle/glaucoma_fundus_imaging_bundle/REFUGE/test/Images/T0029.jpg,data/processed/standardized_masks/refuge/test_T0029.png,REFUGE_test_T0029,test
glaucoma_fundus_imaging_bundle,REFUGE,T0030,data/external/kaggle/glaucoma_fundus_imaging_bundle/REFUGE/test/Images/T0030.jpg,data/processed/standardized_masks/refuge/test_T0030.png,REFUGE_test_T0030,test
glaucoma_fundus_imaging_bundle,REFUGE,T0031,data/external/kaggle/glaucoma_fundus_imaging_bundle/REFUGE/test/Images/T0031.jpg,data/processed/standardized_masks/refuge/test_T0031.png,REFUGE_test_T0031,test
glaucoma_fundus_imaging_bundle,REFUGE,T0032,data/external/kaggle/glaucoma_fundus_imaging_bundle/REFUGE/test/Images/T0032.jpg,data/processed/standardized_masks/refuge/test_T0032.png,REFUGE_test_T0032,test
glaucoma_fundus_imaging_bundle,REFUGE,T0033,data/external/kaggle/glaucoma_fundus_imaging_bundle/REFUGE/test/Images/T0033.jpg,data/processed/standardized_masks/refuge/test_T0033.png,REFUGE_test_T0033,test
glaucoma_fundus_imaging_bundle,REFUGE,T0034,data/external/kaggle/glaucoma_fundus_imaging_bundle/REFUGE/test/Images/T0034.jpg,data/processed/standardized_masks/refuge/test_T0034.png,REFUGE_test_T0034,test
glaucoma_fundus_imaging_bundle,REFUGE,T0035,data/external/kaggle/glaucoma_fundus_imaging_bundle/REFUGE/test/Images/T0035.jpg,data/processed/standardized_masks/refuge/test_T0035.png,REFUGE_test_T0035,test
glaucoma_fundus_imaging_bundle,REFUGE,T0036,data/external/kaggle/glaucoma_fundus_imaging_bundle/REFUGE/test/Images/T0036.jpg,data/processed/standardized_masks/refuge/test_T0036.png,REFUGE_test_T0036,test
glaucoma_fundus_imaging_bundle,REFUGE,T0037,data/external/kaggle/glaucoma_fundus_imaging_bundle/REFUGE/test/Images/T0037.jpg,data/processed/standardized_masks/refuge/test_T0037.png,REFUGE_test_T0037,test
glaucoma_fundus_imaging_bundle,REFUGE,T0038,data/external/kaggle/glaucoma_fundus_imaging_bundle/REFUGE/test/Images/T0038.jpg,data/processed/standardized_masks/refuge/test_T0038.png,REFUGE_test_T0038,test
glaucoma_fundus_imaging_bundle,REFUGE,T0039,data/external/kaggle/glaucoma_fundus_imaging_bundle/REFUGE/test/Images/T0039.jpg,data/processed/standardized_masks/refuge/test_T0039.png,REFUGE_test_T0039,test
glaucoma_fundus_imaging_bundle,REFUGE,T0040,data/external/kaggle/glaucoma_fundus_imaging_bundle/REFUGE/test/Images/T0040.jpg,data/processed/standardized_masks/refuge/test_T0040.png,REFUGE_test_T0040,test
glaucoma_fundus_imaging_bundle,REFUGE,T0041,data/external/kaggle/glaucoma_fundus_imaging_bundle/REFUGE/test/Images/T0041.jpg,data/processed/standardized_masks/refuge/test_T0041.png,REFUGE_test_T0041,test
glaucoma_fundus_imaging_bundle,REFUGE,T0042,data/external/kaggle/glaucoma_fundus_imaging_bundle/REFUGE/test/Images/T0042.jpg,data/processed/standardized_masks/refuge/test_T0042.png,REFUGE_test_T0042,test
glaucoma_fundus_imaging_bundle,REFUGE,T0043,data/external/kaggle/glaucoma_fundus_imaging_bundle/REFUGE/test/Images/T0043.jpg,data/processed/standardized_masks/refuge/test_T0043.png,REFUGE_test_T0043,test
glaucoma_fundus_imaging_bundle,REFUGE,T0044,data/external/kaggle/glaucoma_fundus_imaging_bundle/REFUGE/test/Images/T0044.jpg,data/processed/standardized_masks/refuge/test_T0044.png,REFUGE_test_T0044,test
glaucoma_fundus_imaging_bundle,REFUGE,T0045,data/external/kaggle/glaucoma_fundus_imaging_bundle/REFUGE/test/Images/T0045.jpg,data/processed/standardized_masks/refuge/test_T0045.png,REFUGE_test_T0045,test
glaucoma_fundus_imaging_bundle,REFUGE,T0046,data/external/kaggle/glaucoma_fundus_imaging_bundle/REFUGE/test/Images/T0046.jpg,data/processed/standardized_masks/refuge/test_T0046.png,REFUGE_test_T0046,test
glaucoma_fundus_imaging_bundle,REFUGE,T0047,data/external/kaggle/glaucoma_fundus_imaging_bundle/REFUGE/test/Images/T0047.jpg,data/processed/standardized_masks/refuge/test_T0047.png,REFUGE_test_T0047,test
glaucoma_fundus_imaging_bundle,REFUGE,T0048,data/external/kaggle/glaucoma_fundus_imaging_bundle/REFUGE/test/Images/T0048.jpg,data/processed/standardized_masks/refuge/test_T0048.png,REFUGE_test_T0048,test
glaucoma_fundus_imaging_bundle,REFUGE,T0049,data/external/kaggle/glaucoma_fundus_imaging_bundle/REFUGE/test/Images/T0049.jpg,data/processed/standardized_masks/refuge/test_T0049.png,REFUGE_test_T0049,test
glaucoma_fundus_imaging_bundle,REFUGE,T0050,data/external/kaggle/glaucoma_fundus_imaging_bundle/REFUGE/test/Images/T0050.jpg,data/processed/standardized_masks/refuge/test_T0050.png,REFUGE_test_T0050,test
glaucoma_fundus_imaging_bundle,REFUGE,T0051,data/external/kaggle/glaucoma_fundus_imaging_bundle/REFUGE/test/Images/T0051.jpg,data/processed/standardized_masks/refuge/test_T0051.png,REFUGE_test_T0051,test
glaucoma_fundus_imaging_bundle,REFUGE,T0052,data/external/kaggle/glaucoma_fundus_imaging_bundle/REFUGE/test/Images/T0052.jpg,data/processed/standardized_masks/refuge/test_T0052.png,REFUGE_test_T0052,test
glaucoma_fundus_imaging_bundle,REFUGE,T0053,data/external/kaggle/glaucoma_fundus_imaging_bundle/REFUGE/test/Images/T0053.jpg,data/processed/standardized_masks/refuge/test_T0053.png,REFUGE_test_T0053,test
glaucoma_fundus_imaging_bundle,REFUGE,T0054,data/external/kaggle/glaucoma_fundus_imaging_bundle/REFUGE/test/Images/T0054.jpg,data/processed/standardized_masks/refuge/test_T0054.png,REFUGE_test_T0054,test
glaucoma_fundus_imaging_bundle,REFUGE,T0055,data/external/kaggle/glaucoma_fundus_imaging_bundle/REFUGE/test/Images/T0055.jpg,data/processed/standardized_masks/refuge/test_T0055.png,REFUGE_test_T0055,test
glaucoma_fundus_imaging_bundle,REFUGE,T0056,data/external/kaggle/glaucoma_fundus_imaging_bundle/REFUGE/test/Images/T0056.jpg,data/processed/standardized_masks/refuge/test_T0056.png,REFUGE_test_T0056,test
glaucoma_fundus_imaging_bundle,REFUGE,T0057,data/external/kaggle/glaucoma_fundus_imaging_bundle/REFUGE/test/Images/T0057.jpg,data/processed/standardized_masks/refuge/test_T0057.png,REFUGE_test_T0057,test
glaucoma_fundus_imaging_bundle,REFUGE,T0058,data/external/kaggle/glaucoma_fundus_imaging_bundle/REFUGE/test/Images/T0058.jpg,data/processed/standardized_masks/refuge/test_T0058.png,REFUGE_test_T0058,test
glaucoma_fundus_imaging_bundle,REFUGE,T0059,data/external/kaggle/glaucoma_fundus_imaging_bundle/REFUGE/test/Images/T0059.jpg,data/processed/standardized_masks/refuge/test_T0059.png,REFUGE_test_T0059,test
glaucoma_fundus_imaging_bundle,REFUGE,T0060,data/external/kaggle/glaucoma_fundus_imaging_bundle/REFUGE/test/Images/T0060.jpg,data/processed/standardized_masks/refuge/test_T0060.png,REFUGE_test_T0060,test
glaucoma_fundus_imaging_bundle,REFUGE,T0061,data/external/kaggle/glaucoma_fundus_imaging_bundle/REFUGE/test/Images/T0061.jpg,data/processed/standardized_masks/refuge/test_T0061.png,REFUGE_test_T0061,test
glaucoma_fundus_imaging_bundle,REFUGE,T0062,data/external/kaggle/glaucoma_fundus_imaging_bundle/REFUGE/test/Images/T0062.jpg,data/processed/standardized_masks/refuge/test_T0062.png,REFUGE_test_T0062,test
glaucoma_fundus_imaging_bundle,REFUGE,T0063,data/external/kaggle/glaucoma_fundus_imaging_bundle/REFUGE/test/Images/T0063.jpg,data/processed/standardized_masks/refuge/test_T0063.png,REFUGE_test_T0063,test
glaucoma_fundus_imaging_bundle,REFUGE,T0064,data/external/kaggle/glaucoma_fundus_imaging_bundle/REFUGE/test/Images/T0064.jpg,data/processed/standardized_masks/refuge/test_T0064.png,REFUGE_test_T0064,test
glaucoma_fundus_imaging_bundle,REFUGE,T0065,data/external/kaggle/glaucoma_fundus_imaging_bundle/REFUGE/test/Images/T0065.jpg,data/processed/standardized_masks/refuge/test_T0065.png,REFUGE_test_T0065,test
glaucoma_fundus_imaging_bundle,REFUGE,T0066,data/external/kaggle/glaucoma_fundus_imaging_bundle/REFUGE/test/Images/T0066.jpg,data/processed/standardized_masks/refuge/test_T0066.png,REFUGE_test_T0066,test
glaucoma_fundus_imaging_bundle,REFUGE,T0067,data/external/kaggle/glaucoma_fundus_imaging_bundle/REFUGE/test/Images/T0067.jpg,data/processed/standardized_masks/refuge/test_T0067.png,REFUGE_test_T0067,test
glaucoma_fundus_imaging_bundle,REFUGE,T0068,data/external/kaggle/glaucoma_fundus_imaging_bundle/REFUGE/test/Images/T0068.jpg,data/processed/standardized_masks/refuge/test_T0068.png,REFUGE_test_T0068,test
glaucoma_fundus_imaging_bundle,REFUGE,T0069,data/external/kaggle/glaucoma_fundus_imaging_bundle/REFUGE/test/Images/T0069.jpg,data/processed/standardized_masks/refuge/test_T0069.png,REFUGE_test_T0069,test
glaucoma_fundus_imaging_bundle,REFUGE,T0070,data/external/kaggle/glaucoma_fundus_imaging_bundle/REFUGE/test/Images/T0070.jpg,data/processed/standardized_masks/refuge/test_T0070.png,REFUGE_test_T0070,test
glaucoma_fundus_imaging_bundle,REFUGE,T0071,data/external/kaggle/glaucoma_fundus_imaging_bundle/REFUGE/test/Images/T0071.jpg,data/processed/standardized_masks/refuge/test_T0071.png,REFUGE_test_T0071,test
glaucoma_fundus_imaging_bundle,REFUGE,T0072,data/external/kaggle/glaucoma_fundus_imaging_bundle/REFUGE/test/Images/T0072.jpg,data/processed/standardized_masks/refuge/test_T0072.png,REFUGE_test_T0072,test
glaucoma_fundus_imaging_bundle,REFUGE,T0073,data/external/kaggle/glaucoma_fundus_imaging_bundle/REFUGE/test/Images/T0073.jpg,data/processed/standardized_masks/refuge/test_T0073.png,REFUGE_test_T0073,test
glaucoma_fundus_imaging_bundle,REFUGE,T0074,data/external/kaggle/glaucoma_fundus_imaging_bundle/REFUGE/test/Images/T0074.jpg,data/processed/standardized_masks/refuge/test_T0074.png,REFUGE_test_T0074,test
glaucoma_fundus_imaging_bundle,REFUGE,T0075,data/external/kaggle/glaucoma_fundus_imaging_bundle/REFUGE/test/Images/T0075.jpg,data/processed/standardized_masks/refuge/test_T0075.png,REFUGE_test_T0075,test
glaucoma_fundus_imaging_bundle,REFUGE,T0076,data/external/kaggle/glaucoma_fundus_imaging_bundle/REFUGE/test/Images/T0076.jpg,data/processed/standardized_masks/refuge/test_T0076.png,REFUGE_test_T0076,test
glaucoma_fundus_imaging_bundle,REFUGE,T0077,data/external/kaggle/glaucoma_fundus_imaging_bundle/REFUGE/test/Images/T0077.jpg,data/processed/standardized_masks/refuge/test_T0077.png,REFUGE_test_T0077,test
glaucoma_fundus_imaging_bundle,REFUGE,T0078,data/external/kaggle/glaucoma_fundus_imaging_bundle/REFUGE/test/Images/T0078.jpg,data/processed/standardized_masks/refuge/test_T0078.png,REFUGE_test_T0078,test
glaucoma_fundus_imaging_bundle,REFUGE,T0079,data/external/kaggle/glaucoma_fundus_imaging_bundle/REFUGE/test/Images/T0079.jpg,data/processed/standardized_masks/refuge/test_T0079.png,REFUGE_test_T0079,test
glaucoma_fundus_imaging_bundle,REFUGE,T0080,data/external/kaggle/glaucoma_fundus_imaging_bundle/REFUGE/test/Images/T0080.jpg,data/processed/standardized_masks/refuge/test_T0080.png,REFUGE_test_T0080,test
glaucoma_fundus_imaging_bundle,REFUGE,T0081,data/external/kaggle/glaucoma_fundus_imaging_bundle/REFUGE/test/Images/T0081.jpg,data/processed/standardized_masks/refuge/test_T0081.png,REFUGE_test_T0081,test
glaucoma_fundus_imaging_bundle,REFUGE,T0082,data/external/kaggle/glaucoma_fundus_imaging_bundle/REFUGE/test/Images/T0082.jpg,data/processed/standardized_masks/refuge/test_T0082.png,REFUGE_test_T0082,test
glaucoma_fundus_imaging_bundle,REFUGE,T0083,data/external/kaggle/glaucoma_fundus_imaging_bundle/REFUGE/test/Images/T0083.jpg,data/processed/standardized_masks/refuge/test_T0083.png,REFUGE_test_T0083,test
glaucoma_fundus_imaging_bundle,REFUGE,T0084,data/external/kaggle/glaucoma_fundus_imaging_bundle/REFUGE/test/Images/T0084.jpg,data/processed/standardized_masks/refuge/test_T0084.png,REFUGE_test_T0084,test
glaucoma_fundus_imaging_bundle,REFUGE,T0085,data/external/kaggle/glaucoma_fundus_imaging_bundle/REFUGE/test/Images/T0085.jpg,data/processed/standardized_masks/refuge/test_T0085.png,REFUGE_test_T0085,test
glaucoma_fundus_imaging_bundle,REFUGE,T0086,data/external/kaggle/glaucoma_fundus_imaging_bundle/REFUGE/test/Images/T0086.jpg,data/processed/standardized_masks/refuge/test_T0086.png,REFUGE_test_T0086,test
glaucoma_fundus_imaging_bundle,REFUGE,T0087,data/external/kaggle/glaucoma_fundus_imaging_bundle/REFUGE/test/Images/T0087.jpg,data/processed/standardized_masks/refuge/test_T0087.png,REFUGE_test_T0087,test
glaucoma_fundus_imaging_bundle,REFUGE,T0088,data/external/kaggle/glaucoma_fundus_imaging_bundle/REFUGE/test/Images/T0088.jpg,data/processed/standardized_masks/refuge/test_T0088.png,REFUGE_test_T0088,test
glaucoma_fundus_imaging_bundle,REFUGE,T0089,data/external/kaggle/glaucoma_fundus_imaging_bundle/REFUGE/test/Images/T0089.jpg,data/processed/standardized_masks/refuge/test_T0089.png,REFUGE_test_T0089,test
glaucoma_fundus_imaging_bundle,REFUGE,T0090,data/external/kaggle/glaucoma_fundus_imaging_bundle/REFUGE/test/Images/T0090.jpg,data/processed/standardized_masks/refuge/test_T0090.png,REFUGE_test_T0090,test
glaucoma_fundus_imaging_bundle,REFUGE,T0091,data/external/kaggle/glaucoma_fundus_imaging_bundle/REFUGE/test/Images/T0091.jpg,data/processed/standardized_masks/refuge/test_T0091.png,REFUGE_test_T0091,test
glaucoma_fundus_imaging_bundle,REFUGE,T0092,data/external/kaggle/glaucoma_fundus_imaging_bundle/REFUGE/test/Images/T0092.jpg,data/processed/standardized_masks/refuge/test_T0092.png,REFUGE_test_T0092,test
glaucoma_fundus_imaging_bundle,REFUGE,T0093,data/external/kaggle/glaucoma_fundus_imaging_bundle/REFUGE/test/Images/T0093.jpg,data/processed/standardized_masks/refuge/test_T0093.png,REFUGE_test_T0093,test
glaucoma_fundus_imaging_bundle,REFUGE,T0094,data/external/kaggle/glaucoma_fundus_imaging_bundle/REFUGE/test/Images/T0094.jpg,data/processed/standardized_masks/refuge/test_T0094.png,REFUGE_test_T0094,test
glaucoma_fundus_imaging_bundle,REFUGE,T0095,data/external/kaggle/glaucoma_fundus_imaging_bundle/REFUGE/test/Images/T0095.jpg,data/processed/standardized_masks/refuge/test_T0095.png,REFUGE_test_T0095,test
glaucoma_fundus_imaging_bundle,REFUGE,T0096,data/external/kaggle/glaucoma_fundus_imaging_bundle/REFUGE/test/Images/T0096.jpg,data/processed/standardized_masks/refuge/test_T0096.png,REFUGE_test_T0096,test
glaucoma_fundus_imaging_bundle,REFUGE,T0097,data/external/kaggle/glaucoma_fundus_imaging_bundle/REFUGE/test/Images/T0097.jpg,data/processed/standardized_masks/refuge/test_T0097.png,REFUGE_test_T0097,test
glaucoma_fundus_imaging_bundle,REFUGE,T0098,data/external/kaggle/glaucoma_fundus_imaging_bundle/REFUGE/test/Images/T0098.jpg,data/processed/standardized_masks/refuge/test_T0098.png,REFUGE_test_T0098,test
glaucoma_fundus_imaging_bundle,REFUGE,T0099,data/external/kaggle/glaucoma_fundus_imaging_bundle/REFUGE/test/Images/T0099.jpg,data/processed/standardized_masks/refuge/test_T0099.png,REFUGE_test_T0099,test
glaucoma_fundus_imaging_bundle,REFUGE,T0100,data/external/kaggle/glaucoma_fundus_imaging_bundle/REFUGE/test/Images/T0100.jpg,data/processed/standardized_masks/refuge/test_T0100.png,REFUGE_test_T0100,test
glaucoma_fundus_imaging_bundle,REFUGE,T0101,data/external/kaggle/glaucoma_fundus_imaging_bundle/REFUGE/test/Images/T0101.jpg,data/processed/standardized_masks/refuge/test_T0101.png,REFUGE_test_T0101,test
glaucoma_fundus_imaging_bundle,REFUGE,T0102,data/external/kaggle/glaucoma_fundus_imaging_bundle/REFUGE/test/Images/T0102.jpg,data/processed/standardized_masks/refuge/test_T0102.png,REFUGE_test_T0102,test
glaucoma_fundus_imaging_bundle,REFUGE,T0103,data/external/kaggle/glaucoma_fundus_imaging_bundle/REFUGE/test/Images/T0103.jpg,data/processed/standardized_masks/refuge/test_T0103.png,REFUGE_test_T0103,test
glaucoma_fundus_imaging_bundle,REFUGE,T0104,data/external/kaggle/glaucoma_fundus_imaging_bundle/REFUGE/test/Images/T0104.jpg,data/processed/standardized_masks/refuge/test_T0104.png,REFUGE_test_T0104,test
glaucoma_fundus_imaging_bundle,REFUGE,T0105,data/external/kaggle/glaucoma_fundus_imaging_bundle/REFUGE/test/Images/T0105.jpg,data/processed/standardized_masks/refuge/test_T0105.png,REFUGE_test_T0105,test
glaucoma_fundus_imaging_bundle,REFUGE,T0106,data/external/kaggle/glaucoma_fundus_imaging_bundle/REFUGE/test/Images/T0106.jpg,data/processed/standardized_masks/refuge/test_T0106.png,REFUGE_test_T0106,test
glaucoma_fundus_imaging_bundle,REFUGE,T0107,data/external/kaggle/glaucoma_fundus_imaging_bundle/REFUGE/test/Images/T0107.jpg,data/processed/standardized_masks/refuge/test_T0107.png,REFUGE_test_T0107,test
glaucoma_fundus_imaging_bundle,REFUGE,T0108,data/external/kaggle/glaucoma_fundus_imaging_bundle/REFUGE/test/Images/T0108.jpg,data/processed/standardized_masks/refuge/test_T0108.png,REFUGE_test_T0108,test
glaucoma_fundus_imaging_bundle,REFUGE,T0109,data/external/kaggle/glaucoma_fundus_imaging_bundle/REFUGE/test/Images/T0109.jpg,data/processed/standardized_masks/refuge/test_T0109.png,REFUGE_test_T0109,test
glaucoma_fundus_imaging_bundle,REFUGE,T0110,data/external/kaggle/glaucoma_fundus_imaging_bundle/REFUGE/test/Images/T0110.jpg,data/processed/standardized_masks/refuge/test_T0110.png,REFUGE_test_T0110,test
glaucoma_fundus_imaging_bundle,REFUGE,T0111,data/external/kaggle/glaucoma_fundus_imaging_bundle/REFUGE/test/Images/T0111.jpg,data/processed/standardized_masks/refuge/test_T0111.png,REFUGE_test_T0111,test
glaucoma_fundus_imaging_bundle,REFUGE,T0112,data/external/kaggle/glaucoma_fundus_imaging_bundle/REFUGE/test/Images/T0112.jpg,data/processed/standardized_masks/refuge/test_T0112.png,REFUGE_test_T0112,test
glaucoma_fundus_imaging_bundle,REFUGE,T0113,data/external/kaggle/glaucoma_fundus_imaging_bundle/REFUGE/test/Images/T0113.jpg,data/processed/standardized_masks/refuge/test_T0113.png,REFUGE_test_T0113,test
glaucoma_fundus_imaging_bundle,REFUGE,T0114,data/external/kaggle/glaucoma_fundus_imaging_bundle/REFUGE/test/Images/T0114.jpg,data/processed/standardized_masks/refuge/test_T0114.png,REFUGE_test_T0114,test
glaucoma_fundus_imaging_bundle,REFUGE,T0115,data/external/kaggle/glaucoma_fundus_imaging_bundle/REFUGE/test/Images/T0115.jpg,data/processed/standardized_masks/refuge/test_T0115.png,REFUGE_test_T0115,test
glaucoma_fundus_imaging_bundle,REFUGE,T0116,data/external/kaggle/glaucoma_fundus_imaging_bundle/REFUGE/test/Images/T0116.jpg,data/processed/standardized_masks/refuge/test_T0116.png,REFUGE_test_T0116,test
glaucoma_fundus_imaging_bundle,REFUGE,T0117,data/external/kaggle/glaucoma_fundus_imaging_bundle/REFUGE/test/Images/T0117.jpg,data/processed/standardized_masks/refuge/test_T0117.png,REFUGE_test_T0117,test
glaucoma_fundus_imaging_bundle,REFUGE,T0118,data/external/kaggle/glaucoma_fundus_imaging_bundle/REFUGE/test/Images/T0118.jpg,data/processed/standardized_masks/refuge/test_T0118.png,REFUGE_test_T0118,test
glaucoma_fundus_imaging_bundle,REFUGE,T0119,data/external/kaggle/glaucoma_fundus_imaging_bundle/REFUGE/test/Images/T0119.jpg,data/processed/standardized_masks/refuge/test_T0119.png,REFUGE_test_T0119,test
glaucoma_fundus_imaging_bundle,REFUGE,T0120,data/external/kaggle/glaucoma_fundus_imaging_bundle/REFUGE/test/Images/T0120.jpg,data/processed/standardized_masks/refuge/test_T0120.png,REFUGE_test_T0120,test
glaucoma_fundus_imaging_bundle,REFUGE,T0121,data/external/kaggle/glaucoma_fundus_imaging_bundle/REFUGE/test/Images/T0121.jpg,data/processed/standardized_masks/refuge/test_T0121.png,REFUGE_test_T0121,test
glaucoma_fundus_imaging_bundle,REFUGE,T0122,data/external/kaggle/glaucoma_fundus_imaging_bundle/REFUGE/test/Images/T0122.jpg,data/processed/standardized_masks/refuge/test_T0122.png,REFUGE_test_T0122,test
glaucoma_fundus_imaging_bundle,REFUGE,T0123,data/external/kaggle/glaucoma_fundus_imaging_bundle/REFUGE/test/Images/T0123.jpg,data/processed/standardized_masks/refuge/test_T0123.png,REFUGE_test_T0123,test
glaucoma_fundus_imaging_bundle,REFUGE,T0124,data/external/kaggle/glaucoma_fundus_imaging_bundle/REFUGE/test/Images/T0124.jpg,data/processed/standardized_masks/refuge/test_T0124.png,REFUGE_test_T0124,test
glaucoma_fundus_imaging_bundle,REFUGE,T0125,data/external/kaggle/glaucoma_fundus_imaging_bundle/REFUGE/test/Images/T0125.jpg,data/processed/standardized_masks/refuge/test_T0125.png,REFUGE_test_T0125,test
glaucoma_fundus_imaging_bundle,REFUGE,T0126,data/external/kaggle/glaucoma_fundus_imaging_bundle/REFUGE/test/Images/T0126.jpg,data/processed/standardized_masks/refuge/test_T0126.png,REFUGE_test_T0126,test
glaucoma_fundus_imaging_bundle,REFUGE,T0127,data/external/kaggle/glaucoma_fundus_imaging_bundle/REFUGE/test/Images/T0127.jpg,data/processed/standardized_masks/refuge/test_T0127.png,REFUGE_test_T0127,test
glaucoma_fundus_imaging_bundle,REFUGE,T0128,data/external/kaggle/glaucoma_fundus_imaging_bundle/REFUGE/test/Images/T0128.jpg,data/processed/standardized_masks/refuge/test_T0128.png,REFUGE_test_T0128,test
glaucoma_fundus_imaging_bundle,REFUGE,T0129,data/external/kaggle/glaucoma_fundus_imaging_bundle/REFUGE/test/Images/T0129.jpg,data/processed/standardized_masks/refuge/test_T0129.png,REFUGE_test_T0129,test
glaucoma_fundus_imaging_bundle,REFUGE,T0130,data/external/kaggle/glaucoma_fundus_imaging_bundle/REFUGE/test/Images/T0130.jpg,data/processed/standardized_masks/refuge/test_T0130.png,REFUGE_test_T0130,test
glaucoma_fundus_imaging_bundle,REFUGE,T0131,data/external/kaggle/glaucoma_fundus_imaging_bundle/REFUGE/test/Images/T0131.jpg,data/processed/standardized_masks/refuge/test_T0131.png,REFUGE_test_T0131,test
glaucoma_fundus_imaging_bundle,REFUGE,T0132,data/external/kaggle/glaucoma_fundus_imaging_bundle/REFUGE/test/Images/T0132.jpg,data/processed/standardized_masks/refuge/test_T0132.png,REFUGE_test_T0132,test
glaucoma_fundus_imaging_bundle,REFUGE,T0133,data/external/kaggle/glaucoma_fundus_imaging_bundle/REFUGE/test/Images/T0133.jpg,data/processed/standardized_masks/refuge/test_T0133.png,REFUGE_test_T0133,test
glaucoma_fundus_imaging_bundle,REFUGE,T0134,data/external/kaggle/glaucoma_fundus_imaging_bundle/REFUGE/test/Images/T0134.jpg,data/processed/standardized_masks/refuge/test_T0134.png,REFUGE_test_T0134,test
glaucoma_fundus_imaging_bundle,REFUGE,T0135,data/external/kaggle/glaucoma_fundus_imaging_bundle/REFUGE/test/Images/T0135.jpg,data/processed/standardized_masks/refuge/test_T0135.png,REFUGE_test_T0135,test
glaucoma_fundus_imaging_bundle,REFUGE,T0136,data/external/kaggle/glaucoma_fundus_imaging_bundle/REFUGE/test/Images/T0136.jpg,data/processed/standardized_masks/refuge/test_T0136.png,REFUGE_test_T0136,test
glaucoma_fundus_imaging_bundle,REFUGE,T0137,data/external/kaggle/glaucoma_fundus_imaging_bundle/REFUGE/test/Images/T0137.jpg,data/processed/standardized_masks/refuge/test_T0137.png,REFUGE_test_T0137,test
glaucoma_fundus_imaging_bundle,REFUGE,T0138,data/external/kaggle/glaucoma_fundus_imaging_bundle/REFUGE/test/Images/T0138.jpg,data/processed/standardized_masks/refuge/test_T0138.png,REFUGE_test_T0138,test
glaucoma_fundus_imaging_bundle,REFUGE,T0139,data/external/kaggle/glaucoma_fundus_imaging_bundle/REFUGE/test/Images/T0139.jpg,data/processed/standardized_masks/refuge/test_T0139.png,REFUGE_test_T0139,test
glaucoma_fundus_imaging_bundle,REFUGE,T0140,data/external/kaggle/glaucoma_fundus_imaging_bundle/REFUGE/test/Images/T0140.jpg,data/processed/standardized_masks/refuge/test_T0140.png,REFUGE_test_T0140,test
glaucoma_fundus_imaging_bundle,REFUGE,T0141,data/external/kaggle/glaucoma_fundus_imaging_bundle/REFUGE/test/Images/T0141.jpg,data/processed/standardized_masks/refuge/test_T0141.png,REFUGE_test_T0141,test
glaucoma_fundus_imaging_bundle,REFUGE,T0142,data/external/kaggle/glaucoma_fundus_imaging_bundle/REFUGE/test/Images/T0142.jpg,data/processed/standardized_masks/refuge/test_T0142.png,REFUGE_test_T0142,test
glaucoma_fundus_imaging_bundle,REFUGE,T0143,data/external/kaggle/glaucoma_fundus_imaging_bundle/REFUGE/test/Images/T0143.jpg,data/processed/standardized_masks/refuge/test_T0143.png,REFUGE_test_T0143,test
glaucoma_fundus_imaging_bundle,REFUGE,T0144,data/external/kaggle/glaucoma_fundus_imaging_bundle/REFUGE/test/Images/T0144.jpg,data/processed/standardized_masks/refuge/test_T0144.png,REFUGE_test_T0144,test
glaucoma_fundus_imaging_bundle,REFUGE,T0145,data/external/kaggle/glaucoma_fundus_imaging_bundle/REFUGE/test/Images/T0145.jpg,data/processed/standardized_masks/refuge/test_T0145.png,REFUGE_test_T0145,test
glaucoma_fundus_imaging_bundle,REFUGE,T0146,data/external/kaggle/glaucoma_fundus_imaging_bundle/REFUGE/test/Images/T0146.jpg,data/processed/standardized_masks/refuge/test_T0146.png,REFUGE_test_T0146,test
glaucoma_fundus_imaging_bundle,REFUGE,T0147,data/external/kaggle/glaucoma_fundus_imaging_bundle/REFUGE/test/Images/T0147.jpg,data/processed/standardized_masks/refuge/test_T0147.png,REFUGE_test_T0147,test
glaucoma_fundus_imaging_bundle,REFUGE,T0148,data/external/kaggle/glaucoma_fundus_imaging_bundle/REFUGE/test/Images/T0148.jpg,data/processed/standardized_masks/refuge/test_T0148.png,REFUGE_test_T0148,test
glaucoma_fundus_imaging_bundle,REFUGE,T0149,data/external/kaggle/glaucoma_fundus_imaging_bundle/REFUGE/test/Images/T0149.jpg,data/processed/standardized_masks/refuge/test_T0149.png,REFUGE_test_T0149,test
glaucoma_fundus_imaging_bundle,REFUGE,T0150,data/external/kaggle/glaucoma_fundus_imaging_bundle/REFUGE/test/Images/T0150.jpg,data/processed/standardized_masks/refuge/test_T0150.png,REFUGE_test_T0150,test
glaucoma_fundus_imaging_bundle,REFUGE,T0151,data/external/kaggle/glaucoma_fundus_imaging_bundle/REFUGE/test/Images/T0151.jpg,data/processed/standardized_masks/refuge/test_T0151.png,REFUGE_test_T0151,test
glaucoma_fundus_imaging_bundle,REFUGE,T0152,data/external/kaggle/glaucoma_fundus_imaging_bundle/REFUGE/test/Images/T0152.jpg,data/processed/standardized_masks/refuge/test_T0152.png,REFUGE_test_T0152,test
glaucoma_fundus_imaging_bundle,REFUGE,T0153,data/external/kaggle/glaucoma_fundus_imaging_bundle/REFUGE/test/Images/T0153.jpg,data/processed/standardized_masks/refuge/test_T0153.png,REFUGE_test_T0153,test
glaucoma_fundus_imaging_bundle,REFUGE,T0154,data/external/kaggle/glaucoma_fundus_imaging_bundle/REFUGE/test/Images/T0154.jpg,data/processed/standardized_masks/refuge/test_T0154.png,REFUGE_test_T0154,test
glaucoma_fundus_imaging_bundle,REFUGE,T0155,data/external/kaggle/glaucoma_fundus_imaging_bundle/REFUGE/test/Images/T0155.jpg,data/processed/standardized_masks/refuge/test_T0155.png,REFUGE_test_T0155,test
glaucoma_fundus_imaging_bundle,REFUGE,T0156,data/external/kaggle/glaucoma_fundus_imaging_bundle/REFUGE/test/Images/T0156.jpg,data/processed/standardized_masks/refuge/test_T0156.png,REFUGE_test_T0156,test
glaucoma_fundus_imaging_bundle,REFUGE,T0157,data/external/kaggle/glaucoma_fundus_imaging_bundle/REFUGE/test/Images/T0157.jpg,data/processed/standardized_masks/refuge/test_T0157.png,REFUGE_test_T0157,test
glaucoma_fundus_imaging_bundle,REFUGE,T0158,data/external/kaggle/glaucoma_fundus_imaging_bundle/REFUGE/test/Images/T0158.jpg,data/processed/standardized_masks/refuge/test_T0158.png,REFUGE_test_T0158,test
glaucoma_fundus_imaging_bundle,REFUGE,T0159,data/external/kaggle/glaucoma_fundus_imaging_bundle/REFUGE/test/Images/T0159.jpg,data/processed/standardized_masks/refuge/test_T0159.png,REFUGE_test_T0159,test
glaucoma_fundus_imaging_bundle,REFUGE,T0160,data/external/kaggle/glaucoma_fundus_imaging_bundle/REFUGE/test/Images/T0160.jpg,data/processed/standardized_masks/refuge/test_T0160.png,REFUGE_test_T0160,test
glaucoma_fundus_imaging_bundle,REFUGE,T0161,data/external/kaggle/glaucoma_fundus_imaging_bundle/REFUGE/test/Images/T0161.jpg,data/processed/standardized_masks/refuge/test_T0161.png,REFUGE_test_T0161,test
glaucoma_fundus_imaging_bundle,REFUGE,T0162,data/external/kaggle/glaucoma_fundus_imaging_bundle/REFUGE/test/Images/T0162.jpg,data/processed/standardized_masks/refuge/test_T0162.png,REFUGE_test_T0162,test
glaucoma_fundus_imaging_bundle,REFUGE,T0163,data/external/kaggle/glaucoma_fundus_imaging_bundle/REFUGE/test/Images/T0163.jpg,data/processed/standardized_masks/refuge/test_T0163.png,REFUGE_test_T0163,test
glaucoma_fundus_imaging_bundle,REFUGE,T0164,data/external/kaggle/glaucoma_fundus_imaging_bundle/REFUGE/test/Images/T0164.jpg,data/processed/standardized_masks/refuge/test_T0164.png,REFUGE_test_T0164,test
glaucoma_fundus_imaging_bundle,REFUGE,T0165,data/external/kaggle/glaucoma_fundus_imaging_bundle/REFUGE/test/Images/T0165.jpg,data/processed/standardized_masks/refuge/test_T0165.png,REFUGE_test_T0165,test
glaucoma_fundus_imaging_bundle,REFUGE,T0166,data/external/kaggle/glaucoma_fundus_imaging_bundle/REFUGE/test/Images/T0166.jpg,data/processed/standardized_masks/refuge/test_T0166.png,REFUGE_test_T0166,test
glaucoma_fundus_imaging_bundle,REFUGE,T0167,data/external/kaggle/glaucoma_fundus_imaging_bundle/REFUGE/test/Images/T0167.jpg,data/processed/standardized_masks/refuge/test_T0167.png,REFUGE_test_T0167,test
glaucoma_fundus_imaging_bundle,REFUGE,T0168,data/external/kaggle/glaucoma_fundus_imaging_bundle/REFUGE/test/Images/T0168.jpg,data/processed/standardized_masks/refuge/test_T0168.png,REFUGE_test_T0168,test
glaucoma_fundus_imaging_bundle,REFUGE,T0169,data/external/kaggle/glaucoma_fundus_imaging_bundle/REFUGE/test/Images/T0169.jpg,data/processed/standardized_masks/refuge/test_T0169.png,REFUGE_test_T0169,test
glaucoma_fundus_imaging_bundle,REFUGE,T0170,data/external/kaggle/glaucoma_fundus_imaging_bundle/REFUGE/test/Images/T0170.jpg,data/processed/standardized_masks/refuge/test_T0170.png,REFUGE_test_T0170,test
glaucoma_fundus_imaging_bundle,REFUGE,T0171,data/external/kaggle/glaucoma_fundus_imaging_bundle/REFUGE/test/Images/T0171.jpg,data/processed/standardized_masks/refuge/test_T0171.png,REFUGE_test_T0171,test
glaucoma_fundus_imaging_bundle,REFUGE,T0172,data/external/kaggle/glaucoma_fundus_imaging_bundle/REFUGE/test/Images/T0172.jpg,data/processed/standardized_masks/refuge/test_T0172.png,REFUGE_test_T0172,test
glaucoma_fundus_imaging_bundle,REFUGE,T0173,data/external/kaggle/glaucoma_fundus_imaging_bundle/REFUGE/test/Images/T0173.jpg,data/processed/standardized_masks/refuge/test_T0173.png,REFUGE_test_T0173,test
glaucoma_fundus_imaging_bundle,REFUGE,T0174,data/external/kaggle/glaucoma_fundus_imaging_bundle/REFUGE/test/Images/T0174.jpg,data/processed/standardized_masks/refuge/test_T0174.png,REFUGE_test_T0174,test
glaucoma_fundus_imaging_bundle,REFUGE,T0175,data/external/kaggle/glaucoma_fundus_imaging_bundle/REFUGE/test/Images/T0175.jpg,data/processed/standardized_masks/refuge/test_T0175.png,REFUGE_test_T0175,test
glaucoma_fundus_imaging_bundle,REFUGE,T0176,data/external/kaggle/glaucoma_fundus_imaging_bundle/REFUGE/test/Images/T0176.jpg,data/processed/standardized_masks/refuge/test_T0176.png,REFUGE_test_T0176,test
glaucoma_fundus_imaging_bundle,REFUGE,T0177,data/external/kaggle/glaucoma_fundus_imaging_bundle/REFUGE/test/Images/T0177.jpg,data/processed/standardized_masks/refuge/test_T0177.png,REFUGE_test_T0177,test
glaucoma_fundus_imaging_bundle,REFUGE,T0178,data/external/kaggle/glaucoma_fundus_imaging_bundle/REFUGE/test/Images/T0178.jpg,data/processed/standardized_masks/refuge/test_T0178.png,REFUGE_test_T0178,test
glaucoma_fundus_imaging_bundle,REFUGE,T0179,data/external/kaggle/glaucoma_fundus_imaging_bundle/REFUGE/test/Images/T0179.jpg,data/processed/standardized_masks/refuge/test_T0179.png,REFUGE_test_T0179,test
glaucoma_fundus_imaging_bundle,REFUGE,T0180,data/external/kaggle/glaucoma_fundus_imaging_bundle/REFUGE/test/Images/T0180.jpg,data/processed/standardized_masks/refuge/test_T0180.png,REFUGE_test_T0180,test
glaucoma_fundus_imaging_bundle,REFUGE,T0181,data/external/kaggle/glaucoma_fundus_imaging_bundle/REFUGE/test/Images/T0181.jpg,data/processed/standardized_masks/refuge/test_T0181.png,REFUGE_test_T0181,test
glaucoma_fundus_imaging_bundle,REFUGE,T0182,data/external/kaggle/glaucoma_fundus_imaging_bundle/REFUGE/test/Images/T0182.jpg,data/processed/standardized_masks/refuge/test_T0182.png,REFUGE_test_T0182,test
glaucoma_fundus_imaging_bundle,REFUGE,T0183,data/external/kaggle/glaucoma_fundus_imaging_bundle/REFUGE/test/Images/T0183.jpg,data/processed/standardized_masks/refuge/test_T0183.png,REFUGE_test_T0183,test
glaucoma_fundus_imaging_bundle,REFUGE,T0184,data/external/kaggle/glaucoma_fundus_imaging_bundle/REFUGE/test/Images/T0184.jpg,data/processed/standardized_masks/refuge/test_T0184.png,REFUGE_test_T0184,test
glaucoma_fundus_imaging_bundle,REFUGE,T0185,data/external/kaggle/glaucoma_fundus_imaging_bundle/REFUGE/test/Images/T0185.jpg,data/processed/standardized_masks/refuge/test_T0185.png,REFUGE_test_T0185,test
glaucoma_fundus_imaging_bundle,REFUGE,T0186,data/external/kaggle/glaucoma_fundus_imaging_bundle/REFUGE/test/Images/T0186.jpg,data/processed/standardized_masks/refuge/test_T0186.png,REFUGE_test_T0186,test
glaucoma_fundus_imaging_bundle,REFUGE,T0187,data/external/kaggle/glaucoma_fundus_imaging_bundle/REFUGE/test/Images/T0187.jpg,data/processed/standardized_masks/refuge/test_T0187.png,REFUGE_test_T0187,test
glaucoma_fundus_imaging_bundle,REFUGE,T0188,data/external/kaggle/glaucoma_fundus_imaging_bundle/REFUGE/test/Images/T0188.jpg,data/processed/standardized_masks/refuge/test_T0188.png,REFUGE_test_T0188,test
glaucoma_fundus_imaging_bundle,REFUGE,T0189,data/external/kaggle/glaucoma_fundus_imaging_bundle/REFUGE/test/Images/T0189.jpg,data/processed/standardized_masks/refuge/test_T0189.png,REFUGE_test_T0189,test
glaucoma_fundus_imaging_bundle,REFUGE,T0190,data/external/kaggle/glaucoma_fundus_imaging_bundle/REFUGE/test/Images/T0190.jpg,data/processed/standardized_masks/refuge/test_T0190.png,REFUGE_test_T0190,test
glaucoma_fundus_imaging_bundle,REFUGE,T0191,data/external/kaggle/glaucoma_fundus_imaging_bundle/REFUGE/test/Images/T0191.jpg,data/processed/standardized_masks/refuge/test_T0191.png,REFUGE_test_T0191,test
glaucoma_fundus_imaging_bundle,REFUGE,T0192,data/external/kaggle/glaucoma_fundus_imaging_bundle/REFUGE/test/Images/T0192.jpg,data/processed/standardized_masks/refuge/test_T0192.png,REFUGE_test_T0192,test
glaucoma_fundus_imaging_bundle,REFUGE,T0193,data/external/kaggle/glaucoma_fundus_imaging_bundle/REFUGE/test/Images/T0193.jpg,data/processed/standardized_masks/refuge/test_T0193.png,REFUGE_test_T0193,test
glaucoma_fundus_imaging_bundle,REFUGE,T0194,data/external/kaggle/glaucoma_fundus_imaging_bundle/REFUGE/test/Images/T0194.jpg,data/processed/standardized_masks/refuge/test_T0194.png,REFUGE_test_T0194,test
glaucoma_fundus_imaging_bundle,REFUGE,T0195,data/external/kaggle/glaucoma_fundus_imaging_bundle/REFUGE/test/Images/T0195.jpg,data/processed/standardized_masks/refuge/test_T0195.png,REFUGE_test_T0195,test
glaucoma_fundus_imaging_bundle,REFUGE,T0196,data/external/kaggle/glaucoma_fundus_imaging_bundle/REFUGE/test/Images/T0196.jpg,data/processed/standardized_masks/refuge/test_T0196.png,REFUGE_test_T0196,test
glaucoma_fundus_imaging_bundle,REFUGE,T0197,data/external/kaggle/glaucoma_fundus_imaging_bundle/REFUGE/test/Images/T0197.jpg,data/processed/standardized_masks/refuge/test_T0197.png,REFUGE_test_T0197,test
glaucoma_fundus_imaging_bundle,REFUGE,T0198,data/external/kaggle/glaucoma_fundus_imaging_bundle/REFUGE/test/Images/T0198.jpg,data/processed/standardized_masks/refuge/test_T0198.png,REFUGE_test_T0198,test
glaucoma_fundus_imaging_bundle,REFUGE,T0199,data/external/kaggle/glaucoma_fundus_imaging_bundle/REFUGE/test/Images/T0199.jpg,data/processed/standardized_masks/refuge/test_T0199.png,REFUGE_test_T0199,test
glaucoma_fundus_imaging_bundle,REFUGE,T0200,data/external/kaggle/glaucoma_fundus_imaging_bundle/REFUGE/test/Images/T0200.jpg,data/processed/standardized_masks/refuge/test_T0200.png,REFUGE_test_T0200,test
glaucoma_fundus_imaging_bundle,REFUGE,T0201,data/external/kaggle/glaucoma_fundus_imaging_bundle/REFUGE/test/Images/T0201.jpg,data/processed/standardized_masks/refuge/test_T0201.png,REFUGE_test_T0201,test
glaucoma_fundus_imaging_bundle,REFUGE,T0202,data/external/kaggle/glaucoma_fundus_imaging_bundle/REFUGE/test/Images/T0202.jpg,data/processed/standardized_masks/refuge/test_T0202.png,REFUGE_test_T0202,test
glaucoma_fundus_imaging_bundle,REFUGE,T0203,data/external/kaggle/glaucoma_fundus_imaging_bundle/REFUGE/test/Images/T0203.jpg,data/processed/standardized_masks/refuge/test_T0203.png,REFUGE_test_T0203,test
glaucoma_fundus_imaging_bundle,REFUGE,T0204,data/external/kaggle/glaucoma_fundus_imaging_bundle/REFUGE/test/Images/T0204.jpg,data/processed/standardized_masks/refuge/test_T0204.png,REFUGE_test_T0204,test
glaucoma_fundus_imaging_bundle,REFUGE,T0205,data/external/kaggle/glaucoma_fundus_imaging_bundle/REFUGE/test/Images/T0205.jpg,data/processed/standardized_masks/refuge/test_T0205.png,REFUGE_test_T0205,test
glaucoma_fundus_imaging_bundle,REFUGE,T0206,data/external/kaggle/glaucoma_fundus_imaging_bundle/REFUGE/test/Images/T0206.jpg,data/processed/standardized_masks/refuge/test_T0206.png,REFUGE_test_T0206,test
glaucoma_fundus_imaging_bundle,REFUGE,T0207,data/external/kaggle/glaucoma_fundus_imaging_bundle/REFUGE/test/Images/T0207.jpg,data/processed/standardized_masks/refuge/test_T0207.png,REFUGE_test_T0207,test
glaucoma_fundus_imaging_bundle,REFUGE,T0208,data/external/kaggle/glaucoma_fundus_imaging_bundle/REFUGE/test/Images/T0208.jpg,data/processed/standardized_masks/refuge/test_T0208.png,REFUGE_test_T0208,test
glaucoma_fundus_imaging_bundle,REFUGE,T0209,data/external/kaggle/glaucoma_fundus_imaging_bundle/REFUGE/test/Images/T0209.jpg,data/processed/standardized_masks/refuge/test_T0209.png,REFUGE_test_T0209,test
glaucoma_fundus_imaging_bundle,REFUGE,T0210,data/external/kaggle/glaucoma_fundus_imaging_bundle/REFUGE/test/Images/T0210.jpg,data/processed/standardized_masks/refuge/test_T0210.png,REFUGE_test_T0210,test
glaucoma_fundus_imaging_bundle,REFUGE,T0211,data/external/kaggle/glaucoma_fundus_imaging_bundle/REFUGE/test/Images/T0211.jpg,data/processed/standardized_masks/refuge/test_T0211.png,REFUGE_test_T0211,test
glaucoma_fundus_imaging_bundle,REFUGE,T0212,data/external/kaggle/glaucoma_fundus_imaging_bundle/REFUGE/test/Images/T0212.jpg,data/processed/standardized_masks/refuge/test_T0212.png,REFUGE_test_T0212,test
glaucoma_fundus_imaging_bundle,REFUGE,T0213,data/external/kaggle/glaucoma_fundus_imaging_bundle/REFUGE/test/Images/T0213.jpg,data/processed/standardized_masks/refuge/test_T0213.png,REFUGE_test_T0213,test
glaucoma_fundus_imaging_bundle,REFUGE,T0214,data/external/kaggle/glaucoma_fundus_imaging_bundle/REFUGE/test/Images/T0214.jpg,data/processed/standardized_masks/refuge/test_T0214.png,REFUGE_test_T0214,test
glaucoma_fundus_imaging_bundle,REFUGE,T0215,data/external/kaggle/glaucoma_fundus_imaging_bundle/REFUGE/test/Images/T0215.jpg,data/processed/standardized_masks/refuge/test_T0215.png,REFUGE_test_T0215,test
glaucoma_fundus_imaging_bundle,REFUGE,T0216,data/external/kaggle/glaucoma_fundus_imaging_bundle/REFUGE/test/Images/T0216.jpg,data/processed/standardized_masks/refuge/test_T0216.png,REFUGE_test_T0216,test
glaucoma_fundus_imaging_bundle,REFUGE,T0217,data/external/kaggle/glaucoma_fundus_imaging_bundle/REFUGE/test/Images/T0217.jpg,data/processed/standardized_masks/refuge/test_T0217.png,REFUGE_test_T0217,test
glaucoma_fundus_imaging_bundle,REFUGE,T0218,data/external/kaggle/glaucoma_fundus_imaging_bundle/REFUGE/test/Images/T0218.jpg,data/processed/standardized_masks/refuge/test_T0218.png,REFUGE_test_T0218,test
glaucoma_fundus_imaging_bundle,REFUGE,T0219,data/external/kaggle/glaucoma_fundus_imaging_bundle/REFUGE/test/Images/T0219.jpg,data/processed/standardized_masks/refuge/test_T0219.png,REFUGE_test_T0219,test
glaucoma_fundus_imaging_bundle,REFUGE,T0220,data/external/kaggle/glaucoma_fundus_imaging_bundle/REFUGE/test/Images/T0220.jpg,data/processed/standardized_masks/refuge/test_T0220.png,REFUGE_test_T0220,test
glaucoma_fundus_imaging_bundle,REFUGE,T0221,data/external/kaggle/glaucoma_fundus_imaging_bundle/REFUGE/test/Images/T0221.jpg,data/processed/standardized_masks/refuge/test_T0221.png,REFUGE_test_T0221,test
glaucoma_fundus_imaging_bundle,REFUGE,T0222,data/external/kaggle/glaucoma_fundus_imaging_bundle/REFUGE/test/Images/T0222.jpg,data/processed/standardized_masks/refuge/test_T0222.png,REFUGE_test_T0222,test
glaucoma_fundus_imaging_bundle,REFUGE,T0223,data/external/kaggle/glaucoma_fundus_imaging_bundle/REFUGE/test/Images/T0223.jpg,data/processed/standardized_masks/refuge/test_T0223.png,REFUGE_test_T0223,test
glaucoma_fundus_imaging_bundle,REFUGE,T0224,data/external/kaggle/glaucoma_fundus_imaging_bundle/REFUGE/test/Images/T0224.jpg,data/processed/standardized_masks/refuge/test_T0224.png,REFUGE_test_T0224,test
glaucoma_fundus_imaging_bundle,REFUGE,T0225,data/external/kaggle/glaucoma_fundus_imaging_bundle/REFUGE/test/Images/T0225.jpg,data/processed/standardized_masks/refuge/test_T0225.png,REFUGE_test_T0225,test
glaucoma_fundus_imaging_bundle,REFUGE,T0226,data/external/kaggle/glaucoma_fundus_imaging_bundle/REFUGE/test/Images/T0226.jpg,data/processed/standardized_masks/refuge/test_T0226.png,REFUGE_test_T0226,test
glaucoma_fundus_imaging_bundle,REFUGE,T0227,data/external/kaggle/glaucoma_fundus_imaging_bundle/REFUGE/test/Images/T0227.jpg,data/processed/standardized_masks/refuge/test_T0227.png,REFUGE_test_T0227,test
glaucoma_fundus_imaging_bundle,REFUGE,T0228,data/external/kaggle/glaucoma_fundus_imaging_bundle/REFUGE/test/Images/T0228.jpg,data/processed/standardized_masks/refuge/test_T0228.png,REFUGE_test_T0228,test
glaucoma_fundus_imaging_bundle,REFUGE,T0229,data/external/kaggle/glaucoma_fundus_imaging_bundle/REFUGE/test/Images/T0229.jpg,data/processed/standardized_masks/refuge/test_T0229.png,REFUGE_test_T0229,test
glaucoma_fundus_imaging_bundle,REFUGE,T0230,data/external/kaggle/glaucoma_fundus_imaging_bundle/REFUGE/test/Images/T0230.jpg,data/processed/standardized_masks/refuge/test_T0230.png,REFUGE_test_T0230,test
glaucoma_fundus_imaging_bundle,REFUGE,T0231,data/external/kaggle/glaucoma_fundus_imaging_bundle/REFUGE/test/Images/T0231.jpg,data/processed/standardized_masks/refuge/test_T0231.png,REFUGE_test_T0231,test
glaucoma_fundus_imaging_bundle,REFUGE,T0232,data/external/kaggle/glaucoma_fundus_imaging_bundle/REFUGE/test/Images/T0232.jpg,data/processed/standardized_masks/refuge/test_T0232.png,REFUGE_test_T0232,test
glaucoma_fundus_imaging_bundle,REFUGE,T0233,data/external/kaggle/glaucoma_fundus_imaging_bundle/REFUGE/test/Images/T0233.jpg,data/processed/standardized_masks/refuge/test_T0233.png,REFUGE_test_T0233,test
glaucoma_fundus_imaging_bundle,REFUGE,T0234,data/external/kaggle/glaucoma_fundus_imaging_bundle/REFUGE/test/Images/T0234.jpg,data/processed/standardized_masks/refuge/test_T0234.png,REFUGE_test_T0234,test
glaucoma_fundus_imaging_bundle,REFUGE,T0235,data/external/kaggle/glaucoma_fundus_imaging_bundle/REFUGE/test/Images/T0235.jpg,data/processed/standardized_masks/refuge/test_T0235.png,REFUGE_test_T0235,test
glaucoma_fundus_imaging_bundle,REFUGE,T0236,data/external/kaggle/glaucoma_fundus_imaging_bundle/REFUGE/test/Images/T0236.jpg,data/processed/standardized_masks/refuge/test_T0236.png,REFUGE_test_T0236,test
glaucoma_fundus_imaging_bundle,REFUGE,T0237,data/external/kaggle/glaucoma_fundus_imaging_bundle/REFUGE/test/Images/T0237.jpg,data/processed/standardized_masks/refuge/test_T0237.png,REFUGE_test_T0237,test
glaucoma_fundus_imaging_bundle,REFUGE,T0238,data/external/kaggle/glaucoma_fundus_imaging_bundle/REFUGE/test/Images/T0238.jpg,data/processed/standardized_masks/refuge/test_T0238.png,REFUGE_test_T0238,test
glaucoma_fundus_imaging_bundle,REFUGE,T0239,data/external/kaggle/glaucoma_fundus_imaging_bundle/REFUGE/test/Images/T0239.jpg,data/processed/standardized_masks/refuge/test_T0239.png,REFUGE_test_T0239,test
glaucoma_fundus_imaging_bundle,REFUGE,T0240,data/external/kaggle/glaucoma_fundus_imaging_bundle/REFUGE/test/Images/T0240.jpg,data/processed/standardized_masks/refuge/test_T0240.png,REFUGE_test_T0240,test
glaucoma_fundus_imaging_bundle,REFUGE,T0241,data/external/kaggle/glaucoma_fundus_imaging_bundle/REFUGE/test/Images/T0241.jpg,data/processed/standardized_masks/refuge/test_T0241.png,REFUGE_test_T0241,test
glaucoma_fundus_imaging_bundle,REFUGE,T0242,data/external/kaggle/glaucoma_fundus_imaging_bundle/REFUGE/test/Images/T0242.jpg,data/processed/standardized_masks/refuge/test_T0242.png,REFUGE_test_T0242,test
glaucoma_fundus_imaging_bundle,REFUGE,T0243,data/external/kaggle/glaucoma_fundus_imaging_bundle/REFUGE/test/Images/T0243.jpg,data/processed/standardized_masks/refuge/test_T0243.png,REFUGE_test_T0243,test
glaucoma_fundus_imaging_bundle,REFUGE,T0244,data/external/kaggle/glaucoma_fundus_imaging_bundle/REFUGE/test/Images/T0244.jpg,data/processed/standardized_masks/refuge/test_T0244.png,REFUGE_test_T0244,test
glaucoma_fundus_imaging_bundle,REFUGE,T0245,data/external/kaggle/glaucoma_fundus_imaging_bundle/REFUGE/test/Images/T0245.jpg,data/processed/standardized_masks/refuge/test_T0245.png,REFUGE_test_T0245,test
glaucoma_fundus_imaging_bundle,REFUGE,T0246,data/external/kaggle/glaucoma_fundus_imaging_bundle/REFUGE/test/Images/T0246.jpg,data/processed/standardized_masks/refuge/test_T0246.png,REFUGE_test_T0246,test
glaucoma_fundus_imaging_bundle,REFUGE,T0247,data/external/kaggle/glaucoma_fundus_imaging_bundle/REFUGE/test/Images/T0247.jpg,data/processed/standardized_masks/refuge/test_T0247.png,REFUGE_test_T0247,test
glaucoma_fundus_imaging_bundle,REFUGE,T0248,data/external/kaggle/glaucoma_fundus_imaging_bundle/REFUGE/test/Images/T0248.jpg,data/processed/standardized_masks/refuge/test_T0248.png,REFUGE_test_T0248,test
glaucoma_fundus_imaging_bundle,REFUGE,T0249,data/external/kaggle/glaucoma_fundus_imaging_bundle/REFUGE/test/Images/T0249.jpg,data/processed/standardized_masks/refuge/test_T0249.png,REFUGE_test_T0249,test
glaucoma_fundus_imaging_bundle,REFUGE,T0250,data/external/kaggle/glaucoma_fundus_imaging_bundle/REFUGE/test/Images/T0250.jpg,data/processed/standardized_masks/refuge/test_T0250.png,REFUGE_test_T0250,test
glaucoma_fundus_imaging_bundle,REFUGE,T0251,data/external/kaggle/glaucoma_fundus_imaging_bundle/REFUGE/test/Images/T0251.jpg,data/processed/standardized_masks/refuge/test_T0251.png,REFUGE_test_T0251,test
glaucoma_fundus_imaging_bundle,REFUGE,T0252,data/external/kaggle/glaucoma_fundus_imaging_bundle/REFUGE/test/Images/T0252.jpg,data/processed/standardized_masks/refuge/test_T0252.png,REFUGE_test_T0252,test
glaucoma_fundus_imaging_bundle,REFUGE,T0253,data/external/kaggle/glaucoma_fundus_imaging_bundle/REFUGE/test/Images/T0253.jpg,data/processed/standardized_masks/refuge/test_T0253.png,REFUGE_test_T0253,test
glaucoma_fundus_imaging_bundle,REFUGE,T0254,data/external/kaggle/glaucoma_fundus_imaging_bundle/REFUGE/test/Images/T0254.jpg,data/processed/standardized_masks/refuge/test_T0254.png,REFUGE_test_T0254,test
glaucoma_fundus_imaging_bundle,REFUGE,T0255,data/external/kaggle/glaucoma_fundus_imaging_bundle/REFUGE/test/Images/T0255.jpg,data/processed/standardized_masks/refuge/test_T0255.png,REFUGE_test_T0255,test
glaucoma_fundus_imaging_bundle,REFUGE,T0256,data/external/kaggle/glaucoma_fundus_imaging_bundle/REFUGE/test/Images/T0256.jpg,data/processed/standardized_masks/refuge/test_T0256.png,REFUGE_test_T0256,test
glaucoma_fundus_imaging_bundle,REFUGE,T0257,data/external/kaggle/glaucoma_fundus_imaging_bundle/REFUGE/test/Images/T0257.jpg,data/processed/standardized_masks/refuge/test_T0257.png,REFUGE_test_T0257,test
glaucoma_fundus_imaging_bundle,REFUGE,T0258,data/external/kaggle/glaucoma_fundus_imaging_bundle/REFUGE/test/Images/T0258.jpg,data/processed/standardized_masks/refuge/test_T0258.png,REFUGE_test_T0258,test
glaucoma_fundus_imaging_bundle,REFUGE,T0259,data/external/kaggle/glaucoma_fundus_imaging_bundle/REFUGE/test/Images/T0259.jpg,data/processed/standardized_masks/refuge/test_T0259.png,REFUGE_test_T0259,test
glaucoma_fundus_imaging_bundle,REFUGE,T0260,data/external/kaggle/glaucoma_fundus_imaging_bundle/REFUGE/test/Images/T0260.jpg,data/processed/standardized_masks/refuge/test_T0260.png,REFUGE_test_T0260,test
glaucoma_fundus_imaging_bundle,REFUGE,T0261,data/external/kaggle/glaucoma_fundus_imaging_bundle/REFUGE/test/Images/T0261.jpg,data/processed/standardized_masks/refuge/test_T0261.png,REFUGE_test_T0261,test
glaucoma_fundus_imaging_bundle,REFUGE,T0262,data/external/kaggle/glaucoma_fundus_imaging_bundle/REFUGE/test/Images/T0262.jpg,data/processed/standardized_masks/refuge/test_T0262.png,REFUGE_test_T0262,test
glaucoma_fundus_imaging_bundle,REFUGE,T0263,data/external/kaggle/glaucoma_fundus_imaging_bundle/REFUGE/test/Images/T0263.jpg,data/processed/standardized_masks/refuge/test_T0263.png,REFUGE_test_T0263,test
glaucoma_fundus_imaging_bundle,REFUGE,T0264,data/external/kaggle/glaucoma_fundus_imaging_bundle/REFUGE/test/Images/T0264.jpg,data/processed/standardized_masks/refuge/test_T0264.png,REFUGE_test_T0264,test
glaucoma_fundus_imaging_bundle,REFUGE,T0265,data/external/kaggle/glaucoma_fundus_imaging_bundle/REFUGE/test/Images/T0265.jpg,data/processed/standardized_masks/refuge/test_T0265.png,REFUGE_test_T0265,test
glaucoma_fundus_imaging_bundle,REFUGE,T0266,data/external/kaggle/glaucoma_fundus_imaging_bundle/REFUGE/test/Images/T0266.jpg,data/processed/standardized_masks/refuge/test_T0266.png,REFUGE_test_T0266,test
glaucoma_fundus_imaging_bundle,REFUGE,T0267,data/external/kaggle/glaucoma_fundus_imaging_bundle/REFUGE/test/Images/T0267.jpg,data/processed/standardized_masks/refuge/test_T0267.png,REFUGE_test_T0267,test
glaucoma_fundus_imaging_bundle,REFUGE,T0268,data/external/kaggle/glaucoma_fundus_imaging_bundle/REFUGE/test/Images/T0268.jpg,data/processed/standardized_masks/refuge/test_T0268.png,REFUGE_test_T0268,test
glaucoma_fundus_imaging_bundle,REFUGE,T0269,data/external/kaggle/glaucoma_fundus_imaging_bundle/REFUGE/test/Images/T0269.jpg,data/processed/standardized_masks/refuge/test_T0269.png,REFUGE_test_T0269,test
glaucoma_fundus_imaging_bundle,REFUGE,T0270,data/external/kaggle/glaucoma_fundus_imaging_bundle/REFUGE/test/Images/T0270.jpg,data/processed/standardized_masks/refuge/test_T0270.png,REFUGE_test_T0270,test
glaucoma_fundus_imaging_bundle,REFUGE,T0271,data/external/kaggle/glaucoma_fundus_imaging_bundle/REFUGE/test/Images/T0271.jpg,data/processed/standardized_masks/refuge/test_T0271.png,REFUGE_test_T0271,test
glaucoma_fundus_imaging_bundle,REFUGE,T0272,data/external/kaggle/glaucoma_fundus_imaging_bundle/REFUGE/test/Images/T0272.jpg,data/processed/standardized_masks/refuge/test_T0272.png,REFUGE_test_T0272,test
glaucoma_fundus_imaging_bundle,REFUGE,T0273,data/external/kaggle/glaucoma_fundus_imaging_bundle/REFUGE/test/Images/T0273.jpg,data/processed/standardized_masks/refuge/test_T0273.png,REFUGE_test_T0273,test
glaucoma_fundus_imaging_bundle,REFUGE,T0274,data/external/kaggle/glaucoma_fundus_imaging_bundle/REFUGE/test/Images/T0274.jpg,data/processed/standardized_masks/refuge/test_T0274.png,REFUGE_test_T0274,test
glaucoma_fundus_imaging_bundle,REFUGE,T0275,data/external/kaggle/glaucoma_fundus_imaging_bundle/REFUGE/test/Images/T0275.jpg,data/processed/standardized_masks/refuge/test_T0275.png,REFUGE_test_T0275,test
glaucoma_fundus_imaging_bundle,REFUGE,T0276,data/external/kaggle/glaucoma_fundus_imaging_bundle/REFUGE/test/Images/T0276.jpg,data/processed/standardized_masks/refuge/test_T0276.png,REFUGE_test_T0276,test
glaucoma_fundus_imaging_bundle,REFUGE,T0277,data/external/kaggle/glaucoma_fundus_imaging_bundle/REFUGE/test/Images/T0277.jpg,data/processed/standardized_masks/refuge/test_T0277.png,REFUGE_test_T0277,test
glaucoma_fundus_imaging_bundle,REFUGE,T0278,data/external/kaggle/glaucoma_fundus_imaging_bundle/REFUGE/test/Images/T0278.jpg,data/processed/standardized_masks/refuge/test_T0278.png,REFUGE_test_T0278,test
glaucoma_fundus_imaging_bundle,REFUGE,T0279,data/external/kaggle/glaucoma_fundus_imaging_bundle/REFUGE/test/Images/T0279.jpg,data/processed/standardized_masks/refuge/test_T0279.png,REFUGE_test_T0279,test
glaucoma_fundus_imaging_bundle,REFUGE,T0280,data/external/kaggle/glaucoma_fundus_imaging_bundle/REFUGE/test/Images/T0280.jpg,data/processed/standardized_masks/refuge/test_T0280.png,REFUGE_test_T0280,test
glaucoma_fundus_imaging_bundle,REFUGE,T0281,data/external/kaggle/glaucoma_fundus_imaging_bundle/REFUGE/test/Images/T0281.jpg,data/processed/standardized_masks/refuge/test_T0281.png,REFUGE_test_T0281,test
glaucoma_fundus_imaging_bundle,REFUGE,T0282,data/external/kaggle/glaucoma_fundus_imaging_bundle/REFUGE/test/Images/T0282.jpg,data/processed/standardized_masks/refuge/test_T0282.png,REFUGE_test_T0282,test
glaucoma_fundus_imaging_bundle,REFUGE,T0283,data/external/kaggle/glaucoma_fundus_imaging_bundle/REFUGE/test/Images/T0283.jpg,data/processed/standardized_masks/refuge/test_T0283.png,REFUGE_test_T0283,test
glaucoma_fundus_imaging_bundle,REFUGE,T0284,data/external/kaggle/glaucoma_fundus_imaging_bundle/REFUGE/test/Images/T0284.jpg,data/processed/standardized_masks/refuge/test_T0284.png,REFUGE_test_T0284,test
glaucoma_fundus_imaging_bundle,REFUGE,T0285,data/external/kaggle/glaucoma_fundus_imaging_bundle/REFUGE/test/Images/T0285.jpg,data/processed/standardized_masks/refuge/test_T0285.png,REFUGE_test_T0285,test
glaucoma_fundus_imaging_bundle,REFUGE,T0286,data/external/kaggle/glaucoma_fundus_imaging_bundle/REFUGE/test/Images/T0286.jpg,data/processed/standardized_masks/refuge/test_T0286.png,REFUGE_test_T0286,test
glaucoma_fundus_imaging_bundle,REFUGE,T0287,data/external/kaggle/glaucoma_fundus_imaging_bundle/REFUGE/test/Images/T0287.jpg,data/processed/standardized_masks/refuge/test_T0287.png,REFUGE_test_T0287,test
glaucoma_fundus_imaging_bundle,REFUGE,T0288,data/external/kaggle/glaucoma_fundus_imaging_bundle/REFUGE/test/Images/T0288.jpg,data/processed/standardized_masks/refuge/test_T0288.png,REFUGE_test_T0288,test
glaucoma_fundus_imaging_bundle,REFUGE,T0289,data/external/kaggle/glaucoma_fundus_imaging_bundle/REFUGE/test/Images/T0289.jpg,data/processed/standardized_masks/refuge/test_T0289.png,REFUGE_test_T0289,test
glaucoma_fundus_imaging_bundle,REFUGE,T0290,data/external/kaggle/glaucoma_fundus_imaging_bundle/REFUGE/test/Images/T0290.jpg,data/processed/standardized_masks/refuge/test_T0290.png,REFUGE_test_T0290,test
glaucoma_fundus_imaging_bundle,REFUGE,T0291,data/external/kaggle/glaucoma_fundus_imaging_bundle/REFUGE/test/Images/T0291.jpg,data/processed/standardized_masks/refuge/test_T0291.png,REFUGE_test_T0291,test
glaucoma_fundus_imaging_bundle,REFUGE,T0292,data/external/kaggle/glaucoma_fundus_imaging_bundle/REFUGE/test/Images/T0292.jpg,data/processed/standardized_masks/refuge/test_T0292.png,REFUGE_test_T0292,test
glaucoma_fundus_imaging_bundle,REFUGE,T0293,data/external/kaggle/glaucoma_fundus_imaging_bundle/REFUGE/test/Images/T0293.jpg,data/processed/standardized_masks/refuge/test_T0293.png,REFUGE_test_T0293,test
glaucoma_fundus_imaging_bundle,REFUGE,T0294,data/external/kaggle/glaucoma_fundus_imaging_bundle/REFUGE/test/Images/T0294.jpg,data/processed/standardized_masks/refuge/test_T0294.png,REFUGE_test_T0294,test
glaucoma_fundus_imaging_bundle,REFUGE,T0295,data/external/kaggle/glaucoma_fundus_imaging_bundle/REFUGE/test/Images/T0295.jpg,data/processed/standardized_masks/refuge/test_T0295.png,REFUGE_test_T0295,test
glaucoma_fundus_imaging_bundle,REFUGE,T0296,data/external/kaggle/glaucoma_fundus_imaging_bundle/REFUGE/test/Images/T0296.jpg,data/processed/standardized_masks/refuge/test_T0296.png,REFUGE_test_T0296,test
glaucoma_fundus_imaging_bundle,REFUGE,T0297,data/external/kaggle/glaucoma_fundus_imaging_bundle/REFUGE/test/Images/T0297.jpg,data/processed/standardized_masks/refuge/test_T0297.png,REFUGE_test_T0297,test
glaucoma_fundus_imaging_bundle,REFUGE,T0298,data/external/kaggle/glaucoma_fundus_imaging_bundle/REFUGE/test/Images/T0298.jpg,data/processed/standardized_masks/refuge/test_T0298.png,REFUGE_test_T0298,test
glaucoma_fundus_imaging_bundle,REFUGE,T0299,data/external/kaggle/glaucoma_fundus_imaging_bundle/REFUGE/test/Images/T0299.jpg,data/processed/standardized_masks/refuge/test_T0299.png,REFUGE_test_T0299,test
glaucoma_fundus_imaging_bundle,REFUGE,T0300,data/external/kaggle/glaucoma_fundus_imaging_bundle/REFUGE/test/Images/T0300.jpg,data/processed/standardized_masks/refuge/test_T0300.png,REFUGE_test_T0300,test
glaucoma_fundus_imaging_bundle,REFUGE,T0301,data/external/kaggle/glaucoma_fundus_imaging_bundle/REFUGE/test/Images/T0301.jpg,data/processed/standardized_masks/refuge/test_T0301.png,REFUGE_test_T0301,test
glaucoma_fundus_imaging_bundle,REFUGE,T0302,data/external/kaggle/glaucoma_fundus_imaging_bundle/REFUGE/test/Images/T0302.jpg,data/processed/standardized_masks/refuge/test_T0302.png,REFUGE_test_T0302,test
glaucoma_fundus_imaging_bundle,REFUGE,T0303,data/external/kaggle/glaucoma_fundus_imaging_bundle/REFUGE/test/Images/T0303.jpg,data/processed/standardized_masks/refuge/test_T0303.png,REFUGE_test_T0303,test
glaucoma_fundus_imaging_bundle,REFUGE,T0304,data/external/kaggle/glaucoma_fundus_imaging_bundle/REFUGE/test/Images/T0304.jpg,data/processed/standardized_masks/refuge/test_T0304.png,REFUGE_test_T0304,test
glaucoma_fundus_imaging_bundle,REFUGE,T0305,data/external/kaggle/glaucoma_fundus_imaging_bundle/REFUGE/test/Images/T0305.jpg,data/processed/standardized_masks/refuge/test_T0305.png,REFUGE_test_T0305,test
glaucoma_fundus_imaging_bundle,REFUGE,T0306,data/external/kaggle/glaucoma_fundus_imaging_bundle/REFUGE/test/Images/T0306.jpg,data/processed/standardized_masks/refuge/test_T0306.png,REFUGE_test_T0306,test
glaucoma_fundus_imaging_bundle,REFUGE,T0307,data/external/kaggle/glaucoma_fundus_imaging_bundle/REFUGE/test/Images/T0307.jpg,data/processed/standardized_masks/refuge/test_T0307.png,REFUGE_test_T0307,test
glaucoma_fundus_imaging_bundle,REFUGE,T0308,data/external/kaggle/glaucoma_fundus_imaging_bundle/REFUGE/test/Images/T0308.jpg,data/processed/standardized_masks/refuge/test_T0308.png,REFUGE_test_T0308,test
glaucoma_fundus_imaging_bundle,REFUGE,T0309,data/external/kaggle/glaucoma_fundus_imaging_bundle/REFUGE/test/Images/T0309.jpg,data/processed/standardized_masks/refuge/test_T0309.png,REFUGE_test_T0309,test
glaucoma_fundus_imaging_bundle,REFUGE,T0310,data/external/kaggle/glaucoma_fundus_imaging_bundle/REFUGE/test/Images/T0310.jpg,data/processed/standardized_masks/refuge/test_T0310.png,REFUGE_test_T0310,test
glaucoma_fundus_imaging_bundle,REFUGE,T0311,data/external/kaggle/glaucoma_fundus_imaging_bundle/REFUGE/test/Images/T0311.jpg,data/processed/standardized_masks/refuge/test_T0311.png,REFUGE_test_T0311,test
glaucoma_fundus_imaging_bundle,REFUGE,T0312,data/external/kaggle/glaucoma_fundus_imaging_bundle/REFUGE/test/Images/T0312.jpg,data/processed/standardized_masks/refuge/test_T0312.png,REFUGE_test_T0312,test
glaucoma_fundus_imaging_bundle,REFUGE,T0313,data/external/kaggle/glaucoma_fundus_imaging_bundle/REFUGE/test/Images/T0313.jpg,data/processed/standardized_masks/refuge/test_T0313.png,REFUGE_test_T0313,test
glaucoma_fundus_imaging_bundle,REFUGE,T0314,data/external/kaggle/glaucoma_fundus_imaging_bundle/REFUGE/test/Images/T0314.jpg,data/processed/standardized_masks/refuge/test_T0314.png,REFUGE_test_T0314,test
glaucoma_fundus_imaging_bundle,REFUGE,T0315,data/external/kaggle/glaucoma_fundus_imaging_bundle/REFUGE/test/Images/T0315.jpg,data/processed/standardized_masks/refuge/test_T0315.png,REFUGE_test_T0315,test
glaucoma_fundus_imaging_bundle,REFUGE,T0316,data/external/kaggle/glaucoma_fundus_imaging_bundle/REFUGE/test/Images/T0316.jpg,data/processed/standardized_masks/refuge/test_T0316.png,REFUGE_test_T0316,test
glaucoma_fundus_imaging_bundle,REFUGE,T0317,data/external/kaggle/glaucoma_fundus_imaging_bundle/REFUGE/test/Images/T0317.jpg,data/processed/standardized_masks/refuge/test_T0317.png,REFUGE_test_T0317,test
glaucoma_fundus_imaging_bundle,REFUGE,T0318,data/external/kaggle/glaucoma_fundus_imaging_bundle/REFUGE/test/Images/T0318.jpg,data/processed/standardized_masks/refuge/test_T0318.png,REFUGE_test_T0318,test
glaucoma_fundus_imaging_bundle,REFUGE,T0319,data/external/kaggle/glaucoma_fundus_imaging_bundle/REFUGE/test/Images/T0319.jpg,data/processed/standardized_masks/refuge/test_T0319.png,REFUGE_test_T0319,test
glaucoma_fundus_imaging_bundle,REFUGE,T0320,data/external/kaggle/glaucoma_fundus_imaging_bundle/REFUGE/test/Images/T0320.jpg,data/processed/standardized_masks/refuge/test_T0320.png,REFUGE_test_T0320,test
glaucoma_fundus_imaging_bundle,REFUGE,T0321,data/external/kaggle/glaucoma_fundus_imaging_bundle/REFUGE/test/Images/T0321.jpg,data/processed/standardized_masks/refuge/test_T0321.png,REFUGE_test_T0321,test
glaucoma_fundus_imaging_bundle,REFUGE,T0322,data/external/kaggle/glaucoma_fundus_imaging_bundle/REFUGE/test/Images/T0322.jpg,data/processed/standardized_masks/refuge/test_T0322.png,REFUGE_test_T0322,test
glaucoma_fundus_imaging_bundle,REFUGE,T0323,data/external/kaggle/glaucoma_fundus_imaging_bundle/REFUGE/test/Images/T0323.jpg,data/processed/standardized_masks/refuge/test_T0323.png,REFUGE_test_T0323,test
glaucoma_fundus_imaging_bundle,REFUGE,T0324,data/external/kaggle/glaucoma_fundus_imaging_bundle/REFUGE/test/Images/T0324.jpg,data/processed/standardized_masks/refuge/test_T0324.png,REFUGE_test_T0324,test
glaucoma_fundus_imaging_bundle,REFUGE,T0325,data/external/kaggle/glaucoma_fundus_imaging_bundle/REFUGE/test/Images/T0325.jpg,data/processed/standardized_masks/refuge/test_T0325.png,REFUGE_test_T0325,test
glaucoma_fundus_imaging_bundle,REFUGE,T0326,data/external/kaggle/glaucoma_fundus_imaging_bundle/REFUGE/test/Images/T0326.jpg,data/processed/standardized_masks/refuge/test_T0326.png,REFUGE_test_T0326,test
glaucoma_fundus_imaging_bundle,REFUGE,T0327,data/external/kaggle/glaucoma_fundus_imaging_bundle/REFUGE/test/Images/T0327.jpg,data/processed/standardized_masks/refuge/test_T0327.png,REFUGE_test_T0327,test
glaucoma_fundus_imaging_bundle,REFUGE,T0328,data/external/kaggle/glaucoma_fundus_imaging_bundle/REFUGE/test/Images/T0328.jpg,data/processed/standardized_masks/refuge/test_T0328.png,REFUGE_test_T0328,test
glaucoma_fundus_imaging_bundle,REFUGE,T0329,data/external/kaggle/glaucoma_fundus_imaging_bundle/REFUGE/test/Images/T0329.jpg,data/processed/standardized_masks/refuge/test_T0329.png,REFUGE_test_T0329,test
glaucoma_fundus_imaging_bundle,REFUGE,T0330,data/external/kaggle/glaucoma_fundus_imaging_bundle/REFUGE/test/Images/T0330.jpg,data/processed/standardized_masks/refuge/test_T0330.png,REFUGE_test_T0330,test
glaucoma_fundus_imaging_bundle,REFUGE,T0331,data/external/kaggle/glaucoma_fundus_imaging_bundle/REFUGE/test/Images/T0331.jpg,data/processed/standardized_masks/refuge/test_T0331.png,REFUGE_test_T0331,test
glaucoma_fundus_imaging_bundle,REFUGE,T0332,data/external/kaggle/glaucoma_fundus_imaging_bundle/REFUGE/test/Images/T0332.jpg,data/processed/standardized_masks/refuge/test_T0332.png,REFUGE_test_T0332,test
glaucoma_fundus_imaging_bundle,REFUGE,T0333,data/external/kaggle/glaucoma_fundus_imaging_bundle/REFUGE/test/Images/T0333.jpg,data/processed/standardized_masks/refuge/test_T0333.png,REFUGE_test_T0333,test
glaucoma_fundus_imaging_bundle,REFUGE,T0334,data/external/kaggle/glaucoma_fundus_imaging_bundle/REFUGE/test/Images/T0334.jpg,data/processed/standardized_masks/refuge/test_T0334.png,REFUGE_test_T0334,test
glaucoma_fundus_imaging_bundle,REFUGE,T0335,data/external/kaggle/glaucoma_fundus_imaging_bundle/REFUGE/test/Images/T0335.jpg,data/processed/standardized_masks/refuge/test_T0335.png,REFUGE_test_T0335,test
glaucoma_fundus_imaging_bundle,REFUGE,T0336,data/external/kaggle/glaucoma_fundus_imaging_bundle/REFUGE/test/Images/T0336.jpg,data/processed/standardized_masks/refuge/test_T0336.png,REFUGE_test_T0336,test
glaucoma_fundus_imaging_bundle,REFUGE,T0337,data/external/kaggle/glaucoma_fundus_imaging_bundle/REFUGE/test/Images/T0337.jpg,data/processed/standardized_masks/refuge/test_T0337.png,REFUGE_test_T0337,test
glaucoma_fundus_imaging_bundle,REFUGE,T0338,data/external/kaggle/glaucoma_fundus_imaging_bundle/REFUGE/test/Images/T0338.jpg,data/processed/standardized_masks/refuge/test_T0338.png,REFUGE_test_T0338,test
glaucoma_fundus_imaging_bundle,REFUGE,T0339,data/external/kaggle/glaucoma_fundus_imaging_bundle/REFUGE/test/Images/T0339.jpg,data/processed/standardized_masks/refuge/test_T0339.png,REFUGE_test_T0339,test
glaucoma_fundus_imaging_bundle,REFUGE,T0340,data/external/kaggle/glaucoma_fundus_imaging_bundle/REFUGE/test/Images/T0340.jpg,data/processed/standardized_masks/refuge/test_T0340.png,REFUGE_test_T0340,test
glaucoma_fundus_imaging_bundle,REFUGE,T0341,data/external/kaggle/glaucoma_fundus_imaging_bundle/REFUGE/test/Images/T0341.jpg,data/processed/standardized_masks/refuge/test_T0341.png,REFUGE_test_T0341,test
glaucoma_fundus_imaging_bundle,REFUGE,T0342,data/external/kaggle/glaucoma_fundus_imaging_bundle/REFUGE/test/Images/T0342.jpg,data/processed/standardized_masks/refuge/test_T0342.png,REFUGE_test_T0342,test
glaucoma_fundus_imaging_bundle,REFUGE,T0343,data/external/kaggle/glaucoma_fundus_imaging_bundle/REFUGE/test/Images/T0343.jpg,data/processed/standardized_masks/refuge/test_T0343.png,REFUGE_test_T0343,test
glaucoma_fundus_imaging_bundle,REFUGE,T0344,data/external/kaggle/glaucoma_fundus_imaging_bundle/REFUGE/test/Images/T0344.jpg,data/processed/standardized_masks/refuge/test_T0344.png,REFUGE_test_T0344,test
glaucoma_fundus_imaging_bundle,REFUGE,T0345,data/external/kaggle/glaucoma_fundus_imaging_bundle/REFUGE/test/Images/T0345.jpg,data/processed/standardized_masks/refuge/test_T0345.png,REFUGE_test_T0345,test
glaucoma_fundus_imaging_bundle,REFUGE,T0346,data/external/kaggle/glaucoma_fundus_imaging_bundle/REFUGE/test/Images/T0346.jpg,data/processed/standardized_masks/refuge/test_T0346.png,REFUGE_test_T0346,test
glaucoma_fundus_imaging_bundle,REFUGE,T0347,data/external/kaggle/glaucoma_fundus_imaging_bundle/REFUGE/test/Images/T0347.jpg,data/processed/standardized_masks/refuge/test_T0347.png,REFUGE_test_T0347,test
glaucoma_fundus_imaging_bundle,REFUGE,T0348,data/external/kaggle/glaucoma_fundus_imaging_bundle/REFUGE/test/Images/T0348.jpg,data/processed/standardized_masks/refuge/test_T0348.png,REFUGE_test_T0348,test
glaucoma_fundus_imaging_bundle,REFUGE,T0349,data/external/kaggle/glaucoma_fundus_imaging_bundle/REFUGE/test/Images/T0349.jpg,data/processed/standardized_masks/refuge/test_T0349.png,REFUGE_test_T0349,test
glaucoma_fundus_imaging_bundle,REFUGE,T0350,data/external/kaggle/glaucoma_fundus_imaging_bundle/REFUGE/test/Images/T0350.jpg,data/processed/standardized_masks/refuge/test_T0350.png,REFUGE_test_T0350,test
glaucoma_fundus_imaging_bundle,REFUGE,T0351,data/external/kaggle/glaucoma_fundus_imaging_bundle/REFUGE/test/Images/T0351.jpg,data/processed/standardized_masks/refuge/test_T0351.png,REFUGE_test_T0351,test
glaucoma_fundus_imaging_bundle,REFUGE,T0352,data/external/kaggle/glaucoma_fundus_imaging_bundle/REFUGE/test/Images/T0352.jpg,data/processed/standardized_masks/refuge/test_T0352.png,REFUGE_test_T0352,test
glaucoma_fundus_imaging_bundle,REFUGE,T0353,data/external/kaggle/glaucoma_fundus_imaging_bundle/REFUGE/test/Images/T0353.jpg,data/processed/standardized_masks/refuge/test_T0353.png,REFUGE_test_T0353,test
glaucoma_fundus_imaging_bundle,REFUGE,T0354,data/external/kaggle/glaucoma_fundus_imaging_bundle/REFUGE/test/Images/T0354.jpg,data/processed/standardized_masks/refuge/test_T0354.png,REFUGE_test_T0354,test
glaucoma_fundus_imaging_bundle,REFUGE,T0355,data/external/kaggle/glaucoma_fundus_imaging_bundle/REFUGE/test/Images/T0355.jpg,data/processed/standardized_masks/refuge/test_T0355.png,REFUGE_test_T0355,test
glaucoma_fundus_imaging_bundle,REFUGE,T0356,data/external/kaggle/glaucoma_fundus_imaging_bundle/REFUGE/test/Images/T0356.jpg,data/processed/standardized_masks/refuge/test_T0356.png,REFUGE_test_T0356,test
glaucoma_fundus_imaging_bundle,REFUGE,T0357,data/external/kaggle/glaucoma_fundus_imaging_bundle/REFUGE/test/Images/T0357.jpg,data/processed/standardized_masks/refuge/test_T0357.png,REFUGE_test_T0357,test
glaucoma_fundus_imaging_bundle,REFUGE,T0358,data/external/kaggle/glaucoma_fundus_imaging_bundle/REFUGE/test/Images/T0358.jpg,data/processed/standardized_masks/refuge/test_T0358.png,REFUGE_test_T0358,test
glaucoma_fundus_imaging_bundle,REFUGE,T0359,data/external/kaggle/glaucoma_fundus_imaging_bundle/REFUGE/test/Images/T0359.jpg,data/processed/standardized_masks/refuge/test_T0359.png,REFUGE_test_T0359,test
glaucoma_fundus_imaging_bundle,REFUGE,T0360,data/external/kaggle/glaucoma_fundus_imaging_bundle/REFUGE/test/Images/T0360.jpg,data/processed/standardized_masks/refuge/test_T0360.png,REFUGE_test_T0360,test
glaucoma_fundus_imaging_bundle,REFUGE,T0361,data/external/kaggle/glaucoma_fundus_imaging_bundle/REFUGE/test/Images/T0361.jpg,data/processed/standardized_masks/refuge/test_T0361.png,REFUGE_test_T0361,test
glaucoma_fundus_imaging_bundle,REFUGE,T0362,data/external/kaggle/glaucoma_fundus_imaging_bundle/REFUGE/test/Images/T0362.jpg,data/processed/standardized_masks/refuge/test_T0362.png,REFUGE_test_T0362,test
glaucoma_fundus_imaging_bundle,REFUGE,T0363,data/external/kaggle/glaucoma_fundus_imaging_bundle/REFUGE/test/Images/T0363.jpg,data/processed/standardized_masks/refuge/test_T0363.png,REFUGE_test_T0363,test
glaucoma_fundus_imaging_bundle,REFUGE,T0364,data/external/kaggle/glaucoma_fundus_imaging_bundle/REFUGE/test/Images/T0364.jpg,data/processed/standardized_masks/refuge/test_T0364.png,REFUGE_test_T0364,test
glaucoma_fundus_imaging_bundle,REFUGE,T0365,data/external/kaggle/glaucoma_fundus_imaging_bundle/REFUGE/test/Images/T0365.jpg,data/processed/standardized_masks/refuge/test_T0365.png,REFUGE_test_T0365,test
glaucoma_fundus_imaging_bundle,REFUGE,T0366,data/external/kaggle/glaucoma_fundus_imaging_bundle/REFUGE/test/Images/T0366.jpg,data/processed/standardized_masks/refuge/test_T0366.png,REFUGE_test_T0366,test
glaucoma_fundus_imaging_bundle,REFUGE,T0367,data/external/kaggle/glaucoma_fundus_imaging_bundle/REFUGE/test/Images/T0367.jpg,data/processed/standardized_masks/refuge/test_T0367.png,REFUGE_test_T0367,test
glaucoma_fundus_imaging_bundle,REFUGE,T0368,data/external/kaggle/glaucoma_fundus_imaging_bundle/REFUGE/test/Images/T0368.jpg,data/processed/standardized_masks/refuge/test_T0368.png,REFUGE_test_T0368,test
glaucoma_fundus_imaging_bundle,REFUGE,T0369,data/external/kaggle/glaucoma_fundus_imaging_bundle/REFUGE/test/Images/T0369.jpg,data/processed/standardized_masks/refuge/test_T0369.png,REFUGE_test_T0369,test
glaucoma_fundus_imaging_bundle,REFUGE,T0370,data/external/kaggle/glaucoma_fundus_imaging_bundle/REFUGE/test/Images/T0370.jpg,data/processed/standardized_masks/refuge/test_T0370.png,REFUGE_test_T0370,test
glaucoma_fundus_imaging_bundle,REFUGE,T0371,data/external/kaggle/glaucoma_fundus_imaging_bundle/REFUGE/test/Images/T0371.jpg,data/processed/standardized_masks/refuge/test_T0371.png,REFUGE_test_T0371,test
glaucoma_fundus_imaging_bundle,REFUGE,T0372,data/external/kaggle/glaucoma_fundus_imaging_bundle/REFUGE/test/Images/T0372.jpg,data/processed/standardized_masks/refuge/test_T0372.png,REFUGE_test_T0372,test
glaucoma_fundus_imaging_bundle,REFUGE,T0373,data/external/kaggle/glaucoma_fundus_imaging_bundle/REFUGE/test/Images/T0373.jpg,data/processed/standardized_masks/refuge/test_T0373.png,REFUGE_test_T0373,test
glaucoma_fundus_imaging_bundle,REFUGE,T0374,data/external/kaggle/glaucoma_fundus_imaging_bundle/REFUGE/test/Images/T0374.jpg,data/processed/standardized_masks/refuge/test_T0374.png,REFUGE_test_T0374,test
glaucoma_fundus_imaging_bundle,REFUGE,T0375,data/external/kaggle/glaucoma_fundus_imaging_bundle/REFUGE/test/Images/T0375.jpg,data/processed/standardized_masks/refuge/test_T0375.png,REFUGE_test_T0375,test
glaucoma_fundus_imaging_bundle,REFUGE,T0376,data/external/kaggle/glaucoma_fundus_imaging_bundle/REFUGE/test/Images/T0376.jpg,data/processed/standardized_masks/refuge/test_T0376.png,REFUGE_test_T0376,test
glaucoma_fundus_imaging_bundle,REFUGE,T0377,data/external/kaggle/glaucoma_fundus_imaging_bundle/REFUGE/test/Images/T0377.jpg,data/processed/standardized_masks/refuge/test_T0377.png,REFUGE_test_T0377,test
glaucoma_fundus_imaging_bundle,REFUGE,T0378,data/external/kaggle/glaucoma_fundus_imaging_bundle/REFUGE/test/Images/T0378.jpg,data/processed/standardized_masks/refuge/test_T0378.png,REFUGE_test_T0378,test
glaucoma_fundus_imaging_bundle,REFUGE,T0379,data/external/kaggle/glaucoma_fundus_imaging_bundle/REFUGE/test/Images/T0379.jpg,data/processed/standardized_masks/refuge/test_T0379.png,REFUGE_test_T0379,test
glaucoma_fundus_imaging_bundle,REFUGE,T0380,data/external/kaggle/glaucoma_fundus_imaging_bundle/REFUGE/test/Images/T0380.jpg,data/processed/standardized_masks/refuge/test_T0380.png,REFUGE_test_T0380,test
glaucoma_fundus_imaging_bundle,REFUGE,T0381,data/external/kaggle/glaucoma_fundus_imaging_bundle/REFUGE/test/Images/T0381.jpg,data/processed/standardized_masks/refuge/test_T0381.png,REFUGE_test_T0381,test
glaucoma_fundus_imaging_bundle,REFUGE,T0382,data/external/kaggle/glaucoma_fundus_imaging_bundle/REFUGE/test/Images/T0382.jpg,data/processed/standardized_masks/refuge/test_T0382.png,REFUGE_test_T0382,test
glaucoma_fundus_imaging_bundle,REFUGE,T0383,data/external/kaggle/glaucoma_fundus_imaging_bundle/REFUGE/test/Images/T0383.jpg,data/processed/standardized_masks/refuge/test_T0383.png,REFUGE_test_T0383,test
glaucoma_fundus_imaging_bundle,REFUGE,T0384,data/external/kaggle/glaucoma_fundus_imaging_bundle/REFUGE/test/Images/T0384.jpg,data/processed/standardized_masks/refuge/test_T0384.png,REFUGE_test_T0384,test
glaucoma_fundus_imaging_bundle,REFUGE,T0385,data/external/kaggle/glaucoma_fundus_imaging_bundle/REFUGE/test/Images/T0385.jpg,data/processed/standardized_masks/refuge/test_T0385.png,REFUGE_test_T0385,test
glaucoma_fundus_imaging_bundle,REFUGE,T0386,data/external/kaggle/glaucoma_fundus_imaging_bundle/REFUGE/test/Images/T0386.jpg,data/processed/standardized_masks/refuge/test_T0386.png,REFUGE_test_T0386,test
glaucoma_fundus_imaging_bundle,REFUGE,T0387,data/external/kaggle/glaucoma_fundus_imaging_bundle/REFUGE/test/Images/T0387.jpg,data/processed/standardized_masks/refuge/test_T0387.png,REFUGE_test_T0387,test
glaucoma_fundus_imaging_bundle,REFUGE,T0388,data/external/kaggle/glaucoma_fundus_imaging_bundle/REFUGE/test/Images/T0388.jpg,data/processed/standardized_masks/refuge/test_T0388.png,REFUGE_test_T0388,test
glaucoma_fundus_imaging_bundle,REFUGE,T0389,data/external/kaggle/glaucoma_fundus_imaging_bundle/REFUGE/test/Images/T0389.jpg,data/processed/standardized_masks/refuge/test_T0389.png,REFUGE_test_T0389,test
glaucoma_fundus_imaging_bundle,REFUGE,T0390,data/external/kaggle/glaucoma_fundus_imaging_bundle/REFUGE/test/Images/T0390.jpg,data/processed/standardized_masks/refuge/test_T0390.png,REFUGE_test_T0390,test
glaucoma_fundus_imaging_bundle,REFUGE,T0391,data/external/kaggle/glaucoma_fundus_imaging_bundle/REFUGE/test/Images/T0391.jpg,data/processed/standardized_masks/refuge/test_T0391.png,REFUGE_test_T0391,test
glaucoma_fundus_imaging_bundle,REFUGE,T0392,data/external/kaggle/glaucoma_fundus_imaging_bundle/REFUGE/test/Images/T0392.jpg,data/processed/standardized_masks/refuge/test_T0392.png,REFUGE_test_T0392,test
glaucoma_fundus_imaging_bundle,REFUGE,T0393,data/external/kaggle/glaucoma_fundus_imaging_bundle/REFUGE/test/Images/T0393.jpg,data/processed/standardized_masks/refuge/test_T0393.png,REFUGE_test_T0393,test
glaucoma_fundus_imaging_bundle,REFUGE,T0394,data/external/kaggle/glaucoma_fundus_imaging_bundle/REFUGE/test/Images/T0394.jpg,data/processed/standardized_masks/refuge/test_T0394.png,REFUGE_test_T0394,test
glaucoma_fundus_imaging_bundle,REFUGE,T0395,data/external/kaggle/glaucoma_fundus_imaging_bundle/REFUGE/test/Images/T0395.jpg,data/processed/standardized_masks/refuge/test_T0395.png,REFUGE_test_T0395,test
glaucoma_fundus_imaging_bundle,REFUGE,T0396,data/external/kaggle/glaucoma_fundus_imaging_bundle/REFUGE/test/Images/T0396.jpg,data/processed/standardized_masks/refuge/test_T0396.png,REFUGE_test_T0396,test
glaucoma_fundus_imaging_bundle,REFUGE,T0397,data/external/kaggle/glaucoma_fundus_imaging_bundle/REFUGE/test/Images/T0397.jpg,data/processed/standardized_masks/refuge/test_T0397.png,REFUGE_test_T0397,test
glaucoma_fundus_imaging_bundle,REFUGE,T0398,data/external/kaggle/glaucoma_fundus_imaging_bundle/REFUGE/test/Images/T0398.jpg,data/processed/standardized_masks/refuge/test_T0398.png,REFUGE_test_T0398,test
glaucoma_fundus_imaging_bundle,REFUGE,T0399,data/external/kaggle/glaucoma_fundus_imaging_bundle/REFUGE/test/Images/T0399.jpg,data/processed/standardized_masks/refuge/test_T0399.png,REFUGE_test_T0399,test
glaucoma_fundus_imaging_bundle,REFUGE,T0400,data/external/kaggle/glaucoma_fundus_imaging_bundle/REFUGE/test/Images/T0400.jpg,data/processed/standardized_masks/refuge/test_T0400.png,REFUGE_test_T0400,test
papila,PAPILA,RET002OD,data/external/kaggle/papila/PapilaDB-PAPILA-17f8fa7746adb20275b5b6a0d99dc9dfe3007e9f/FundusImages/RET002OD.jpg,data/processed/papila_masks/RET002OD_exp1.png,PAPILA_RET002,train
papila,PAPILA,RET002OS,data/external/kaggle/papila/PapilaDB-PAPILA-17f8fa7746adb20275b5b6a0d99dc9dfe3007e9f/FundusImages/RET002OS.jpg,data/processed/papila_masks/RET002OS_exp1.png,PAPILA_RET002,train
papila,PAPILA,RET004OD,data/external/kaggle/papila/PapilaDB-PAPILA-17f8fa7746adb20275b5b6a0d99dc9dfe3007e9f/FundusImages/RET004OD.jpg,data/processed/papila_masks/RET004OD_exp1.png,PAPILA_RET004,val
papila,PAPILA,RET004OS,data/external/kaggle/papila/PapilaDB-PAPILA-17f8fa7746adb20275b5b6a0d99dc9dfe3007e9f/FundusImages/RET004OS.jpg,data/processed/papila_masks/RET004OS_exp1.png,PAPILA_RET004,val
papila,PAPILA,RET005OD,data/external/kaggle/papila/PapilaDB-PAPILA-17f8fa7746adb20275b5b6a0d99dc9dfe3007e9f/FundusImages/RET005OD.jpg,data/processed/papila_masks/RET005OD_exp1.png,PAPILA_RET005,train
papila,PAPILA,RET005OS,data/external/kaggle/papila/PapilaDB-PAPILA-17f8fa7746adb20275b5b6a0d99dc9dfe3007e9f/FundusImages/RET005OS.jpg,data/processed/papila_masks/RET005OS_exp1.png,PAPILA_RET005,train
papila,PAPILA,RET006OD,data/external/kaggle/papila/PapilaDB-PAPILA-17f8fa7746adb20275b5b6a0d99dc9dfe3007e9f/FundusImages/RET006OD.jpg,data/processed/papila_masks/RET006OD_exp1.png,PAPILA_RET006,train
papila,PAPILA,RET006OS,data/external/kaggle/papila/PapilaDB-PAPILA-17f8fa7746adb20275b5b6a0d99dc9dfe3007e9f/FundusImages/RET006OS.jpg,data/processed/papila_masks/RET006OS_exp1.png,PAPILA_RET006,train
papila,PAPILA,RET007OD,data/external/kaggle/papila/PapilaDB-PAPILA-17f8fa7746adb20275b5b6a0d99dc9dfe3007e9f/FundusImages/RET007OD.jpg,data/processed/papila_masks/RET007OD_exp1.png,PAPILA_RET007,train
papila,PAPILA,RET007OS,data/external/kaggle/papila/PapilaDB-PAPILA-17f8fa7746adb20275b5b6a0d99dc9dfe3007e9f/FundusImages/RET007OS.jpg,data/processed/papila_masks/RET007OS_exp1.png,PAPILA_RET007,train
papila,PAPILA,RET008OD,data/external/kaggle/papila/PapilaDB-PAPILA-17f8fa7746adb20275b5b6a0d99dc9dfe3007e9f/FundusImages/RET008OD.jpg,data/processed/papila_masks/RET008OD_exp1.png,PAPILA_RET008,train
papila,PAPILA,RET008OS,data/external/kaggle/papila/PapilaDB-PAPILA-17f8fa7746adb20275b5b6a0d99dc9dfe3007e9f/FundusImages/RET008OS.jpg,data/processed/papila_masks/RET008OS_exp1.png,PAPILA_RET008,train
papila,PAPILA,RET009OD,data/external/kaggle/papila/PapilaDB-PAPILA-17f8fa7746adb20275b5b6a0d99dc9dfe3007e9f/FundusImages/RET009OD.jpg,data/processed/papila_masks/RET009OD_exp1.png,PAPILA_RET009,test
papila,PAPILA,RET009OS,data/external/kaggle/papila/PapilaDB-PAPILA-17f8fa7746adb20275b5b6a0d99dc9dfe3007e9f/FundusImages/RET009OS.jpg,data/processed/papila_masks/RET009OS_exp1.png,PAPILA_RET009,test
papila,PAPILA,RET010OD,data/external/kaggle/papila/PapilaDB-PAPILA-17f8fa7746adb20275b5b6a0d99dc9dfe3007e9f/FundusImages/RET010OD.jpg,data/processed/papila_masks/RET010OD_exp1.png,PAPILA_RET010,train
papila,PAPILA,RET010OS,data/external/kaggle/papila/PapilaDB-PAPILA-17f8fa7746adb20275b5b6a0d99dc9dfe3007e9f/FundusImages/RET010OS.jpg,data/processed/papila_masks/RET010OS_exp1.png,PAPILA_RET010,train
papila,PAPILA,RET013OD,data/external/kaggle/papila/PapilaDB-PAPILA-17f8fa7746adb20275b5b6a0d99dc9dfe3007e9f/FundusImages/RET013OD.jpg,data/processed/papila_masks/RET013OD_exp1.png,PAPILA_RET013,train
papila,PAPILA,RET013OS,data/external/kaggle/papila/PapilaDB-PAPILA-17f8fa7746adb20275b5b6a0d99dc9dfe3007e9f/FundusImages/RET013OS.jpg,data/processed/papila_masks/RET013OS_exp1.png,PAPILA_RET013,train
papila,PAPILA,RET014OD,data/external/kaggle/papila/PapilaDB-PAPILA-17f8fa7746adb20275b5b6a0d99dc9dfe3007e9f/FundusImages/RET014OD.jpg,data/processed/papila_masks/RET014OD_exp1.png,PAPILA_RET014,train
papila,PAPILA,RET014OS,data/external/kaggle/papila/PapilaDB-PAPILA-17f8fa7746adb20275b5b6a0d99dc9dfe3007e9f/FundusImages/RET014OS.jpg,data/processed/papila_masks/RET014OS_exp1.png,PAPILA_RET014,train
papila,PAPILA,RET015OD,data/external/kaggle/papila/PapilaDB-PAPILA-17f8fa7746adb20275b5b6a0d99dc9dfe3007e9f/FundusImages/RET015OD.jpg,data/processed/papila_masks/RET015OD_exp1.png,PAPILA_RET015,train
papila,PAPILA,RET015OS,data/external/kaggle/papila/PapilaDB-PAPILA-17f8fa7746adb20275b5b6a0d99dc9dfe3007e9f/FundusImages/RET015OS.jpg,data/processed/papila_masks/RET015OS_exp1.png,PAPILA_RET015,train
papila,PAPILA,RET016OD,data/external/kaggle/papila/PapilaDB-PAPILA-17f8fa7746adb20275b5b6a0d99dc9dfe3007e9f/FundusImages/RET016OD.jpg,data/processed/papila_masks/RET016OD_exp1.png,PAPILA_RET016,val
papila,PAPILA,RET016OS,data/external/kaggle/papila/PapilaDB-PAPILA-17f8fa7746adb20275b5b6a0d99dc9dfe3007e9f/FundusImages/RET016OS.jpg,data/processed/papila_masks/RET016OS_exp1.png,PAPILA_RET016,val
papila,PAPILA,RET018OD,data/external/kaggle/papila/PapilaDB-PAPILA-17f8fa7746adb20275b5b6a0d99dc9dfe3007e9f/FundusImages/RET018OD.jpg,data/processed/papila_masks/RET018OD_exp1.png,PAPILA_RET018,train
papila,PAPILA,RET018OS,data/external/kaggle/papila/PapilaDB-PAPILA-17f8fa7746adb20275b5b6a0d99dc9dfe3007e9f/FundusImages/RET018OS.jpg,data/processed/papila_masks/RET018OS_exp1.png,PAPILA_RET018,train
papila,PAPILA,RET019OD,data/external/kaggle/papila/PapilaDB-PAPILA-17f8fa7746adb20275b5b6a0d99dc9dfe3007e9f/FundusImages/RET019OD.jpg,data/processed/papila_masks/RET019OD_exp1.png,PAPILA_RET019,train
papila,PAPILA,RET019OS,data/external/kaggle/papila/PapilaDB-PAPILA-17f8fa7746adb20275b5b6a0d99dc9dfe3007e9f/FundusImages/RET019OS.jpg,data/processed/papila_masks/RET019OS_exp1.png,PAPILA_RET019,train
papila,PAPILA,RET020OD,data/external/kaggle/papila/PapilaDB-PAPILA-17f8fa7746adb20275b5b6a0d99dc9dfe3007e9f/FundusImages/RET020OD.jpg,data/processed/papila_masks/RET020OD_exp1.png,PAPILA_RET020,test
papila,PAPILA,RET020OS,data/external/kaggle/papila/PapilaDB-PAPILA-17f8fa7746adb20275b5b6a0d99dc9dfe3007e9f/FundusImages/RET020OS.jpg,data/processed/papila_masks/RET020OS_exp1.png,PAPILA_RET020,test
papila,PAPILA,RET021OD,data/external/kaggle/papila/PapilaDB-PAPILA-17f8fa7746adb20275b5b6a0d99dc9dfe3007e9f/FundusImages/RET021OD.jpg,data/processed/papila_masks/RET021OD_exp1.png,PAPILA_RET021,val
papila,PAPILA,RET021OS,data/external/kaggle/papila/PapilaDB-PAPILA-17f8fa7746adb20275b5b6a0d99dc9dfe3007e9f/FundusImages/RET021OS.jpg,data/processed/papila_masks/RET021OS_exp1.png,PAPILA_RET021,val
papila,PAPILA,RET023OD,data/external/kaggle/papila/PapilaDB-PAPILA-17f8fa7746adb20275b5b6a0d99dc9dfe3007e9f/FundusImages/RET023OD.jpg,data/processed/papila_masks/RET023OD_exp1.png,PAPILA_RET023,val
papila,PAPILA,RET023OS,data/external/kaggle/papila/PapilaDB-PAPILA-17f8fa7746adb20275b5b6a0d99dc9dfe3007e9f/FundusImages/RET023OS.jpg,data/processed/papila_masks/RET023OS_exp1.png,PAPILA_RET023,val
papila,PAPILA,RET024OD,data/external/kaggle/papila/PapilaDB-PAPILA-17f8fa7746adb20275b5b6a0d99dc9dfe3007e9f/FundusImages/RET024OD.jpg,data/processed/papila_masks/RET024OD_exp1.png,PAPILA_RET024,val
papila,PAPILA,RET024OS,data/external/kaggle/papila/PapilaDB-PAPILA-17f8fa7746adb20275b5b6a0d99dc9dfe3007e9f/FundusImages/RET024OS.jpg,data/processed/papila_masks/RET024OS_exp1.png,PAPILA_RET024,val
papila,PAPILA,RET025OD,data/external/kaggle/papila/PapilaDB-PAPILA-17f8fa7746adb20275b5b6a0d99dc9dfe3007e9f/FundusImages/RET025OD.jpg,data/processed/papila_masks/RET025OD_exp1.png,PAPILA_RET025,train
papila,PAPILA,RET025OS,data/external/kaggle/papila/PapilaDB-PAPILA-17f8fa7746adb20275b5b6a0d99dc9dfe3007e9f/FundusImages/RET025OS.jpg,data/processed/papila_masks/RET025OS_exp1.png,PAPILA_RET025,train
papila,PAPILA,RET026OD,data/external/kaggle/papila/PapilaDB-PAPILA-17f8fa7746adb20275b5b6a0d99dc9dfe3007e9f/FundusImages/RET026OD.jpg,data/processed/papila_masks/RET026OD_exp1.png,PAPILA_RET026,test
papila,PAPILA,RET026OS,data/external/kaggle/papila/PapilaDB-PAPILA-17f8fa7746adb20275b5b6a0d99dc9dfe3007e9f/FundusImages/RET026OS.jpg,data/processed/papila_masks/RET026OS_exp1.png,PAPILA_RET026,test
papila,PAPILA,RET027OD,data/external/kaggle/papila/PapilaDB-PAPILA-17f8fa7746adb20275b5b6a0d99dc9dfe3007e9f/FundusImages/RET027OD.jpg,data/processed/papila_masks/RET027OD_exp1.png,PAPILA_RET027,train
papila,PAPILA,RET027OS,data/external/kaggle/papila/PapilaDB-PAPILA-17f8fa7746adb20275b5b6a0d99dc9dfe3007e9f/FundusImages/RET027OS.jpg,data/processed/papila_masks/RET027OS_exp1.png,PAPILA_RET027,train
papila,PAPILA,RET028OD,data/external/kaggle/papila/PapilaDB-PAPILA-17f8fa7746adb20275b5b6a0d99dc9dfe3007e9f/FundusImages/RET028OD.jpg,data/processed/papila_masks/RET028OD_exp1.png,PAPILA_RET028,train
papila,PAPILA,RET028OS,data/external/kaggle/papila/PapilaDB-PAPILA-17f8fa7746adb20275b5b6a0d99dc9dfe3007e9f/FundusImages/RET028OS.jpg,data/processed/papila_masks/RET028OS_exp1.png,PAPILA_RET028,train
papila,PAPILA,RET029OD,data/external/kaggle/papila/PapilaDB-PAPILA-17f8fa7746adb20275b5b6a0d99dc9dfe3007e9f/FundusImages/RET029OD.jpg,data/processed/papila_masks/RET029OD_exp1.png,PAPILA_RET029,test
papila,PAPILA,RET029OS,data/external/kaggle/papila/PapilaDB-PAPILA-17f8fa7746adb20275b5b6a0d99dc9dfe3007e9f/FundusImages/RET029OS.jpg,data/processed/papila_masks/RET029OS_exp1.png,PAPILA_RET029,test
papila,PAPILA,RET030OD,data/external/kaggle/papila/PapilaDB-PAPILA-17f8fa7746adb20275b5b6a0d99dc9dfe3007e9f/FundusImages/RET030OD.jpg,data/processed/papila_masks/RET030OD_exp1.png,PAPILA_RET030,val
papila,PAPILA,RET030OS,data/external/kaggle/papila/PapilaDB-PAPILA-17f8fa7746adb20275b5b6a0d99dc9dfe3007e9f/FundusImages/RET030OS.jpg,data/processed/papila_masks/RET030OS_exp1.png,PAPILA_RET030,val
papila,PAPILA,RET031OD,data/external/kaggle/papila/PapilaDB-PAPILA-17f8fa7746adb20275b5b6a0d99dc9dfe3007e9f/FundusImages/RET031OD.jpg,data/processed/papila_masks/RET031OD_exp1.png,PAPILA_RET031,train
papila,PAPILA,RET031OS,data/external/kaggle/papila/PapilaDB-PAPILA-17f8fa7746adb20275b5b6a0d99dc9dfe3007e9f/FundusImages/RET031OS.jpg,data/processed/papila_masks/RET031OS_exp1.png,PAPILA_RET031,train
papila,PAPILA,RET032OD,data/external/kaggle/papila/PapilaDB-PAPILA-17f8fa7746adb20275b5b6a0d99dc9dfe3007e9f/FundusImages/RET032OD.jpg,data/processed/papila_masks/RET032OD_exp1.png,PAPILA_RET032,train
papila,PAPILA,RET032OS,data/external/kaggle/papila/PapilaDB-PAPILA-17f8fa7746adb20275b5b6a0d99dc9dfe3007e9f/FundusImages/RET032OS.jpg,data/processed/papila_masks/RET032OS_exp1.png,PAPILA_RET032,train
papila,PAPILA,RET033OD,data/external/kaggle/papila/PapilaDB-PAPILA-17f8fa7746adb20275b5b6a0d99dc9dfe3007e9f/FundusImages/RET033OD.jpg,data/processed/papila_masks/RET033OD_exp1.png,PAPILA_RET033,train
papila,PAPILA,RET033OS,data/external/kaggle/papila/PapilaDB-PAPILA-17f8fa7746adb20275b5b6a0d99dc9dfe3007e9f/FundusImages/RET033OS.jpg,data/processed/papila_masks/RET033OS_exp1.png,PAPILA_RET033,train
papila,PAPILA,RET034OD,data/external/kaggle/papila/PapilaDB-PAPILA-17f8fa7746adb20275b5b6a0d99dc9dfe3007e9f/FundusImages/RET034OD.jpg,data/processed/papila_masks/RET034OD_exp1.png,PAPILA_RET034,train
papila,PAPILA,RET034OS,data/external/kaggle/papila/PapilaDB-PAPILA-17f8fa7746adb20275b5b6a0d99dc9dfe3007e9f/FundusImages/RET034OS.jpg,data/processed/papila_masks/RET034OS_exp1.png,PAPILA_RET034,train
papila,PAPILA,RET035OD,data/external/kaggle/papila/PapilaDB-PAPILA-17f8fa7746adb20275b5b6a0d99dc9dfe3007e9f/FundusImages/RET035OD.jpg,data/processed/papila_masks/RET035OD_exp1.png,PAPILA_RET035,train
papila,PAPILA,RET035OS,data/external/kaggle/papila/PapilaDB-PAPILA-17f8fa7746adb20275b5b6a0d99dc9dfe3007e9f/FundusImages/RET035OS.jpg,data/processed/papila_masks/RET035OS_exp1.png,PAPILA_RET035,train
papila,PAPILA,RET036OD,data/external/kaggle/papila/PapilaDB-PAPILA-17f8fa7746adb20275b5b6a0d99dc9dfe3007e9f/FundusImages/RET036OD.jpg,data/processed/papila_masks/RET036OD_exp1.png,PAPILA_RET036,train
papila,PAPILA,RET036OS,data/external/kaggle/papila/PapilaDB-PAPILA-17f8fa7746adb20275b5b6a0d99dc9dfe3007e9f/FundusImages/RET036OS.jpg,data/processed/papila_masks/RET036OS_exp1.png,PAPILA_RET036,train
papila,PAPILA,RET037OD,data/external/kaggle/papila/PapilaDB-PAPILA-17f8fa7746adb20275b5b6a0d99dc9dfe3007e9f/FundusImages/RET037OD.jpg,data/processed/papila_masks/RET037OD_exp1.png,PAPILA_RET037,test
papila,PAPILA,RET037OS,data/external/kaggle/papila/PapilaDB-PAPILA-17f8fa7746adb20275b5b6a0d99dc9dfe3007e9f/FundusImages/RET037OS.jpg,data/processed/papila_masks/RET037OS_exp1.png,PAPILA_RET037,test
papila,PAPILA,RET038OD,data/external/kaggle/papila/PapilaDB-PAPILA-17f8fa7746adb20275b5b6a0d99dc9dfe3007e9f/FundusImages/RET038OD.jpg,data/processed/papila_masks/RET038OD_exp1.png,PAPILA_RET038,val
papila,PAPILA,RET038OS,data/external/kaggle/papila/PapilaDB-PAPILA-17f8fa7746adb20275b5b6a0d99dc9dfe3007e9f/FundusImages/RET038OS.jpg,data/processed/papila_masks/RET038OS_exp1.png,PAPILA_RET038,val
papila,PAPILA,RET039OD,data/external/kaggle/papila/PapilaDB-PAPILA-17f8fa7746adb20275b5b6a0d99dc9dfe3007e9f/FundusImages/RET039OD.jpg,data/processed/papila_masks/RET039OD_exp1.png,PAPILA_RET039,train
papila,PAPILA,RET039OS,data/external/kaggle/papila/PapilaDB-PAPILA-17f8fa7746adb20275b5b6a0d99dc9dfe3007e9f/FundusImages/RET039OS.jpg,data/processed/papila_masks/RET039OS_exp1.png,PAPILA_RET039,train
papila,PAPILA,RET041OD,data/external/kaggle/papila/PapilaDB-PAPILA-17f8fa7746adb20275b5b6a0d99dc9dfe3007e9f/FundusImages/RET041OD.jpg,data/processed/papila_masks/RET041OD_exp1.png,PAPILA_RET041,train
papila,PAPILA,RET041OS,data/external/kaggle/papila/PapilaDB-PAPILA-17f8fa7746adb20275b5b6a0d99dc9dfe3007e9f/FundusImages/RET041OS.jpg,data/processed/papila_masks/RET041OS_exp1.png,PAPILA_RET041,train
papila,PAPILA,RET042OD,data/external/kaggle/papila/PapilaDB-PAPILA-17f8fa7746adb20275b5b6a0d99dc9dfe3007e9f/FundusImages/RET042OD.jpg,data/processed/papila_masks/RET042OD_exp1.png,PAPILA_RET042,test
papila,PAPILA,RET042OS,data/external/kaggle/papila/PapilaDB-PAPILA-17f8fa7746adb20275b5b6a0d99dc9dfe3007e9f/FundusImages/RET042OS.jpg,data/processed/papila_masks/RET042OS_exp1.png,PAPILA_RET042,test
papila,PAPILA,RET044OD,data/external/kaggle/papila/PapilaDB-PAPILA-17f8fa7746adb20275b5b6a0d99dc9dfe3007e9f/FundusImages/RET044OD.jpg,data/processed/papila_masks/RET044OD_exp1.png,PAPILA_RET044,test
papila,PAPILA,RET044OS,data/external/kaggle/papila/PapilaDB-PAPILA-17f8fa7746adb20275b5b6a0d99dc9dfe3007e9f/FundusImages/RET044OS.jpg,data/processed/papila_masks/RET044OS_exp1.png,PAPILA_RET044,test
papila,PAPILA,RET045OD,data/external/kaggle/papila/PapilaDB-PAPILA-17f8fa7746adb20275b5b6a0d99dc9dfe3007e9f/FundusImages/RET045OD.jpg,data/processed/papila_masks/RET045OD_exp1.png,PAPILA_RET045,test
papila,PAPILA,RET045OS,data/external/kaggle/papila/PapilaDB-PAPILA-17f8fa7746adb20275b5b6a0d99dc9dfe3007e9f/FundusImages/RET045OS.jpg,data/processed/papila_masks/RET045OS_exp1.png,PAPILA_RET045,test
papila,PAPILA,RET046OD,data/external/kaggle/papila/PapilaDB-PAPILA-17f8fa7746adb20275b5b6a0d99dc9dfe3007e9f/FundusImages/RET046OD.jpg,data/processed/papila_masks/RET046OD_exp1.png,PAPILA_RET046,train
papila,PAPILA,RET046OS,data/external/kaggle/papila/PapilaDB-PAPILA-17f8fa7746adb20275b5b6a0d99dc9dfe3007e9f/FundusImages/RET046OS.jpg,data/processed/papila_masks/RET046OS_exp1.png,PAPILA_RET046,train
papila,PAPILA,RET047OD,data/external/kaggle/papila/PapilaDB-PAPILA-17f8fa7746adb20275b5b6a0d99dc9dfe3007e9f/FundusImages/RET047OD.jpg,data/processed/papila_masks/RET047OD_exp1.png,PAPILA_RET047,train
papila,PAPILA,RET047OS,data/external/kaggle/papila/PapilaDB-PAPILA-17f8fa7746adb20275b5b6a0d99dc9dfe3007e9f/FundusImages/RET047OS.jpg,data/processed/papila_masks/RET047OS_exp1.png,PAPILA_RET047,train
papila,PAPILA,RET048OD,data/external/kaggle/papila/PapilaDB-PAPILA-17f8fa7746adb20275b5b6a0d99dc9dfe3007e9f/FundusImages/RET048OD.jpg,data/processed/papila_masks/RET048OD_exp1.png,PAPILA_RET048,train
papila,PAPILA,RET048OS,data/external/kaggle/papila/PapilaDB-PAPILA-17f8fa7746adb20275b5b6a0d99dc9dfe3007e9f/FundusImages/RET048OS.jpg,data/processed/papila_masks/RET048OS_exp1.png,PAPILA_RET048,train
papila,PAPILA,RET050OD,data/external/kaggle/papila/PapilaDB-PAPILA-17f8fa7746adb20275b5b6a0d99dc9dfe3007e9f/FundusImages/RET050OD.jpg,data/processed/papila_masks/RET050OD_exp1.png,PAPILA_RET050,val
papila,PAPILA,RET050OS,data/external/kaggle/papila/PapilaDB-PAPILA-17f8fa7746adb20275b5b6a0d99dc9dfe3007e9f/FundusImages/RET050OS.jpg,data/processed/papila_masks/RET050OS_exp1.png,PAPILA_RET050,val
papila,PAPILA,RET051OD,data/external/kaggle/papila/PapilaDB-PAPILA-17f8fa7746adb20275b5b6a0d99dc9dfe3007e9f/FundusImages/RET051OD.jpg,data/processed/papila_masks/RET051OD_exp1.png,PAPILA_RET051,test
papila,PAPILA,RET051OS,data/external/kaggle/papila/PapilaDB-PAPILA-17f8fa7746adb20275b5b6a0d99dc9dfe3007e9f/FundusImages/RET051OS.jpg,data/processed/papila_masks/RET051OS_exp1.png,PAPILA_RET051,test
papila,PAPILA,RET053OD,data/external/kaggle/papila/PapilaDB-PAPILA-17f8fa7746adb20275b5b6a0d99dc9dfe3007e9f/FundusImages/RET053OD.jpg,data/processed/papila_masks/RET053OD_exp1.png,PAPILA_RET053,val
papila,PAPILA,RET053OS,data/external/kaggle/papila/PapilaDB-PAPILA-17f8fa7746adb20275b5b6a0d99dc9dfe3007e9f/FundusImages/RET053OS.jpg,data/processed/papila_masks/RET053OS_exp1.png,PAPILA_RET053,val
papila,PAPILA,RET055OD,data/external/kaggle/papila/PapilaDB-PAPILA-17f8fa7746adb20275b5b6a0d99dc9dfe3007e9f/FundusImages/RET055OD.jpg,data/processed/papila_masks/RET055OD_exp1.png,PAPILA_RET055,val
papila,PAPILA,RET055OS,data/external/kaggle/papila/PapilaDB-PAPILA-17f8fa7746adb20275b5b6a0d99dc9dfe3007e9f/FundusImages/RET055OS.jpg,data/processed/papila_masks/RET055OS_exp1.png,PAPILA_RET055,val
papila,PAPILA,RET056OD,data/external/kaggle/papila/PapilaDB-PAPILA-17f8fa7746adb20275b5b6a0d99dc9dfe3007e9f/FundusImages/RET056OD.jpg,data/processed/papila_masks/RET056OD_exp1.png,PAPILA_RET056,test
papila,PAPILA,RET056OS,data/external/kaggle/papila/PapilaDB-PAPILA-17f8fa7746adb20275b5b6a0d99dc9dfe3007e9f/FundusImages/RET056OS.jpg,data/processed/papila_masks/RET056OS_exp1.png,PAPILA_RET056,test
papila,PAPILA,RET057OD,data/external/kaggle/papila/PapilaDB-PAPILA-17f8fa7746adb20275b5b6a0d99dc9dfe3007e9f/FundusImages/RET057OD.jpg,data/processed/papila_masks/RET057OD_exp1.png,PAPILA_RET057,train
papila,PAPILA,RET057OS,data/external/kaggle/papila/PapilaDB-PAPILA-17f8fa7746adb20275b5b6a0d99dc9dfe3007e9f/FundusImages/RET057OS.jpg,data/processed/papila_masks/RET057OS_exp1.png,PAPILA_RET057,train
papila,PAPILA,RET062OD,data/external/kaggle/papila/PapilaDB-PAPILA-17f8fa7746adb20275b5b6a0d99dc9dfe3007e9f/FundusImages/RET062OD.jpg,data/processed/papila_masks/RET062OD_exp1.png,PAPILA_RET062,train
papila,PAPILA,RET062OS,data/external/kaggle/papila/PapilaDB-PAPILA-17f8fa7746adb20275b5b6a0d99dc9dfe3007e9f/FundusImages/RET062OS.jpg,data/processed/papila_masks/RET062OS_exp1.png,PAPILA_RET062,train
papila,PAPILA,RET064OD,data/external/kaggle/papila/PapilaDB-PAPILA-17f8fa7746adb20275b5b6a0d99dc9dfe3007e9f/FundusImages/RET064OD.jpg,data/processed/papila_masks/RET064OD_exp1.png,PAPILA_RET064,test
papila,PAPILA,RET064OS,data/external/kaggle/papila/PapilaDB-PAPILA-17f8fa7746adb20275b5b6a0d99dc9dfe3007e9f/FundusImages/RET064OS.jpg,data/processed/papila_masks/RET064OS_exp1.png,PAPILA_RET064,test
papila,PAPILA,RET065OD,data/external/kaggle/papila/PapilaDB-PAPILA-17f8fa7746adb20275b5b6a0d99dc9dfe3007e9f/FundusImages/RET065OD.jpg,data/processed/papila_masks/RET065OD_exp1.png,PAPILA_RET065,train
papila,PAPILA,RET065OS,data/external/kaggle/papila/PapilaDB-PAPILA-17f8fa7746adb20275b5b6a0d99dc9dfe3007e9f/FundusImages/RET065OS.jpg,data/processed/papila_masks/RET065OS_exp1.png,PAPILA_RET065,train
papila,PAPILA,RET066OD,data/external/kaggle/papila/PapilaDB-PAPILA-17f8fa7746adb20275b5b6a0d99dc9dfe3007e9f/FundusImages/RET066OD.jpg,data/processed/papila_masks/RET066OD_exp1.png,PAPILA_RET066,test
papila,PAPILA,RET066OS,data/external/kaggle/papila/PapilaDB-PAPILA-17f8fa7746adb20275b5b6a0d99dc9dfe3007e9f/FundusImages/RET066OS.jpg,data/processed/papila_masks/RET066OS_exp1.png,PAPILA_RET066,test
papila,PAPILA,RET067OD,data/external/kaggle/papila/PapilaDB-PAPILA-17f8fa7746adb20275b5b6a0d99dc9dfe3007e9f/FundusImages/RET067OD.jpg,data/processed/papila_masks/RET067OD_exp1.png,PAPILA_RET067,train
papila,PAPILA,RET067OS,data/external/kaggle/papila/PapilaDB-PAPILA-17f8fa7746adb20275b5b6a0d99dc9dfe3007e9f/FundusImages/RET067OS.jpg,data/processed/papila_masks/RET067OS_exp1.png,PAPILA_RET067,train
papila,PAPILA,RET068OD,data/external/kaggle/papila/PapilaDB-PAPILA-17f8fa7746adb20275b5b6a0d99dc9dfe3007e9f/FundusImages/RET068OD.jpg,data/processed/papila_masks/RET068OD_exp1.png,PAPILA_RET068,train
papila,PAPILA,RET068OS,data/external/kaggle/papila/PapilaDB-PAPILA-17f8fa7746adb20275b5b6a0d99dc9dfe3007e9f/FundusImages/RET068OS.jpg,data/processed/papila_masks/RET068OS_exp1.png,PAPILA_RET068,train
papila,PAPILA,RET069OD,data/external/kaggle/papila/PapilaDB-PAPILA-17f8fa7746adb20275b5b6a0d99dc9dfe3007e9f/FundusImages/RET069OD.jpg,data/processed/papila_masks/RET069OD_exp1.png,PAPILA_RET069,train
papila,PAPILA,RET069OS,data/external/kaggle/papila/PapilaDB-PAPILA-17f8fa7746adb20275b5b6a0d99dc9dfe3007e9f/FundusImages/RET069OS.jpg,data/processed/papila_masks/RET069OS_exp1.png,PAPILA_RET069,train
papila,PAPILA,RET072OD,data/external/kaggle/papila/PapilaDB-PAPILA-17f8fa7746adb20275b5b6a0d99dc9dfe3007e9f/FundusImages/RET072OD.jpg,data/processed/papila_masks/RET072OD_exp1.png,PAPILA_RET072,val
papila,PAPILA,RET072OS,data/external/kaggle/papila/PapilaDB-PAPILA-17f8fa7746adb20275b5b6a0d99dc9dfe3007e9f/FundusImages/RET072OS.jpg,data/processed/papila_masks/RET072OS_exp1.png,PAPILA_RET072,val
papila,PAPILA,RET073OD,data/external/kaggle/papila/PapilaDB-PAPILA-17f8fa7746adb20275b5b6a0d99dc9dfe3007e9f/FundusImages/RET073OD.jpg,data/processed/papila_masks/RET073OD_exp1.png,PAPILA_RET073,train
papila,PAPILA,RET073OS,data/external/kaggle/papila/PapilaDB-PAPILA-17f8fa7746adb20275b5b6a0d99dc9dfe3007e9f/FundusImages/RET073OS.jpg,data/processed/papila_masks/RET073OS_exp1.png,PAPILA_RET073,train
papila,PAPILA,RET074OD,data/external/kaggle/papila/PapilaDB-PAPILA-17f8fa7746adb20275b5b6a0d99dc9dfe3007e9f/FundusImages/RET074OD.jpg,data/processed/papila_masks/RET074OD_exp1.png,PAPILA_RET074,train
papila,PAPILA,RET074OS,data/external/kaggle/papila/PapilaDB-PAPILA-17f8fa7746adb20275b5b6a0d99dc9dfe3007e9f/FundusImages/RET074OS.jpg,data/processed/papila_masks/RET074OS_exp1.png,PAPILA_RET074,train
papila,PAPILA,RET077OD,data/external/kaggle/papila/PapilaDB-PAPILA-17f8fa7746adb20275b5b6a0d99dc9dfe3007e9f/FundusImages/RET077OD.jpg,data/processed/papila_masks/RET077OD_exp1.png,PAPILA_RET077,train
papila,PAPILA,RET077OS,data/external/kaggle/papila/PapilaDB-PAPILA-17f8fa7746adb20275b5b6a0d99dc9dfe3007e9f/FundusImages/RET077OS.jpg,data/processed/papila_masks/RET077OS_exp1.png,PAPILA_RET077,train
papila,PAPILA,RET079OD,data/external/kaggle/papila/PapilaDB-PAPILA-17f8fa7746adb20275b5b6a0d99dc9dfe3007e9f/FundusImages/RET079OD.jpg,data/processed/papila_masks/RET079OD_exp1.png,PAPILA_RET079,val
papila,PAPILA,RET079OS,data/external/kaggle/papila/PapilaDB-PAPILA-17f8fa7746adb20275b5b6a0d99dc9dfe3007e9f/FundusImages/RET079OS.jpg,data/processed/papila_masks/RET079OS_exp1.png,PAPILA_RET079,val
papila,PAPILA,RET081OD,data/external/kaggle/papila/PapilaDB-PAPILA-17f8fa7746adb20275b5b6a0d99dc9dfe3007e9f/FundusImages/RET081OD.jpg,data/processed/papila_masks/RET081OD_exp1.png,PAPILA_RET081,test
papila,PAPILA,RET081OS,data/external/kaggle/papila/PapilaDB-PAPILA-17f8fa7746adb20275b5b6a0d99dc9dfe3007e9f/FundusImages/RET081OS.jpg,data/processed/papila_masks/RET081OS_exp1.png,PAPILA_RET081,test
papila,PAPILA,RET084OD,data/external/kaggle/papila/PapilaDB-PAPILA-17f8fa7746adb20275b5b6a0d99dc9dfe3007e9f/FundusImages/RET084OD.jpg,data/processed/papila_masks/RET084OD_exp1.png,PAPILA_RET084,train
papila,PAPILA,RET084OS,data/external/kaggle/papila/PapilaDB-PAPILA-17f8fa7746adb20275b5b6a0d99dc9dfe3007e9f/FundusImages/RET084OS.jpg,data/processed/papila_masks/RET084OS_exp1.png,PAPILA_RET084,train
papila,PAPILA,RET087OD,data/external/kaggle/papila/PapilaDB-PAPILA-17f8fa7746adb20275b5b6a0d99dc9dfe3007e9f/FundusImages/RET087OD.jpg,data/processed/papila_masks/RET087OD_exp1.png,PAPILA_RET087,val
papila,PAPILA,RET087OS,data/external/kaggle/papila/PapilaDB-PAPILA-17f8fa7746adb20275b5b6a0d99dc9dfe3007e9f/FundusImages/RET087OS.jpg,data/processed/papila_masks/RET087OS_exp1.png,PAPILA_RET087,val
papila,PAPILA,RET088OD,data/external/kaggle/papila/PapilaDB-PAPILA-17f8fa7746adb20275b5b6a0d99dc9dfe3007e9f/FundusImages/RET088OD.jpg,data/processed/papila_masks/RET088OD_exp1.png,PAPILA_RET088,val
papila,PAPILA,RET088OS,data/external/kaggle/papila/PapilaDB-PAPILA-17f8fa7746adb20275b5b6a0d99dc9dfe3007e9f/FundusImages/RET088OS.jpg,data/processed/papila_masks/RET088OS_exp1.png,PAPILA_RET088,val
papila,PAPILA,RET089OD,data/external/kaggle/papila/PapilaDB-PAPILA-17f8fa7746adb20275b5b6a0d99dc9dfe3007e9f/FundusImages/RET089OD.jpg,data/processed/papila_masks/RET089OD_exp1.png,PAPILA_RET089,train
papila,PAPILA,RET089OS,data/external/kaggle/papila/PapilaDB-PAPILA-17f8fa7746adb20275b5b6a0d99dc9dfe3007e9f/FundusImages/RET089OS.jpg,data/processed/papila_masks/RET089OS_exp1.png,PAPILA_RET089,train
papila,PAPILA,RET090OD,data/external/kaggle/papila/PapilaDB-PAPILA-17f8fa7746adb20275b5b6a0d99dc9dfe3007e9f/FundusImages/RET090OD.jpg,data/processed/papila_masks/RET090OD_exp1.png,PAPILA_RET090,val
papila,PAPILA,RET090OS,data/external/kaggle/papila/PapilaDB-PAPILA-17f8fa7746adb20275b5b6a0d99dc9dfe3007e9f/FundusImages/RET090OS.jpg,data/processed/papila_masks/RET090OS_exp1.png,PAPILA_RET090,val
papila,PAPILA,RET091OD,data/external/kaggle/papila/PapilaDB-PAPILA-17f8fa7746adb20275b5b6a0d99dc9dfe3007e9f/FundusImages/RET091OD.jpg,data/processed/papila_masks/RET091OD_exp1.png,PAPILA_RET091,test
papila,PAPILA,RET091OS,data/external/kaggle/papila/PapilaDB-PAPILA-17f8fa7746adb20275b5b6a0d99dc9dfe3007e9f/FundusImages/RET091OS.jpg,data/processed/papila_masks/RET091OS_exp1.png,PAPILA_RET091,test
papila,PAPILA,RET092OD,data/external/kaggle/papila/PapilaDB-PAPILA-17f8fa7746adb20275b5b6a0d99dc9dfe3007e9f/FundusImages/RET092OD.jpg,data/processed/papila_masks/RET092OD_exp1.png,PAPILA_RET092,train
papila,PAPILA,RET092OS,data/external/kaggle/papila/PapilaDB-PAPILA-17f8fa7746adb20275b5b6a0d99dc9dfe3007e9f/FundusImages/RET092OS.jpg,data/processed/papila_masks/RET092OS_exp1.png,PAPILA_RET092,train
papila,PAPILA,RET093OD,data/external/kaggle/papila/PapilaDB-PAPILA-17f8fa7746adb20275b5b6a0d99dc9dfe3007e9f/FundusImages/RET093OD.jpg,data/processed/papila_masks/RET093OD_exp1.png,PAPILA_RET093,train
papila,PAPILA,RET093OS,data/external/kaggle/papila/PapilaDB-PAPILA-17f8fa7746adb20275b5b6a0d99dc9dfe3007e9f/FundusImages/RET093OS.jpg,data/processed/papila_masks/RET093OS_exp1.png,PAPILA_RET093,train
papila,PAPILA,RET096OD,data/external/kaggle/papila/PapilaDB-PAPILA-17f8fa7746adb20275b5b6a0d99dc9dfe3007e9f/FundusImages/RET096OD.jpg,data/processed/papila_masks/RET096OD_exp1.png,PAPILA_RET096,train
papila,PAPILA,RET096OS,data/external/kaggle/papila/PapilaDB-PAPILA-17f8fa7746adb20275b5b6a0d99dc9dfe3007e9f/FundusImages/RET096OS.jpg,data/processed/papila_masks/RET096OS_exp1.png,PAPILA_RET096,train
papila,PAPILA,RET098OD,data/external/kaggle/papila/PapilaDB-PAPILA-17f8fa7746adb20275b5b6a0d99dc9dfe3007e9f/FundusImages/RET098OD.jpg,data/processed/papila_masks/RET098OD_exp1.png,PAPILA_RET098,train
papila,PAPILA,RET098OS,data/external/kaggle/papila/PapilaDB-PAPILA-17f8fa7746adb20275b5b6a0d99dc9dfe3007e9f/FundusImages/RET098OS.jpg,data/processed/papila_masks/RET098OS_exp1.png,PAPILA_RET098,train
papila,PAPILA,RET101OD,data/external/kaggle/papila/PapilaDB-PAPILA-17f8fa7746adb20275b5b6a0d99dc9dfe3007e9f/FundusImages/RET101OD.jpg,data/processed/papila_masks/RET101OD_exp1.png,PAPILA_RET101,val
papila,PAPILA,RET101OS,data/external/kaggle/papila/PapilaDB-PAPILA-17f8fa7746adb20275b5b6a0d99dc9dfe3007e9f/FundusImages/RET101OS.jpg,data/processed/papila_masks/RET101OS_exp1.png,PAPILA_RET101,val
papila,PAPILA,RET102OD,data/external/kaggle/papila/PapilaDB-PAPILA-17f8fa7746adb20275b5b6a0d99dc9dfe3007e9f/FundusImages/RET102OD.jpg,data/processed/papila_masks/RET102OD_exp1.png,PAPILA_RET102,train
papila,PAPILA,RET102OS,data/external/kaggle/papila/PapilaDB-PAPILA-17f8fa7746adb20275b5b6a0d99dc9dfe3007e9f/FundusImages/RET102OS.jpg,data/processed/papila_masks/RET102OS_exp1.png,PAPILA_RET102,train
papila,PAPILA,RET104OD,data/external/kaggle/papila/PapilaDB-PAPILA-17f8fa7746adb20275b5b6a0d99dc9dfe3007e9f/FundusImages/RET104OD.jpg,data/processed/papila_masks/RET104OD_exp1.png,PAPILA_RET104,train
papila,PAPILA,RET104OS,data/external/kaggle/papila/PapilaDB-PAPILA-17f8fa7746adb20275b5b6a0d99dc9dfe3007e9f/FundusImages/RET104OS.jpg,data/processed/papila_masks/RET104OS_exp1.png,PAPILA_RET104,train
papila,PAPILA,RET105OD,data/external/kaggle/papila/PapilaDB-PAPILA-17f8fa7746adb20275b5b6a0d99dc9dfe3007e9f/FundusImages/RET105OD.jpg,data/processed/papila_masks/RET105OD_exp1.png,PAPILA_RET105,train
papila,PAPILA,RET105OS,data/external/kaggle/papila/PapilaDB-PAPILA-17f8fa7746adb20275b5b6a0d99dc9dfe3007e9f/FundusImages/RET105OS.jpg,data/processed/papila_masks/RET105OS_exp1.png,PAPILA_RET105,train
papila,PAPILA,RET106OD,data/external/kaggle/papila/PapilaDB-PAPILA-17f8fa7746adb20275b5b6a0d99dc9dfe3007e9f/FundusImages/RET106OD.jpg,data/processed/papila_masks/RET106OD_exp1.png,PAPILA_RET106,train
papila,PAPILA,RET106OS,data/external/kaggle/papila/PapilaDB-PAPILA-17f8fa7746adb20275b5b6a0d99dc9dfe3007e9f/FundusImages/RET106OS.jpg,data/processed/papila_masks/RET106OS_exp1.png,PAPILA_RET106,train
papila,PAPILA,RET107OD,data/external/kaggle/papila/PapilaDB-PAPILA-17f8fa7746adb20275b5b6a0d99dc9dfe3007e9f/FundusImages/RET107OD.jpg,data/processed/papila_masks/RET107OD_exp1.png,PAPILA_RET107,train
papila,PAPILA,RET107OS,data/external/kaggle/papila/PapilaDB-PAPILA-17f8fa7746adb20275b5b6a0d99dc9dfe3007e9f/FundusImages/RET107OS.jpg,data/processed/papila_masks/RET107OS_exp1.png,PAPILA_RET107,train
papila,PAPILA,RET108OD,data/external/kaggle/papila/PapilaDB-PAPILA-17f8fa7746adb20275b5b6a0d99dc9dfe3007e9f/FundusImages/RET108OD.jpg,data/processed/papila_masks/RET108OD_exp1.png,PAPILA_RET108,train
papila,PAPILA,RET108OS,data/external/kaggle/papila/PapilaDB-PAPILA-17f8fa7746adb20275b5b6a0d99dc9dfe3007e9f/FundusImages/RET108OS.jpg,data/processed/papila_masks/RET108OS_exp1.png,PAPILA_RET108,train
papila,PAPILA,RET112OD,data/external/kaggle/papila/PapilaDB-PAPILA-17f8fa7746adb20275b5b6a0d99dc9dfe3007e9f/FundusImages/RET112OD.jpg,data/processed/papila_masks/RET112OD_exp1.png,PAPILA_RET112,val
papila,PAPILA,RET112OS,data/external/kaggle/papila/PapilaDB-PAPILA-17f8fa7746adb20275b5b6a0d99dc9dfe3007e9f/FundusImages/RET112OS.jpg,data/processed/papila_masks/RET112OS_exp1.png,PAPILA_RET112,val
papila,PAPILA,RET113OD,data/external/kaggle/papila/PapilaDB-PAPILA-17f8fa7746adb20275b5b6a0d99dc9dfe3007e9f/FundusImages/RET113OD.jpg,data/processed/papila_masks/RET113OD_exp1.png,PAPILA_RET113,test
papila,PAPILA,RET113OS,data/external/kaggle/papila/PapilaDB-PAPILA-17f8fa7746adb20275b5b6a0d99dc9dfe3007e9f/FundusImages/RET113OS.jpg,data/processed/papila_masks/RET113OS_exp1.png,PAPILA_RET113,test
papila,PAPILA,RET114OD,data/external/kaggle/papila/PapilaDB-PAPILA-17f8fa7746adb20275b5b6a0d99dc9dfe3007e9f/FundusImages/RET114OD.jpg,data/processed/papila_masks/RET114OD_exp1.png,PAPILA_RET114,train
papila,PAPILA,RET114OS,data/external/kaggle/papila/PapilaDB-PAPILA-17f8fa7746adb20275b5b6a0d99dc9dfe3007e9f/FundusImages/RET114OS.jpg,data/processed/papila_masks/RET114OS_exp1.png,PAPILA_RET114,train
papila,PAPILA,RET116OD,data/external/kaggle/papila/PapilaDB-PAPILA-17f8fa7746adb20275b5b6a0d99dc9dfe3007e9f/FundusImages/RET116OD.jpg,data/processed/papila_masks/RET116OD_exp1.png,PAPILA_RET116,train
papila,PAPILA,RET116OS,data/external/kaggle/papila/PapilaDB-PAPILA-17f8fa7746adb20275b5b6a0d99dc9dfe3007e9f/FundusImages/RET116OS.jpg,data/processed/papila_masks/RET116OS_exp1.png,PAPILA_RET116,train
papila,PAPILA,RET119OD,data/external/kaggle/papila/PapilaDB-PAPILA-17f8fa7746adb20275b5b6a0d99dc9dfe3007e9f/FundusImages/RET119OD.jpg,data/processed/papila_masks/RET119OD_exp1.png,PAPILA_RET119,train
papila,PAPILA,RET119OS,data/external/kaggle/papila/PapilaDB-PAPILA-17f8fa7746adb20275b5b6a0d99dc9dfe3007e9f/FundusImages/RET119OS.jpg,data/processed/papila_masks/RET119OS_exp1.png,PAPILA_RET119,train
papila,PAPILA,RET120OD,data/external/kaggle/papila/PapilaDB-PAPILA-17f8fa7746adb20275b5b6a0d99dc9dfe3007e9f/FundusImages/RET120OD.jpg,data/processed/papila_masks/RET120OD_exp1.png,PAPILA_RET120,train
papila,PAPILA,RET120OS,data/external/kaggle/papila/PapilaDB-PAPILA-17f8fa7746adb20275b5b6a0d99dc9dfe3007e9f/FundusImages/RET120OS.jpg,data/processed/papila_masks/RET120OS_exp1.png,PAPILA_RET120,train
papila,PAPILA,RET121OD,data/external/kaggle/papila/PapilaDB-PAPILA-17f8fa7746adb20275b5b6a0d99dc9dfe3007e9f/FundusImages/RET121OD.jpg,data/processed/papila_masks/RET121OD_exp1.png,PAPILA_RET121,train
papila,PAPILA,RET121OS,data/external/kaggle/papila/PapilaDB-PAPILA-17f8fa7746adb20275b5b6a0d99dc9dfe3007e9f/FundusImages/RET121OS.jpg,data/processed/papila_masks/RET121OS_exp1.png,PAPILA_RET121,train
papila,PAPILA,RET122OD,data/external/kaggle/papila/PapilaDB-PAPILA-17f8fa7746adb20275b5b6a0d99dc9dfe3007e9f/FundusImages/RET122OD.jpg,data/processed/papila_masks/RET122OD_exp1.png,PAPILA_RET122,train
papila,PAPILA,RET122OS,data/external/kaggle/papila/PapilaDB-PAPILA-17f8fa7746adb20275b5b6a0d99dc9dfe3007e9f/FundusImages/RET122OS.jpg,data/processed/papila_masks/RET122OS_exp1.png,PAPILA_RET122,train
papila,PAPILA,RET123OD,data/external/kaggle/papila/PapilaDB-PAPILA-17f8fa7746adb20275b5b6a0d99dc9dfe3007e9f/FundusImages/RET123OD.jpg,data/processed/papila_masks/RET123OD_exp1.png,PAPILA_RET123,train
papila,PAPILA,RET123OS,data/external/kaggle/papila/PapilaDB-PAPILA-17f8fa7746adb20275b5b6a0d99dc9dfe3007e9f/FundusImages/RET123OS.jpg,data/processed/papila_masks/RET123OS_exp1.png,PAPILA_RET123,train
papila,PAPILA,RET124OD,data/external/kaggle/papila/PapilaDB-PAPILA-17f8fa7746adb20275b5b6a0d99dc9dfe3007e9f/FundusImages/RET124OD.jpg,data/processed/papila_masks/RET124OD_exp1.png,PAPILA_RET124,train
papila,PAPILA,RET124OS,data/external/kaggle/papila/PapilaDB-PAPILA-17f8fa7746adb20275b5b6a0d99dc9dfe3007e9f/FundusImages/RET124OS.jpg,data/processed/papila_masks/RET124OS_exp1.png,PAPILA_RET124,train
papila,PAPILA,RET125OD,data/external/kaggle/papila/PapilaDB-PAPILA-17f8fa7746adb20275b5b6a0d99dc9dfe3007e9f/FundusImages/RET125OD.jpg,data/processed/papila_masks/RET125OD_exp1.png,PAPILA_RET125,train
papila,PAPILA,RET125OS,data/external/kaggle/papila/PapilaDB-PAPILA-17f8fa7746adb20275b5b6a0d99dc9dfe3007e9f/FundusImages/RET125OS.jpg,data/processed/papila_masks/RET125OS_exp1.png,PAPILA_RET125,train
papila,PAPILA,RET126OD,data/external/kaggle/papila/PapilaDB-PAPILA-17f8fa7746adb20275b5b6a0d99dc9dfe3007e9f/FundusImages/RET126OD.jpg,data/processed/papila_masks/RET126OD_exp1.png,PAPILA_RET126,train
papila,PAPILA,RET126OS,data/external/kaggle/papila/PapilaDB-PAPILA-17f8fa7746adb20275b5b6a0d99dc9dfe3007e9f/FundusImages/RET126OS.jpg,data/processed/papila_masks/RET126OS_exp1.png,PAPILA_RET126,train
papila,PAPILA,RET127OD,data/external/kaggle/papila/PapilaDB-PAPILA-17f8fa7746adb20275b5b6a0d99dc9dfe3007e9f/FundusImages/RET127OD.jpg,data/processed/papila_masks/RET127OD_exp1.png,PAPILA_RET127,train
papila,PAPILA,RET127OS,data/external/kaggle/papila/PapilaDB-PAPILA-17f8fa7746adb20275b5b6a0d99dc9dfe3007e9f/FundusImages/RET127OS.jpg,data/processed/papila_masks/RET127OS_exp1.png,PAPILA_RET127,train
papila,PAPILA,RET128OD,data/external/kaggle/papila/PapilaDB-PAPILA-17f8fa7746adb20275b5b6a0d99dc9dfe3007e9f/FundusImages/RET128OD.jpg,data/processed/papila_masks/RET128OD_exp1.png,PAPILA_RET128,train
papila,PAPILA,RET128OS,data/external/kaggle/papila/PapilaDB-PAPILA-17f8fa7746adb20275b5b6a0d99dc9dfe3007e9f/FundusImages/RET128OS.jpg,data/processed/papila_masks/RET128OS_exp1.png,PAPILA_RET128,train
papila,PAPILA,RET129OD,data/external/kaggle/papila/PapilaDB-PAPILA-17f8fa7746adb20275b5b6a0d99dc9dfe3007e9f/FundusImages/RET129OD.jpg,data/processed/papila_masks/RET129OD_exp1.png,PAPILA_RET129,train
papila,PAPILA,RET129OS,data/external/kaggle/papila/PapilaDB-PAPILA-17f8fa7746adb20275b5b6a0d99dc9dfe3007e9f/FundusImages/RET129OS.jpg,data/processed/papila_masks/RET129OS_exp1.png,PAPILA_RET129,train
papila,PAPILA,RET130OD,data/external/kaggle/papila/PapilaDB-PAPILA-17f8fa7746adb20275b5b6a0d99dc9dfe3007e9f/FundusImages/RET130OD.jpg,data/processed/papila_masks/RET130OD_exp1.png,PAPILA_RET130,train
papila,PAPILA,RET130OS,data/external/kaggle/papila/PapilaDB-PAPILA-17f8fa7746adb20275b5b6a0d99dc9dfe3007e9f/FundusImages/RET130OS.jpg,data/processed/papila_masks/RET130OS_exp1.png,PAPILA_RET130,train
papila,PAPILA,RET131OD,data/external/kaggle/papila/PapilaDB-PAPILA-17f8fa7746adb20275b5b6a0d99dc9dfe3007e9f/FundusImages/RET131OD.jpg,data/processed/papila_masks/RET131OD_exp1.png,PAPILA_RET131,train
papila,PAPILA,RET131OS,data/external/kaggle/papila/PapilaDB-PAPILA-17f8fa7746adb20275b5b6a0d99dc9dfe3007e9f/FundusImages/RET131OS.jpg,data/processed/papila_masks/RET131OS_exp1.png,PAPILA_RET131,train
papila,PAPILA,RET132OD,data/external/kaggle/papila/PapilaDB-PAPILA-17f8fa7746adb20275b5b6a0d99dc9dfe3007e9f/FundusImages/RET132OD.jpg,data/processed/papila_masks/RET132OD_exp1.png,PAPILA_RET132,train
papila,PAPILA,RET132OS,data/external/kaggle/papila/PapilaDB-PAPILA-17f8fa7746adb20275b5b6a0d99dc9dfe3007e9f/FundusImages/RET132OS.jpg,data/processed/papila_masks/RET132OS_exp1.png,PAPILA_RET132,train
papila,PAPILA,RET133OD,data/external/kaggle/papila/PapilaDB-PAPILA-17f8fa7746adb20275b5b6a0d99dc9dfe3007e9f/FundusImages/RET133OD.jpg,data/processed/papila_masks/RET133OD_exp1.png,PAPILA_RET133,train
papila,PAPILA,RET133OS,data/external/kaggle/papila/PapilaDB-PAPILA-17f8fa7746adb20275b5b6a0d99dc9dfe3007e9f/FundusImages/RET133OS.jpg,data/processed/papila_masks/RET133OS_exp1.png,PAPILA_RET133,train
papila,PAPILA,RET134OD,data/external/kaggle/papila/PapilaDB-PAPILA-17f8fa7746adb20275b5b6a0d99dc9dfe3007e9f/FundusImages/RET134OD.jpg,data/processed/papila_masks/RET134OD_exp1.png,PAPILA_RET134,train
papila,PAPILA,RET134OS,data/external/kaggle/papila/PapilaDB-PAPILA-17f8fa7746adb20275b5b6a0d99dc9dfe3007e9f/FundusImages/RET134OS.jpg,data/processed/papila_masks/RET134OS_exp1.png,PAPILA_RET134,train
papila,PAPILA,RET135OD,data/external/kaggle/papila/PapilaDB-PAPILA-17f8fa7746adb20275b5b6a0d99dc9dfe3007e9f/FundusImages/RET135OD.jpg,data/processed/papila_masks/RET135OD_exp1.png,PAPILA_RET135,train
papila,PAPILA,RET135OS,data/external/kaggle/papila/PapilaDB-PAPILA-17f8fa7746adb20275b5b6a0d99dc9dfe3007e9f/FundusImages/RET135OS.jpg,data/processed/papila_masks/RET135OS_exp1.png,PAPILA_RET135,train
papila,PAPILA,RET136OD,data/external/kaggle/papila/PapilaDB-PAPILA-17f8fa7746adb20275b5b6a0d99dc9dfe3007e9f/FundusImages/RET136OD.jpg,data/processed/papila_masks/RET136OD_exp1.png,PAPILA_RET136,test
papila,PAPILA,RET136OS,data/external/kaggle/papila/PapilaDB-PAPILA-17f8fa7746adb20275b5b6a0d99dc9dfe3007e9f/FundusImages/RET136OS.jpg,data/processed/papila_masks/RET136OS_exp1.png,PAPILA_RET136,test
papila,PAPILA,RET137OD,data/external/kaggle/papila/PapilaDB-PAPILA-17f8fa7746adb20275b5b6a0d99dc9dfe3007e9f/FundusImages/RET137OD.jpg,data/processed/papila_masks/RET137OD_exp1.png,PAPILA_RET137,train
papila,PAPILA,RET137OS,data/external/kaggle/papila/PapilaDB-PAPILA-17f8fa7746adb20275b5b6a0d99dc9dfe3007e9f/FundusImages/RET137OS.jpg,data/processed/papila_masks/RET137OS_exp1.png,PAPILA_RET137,train
papila,PAPILA,RET138OD,data/external/kaggle/papila/PapilaDB-PAPILA-17f8fa7746adb20275b5b6a0d99dc9dfe3007e9f/FundusImages/RET138OD.jpg,data/processed/papila_masks/RET138OD_exp1.png,PAPILA_RET138,train
papila,PAPILA,RET138OS,data/external/kaggle/papila/PapilaDB-PAPILA-17f8fa7746adb20275b5b6a0d99dc9dfe3007e9f/FundusImages/RET138OS.jpg,data/processed/papila_masks/RET138OS_exp1.png,PAPILA_RET138,train
papila,PAPILA,RET139OD,data/external/kaggle/papila/PapilaDB-PAPILA-17f8fa7746adb20275b5b6a0d99dc9dfe3007e9f/FundusImages/RET139OD.jpg,data/processed/papila_masks/RET139OD_exp1.png,PAPILA_RET139,train
papila,PAPILA,RET139OS,data/external/kaggle/papila/PapilaDB-PAPILA-17f8fa7746adb20275b5b6a0d99dc9dfe3007e9f/FundusImages/RET139OS.jpg,data/processed/papila_masks/RET139OS_exp1.png,PAPILA_RET139,train
papila,PAPILA,RET140OD,data/external/kaggle/papila/PapilaDB-PAPILA-17f8fa7746adb20275b5b6a0d99dc9dfe3007e9f/FundusImages/RET140OD.jpg,data/processed/papila_masks/RET140OD_exp1.png,PAPILA_RET140,train
papila,PAPILA,RET140OS,data/external/kaggle/papila/PapilaDB-PAPILA-17f8fa7746adb20275b5b6a0d99dc9dfe3007e9f/FundusImages/RET140OS.jpg,data/processed/papila_masks/RET140OS_exp1.png,PAPILA_RET140,train
papila,PAPILA,RET141OD,data/external/kaggle/papila/PapilaDB-PAPILA-17f8fa7746adb20275b5b6a0d99dc9dfe3007e9f/FundusImages/RET141OD.jpg,data/processed/papila_masks/RET141OD_exp1.png,PAPILA_RET141,test
papila,PAPILA,RET141OS,data/external/kaggle/papila/PapilaDB-PAPILA-17f8fa7746adb20275b5b6a0d99dc9dfe3007e9f/FundusImages/RET141OS.jpg,data/processed/papila_masks/RET141OS_exp1.png,PAPILA_RET141,test
papila,PAPILA,RET142OD,data/external/kaggle/papila/PapilaDB-PAPILA-17f8fa7746adb20275b5b6a0d99dc9dfe3007e9f/FundusImages/RET142OD.jpg,data/processed/papila_masks/RET142OD_exp1.png,PAPILA_RET142,train
papila,PAPILA,RET142OS,data/external/kaggle/papila/PapilaDB-PAPILA-17f8fa7746adb20275b5b6a0d99dc9dfe3007e9f/FundusImages/RET142OS.jpg,data/processed/papila_masks/RET142OS_exp1.png,PAPILA_RET142,train
papila,PAPILA,RET143OD,data/external/kaggle/papila/PapilaDB-PAPILA-17f8fa7746adb20275b5b6a0d99dc9dfe3007e9f/FundusImages/RET143OD.jpg,data/processed/papila_masks/RET143OD_exp1.png,PAPILA_RET143,train
papila,PAPILA,RET143OS,data/external/kaggle/papila/PapilaDB-PAPILA-17f8fa7746adb20275b5b6a0d99dc9dfe3007e9f/FundusImages/RET143OS.jpg,data/processed/papila_masks/RET143OS_exp1.png,PAPILA_RET143,train
papila,PAPILA,RET144OD,data/external/kaggle/papila/PapilaDB-PAPILA-17f8fa7746adb20275b5b6a0d99dc9dfe3007e9f/FundusImages/RET144OD.jpg,data/processed/papila_masks/RET144OD_exp1.png,PAPILA_RET144,val
papila,PAPILA,RET144OS,data/external/kaggle/papila/PapilaDB-PAPILA-17f8fa7746adb20275b5b6a0d99dc9dfe3007e9f/FundusImages/RET144OS.jpg,data/processed/papila_masks/RET144OS_exp1.png,PAPILA_RET144,val
papila,PAPILA,RET146OD,data/external/kaggle/papila/PapilaDB-PAPILA-17f8fa7746adb20275b5b6a0d99dc9dfe3007e9f/FundusImages/RET146OD.jpg,data/processed/papila_masks/RET146OD_exp1.png,PAPILA_RET146,train
papila,PAPILA,RET146OS,data/external/kaggle/papila/PapilaDB-PAPILA-17f8fa7746adb20275b5b6a0d99dc9dfe3007e9f/FundusImages/RET146OS.jpg,data/processed/papila_masks/RET146OS_exp1.png,PAPILA_RET146,train
papila,PAPILA,RET147OD,data/external/kaggle/papila/PapilaDB-PAPILA-17f8fa7746adb20275b5b6a0d99dc9dfe3007e9f/FundusImages/RET147OD.jpg,data/processed/papila_masks/RET147OD_exp1.png,PAPILA_RET147,train
papila,PAPILA,RET147OS,data/external/kaggle/papila/PapilaDB-PAPILA-17f8fa7746adb20275b5b6a0d99dc9dfe3007e9f/FundusImages/RET147OS.jpg,data/processed/papila_masks/RET147OS_exp1.png,PAPILA_RET147,train
papila,PAPILA,RET149OD,data/external/kaggle/papila/PapilaDB-PAPILA-17f8fa7746adb20275b5b6a0d99dc9dfe3007e9f/FundusImages/RET149OD.jpg,data/processed/papila_masks/RET149OD_exp1.png,PAPILA_RET149,train
papila,PAPILA,RET149OS,data/external/kaggle/papila/PapilaDB-PAPILA-17f8fa7746adb20275b5b6a0d99dc9dfe3007e9f/FundusImages/RET149OS.jpg,data/processed/papila_masks/RET149OS_exp1.png,PAPILA_RET149,train
papila,PAPILA,RET150OD,data/external/kaggle/papila/PapilaDB-PAPILA-17f8fa7746adb20275b5b6a0d99dc9dfe3007e9f/FundusImages/RET150OD.jpg,data/processed/papila_masks/RET150OD_exp1.png,PAPILA_RET150,val
papila,PAPILA,RET150OS,data/external/kaggle/papila/PapilaDB-PAPILA-17f8fa7746adb20275b5b6a0d99dc9dfe3007e9f/FundusImages/RET150OS.jpg,data/processed/papila_masks/RET150OS_exp1.png,PAPILA_RET150,val
papila,PAPILA,RET151OD,data/external/kaggle/papila/PapilaDB-PAPILA-17f8fa7746adb20275b5b6a0d99dc9dfe3007e9f/FundusImages/RET151OD.jpg,data/processed/papila_masks/RET151OD_exp1.png,PAPILA_RET151,test
papila,PAPILA,RET151OS,data/external/kaggle/papila/PapilaDB-PAPILA-17f8fa7746adb20275b5b6a0d99dc9dfe3007e9f/FundusImages/RET151OS.jpg,data/processed/papila_masks/RET151OS_exp1.png,PAPILA_RET151,test
papila,PAPILA,RET152OD,data/external/kaggle/papila/PapilaDB-PAPILA-17f8fa7746adb20275b5b6a0d99dc9dfe3007e9f/FundusImages/RET152OD.jpg,data/processed/papila_masks/RET152OD_exp1.png,PAPILA_RET152,train
papila,PAPILA,RET152OS,data/external/kaggle/papila/PapilaDB-PAPILA-17f8fa7746adb20275b5b6a0d99dc9dfe3007e9f/FundusImages/RET152OS.jpg,data/processed/papila_masks/RET152OS_exp1.png,PAPILA_RET152,train
papila,PAPILA,RET153OD,data/external/kaggle/papila/PapilaDB-PAPILA-17f8fa7746adb20275b5b6a0d99dc9dfe3007e9f/FundusImages/RET153OD.jpg,data/processed/papila_masks/RET153OD_exp1.png,PAPILA_RET153,train
papila,PAPILA,RET153OS,data/external/kaggle/papila/PapilaDB-PAPILA-17f8fa7746adb20275b5b6a0d99dc9dfe3007e9f/FundusImages/RET153OS.jpg,data/processed/papila_masks/RET153OS_exp1.png,PAPILA_RET153,train
papila,PAPILA,RET154OD,data/external/kaggle/papila/PapilaDB-PAPILA-17f8fa7746adb20275b5b6a0d99dc9dfe3007e9f/FundusImages/RET154OD.jpg,data/processed/papila_masks/RET154OD_exp1.png,PAPILA_RET154,test
papila,PAPILA,RET154OS,data/external/kaggle/papila/PapilaDB-PAPILA-17f8fa7746adb20275b5b6a0d99dc9dfe3007e9f/FundusImages/RET154OS.jpg,data/processed/papila_masks/RET154OS_exp1.png,PAPILA_RET154,test
papila,PAPILA,RET155OD,data/external/kaggle/papila/PapilaDB-PAPILA-17f8fa7746adb20275b5b6a0d99dc9dfe3007e9f/FundusImages/RET155OD.jpg,data/processed/papila_masks/RET155OD_exp1.png,PAPILA_RET155,train
papila,PAPILA,RET155OS,data/external/kaggle/papila/PapilaDB-PAPILA-17f8fa7746adb20275b5b6a0d99dc9dfe3007e9f/FundusImages/RET155OS.jpg,data/processed/papila_masks/RET155OS_exp1.png,PAPILA_RET155,train
papila,PAPILA,RET156OD,data/external/kaggle/papila/PapilaDB-PAPILA-17f8fa7746adb20275b5b6a0d99dc9dfe3007e9f/FundusImages/RET156OD.jpg,data/processed/papila_masks/RET156OD_exp1.png,PAPILA_RET156,train
papila,PAPILA,RET156OS,data/external/kaggle/papila/PapilaDB-PAPILA-17f8fa7746adb20275b5b6a0d99dc9dfe3007e9f/FundusImages/RET156OS.jpg,data/processed/papila_masks/RET156OS_exp1.png,PAPILA_RET156,train
papila,PAPILA,RET157OD,data/external/kaggle/papila/PapilaDB-PAPILA-17f8fa7746adb20275b5b6a0d99dc9dfe3007e9f/FundusImages/RET157OD.jpg,data/processed/papila_masks/RET157OD_exp1.png,PAPILA_RET157,train
papila,PAPILA,RET157OS,data/external/kaggle/papila/PapilaDB-PAPILA-17f8fa7746adb20275b5b6a0d99dc9dfe3007e9f/FundusImages/RET157OS.jpg,data/processed/papila_masks/RET157OS_exp1.png,PAPILA_RET157,train
papila,PAPILA,RET158OD,data/external/kaggle/papila/PapilaDB-PAPILA-17f8fa7746adb20275b5b6a0d99dc9dfe3007e9f/FundusImages/RET158OD.jpg,data/processed/papila_masks/RET158OD_exp1.png,PAPILA_RET158,train
papila,PAPILA,RET158OS,data/external/kaggle/papila/PapilaDB-PAPILA-17f8fa7746adb20275b5b6a0d99dc9dfe3007e9f/FundusImages/RET158OS.jpg,data/processed/papila_masks/RET158OS_exp1.png,PAPILA_RET158,train
papila,PAPILA,RET159OD,data/external/kaggle/papila/PapilaDB-PAPILA-17f8fa7746adb20275b5b6a0d99dc9dfe3007e9f/FundusImages/RET159OD.jpg,data/processed/papila_masks/RET159OD_exp1.png,PAPILA_RET159,train
papila,PAPILA,RET159OS,data/external/kaggle/papila/PapilaDB-PAPILA-17f8fa7746adb20275b5b6a0d99dc9dfe3007e9f/FundusImages/RET159OS.jpg,data/processed/papila_masks/RET159OS_exp1.png,PAPILA_RET159,train
papila,PAPILA,RET160OD,data/external/kaggle/papila/PapilaDB-PAPILA-17f8fa7746adb20275b5b6a0d99dc9dfe3007e9f/FundusImages/RET160OD.jpg,data/processed/papila_masks/RET160OD_exp1.png,PAPILA_RET160,train
papila,PAPILA,RET160OS,data/external/kaggle/papila/PapilaDB-PAPILA-17f8fa7746adb20275b5b6a0d99dc9dfe3007e9f/FundusImages/RET160OS.jpg,data/processed/papila_masks/RET160OS_exp1.png,PAPILA_RET160,train
papila,PAPILA,RET162OD,data/external/kaggle/papila/PapilaDB-PAPILA-17f8fa7746adb20275b5b6a0d99dc9dfe3007e9f/FundusImages/RET162OD.jpg,data/processed/papila_masks/RET162OD_exp1.png,PAPILA_RET162,train
papila,PAPILA,RET162OS,data/external/kaggle/papila/PapilaDB-PAPILA-17f8fa7746adb20275b5b6a0d99dc9dfe3007e9f/FundusImages/RET162OS.jpg,data/processed/papila_masks/RET162OS_exp1.png,PAPILA_RET162,train
papila,PAPILA,RET163OD,data/external/kaggle/papila/PapilaDB-PAPILA-17f8fa7746adb20275b5b6a0d99dc9dfe3007e9f/FundusImages/RET163OD.jpg,data/processed/papila_masks/RET163OD_exp1.png,PAPILA_RET163,train
papila,PAPILA,RET163OS,data/external/kaggle/papila/PapilaDB-PAPILA-17f8fa7746adb20275b5b6a0d99dc9dfe3007e9f/FundusImages/RET163OS.jpg,data/processed/papila_masks/RET163OS_exp1.png,PAPILA_RET163,train
papila,PAPILA,RET164OD,data/external/kaggle/papila/PapilaDB-PAPILA-17f8fa7746adb20275b5b6a0d99dc9dfe3007e9f/FundusImages/RET164OD.jpg,data/processed/papila_masks/RET164OD_exp1.png,PAPILA_RET164,val
papila,PAPILA,RET164OS,data/external/kaggle/papila/PapilaDB-PAPILA-17f8fa7746adb20275b5b6a0d99dc9dfe3007e9f/FundusImages/RET164OS.jpg,data/processed/papila_masks/RET164OS_exp1.png,PAPILA_RET164,val
papila,PAPILA,RET165OD,data/external/kaggle/papila/PapilaDB-PAPILA-17f8fa7746adb20275b5b6a0d99dc9dfe3007e9f/FundusImages/RET165OD.jpg,data/processed/papila_masks/RET165OD_exp1.png,PAPILA_RET165,train
papila,PAPILA,RET165OS,data/external/kaggle/papila/PapilaDB-PAPILA-17f8fa7746adb20275b5b6a0d99dc9dfe3007e9f/FundusImages/RET165OS.jpg,data/processed/papila_masks/RET165OS_exp1.png,PAPILA_RET165,train
papila,PAPILA,RET166OD,data/external/kaggle/papila/PapilaDB-PAPILA-17f8fa7746adb20275b5b6a0d99dc9dfe3007e9f/FundusImages/RET166OD.jpg,data/processed/papila_masks/RET166OD_exp1.png,PAPILA_RET166,train
papila,PAPILA,RET166OS,data/external/kaggle/papila/PapilaDB-PAPILA-17f8fa7746adb20275b5b6a0d99dc9dfe3007e9f/FundusImages/RET166OS.jpg,data/processed/papila_masks/RET166OS_exp1.png,PAPILA_RET166,train
papila,PAPILA,RET168OD,data/external/kaggle/papila/PapilaDB-PAPILA-17f8fa7746adb20275b5b6a0d99dc9dfe3007e9f/FundusImages/RET168OD.jpg,data/processed/papila_masks/RET168OD_exp1.png,PAPILA_RET168,train
papila,PAPILA,RET168OS,data/external/kaggle/papila/PapilaDB-PAPILA-17f8fa7746adb20275b5b6a0d99dc9dfe3007e9f/FundusImages/RET168OS.jpg,data/processed/papila_masks/RET168OS_exp1.png,PAPILA_RET168,train
papila,PAPILA,RET169OD,data/external/kaggle/papila/PapilaDB-PAPILA-17f8fa7746adb20275b5b6a0d99dc9dfe3007e9f/FundusImages/RET169OD.jpg,data/processed/papila_masks/RET169OD_exp1.png,PAPILA_RET169,train
papila,PAPILA,RET169OS,data/external/kaggle/papila/PapilaDB-PAPILA-17f8fa7746adb20275b5b6a0d99dc9dfe3007e9f/FundusImages/RET169OS.jpg,data/processed/papila_masks/RET169OS_exp1.png,PAPILA_RET169,train
papila,PAPILA,RET170OD,data/external/kaggle/papila/PapilaDB-PAPILA-17f8fa7746adb20275b5b6a0d99dc9dfe3007e9f/FundusImages/RET170OD.jpg,data/processed/papila_masks/RET170OD_exp1.png,PAPILA_RET170,train
papila,PAPILA,RET170OS,data/external/kaggle/papila/PapilaDB-PAPILA-17f8fa7746adb20275b5b6a0d99dc9dfe3007e9f/FundusImages/RET170OS.jpg,data/processed/papila_masks/RET170OS_exp1.png,PAPILA_RET170,train
papila,PAPILA,RET171OD,data/external/kaggle/papila/PapilaDB-PAPILA-17f8fa7746adb20275b5b6a0d99dc9dfe3007e9f/FundusImages/RET171OD.jpg,data/processed/papila_masks/RET171OD_exp1.png,PAPILA_RET171,train
papila,PAPILA,RET171OS,data/external/kaggle/papila/PapilaDB-PAPILA-17f8fa7746adb20275b5b6a0d99dc9dfe3007e9f/FundusImages/RET171OS.jpg,data/processed/papila_masks/RET171OS_exp1.png,PAPILA_RET171,train
papila,PAPILA,RET172OD,data/external/kaggle/papila/PapilaDB-PAPILA-17f8fa7746adb20275b5b6a0d99dc9dfe3007e9f/FundusImages/RET172OD.jpg,data/processed/papila_masks/RET172OD_exp1.png,PAPILA_RET172,val
papila,PAPILA,RET172OS,data/external/kaggle/papila/PapilaDB-PAPILA-17f8fa7746adb20275b5b6a0d99dc9dfe3007e9f/FundusImages/RET172OS.jpg,data/processed/papila_masks/RET172OS_exp1.png,PAPILA_RET172,val
papila,PAPILA,RET174OD,data/external/kaggle/papila/PapilaDB-PAPILA-17f8fa7746adb20275b5b6a0d99dc9dfe3007e9f/FundusImages/RET174OD.jpg,data/processed/papila_masks/RET174OD_exp1.png,PAPILA_RET174,train
papila,PAPILA,RET174OS,data/external/kaggle/papila/PapilaDB-PAPILA-17f8fa7746adb20275b5b6a0d99dc9dfe3007e9f/FundusImages/RET174OS.jpg,data/processed/papila_masks/RET174OS_exp1.png,PAPILA_RET174,train
papila,PAPILA,RET175OD,data/external/kaggle/papila/PapilaDB-PAPILA-17f8fa7746adb20275b5b6a0d99dc9dfe3007e9f/FundusImages/RET175OD.jpg,data/processed/papila_masks/RET175OD_exp1.png,PAPILA_RET175,train
papila,PAPILA,RET175OS,data/external/kaggle/papila/PapilaDB-PAPILA-17f8fa7746adb20275b5b6a0d99dc9dfe3007e9f/FundusImages/RET175OS.jpg,data/processed/papila_masks/RET175OS_exp1.png,PAPILA_RET175,train
papila,PAPILA,RET176OD,data/external/kaggle/papila/PapilaDB-PAPILA-17f8fa7746adb20275b5b6a0d99dc9dfe3007e9f/FundusImages/RET176OD.jpg,data/processed/papila_masks/RET176OD_exp1.png,PAPILA_RET176,train
papila,PAPILA,RET176OS,data/external/kaggle/papila/PapilaDB-PAPILA-17f8fa7746adb20275b5b6a0d99dc9dfe3007e9f/FundusImages/RET176OS.jpg,data/processed/papila_masks/RET176OS_exp1.png,PAPILA_RET176,train
papila,PAPILA,RET177OD,data/external/kaggle/papila/PapilaDB-PAPILA-17f8fa7746adb20275b5b6a0d99dc9dfe3007e9f/FundusImages/RET177OD.jpg,data/processed/papila_masks/RET177OD_exp1.png,PAPILA_RET177,train
papila,PAPILA,RET177OS,data/external/kaggle/papila/PapilaDB-PAPILA-17f8fa7746adb20275b5b6a0d99dc9dfe3007e9f/FundusImages/RET177OS.jpg,data/processed/papila_masks/RET177OS_exp1.png,PAPILA_RET177,train
papila,PAPILA,RET178OD,data/external/kaggle/papila/PapilaDB-PAPILA-17f8fa7746adb20275b5b6a0d99dc9dfe3007e9f/FundusImages/RET178OD.jpg,data/processed/papila_masks/RET178OD_exp1.png,PAPILA_RET178,train
papila,PAPILA,RET178OS,data/external/kaggle/papila/PapilaDB-PAPILA-17f8fa7746adb20275b5b6a0d99dc9dfe3007e9f/FundusImages/RET178OS.jpg,data/processed/papila_masks/RET178OS_exp1.png,PAPILA_RET178,train
papila,PAPILA,RET179OD,data/external/kaggle/papila/PapilaDB-PAPILA-17f8fa7746adb20275b5b6a0d99dc9dfe3007e9f/FundusImages/RET179OD.jpg,data/processed/papila_masks/RET179OD_exp1.png,PAPILA_RET179,train
papila,PAPILA,RET179OS,data/external/kaggle/papila/PapilaDB-PAPILA-17f8fa7746adb20275b5b6a0d99dc9dfe3007e9f/FundusImages/RET179OS.jpg,data/processed/papila_masks/RET179OS_exp1.png,PAPILA_RET179,train
papila,PAPILA,RET180OD,data/external/kaggle/papila/PapilaDB-PAPILA-17f8fa7746adb20275b5b6a0d99dc9dfe3007e9f/FundusImages/RET180OD.jpg,data/processed/papila_masks/RET180OD_exp1.png,PAPILA_RET180,test
papila,PAPILA,RET180OS,data/external/kaggle/papila/PapilaDB-PAPILA-17f8fa7746adb20275b5b6a0d99dc9dfe3007e9f/FundusImages/RET180OS.jpg,data/processed/papila_masks/RET180OS_exp1.png,PAPILA_RET180,test
papila,PAPILA,RET181OD,data/external/kaggle/papila/PapilaDB-PAPILA-17f8fa7746adb20275b5b6a0d99dc9dfe3007e9f/FundusImages/RET181OD.jpg,data/processed/papila_masks/RET181OD_exp1.png,PAPILA_RET181,val
papila,PAPILA,RET181OS,data/external/kaggle/papila/PapilaDB-PAPILA-17f8fa7746adb20275b5b6a0d99dc9dfe3007e9f/FundusImages/RET181OS.jpg,data/processed/papila_masks/RET181OS_exp1.png,PAPILA_RET181,val
papila,PAPILA,RET182OD,data/external/kaggle/papila/PapilaDB-PAPILA-17f8fa7746adb20275b5b6a0d99dc9dfe3007e9f/FundusImages/RET182OD.jpg,data/processed/papila_masks/RET182OD_exp1.png,PAPILA_RET182,train
papila,PAPILA,RET182OS,data/external/kaggle/papila/PapilaDB-PAPILA-17f8fa7746adb20275b5b6a0d99dc9dfe3007e9f/FundusImages/RET182OS.jpg,data/processed/papila_masks/RET182OS_exp1.png,PAPILA_RET182,train
papila,PAPILA,RET183OD,data/external/kaggle/papila/PapilaDB-PAPILA-17f8fa7746adb20275b5b6a0d99dc9dfe3007e9f/FundusImages/RET183OD.jpg,data/processed/papila_masks/RET183OD_exp1.png,PAPILA_RET183,test
papila,PAPILA,RET183OS,data/external/kaggle/papila/PapilaDB-PAPILA-17f8fa7746adb20275b5b6a0d99dc9dfe3007e9f/FundusImages/RET183OS.jpg,data/processed/papila_masks/RET183OS_exp1.png,PAPILA_RET183,test
papila,PAPILA,RET184OD,data/external/kaggle/papila/PapilaDB-PAPILA-17f8fa7746adb20275b5b6a0d99dc9dfe3007e9f/FundusImages/RET184OD.jpg,data/processed/papila_masks/RET184OD_exp1.png,PAPILA_RET184,test
papila,PAPILA,RET184OS,data/external/kaggle/papila/PapilaDB-PAPILA-17f8fa7746adb20275b5b6a0d99dc9dfe3007e9f/FundusImages/RET184OS.jpg,data/processed/papila_masks/RET184OS_exp1.png,PAPILA_RET184,test
papila,PAPILA,RET186OD,data/external/kaggle/papila/PapilaDB-PAPILA-17f8fa7746adb20275b5b6a0d99dc9dfe3007e9f/FundusImages/RET186OD.jpg,data/processed/papila_masks/RET186OD_exp1.png,PAPILA_RET186,test
papila,PAPILA,RET186OS,data/external/kaggle/papila/PapilaDB-PAPILA-17f8fa7746adb20275b5b6a0d99dc9dfe3007e9f/FundusImages/RET186OS.jpg,data/processed/papila_masks/RET186OS_exp1.png,PAPILA_RET186,test
papila,PAPILA,RET187OD,data/external/kaggle/papila/PapilaDB-PAPILA-17f8fa7746adb20275b5b6a0d99dc9dfe3007e9f/FundusImages/RET187OD.jpg,data/processed/papila_masks/RET187OD_exp1.png,PAPILA_RET187,val
papila,PAPILA,RET187OS,data/external/kaggle/papila/PapilaDB-PAPILA-17f8fa7746adb20275b5b6a0d99dc9dfe3007e9f/FundusImages/RET187OS.jpg,data/processed/papila_masks/RET187OS_exp1.png,PAPILA_RET187,val
papila,PAPILA,RET188OD,data/external/kaggle/papila/PapilaDB-PAPILA-17f8fa7746adb20275b5b6a0d99dc9dfe3007e9f/FundusImages/RET188OD.jpg,data/processed/papila_masks/RET188OD_exp1.png,PAPILA_RET188,train
papila,PAPILA,RET188OS,data/external/kaggle/papila/PapilaDB-PAPILA-17f8fa7746adb20275b5b6a0d99dc9dfe3007e9f/FundusImages/RET188OS.jpg,data/processed/papila_masks/RET188OS_exp1.png,PAPILA_RET188,train
papila,PAPILA,RET189OD,data/external/kaggle/papila/PapilaDB-PAPILA-17f8fa7746adb20275b5b6a0d99dc9dfe3007e9f/FundusImages/RET189OD.jpg,data/processed/papila_masks/RET189OD_exp1.png,PAPILA_RET189,train
papila,PAPILA,RET189OS,data/external/kaggle/papila/PapilaDB-PAPILA-17f8fa7746adb20275b5b6a0d99dc9dfe3007e9f/FundusImages/RET189OS.jpg,data/processed/papila_masks/RET189OS_exp1.png,PAPILA_RET189,train
papila,PAPILA,RET190OD,data/external/kaggle/papila/PapilaDB-PAPILA-17f8fa7746adb20275b5b6a0d99dc9dfe3007e9f/FundusImages/RET190OD.jpg,data/processed/papila_masks/RET190OD_exp1.png,PAPILA_RET190,train
papila,PAPILA,RET190OS,data/external/kaggle/papila/PapilaDB-PAPILA-17f8fa7746adb20275b5b6a0d99dc9dfe3007e9f/FundusImages/RET190OS.jpg,data/processed/papila_masks/RET190OS_exp1.png,PAPILA_RET190,train
papila,PAPILA,RET191OD,data/external/kaggle/papila/PapilaDB-PAPILA-17f8fa7746adb20275b5b6a0d99dc9dfe3007e9f/FundusImages/RET191OD.jpg,data/processed/papila_masks/RET191OD_exp1.png,PAPILA_RET191,train
papila,PAPILA,RET191OS,data/external/kaggle/papila/PapilaDB-PAPILA-17f8fa7746adb20275b5b6a0d99dc9dfe3007e9f/FundusImages/RET191OS.jpg,data/processed/papila_masks/RET191OS_exp1.png,PAPILA_RET191,train
papila,PAPILA,RET192OD,data/external/kaggle/papila/PapilaDB-PAPILA-17f8fa7746adb20275b5b6a0d99dc9dfe3007e9f/FundusImages/RET192OD.jpg,data/processed/papila_masks/RET192OD_exp1.png,PAPILA_RET192,train
papila,PAPILA,RET192OS,data/external/kaggle/papila/PapilaDB-PAPILA-17f8fa7746adb20275b5b6a0d99dc9dfe3007e9f/FundusImages/RET192OS.jpg,data/processed/papila_masks/RET192OS_exp1.png,PAPILA_RET192,train
papila,PAPILA,RET193OD,data/external/kaggle/papila/PapilaDB-PAPILA-17f8fa7746adb20275b5b6a0d99dc9dfe3007e9f/FundusImages/RET193OD.jpg,data/processed/papila_masks/RET193OD_exp1.png,PAPILA_RET193,train
papila,PAPILA,RET193OS,data/external/kaggle/papila/PapilaDB-PAPILA-17f8fa7746adb20275b5b6a0d99dc9dfe3007e9f/FundusImages/RET193OS.jpg,data/processed/papila_masks/RET193OS_exp1.png,PAPILA_RET193,train
papila,PAPILA,RET194OD,data/external/kaggle/papila/PapilaDB-PAPILA-17f8fa7746adb20275b5b6a0d99dc9dfe3007e9f/FundusImages/RET194OD.jpg,data/processed/papila_masks/RET194OD_exp1.png,PAPILA_RET194,train
papila,PAPILA,RET194OS,data/external/kaggle/papila/PapilaDB-PAPILA-17f8fa7746adb20275b5b6a0d99dc9dfe3007e9f/FundusImages/RET194OS.jpg,data/processed/papila_masks/RET194OS_exp1.png,PAPILA_RET194,train
papila,PAPILA,RET195OD,data/external/kaggle/papila/PapilaDB-PAPILA-17f8fa7746adb20275b5b6a0d99dc9dfe3007e9f/FundusImages/RET195OD.jpg,data/processed/papila_masks/RET195OD_exp1.png,PAPILA_RET195,train
papila,PAPILA,RET195OS,data/external/kaggle/papila/PapilaDB-PAPILA-17f8fa7746adb20275b5b6a0d99dc9dfe3007e9f/FundusImages/RET195OS.jpg,data/processed/papila_masks/RET195OS_exp1.png,PAPILA_RET195,train
papila,PAPILA,RET196OD,data/external/kaggle/papila/PapilaDB-PAPILA-17f8fa7746adb20275b5b6a0d99dc9dfe3007e9f/FundusImages/RET196OD.jpg,data/processed/papila_masks/RET196OD_exp1.png,PAPILA_RET196,train
papila,PAPILA,RET196OS,data/external/kaggle/papila/PapilaDB-PAPILA-17f8fa7746adb20275b5b6a0d99dc9dfe3007e9f/FundusImages/RET196OS.jpg,data/processed/papila_masks/RET196OS_exp1.png,PAPILA_RET196,train
papila,PAPILA,RET197OD,data/external/kaggle/papila/PapilaDB-PAPILA-17f8fa7746adb20275b5b6a0d99dc9dfe3007e9f/FundusImages/RET197OD.jpg,data/processed/papila_masks/RET197OD_exp1.png,PAPILA_RET197,train
papila,PAPILA,RET197OS,data/external/kaggle/papila/PapilaDB-PAPILA-17f8fa7746adb20275b5b6a0d99dc9dfe3007e9f/FundusImages/RET197OS.jpg,data/processed/papila_masks/RET197OS_exp1.png,PAPILA_RET197,train
papila,PAPILA,RET198OD,data/external/kaggle/papila/PapilaDB-PAPILA-17f8fa7746adb20275b5b6a0d99dc9dfe3007e9f/FundusImages/RET198OD.jpg,data/processed/papila_masks/RET198OD_exp1.png,PAPILA_RET198,train
papila,PAPILA,RET198OS,data/external/kaggle/papila/PapilaDB-PAPILA-17f8fa7746adb20275b5b6a0d99dc9dfe3007e9f/FundusImages/RET198OS.jpg,data/processed/papila_masks/RET198OS_exp1.png,PAPILA_RET198,train
papila,PAPILA,RET199OD,data/external/kaggle/papila/PapilaDB-PAPILA-17f8fa7746adb20275b5b6a0d99dc9dfe3007e9f/FundusImages/RET199OD.jpg,data/processed/papila_masks/RET199OD_exp1.png,PAPILA_RET199,train
papila,PAPILA,RET199OS,data/external/kaggle/papila/PapilaDB-PAPILA-17f8fa7746adb20275b5b6a0d99dc9dfe3007e9f/FundusImages/RET199OS.jpg,data/processed/papila_masks/RET199OS_exp1.png,PAPILA_RET199,train
papila,PAPILA,RET200OD,data/external/kaggle/papila/PapilaDB-PAPILA-17f8fa7746adb20275b5b6a0d99dc9dfe3007e9f/FundusImages/RET200OD.jpg,data/processed/papila_masks/RET200OD_exp1.png,PAPILA_RET200,train
papila,PAPILA,RET200OS,data/external/kaggle/papila/PapilaDB-PAPILA-17f8fa7746adb20275b5b6a0d99dc9dfe3007e9f/FundusImages/RET200OS.jpg,data/processed/papila_masks/RET200OS_exp1.png,PAPILA_RET200,train
papila,PAPILA,RET201OD,data/external/kaggle/papila/PapilaDB-PAPILA-17f8fa7746adb20275b5b6a0d99dc9dfe3007e9f/FundusImages/RET201OD.jpg,data/processed/papila_masks/RET201OD_exp1.png,PAPILA_RET201,train
papila,PAPILA,RET201OS,data/external/kaggle/papila/PapilaDB-PAPILA-17f8fa7746adb20275b5b6a0d99dc9dfe3007e9f/FundusImages/RET201OS.jpg,data/processed/papila_masks/RET201OS_exp1.png,PAPILA_RET201,train
papila,PAPILA,RET202OD,data/external/kaggle/papila/PapilaDB-PAPILA-17f8fa7746adb20275b5b6a0d99dc9dfe3007e9f/FundusImages/RET202OD.jpg,data/processed/papila_masks/RET202OD_exp1.png,PAPILA_RET202,train
papila,PAPILA,RET202OS,data/external/kaggle/papila/PapilaDB-PAPILA-17f8fa7746adb20275b5b6a0d99dc9dfe3007e9f/FundusImages/RET202OS.jpg,data/processed/papila_masks/RET202OS_exp1.png,PAPILA_RET202,train
papila,PAPILA,RET203OD,data/external/kaggle/papila/PapilaDB-PAPILA-17f8fa7746adb20275b5b6a0d99dc9dfe3007e9f/FundusImages/RET203OD.jpg,data/processed/papila_masks/RET203OD_exp1.png,PAPILA_RET203,train
papila,PAPILA,RET203OS,data/external/kaggle/papila/PapilaDB-PAPILA-17f8fa7746adb20275b5b6a0d99dc9dfe3007e9f/FundusImages/RET203OS.jpg,data/processed/papila_masks/RET203OS_exp1.png,PAPILA_RET203,train
papila,PAPILA,RET204OD,data/external/kaggle/papila/PapilaDB-PAPILA-17f8fa7746adb20275b5b6a0d99dc9dfe3007e9f/FundusImages/RET204OD.jpg,data/processed/papila_masks/RET204OD_exp1.png,PAPILA_RET204,train
papila,PAPILA,RET204OS,data/external/kaggle/papila/PapilaDB-PAPILA-17f8fa7746adb20275b5b6a0d99dc9dfe3007e9f/FundusImages/RET204OS.jpg,data/processed/papila_masks/RET204OS_exp1.png,PAPILA_RET204,train
papila,PAPILA,RET205OD,data/external/kaggle/papila/PapilaDB-PAPILA-17f8fa7746adb20275b5b6a0d99dc9dfe3007e9f/FundusImages/RET205OD.jpg,data/processed/papila_masks/RET205OD_exp1.png,PAPILA_RET205,val
papila,PAPILA,RET205OS,data/external/kaggle/papila/PapilaDB-PAPILA-17f8fa7746adb20275b5b6a0d99dc9dfe3007e9f/FundusImages/RET205OS.jpg,data/processed/papila_masks/RET205OS_exp1.png,PAPILA_RET205,val
papila,PAPILA,RET206OD,data/external/kaggle/papila/PapilaDB-PAPILA-17f8fa7746adb20275b5b6a0d99dc9dfe3007e9f/FundusImages/RET206OD.jpg,data/processed/papila_masks/RET206OD_exp1.png,PAPILA_RET206,train
papila,PAPILA,RET206OS,data/external/kaggle/papila/PapilaDB-PAPILA-17f8fa7746adb20275b5b6a0d99dc9dfe3007e9f/FundusImages/RET206OS.jpg,data/processed/papila_masks/RET206OS_exp1.png,PAPILA_RET206,train
papila,PAPILA,RET207OD,data/external/kaggle/papila/PapilaDB-PAPILA-17f8fa7746adb20275b5b6a0d99dc9dfe3007e9f/FundusImages/RET207OD.jpg,data/processed/papila_masks/RET207OD_exp1.png,PAPILA_RET207,train
papila,PAPILA,RET207OS,data/external/kaggle/papila/PapilaDB-PAPILA-17f8fa7746adb20275b5b6a0d99dc9dfe3007e9f/FundusImages/RET207OS.jpg,data/processed/papila_masks/RET207OS_exp1.png,PAPILA_RET207,train
papila,PAPILA,RET208OD,data/external/kaggle/papila/PapilaDB-PAPILA-17f8fa7746adb20275b5b6a0d99dc9dfe3007e9f/FundusImages/RET208OD.jpg,data/processed/papila_masks/RET208OD_exp1.png,PAPILA_RET208,test
papila,PAPILA,RET208OS,data/external/kaggle/papila/PapilaDB-PAPILA-17f8fa7746adb20275b5b6a0d99dc9dfe3007e9f/FundusImages/RET208OS.jpg,data/processed/papila_masks/RET208OS_exp1.png,PAPILA_RET208,test
papila,PAPILA,RET209OD,data/external/kaggle/papila/PapilaDB-PAPILA-17f8fa7746adb20275b5b6a0d99dc9dfe3007e9f/FundusImages/RET209OD.jpg,data/processed/papila_masks/RET209OD_exp1.png,PAPILA_RET209,val
papila,PAPILA,RET209OS,data/external/kaggle/papila/PapilaDB-PAPILA-17f8fa7746adb20275b5b6a0d99dc9dfe3007e9f/FundusImages/RET209OS.jpg,data/processed/papila_masks/RET209OS_exp1.png,PAPILA_RET209,val
papila,PAPILA,RET210OD,data/external/kaggle/papila/PapilaDB-PAPILA-17f8fa7746adb20275b5b6a0d99dc9dfe3007e9f/FundusImages/RET210OD.jpg,data/processed/papila_masks/RET210OD_exp1.png,PAPILA_RET210,train
papila,PAPILA,RET210OS,data/external/kaggle/papila/PapilaDB-PAPILA-17f8fa7746adb20275b5b6a0d99dc9dfe3007e9f/FundusImages/RET210OS.jpg,data/processed/papila_masks/RET210OS_exp1.png,PAPILA_RET210,train
papila,PAPILA,RET211OD,data/external/kaggle/papila/PapilaDB-PAPILA-17f8fa7746adb20275b5b6a0d99dc9dfe3007e9f/FundusImages/RET211OD.jpg,data/processed/papila_masks/RET211OD_exp1.png,PAPILA_RET211,train
papila,PAPILA,RET211OS,data/external/kaggle/papila/PapilaDB-PAPILA-17f8fa7746adb20275b5b6a0d99dc9dfe3007e9f/FundusImages/RET211OS.jpg,data/processed/papila_masks/RET211OS_exp1.png,PAPILA_RET211,train
papila,PAPILA,RET212OD,data/external/kaggle/papila/PapilaDB-PAPILA-17f8fa7746adb20275b5b6a0d99dc9dfe3007e9f/FundusImages/RET212OD.jpg,data/processed/papila_masks/RET212OD_exp1.png,PAPILA_RET212,val
papila,PAPILA,RET212OS,data/external/kaggle/papila/PapilaDB-PAPILA-17f8fa7746adb20275b5b6a0d99dc9dfe3007e9f/FundusImages/RET212OS.jpg,data/processed/papila_masks/RET212OS_exp1.png,PAPILA_RET212,val
papila,PAPILA,RET213OD,data/external/kaggle/papila/PapilaDB-PAPILA-17f8fa7746adb20275b5b6a0d99dc9dfe3007e9f/FundusImages/RET213OD.jpg,data/processed/papila_masks/RET213OD_exp1.png,PAPILA_RET213,train
papila,PAPILA,RET213OS,data/external/kaggle/papila/PapilaDB-PAPILA-17f8fa7746adb20275b5b6a0d99dc9dfe3007e9f/FundusImages/RET213OS.jpg,data/processed/papila_masks/RET213OS_exp1.png,PAPILA_RET213,train
papila,PAPILA,RET214OD,data/external/kaggle/papila/PapilaDB-PAPILA-17f8fa7746adb20275b5b6a0d99dc9dfe3007e9f/FundusImages/RET214OD.jpg,data/processed/papila_masks/RET214OD_exp1.png,PAPILA_RET214,train
papila,PAPILA,RET214OS,data/external/kaggle/papila/PapilaDB-PAPILA-17f8fa7746adb20275b5b6a0d99dc9dfe3007e9f/FundusImages/RET214OS.jpg,data/processed/papila_masks/RET214OS_exp1.png,PAPILA_RET214,train
papila,PAPILA,RET215OD,data/external/kaggle/papila/PapilaDB-PAPILA-17f8fa7746adb20275b5b6a0d99dc9dfe3007e9f/FundusImages/RET215OD.jpg,data/processed/papila_masks/RET215OD_exp1.png,PAPILA_RET215,train
papila,PAPILA,RET215OS,data/external/kaggle/papila/PapilaDB-PAPILA-17f8fa7746adb20275b5b6a0d99dc9dfe3007e9f/FundusImages/RET215OS.jpg,data/processed/papila_masks/RET215OS_exp1.png,PAPILA_RET215,train
papila,PAPILA,RET216OD,data/external/kaggle/papila/PapilaDB-PAPILA-17f8fa7746adb20275b5b6a0d99dc9dfe3007e9f/FundusImages/RET216OD.jpg,data/processed/papila_masks/RET216OD_exp1.png,PAPILA_RET216,train
papila,PAPILA,RET216OS,data/external/kaggle/papila/PapilaDB-PAPILA-17f8fa7746adb20275b5b6a0d99dc9dfe3007e9f/FundusImages/RET216OS.jpg,data/processed/papila_masks/RET216OS_exp1.png,PAPILA_RET216,train
papila,PAPILA,RET217OD,data/external/kaggle/papila/PapilaDB-PAPILA-17f8fa7746adb20275b5b6a0d99dc9dfe3007e9f/FundusImages/RET217OD.jpg,data/processed/papila_masks/RET217OD_exp1.png,PAPILA_RET217,train
papila,PAPILA,RET217OS,data/external/kaggle/papila/PapilaDB-PAPILA-17f8fa7746adb20275b5b6a0d99dc9dfe3007e9f/FundusImages/RET217OS.jpg,data/processed/papila_masks/RET217OS_exp1.png,PAPILA_RET217,train
papila,PAPILA,RET218OD,data/external/kaggle/papila/PapilaDB-PAPILA-17f8fa7746adb20275b5b6a0d99dc9dfe3007e9f/FundusImages/RET218OD.jpg,data/processed/papila_masks/RET218OD_exp1.png,PAPILA_RET218,train
papila,PAPILA,RET218OS,data/external/kaggle/papila/PapilaDB-PAPILA-17f8fa7746adb20275b5b6a0d99dc9dfe3007e9f/FundusImages/RET218OS.jpg,data/processed/papila_masks/RET218OS_exp1.png,PAPILA_RET218,train
papila,PAPILA,RET219OD,data/external/kaggle/papila/PapilaDB-PAPILA-17f8fa7746adb20275b5b6a0d99dc9dfe3007e9f/FundusImages/RET219OD.jpg,data/processed/papila_masks/RET219OD_exp1.png,PAPILA_RET219,train
papila,PAPILA,RET219OS,data/external/kaggle/papila/PapilaDB-PAPILA-17f8fa7746adb20275b5b6a0d99dc9dfe3007e9f/FundusImages/RET219OS.jpg,data/processed/papila_masks/RET219OS_exp1.png,PAPILA_RET219,train
papila,PAPILA,RET220OD,data/external/kaggle/papila/PapilaDB-PAPILA-17f8fa7746adb20275b5b6a0d99dc9dfe3007e9f/FundusImages/RET220OD.jpg,data/processed/papila_masks/RET220OD_exp1.png,PAPILA_RET220,test
papila,PAPILA,RET220OS,data/external/kaggle/papila/PapilaDB-PAPILA-17f8fa7746adb20275b5b6a0d99dc9dfe3007e9f/FundusImages/RET220OS.jpg,data/processed/papila_masks/RET220OS_exp1.png,PAPILA_RET220,test
papila,PAPILA,RET221OD,data/external/kaggle/papila/PapilaDB-PAPILA-17f8fa7746adb20275b5b6a0d99dc9dfe3007e9f/FundusImages/RET221OD.jpg,data/processed/papila_masks/RET221OD_exp1.png,PAPILA_RET221,val
papila,PAPILA,RET221OS,data/external/kaggle/papila/PapilaDB-PAPILA-17f8fa7746adb20275b5b6a0d99dc9dfe3007e9f/FundusImages/RET221OS.jpg,data/processed/papila_masks/RET221OS_exp1.png,PAPILA_RET221,val
papila,PAPILA,RET222OD,data/external/kaggle/papila/PapilaDB-PAPILA-17f8fa7746adb20275b5b6a0d99dc9dfe3007e9f/FundusImages/RET222OD.jpg,data/processed/papila_masks/RET222OD_exp1.png,PAPILA_RET222,train
papila,PAPILA,RET222OS,data/external/kaggle/papila/PapilaDB-PAPILA-17f8fa7746adb20275b5b6a0d99dc9dfe3007e9f/FundusImages/RET222OS.jpg,data/processed/papila_masks/RET222OS_exp1.png,PAPILA_RET222,train
papila,PAPILA,RET223OD,data/external/kaggle/papila/PapilaDB-PAPILA-17f8fa7746adb20275b5b6a0d99dc9dfe3007e9f/FundusImages/RET223OD.jpg,data/processed/papila_masks/RET223OD_exp1.png,PAPILA_RET223,train
papila,PAPILA,RET223OS,data/external/kaggle/papila/PapilaDB-PAPILA-17f8fa7746adb20275b5b6a0d99dc9dfe3007e9f/FundusImages/RET223OS.jpg,data/processed/papila_masks/RET223OS_exp1.png,PAPILA_RET223,train
papila,PAPILA,RET224OD,data/external/kaggle/papila/PapilaDB-PAPILA-17f8fa7746adb20275b5b6a0d99dc9dfe3007e9f/FundusImages/RET224OD.jpg,data/processed/papila_masks/RET224OD_exp1.png,PAPILA_RET224,train
papila,PAPILA,RET224OS,data/external/kaggle/papila/PapilaDB-PAPILA-17f8fa7746adb20275b5b6a0d99dc9dfe3007e9f/FundusImages/RET224OS.jpg,data/processed/papila_masks/RET224OS_exp1.png,PAPILA_RET224,train
papila,PAPILA,RET225OD,data/external/kaggle/papila/PapilaDB-PAPILA-17f8fa7746adb20275b5b6a0d99dc9dfe3007e9f/FundusImages/RET225OD.jpg,data/processed/papila_masks/RET225OD_exp1.png,PAPILA_RET225,train
papila,PAPILA,RET225OS,data/external/kaggle/papila/PapilaDB-PAPILA-17f8fa7746adb20275b5b6a0d99dc9dfe3007e9f/FundusImages/RET225OS.jpg,data/processed/papila_masks/RET225OS_exp1.png,PAPILA_RET225,train
papila,PAPILA,RET227OD,data/external/kaggle/papila/PapilaDB-PAPILA-17f8fa7746adb20275b5b6a0d99dc9dfe3007e9f/FundusImages/RET227OD.jpg,data/processed/papila_masks/RET227OD_exp1.png,PAPILA_RET227,test
papila,PAPILA,RET227OS,data/external/kaggle/papila/PapilaDB-PAPILA-17f8fa7746adb20275b5b6a0d99dc9dfe3007e9f/FundusImages/RET227OS.jpg,data/processed/papila_masks/RET227OS_exp1.png,PAPILA_RET227,test
papila,PAPILA,RET228OD,data/external/kaggle/papila/PapilaDB-PAPILA-17f8fa7746adb20275b5b6a0d99dc9dfe3007e9f/FundusImages/RET228OD.jpg,data/processed/papila_masks/RET228OD_exp1.png,PAPILA_RET228,test
papila,PAPILA,RET228OS,data/external/kaggle/papila/PapilaDB-PAPILA-17f8fa7746adb20275b5b6a0d99dc9dfe3007e9f/FundusImages/RET228OS.jpg,data/processed/papila_masks/RET228OS_exp1.png,PAPILA_RET228,test
papila,PAPILA,RET229OD,data/external/kaggle/papila/PapilaDB-PAPILA-17f8fa7746adb20275b5b6a0d99dc9dfe3007e9f/FundusImages/RET229OD.jpg,data/processed/papila_masks/RET229OD_exp1.png,PAPILA_RET229,train
papila,PAPILA,RET229OS,data/external/kaggle/papila/PapilaDB-PAPILA-17f8fa7746adb20275b5b6a0d99dc9dfe3007e9f/FundusImages/RET229OS.jpg,data/processed/papila_masks/RET229OS_exp1.png,PAPILA_RET229,train
papila,PAPILA,RET230OD,data/external/kaggle/papila/PapilaDB-PAPILA-17f8fa7746adb20275b5b6a0d99dc9dfe3007e9f/FundusImages/RET230OD.jpg,data/processed/papila_masks/RET230OD_exp1.png,PAPILA_RET230,train
papila,PAPILA,RET230OS,data/external/kaggle/papila/PapilaDB-PAPILA-17f8fa7746adb20275b5b6a0d99dc9dfe3007e9f/FundusImages/RET230OS.jpg,data/processed/papila_masks/RET230OS_exp1.png,PAPILA_RET230,train
papila,PAPILA,RET231OD,data/external/kaggle/papila/PapilaDB-PAPILA-17f8fa7746adb20275b5b6a0d99dc9dfe3007e9f/FundusImages/RET231OD.jpg,data/processed/papila_masks/RET231OD_exp1.png,PAPILA_RET231,train
papila,PAPILA,RET231OS,data/external/kaggle/papila/PapilaDB-PAPILA-17f8fa7746adb20275b5b6a0d99dc9dfe3007e9f/FundusImages/RET231OS.jpg,data/processed/papila_masks/RET231OS_exp1.png,PAPILA_RET231,train
papila,PAPILA,RET232OD,data/external/kaggle/papila/PapilaDB-PAPILA-17f8fa7746adb20275b5b6a0d99dc9dfe3007e9f/FundusImages/RET232OD.jpg,data/processed/papila_masks/RET232OD_exp1.png,PAPILA_RET232,train
papila,PAPILA,RET232OS,data/external/kaggle/papila/PapilaDB-PAPILA-17f8fa7746adb20275b5b6a0d99dc9dfe3007e9f/FundusImages/RET232OS.jpg,data/processed/papila_masks/RET232OS_exp1.png,PAPILA_RET232,train
papila,PAPILA,RET233OD,data/external/kaggle/papila/PapilaDB-PAPILA-17f8fa7746adb20275b5b6a0d99dc9dfe3007e9f/FundusImages/RET233OD.jpg,data/processed/papila_masks/RET233OD_exp1.png,PAPILA_RET233,val
papila,PAPILA,RET233OS,data/external/kaggle/papila/PapilaDB-PAPILA-17f8fa7746adb20275b5b6a0d99dc9dfe3007e9f/FundusImages/RET233OS.jpg,data/processed/papila_masks/RET233OS_exp1.png,PAPILA_RET233,val
papila,PAPILA,RET234OD,data/external/kaggle/papila/PapilaDB-PAPILA-17f8fa7746adb20275b5b6a0d99dc9dfe3007e9f/FundusImages/RET234OD.jpg,data/processed/papila_masks/RET234OD_exp1.png,PAPILA_RET234,train
papila,PAPILA,RET234OS,data/external/kaggle/papila/PapilaDB-PAPILA-17f8fa7746adb20275b5b6a0d99dc9dfe3007e9f/FundusImages/RET234OS.jpg,data/processed/papila_masks/RET234OS_exp1.png,PAPILA_RET234,train
papila,PAPILA,RET235OD,data/external/kaggle/papila/PapilaDB-PAPILA-17f8fa7746adb20275b5b6a0d99dc9dfe3007e9f/FundusImages/RET235OD.jpg,data/processed/papila_masks/RET235OD_exp1.png,PAPILA_RET235,train
papila,PAPILA,RET235OS,data/external/kaggle/papila/PapilaDB-PAPILA-17f8fa7746adb20275b5b6a0d99dc9dfe3007e9f/FundusImages/RET235OS.jpg,data/processed/papila_masks/RET235OS_exp1.png,PAPILA_RET235,train
papila,PAPILA,RET236OD,data/external/kaggle/papila/PapilaDB-PAPILA-17f8fa7746adb20275b5b6a0d99dc9dfe3007e9f/FundusImages/RET236OD.jpg,data/processed/papila_masks/RET236OD_exp1.png,PAPILA_RET236,val
papila,PAPILA,RET236OS,data/external/kaggle/papila/PapilaDB-PAPILA-17f8fa7746adb20275b5b6a0d99dc9dfe3007e9f/FundusImages/RET236OS.jpg,data/processed/papila_masks/RET236OS_exp1.png,PAPILA_RET236,val
papila,PAPILA,RET237OD,data/external/kaggle/papila/PapilaDB-PAPILA-17f8fa7746adb20275b5b6a0d99dc9dfe3007e9f/FundusImages/RET237OD.jpg,data/processed/papila_masks/RET237OD_exp1.png,PAPILA_RET237,val
papila,PAPILA,RET237OS,data/external/kaggle/papila/PapilaDB-PAPILA-17f8fa7746adb20275b5b6a0d99dc9dfe3007e9f/FundusImages/RET237OS.jpg,data/processed/papila_masks/RET237OS_exp1.png,PAPILA_RET237,val
papila,PAPILA,RET238OD,data/external/kaggle/papila/PapilaDB-PAPILA-17f8fa7746adb20275b5b6a0d99dc9dfe3007e9f/FundusImages/RET238OD.jpg,data/processed/papila_masks/RET238OD_exp1.png,PAPILA_RET238,train
papila,PAPILA,RET238OS,data/external/kaggle/papila/PapilaDB-PAPILA-17f8fa7746adb20275b5b6a0d99dc9dfe3007e9f/FundusImages/RET238OS.jpg,data/processed/papila_masks/RET238OS_exp1.png,PAPILA_RET238,train
papila,PAPILA,RET239OD,data/external/kaggle/papila/PapilaDB-PAPILA-17f8fa7746adb20275b5b6a0d99dc9dfe3007e9f/FundusImages/RET239OD.jpg,data/processed/papila_masks/RET239OD_exp1.png,PAPILA_RET239,test
papila,PAPILA,RET239OS,data/external/kaggle/papila/PapilaDB-PAPILA-17f8fa7746adb20275b5b6a0d99dc9dfe3007e9f/FundusImages/RET239OS.jpg,data/processed/papila_masks/RET239OS_exp1.png,PAPILA_RET239,test
papila,PAPILA,RET240OD,data/external/kaggle/papila/PapilaDB-PAPILA-17f8fa7746adb20275b5b6a0d99dc9dfe3007e9f/FundusImages/RET240OD.jpg,data/processed/papila_masks/RET240OD_exp1.png,PAPILA_RET240,test
papila,PAPILA,RET240OS,data/external/kaggle/papila/PapilaDB-PAPILA-17f8fa7746adb20275b5b6a0d99dc9dfe3007e9f/FundusImages/RET240OS.jpg,data/processed/papila_masks/RET240OS_exp1.png,PAPILA_RET240,test
papila,PAPILA,RET241OD,data/external/kaggle/papila/PapilaDB-PAPILA-17f8fa7746adb20275b5b6a0d99dc9dfe3007e9f/FundusImages/RET241OD.jpg,data/processed/papila_masks/RET241OD_exp1.png,PAPILA_RET241,test
papila,PAPILA,RET241OS,data/external/kaggle/papila/PapilaDB-PAPILA-17f8fa7746adb20275b5b6a0d99dc9dfe3007e9f/FundusImages/RET241OS.jpg,data/processed/papila_masks/RET241OS_exp1.png,PAPILA_RET241,test
papila,PAPILA,RET242OD,data/external/kaggle/papila/PapilaDB-PAPILA-17f8fa7746adb20275b5b6a0d99dc9dfe3007e9f/FundusImages/RET242OD.jpg,data/processed/papila_masks/RET242OD_exp1.png,PAPILA_RET242,val
papila,PAPILA,RET242OS,data/external/kaggle/papila/PapilaDB-PAPILA-17f8fa7746adb20275b5b6a0d99dc9dfe3007e9f/FundusImages/RET242OS.jpg,data/processed/papila_masks/RET242OS_exp1.png,PAPILA_RET242,val
papila,PAPILA,RET243OD,data/external/kaggle/papila/PapilaDB-PAPILA-17f8fa7746adb20275b5b6a0d99dc9dfe3007e9f/FundusImages/RET243OD.jpg,data/processed/papila_masks/RET243OD_exp1.png,PAPILA_RET243,train
papila,PAPILA,RET243OS,data/external/kaggle/papila/PapilaDB-PAPILA-17f8fa7746adb20275b5b6a0d99dc9dfe3007e9f/FundusImages/RET243OS.jpg,data/processed/papila_masks/RET243OS_exp1.png,PAPILA_RET243,train
papila,PAPILA,RET244OD,data/external/kaggle/papila/PapilaDB-PAPILA-17f8fa7746adb20275b5b6a0d99dc9dfe3007e9f/FundusImages/RET244OD.jpg,data/processed/papila_masks/RET244OD_exp1.png,PAPILA_RET244,train
papila,PAPILA,RET244OS,data/external/kaggle/papila/PapilaDB-PAPILA-17f8fa7746adb20275b5b6a0d99dc9dfe3007e9f/FundusImages/RET244OS.jpg,data/processed/papila_masks/RET244OS_exp1.png,PAPILA_RET244,train
papila,PAPILA,RET245OD,data/external/kaggle/papila/PapilaDB-PAPILA-17f8fa7746adb20275b5b6a0d99dc9dfe3007e9f/FundusImages/RET245OD.jpg,data/processed/papila_masks/RET245OD_exp1.png,PAPILA_RET245,train
papila,PAPILA,RET245OS,data/external/kaggle/papila/PapilaDB-PAPILA-17f8fa7746adb20275b5b6a0d99dc9dfe3007e9f/FundusImages/RET245OS.jpg,data/processed/papila_masks/RET245OS_exp1.png,PAPILA_RET245,train
papila,PAPILA,RET246OD,data/external/kaggle/papila/PapilaDB-PAPILA-17f8fa7746adb20275b5b6a0d99dc9dfe3007e9f/FundusImages/RET246OD.jpg,data/processed/papila_masks/RET246OD_exp1.png,PAPILA_RET246,train
papila,PAPILA,RET246OS,data/external/kaggle/papila/PapilaDB-PAPILA-17f8fa7746adb20275b5b6a0d99dc9dfe3007e9f/FundusImages/RET246OS.jpg,data/processed/papila_masks/RET246OS_exp1.png,PAPILA_RET246,train
papila,PAPILA,RET248OD,data/external/kaggle/papila/PapilaDB-PAPILA-17f8fa7746adb20275b5b6a0d99dc9dfe3007e9f/FundusImages/RET248OD.jpg,data/processed/papila_masks/RET248OD_exp1.png,PAPILA_RET248,train
papila,PAPILA,RET248OS,data/external/kaggle/papila/PapilaDB-PAPILA-17f8fa7746adb20275b5b6a0d99dc9dfe3007e9f/FundusImages/RET248OS.jpg,data/processed/papila_masks/RET248OS_exp1.png,PAPILA_RET248,train
papila,PAPILA,RET249OD,data/external/kaggle/papila/PapilaDB-PAPILA-17f8fa7746adb20275b5b6a0d99dc9dfe3007e9f/FundusImages/RET249OD.jpg,data/processed/papila_masks/RET249OD_exp1.png,PAPILA_RET249,test
papila,PAPILA,RET249OS,data/external/kaggle/papila/PapilaDB-PAPILA-17f8fa7746adb20275b5b6a0d99dc9dfe3007e9f/FundusImages/RET249OS.jpg,data/processed/papila_masks/RET249OS_exp1.png,PAPILA_RET249,test
papila,PAPILA,RET250OD,data/external/kaggle/papila/PapilaDB-PAPILA-17f8fa7746adb20275b5b6a0d99dc9dfe3007e9f/FundusImages/RET250OD.jpg,data/processed/papila_masks/RET250OD_exp1.png,PAPILA_RET250,train
papila,PAPILA,RET250OS,data/external/kaggle/papila/PapilaDB-PAPILA-17f8fa7746adb20275b5b6a0d99dc9dfe3007e9f/FundusImages/RET250OS.jpg,data/processed/papila_masks/RET250OS_exp1.png,PAPILA_RET250,train
papila,PAPILA,RET251OD,data/external/kaggle/papila/PapilaDB-PAPILA-17f8fa7746adb20275b5b6a0d99dc9dfe3007e9f/FundusImages/RET251OD.jpg,data/processed/papila_masks/RET251OD_exp1.png,PAPILA_RET251,train
papila,PAPILA,RET251OS,data/external/kaggle/papila/PapilaDB-PAPILA-17f8fa7746adb20275b5b6a0d99dc9dfe3007e9f/FundusImages/RET251OS.jpg,data/processed/papila_masks/RET251OS_exp1.png,PAPILA_RET251,train
papila,PAPILA,RET252OD,data/external/kaggle/papila/PapilaDB-PAPILA-17f8fa7746adb20275b5b6a0d99dc9dfe3007e9f/FundusImages/RET252OD.jpg,data/processed/papila_masks/RET252OD_exp1.png,PAPILA_RET252,test
papila,PAPILA,RET252OS,data/external/kaggle/papila/PapilaDB-PAPILA-17f8fa7746adb20275b5b6a0d99dc9dfe3007e9f/FundusImages/RET252OS.jpg,data/processed/papila_masks/RET252OS_exp1.png,PAPILA_RET252,test
papila,PAPILA,RET253OD,data/external/kaggle/papila/PapilaDB-PAPILA-17f8fa7746adb20275b5b6a0d99dc9dfe3007e9f/FundusImages/RET253OD.jpg,data/processed/papila_masks/RET253OD_exp1.png,PAPILA_RET253,train
papila,PAPILA,RET253OS,data/external/kaggle/papila/PapilaDB-PAPILA-17f8fa7746adb20275b5b6a0d99dc9dfe3007e9f/FundusImages/RET253OS.jpg,data/processed/papila_masks/RET253OS_exp1.png,PAPILA_RET253,train
papila,PAPILA,RET254OD,data/external/kaggle/papila/PapilaDB-PAPILA-17f8fa7746adb20275b5b6a0d99dc9dfe3007e9f/FundusImages/RET254OD.jpg,data/processed/papila_masks/RET254OD_exp1.png,PAPILA_RET254,val
papila,PAPILA,RET254OS,data/external/kaggle/papila/PapilaDB-PAPILA-17f8fa7746adb20275b5b6a0d99dc9dfe3007e9f/FundusImages/RET254OS.jpg,data/processed/papila_masks/RET254OS_exp1.png,PAPILA_RET254,val
papila,PAPILA,RET255OD,data/external/kaggle/papila/PapilaDB-PAPILA-17f8fa7746adb20275b5b6a0d99dc9dfe3007e9f/FundusImages/RET255OD.jpg,data/processed/papila_masks/RET255OD_exp1.png,PAPILA_RET255,train
papila,PAPILA,RET255OS,data/external/kaggle/papila/PapilaDB-PAPILA-17f8fa7746adb20275b5b6a0d99dc9dfe3007e9f/FundusImages/RET255OS.jpg,data/processed/papila_masks/RET255OS_exp1.png,PAPILA_RET255,train
papila,PAPILA,RET256OD,data/external/kaggle/papila/PapilaDB-PAPILA-17f8fa7746adb20275b5b6a0d99dc9dfe3007e9f/FundusImages/RET256OD.jpg,data/processed/papila_masks/RET256OD_exp1.png,PAPILA_RET256,train
papila,PAPILA,RET256OS,data/external/kaggle/papila/PapilaDB-PAPILA-17f8fa7746adb20275b5b6a0d99dc9dfe3007e9f/FundusImages/RET256OS.jpg,data/processed/papila_masks/RET256OS_exp1.png,PAPILA_RET256,train
papila,PAPILA,RET257OD,data/external/kaggle/papila/PapilaDB-PAPILA-17f8fa7746adb20275b5b6a0d99dc9dfe3007e9f/FundusImages/RET257OD.jpg,data/processed/papila_masks/RET257OD_exp1.png,PAPILA_RET257,train
papila,PAPILA,RET257OS,data/external/kaggle/papila/PapilaDB-PAPILA-17f8fa7746adb20275b5b6a0d99dc9dfe3007e9f/FundusImages/RET257OS.jpg,data/processed/papila_masks/RET257OS_exp1.png,PAPILA_RET257,train
papila,PAPILA,RET258OD,data/external/kaggle/papila/PapilaDB-PAPILA-17f8fa7746adb20275b5b6a0d99dc9dfe3007e9f/FundusImages/RET258OD.jpg,data/processed/papila_masks/RET258OD_exp1.png,PAPILA_RET258,val
papila,PAPILA,RET258OS,data/external/kaggle/papila/PapilaDB-PAPILA-17f8fa7746adb20275b5b6a0d99dc9dfe3007e9f/FundusImages/RET258OS.jpg,data/processed/papila_masks/RET258OS_exp1.png,PAPILA_RET258,val
papila,PAPILA,RET259OD,data/external/kaggle/papila/PapilaDB-PAPILA-17f8fa7746adb20275b5b6a0d99dc9dfe3007e9f/FundusImages/RET259OD.jpg,data/processed/papila_masks/RET259OD_exp1.png,PAPILA_RET259,val
papila,PAPILA,RET259OS,data/external/kaggle/papila/PapilaDB-PAPILA-17f8fa7746adb20275b5b6a0d99dc9dfe3007e9f/FundusImages/RET259OS.jpg,data/processed/papila_masks/RET259OS_exp1.png,PAPILA_RET259,val
papila,PAPILA,RET260OD,data/external/kaggle/papila/PapilaDB-PAPILA-17f8fa7746adb20275b5b6a0d99dc9dfe3007e9f/FundusImages/RET260OD.jpg,data/processed/papila_masks/RET260OD_exp1.png,PAPILA_RET260,train
papila,PAPILA,RET260OS,data/external/kaggle/papila/PapilaDB-PAPILA-17f8fa7746adb20275b5b6a0d99dc9dfe3007e9f/FundusImages/RET260OS.jpg,data/processed/papila_masks/RET260OS_exp1.png,PAPILA_RET260,train
papila,PAPILA,RET261OD,data/external/kaggle/papila/PapilaDB-PAPILA-17f8fa7746adb20275b5b6a0d99dc9dfe3007e9f/FundusImages/RET261OD.jpg,data/processed/papila_masks/RET261OD_exp1.png,PAPILA_RET261,train
papila,PAPILA,RET261OS,data/external/kaggle/papila/PapilaDB-PAPILA-17f8fa7746adb20275b5b6a0d99dc9dfe3007e9f/FundusImages/RET261OS.jpg,data/processed/papila_masks/RET261OS_exp1.png,PAPILA_RET261,train
papila,PAPILA,RET262OD,data/external/kaggle/papila/PapilaDB-PAPILA-17f8fa7746adb20275b5b6a0d99dc9dfe3007e9f/FundusImages/RET262OD.jpg,data/processed/papila_masks/RET262OD_exp1.png,PAPILA_RET262,train
papila,PAPILA,RET262OS,data/external/kaggle/papila/PapilaDB-PAPILA-17f8fa7746adb20275b5b6a0d99dc9dfe3007e9f/FundusImages/RET262OS.jpg,data/processed/papila_masks/RET262OS_exp1.png,PAPILA_RET262,train
papila,PAPILA,RET264OD,data/external/kaggle/papila/PapilaDB-PAPILA-17f8fa7746adb20275b5b6a0d99dc9dfe3007e9f/FundusImages/RET264OD.jpg,data/processed/papila_masks/RET264OD_exp1.png,PAPILA_RET264,train
papila,PAPILA,RET264OS,data/external/kaggle/papila/PapilaDB-PAPILA-17f8fa7746adb20275b5b6a0d99dc9dfe3007e9f/FundusImages/RET264OS.jpg,data/processed/papila_masks/RET264OS_exp1.png,PAPILA_RET264,train
papila,PAPILA,RET265OD,data/external/kaggle/papila/PapilaDB-PAPILA-17f8fa7746adb20275b5b6a0d99dc9dfe3007e9f/FundusImages/RET265OD.jpg,data/processed/papila_masks/RET265OD_exp1.png,PAPILA_RET265,train
papila,PAPILA,RET265OS,data/external/kaggle/papila/PapilaDB-PAPILA-17f8fa7746adb20275b5b6a0d99dc9dfe3007e9f/FundusImages/RET265OS.jpg,data/processed/papila_masks/RET265OS_exp1.png,PAPILA_RET265,train
papila,PAPILA,RET266OD,data/external/kaggle/papila/PapilaDB-PAPILA-17f8fa7746adb20275b5b6a0d99dc9dfe3007e9f/FundusImages/RET266OD.jpg,data/processed/papila_masks/RET266OD_exp1.png,PAPILA_RET266,train
papila,PAPILA,RET266OS,data/external/kaggle/papila/PapilaDB-PAPILA-17f8fa7746adb20275b5b6a0d99dc9dfe3007e9f/FundusImages/RET266OS.jpg,data/processed/papila_masks/RET266OS_exp1.png,PAPILA_RET266,train
papila,PAPILA,RET267OD,data/external/kaggle/papila/PapilaDB-PAPILA-17f8fa7746adb20275b5b6a0d99dc9dfe3007e9f/FundusImages/RET267OD.jpg,data/processed/papila_masks/RET267OD_exp1.png,PAPILA_RET267,train
papila,PAPILA,RET267OS,data/external/kaggle/papila/PapilaDB-PAPILA-17f8fa7746adb20275b5b6a0d99dc9dfe3007e9f/FundusImages/RET267OS.jpg,data/processed/papila_masks/RET267OS_exp1.png,PAPILA_RET267,train
papila,PAPILA,RET268OD,data/external/kaggle/papila/PapilaDB-PAPILA-17f8fa7746adb20275b5b6a0d99dc9dfe3007e9f/FundusImages/RET268OD.jpg,data/processed/papila_masks/RET268OD_exp1.png,PAPILA_RET268,train
papila,PAPILA,RET268OS,data/external/kaggle/papila/PapilaDB-PAPILA-17f8fa7746adb20275b5b6a0d99dc9dfe3007e9f/FundusImages/RET268OS.jpg,data/processed/papila_masks/RET268OS_exp1.png,PAPILA_RET268,train
papila,PAPILA,RET269OD,data/external/kaggle/papila/PapilaDB-PAPILA-17f8fa7746adb20275b5b6a0d99dc9dfe3007e9f/FundusImages/RET269OD.jpg,data/processed/papila_masks/RET269OD_exp1.png,PAPILA_RET269,train
papila,PAPILA,RET269OS,data/external/kaggle/papila/PapilaDB-PAPILA-17f8fa7746adb20275b5b6a0d99dc9dfe3007e9f/FundusImages/RET269OS.jpg,data/processed/papila_masks/RET269OS_exp1.png,PAPILA_RET269,train
papila,PAPILA,RET270OD,data/external/kaggle/papila/PapilaDB-PAPILA-17f8fa7746adb20275b5b6a0d99dc9dfe3007e9f/FundusImages/RET270OD.jpg,data/processed/papila_masks/RET270OD_exp1.png,PAPILA_RET270,test
papila,PAPILA,RET270OS,data/external/kaggle/papila/PapilaDB-PAPILA-17f8fa7746adb20275b5b6a0d99dc9dfe3007e9f/FundusImages/RET270OS.jpg,data/processed/papila_masks/RET270OS_exp1.png,PAPILA_RET270,test
papila,PAPILA,RET271OD,data/external/kaggle/papila/PapilaDB-PAPILA-17f8fa7746adb20275b5b6a0d99dc9dfe3007e9f/FundusImages/RET271OD.jpg,data/processed/papila_masks/RET271OD_exp1.png,PAPILA_RET271,train
papila,PAPILA,RET271OS,data/external/kaggle/papila/PapilaDB-PAPILA-17f8fa7746adb20275b5b6a0d99dc9dfe3007e9f/FundusImages/RET271OS.jpg,data/processed/papila_masks/RET271OS_exp1.png,PAPILA_RET271,train
papila,PAPILA,RET272OD,data/external/kaggle/papila/PapilaDB-PAPILA-17f8fa7746adb20275b5b6a0d99dc9dfe3007e9f/FundusImages/RET272OD.jpg,data/processed/papila_masks/RET272OD_exp1.png,PAPILA_RET272,val
papila,PAPILA,RET272OS,data/external/kaggle/papila/PapilaDB-PAPILA-17f8fa7746adb20275b5b6a0d99dc9dfe3007e9f/FundusImages/RET272OS.jpg,data/processed/papila_masks/RET272OS_exp1.png,PAPILA_RET272,val
papila,PAPILA,RET273OD,data/external/kaggle/papila/PapilaDB-PAPILA-17f8fa7746adb20275b5b6a0d99dc9dfe3007e9f/FundusImages/RET273OD.jpg,data/processed/papila_masks/RET273OD_exp1.png,PAPILA_RET273,test
papila,PAPILA,RET273OS,data/external/kaggle/papila/PapilaDB-PAPILA-17f8fa7746adb20275b5b6a0d99dc9dfe3007e9f/FundusImages/RET273OS.jpg,data/processed/papila_masks/RET273OS_exp1.png,PAPILA_RET273,test
papila,PAPILA,RET274OD,data/external/kaggle/papila/PapilaDB-PAPILA-17f8fa7746adb20275b5b6a0d99dc9dfe3007e9f/FundusImages/RET274OD.jpg,data/processed/papila_masks/RET274OD_exp1.png,PAPILA_RET274,test
papila,PAPILA,RET274OS,data/external/kaggle/papila/PapilaDB-PAPILA-17f8fa7746adb20275b5b6a0d99dc9dfe3007e9f/FundusImages/RET274OS.jpg,data/processed/papila_masks/RET274OS_exp1.png,PAPILA_RET274,test
papila,PAPILA,RET275OD,data/external/kaggle/papila/PapilaDB-PAPILA-17f8fa7746adb20275b5b6a0d99dc9dfe3007e9f/FundusImages/RET275OD.jpg,data/processed/papila_masks/RET275OD_exp1.png,PAPILA_RET275,train
papila,PAPILA,RET275OS,data/external/kaggle/papila/PapilaDB-PAPILA-17f8fa7746adb20275b5b6a0d99dc9dfe3007e9f/FundusImages/RET275OS.jpg,data/processed/papila_masks/RET275OS_exp1.png,PAPILA_RET275,train
papila,PAPILA,RET276OD,data/external/kaggle/papila/PapilaDB-PAPILA-17f8fa7746adb20275b5b6a0d99dc9dfe3007e9f/FundusImages/RET276OD.jpg,data/processed/papila_masks/RET276OD_exp1.png,PAPILA_RET276,train
papila,PAPILA,RET276OS,data/external/kaggle/papila/PapilaDB-PAPILA-17f8fa7746adb20275b5b6a0d99dc9dfe3007e9f/FundusImages/RET276OS.jpg,data/processed/papila_masks/RET276OS_exp1.png,PAPILA_RET276,train
papila,PAPILA,RET277OD,data/external/kaggle/papila/PapilaDB-PAPILA-17f8fa7746adb20275b5b6a0d99dc9dfe3007e9f/FundusImages/RET277OD.jpg,data/processed/papila_masks/RET277OD_exp1.png,PAPILA_RET277,train
papila,PAPILA,RET277OS,data/external/kaggle/papila/PapilaDB-PAPILA-17f8fa7746adb20275b5b6a0d99dc9dfe3007e9f/FundusImages/RET277OS.jpg,data/processed/papila_masks/RET277OS_exp1.png,PAPILA_RET277,train
papila,PAPILA,RET280OD,data/external/kaggle/papila/PapilaDB-PAPILA-17f8fa7746adb20275b5b6a0d99dc9dfe3007e9f/FundusImages/RET280OD.jpg,data/processed/papila_masks/RET280OD_exp1.png,PAPILA_RET280,train
papila,PAPILA,RET280OS,data/external/kaggle/papila/PapilaDB-PAPILA-17f8fa7746adb20275b5b6a0d99dc9dfe3007e9f/FundusImages/RET280OS.jpg,data/processed/papila_masks/RET280OS_exp1.png,PAPILA_RET280,train
papila,PAPILA,RET281OD,data/external/kaggle/papila/PapilaDB-PAPILA-17f8fa7746adb20275b5b6a0d99dc9dfe3007e9f/FundusImages/RET281OD.jpg,data/processed/papila_masks/RET281OD_exp1.png,PAPILA_RET281,train
papila,PAPILA,RET281OS,data/external/kaggle/papila/PapilaDB-PAPILA-17f8fa7746adb20275b5b6a0d99dc9dfe3007e9f/FundusImages/RET281OS.jpg,data/processed/papila_masks/RET281OS_exp1.png,PAPILA_RET281,train
papila,PAPILA,RET282OD,data/external/kaggle/papila/PapilaDB-PAPILA-17f8fa7746adb20275b5b6a0d99dc9dfe3007e9f/FundusImages/RET282OD.jpg,data/processed/papila_masks/RET282OD_exp1.png,PAPILA_RET282,train
papila,PAPILA,RET282OS,data/external/kaggle/papila/PapilaDB-PAPILA-17f8fa7746adb20275b5b6a0d99dc9dfe3007e9f/FundusImages/RET282OS.jpg,data/processed/papila_masks/RET282OS_exp1.png,PAPILA_RET282,train
papila,PAPILA,RET283OD,data/external/kaggle/papila/PapilaDB-PAPILA-17f8fa7746adb20275b5b6a0d99dc9dfe3007e9f/FundusImages/RET283OD.jpg,data/processed/papila_masks/RET283OD_exp1.png,PAPILA_RET283,train
papila,PAPILA,RET283OS,data/external/kaggle/papila/PapilaDB-PAPILA-17f8fa7746adb20275b5b6a0d99dc9dfe3007e9f/FundusImages/RET283OS.jpg,data/processed/papila_masks/RET283OS_exp1.png,PAPILA_RET283,train
papila,PAPILA,RET284OD,data/external/kaggle/papila/PapilaDB-PAPILA-17f8fa7746adb20275b5b6a0d99dc9dfe3007e9f/FundusImages/RET284OD.jpg,data/processed/papila_masks/RET284OD_exp1.png,PAPILA_RET284,train
papila,PAPILA,RET284OS,data/external/kaggle/papila/PapilaDB-PAPILA-17f8fa7746adb20275b5b6a0d99dc9dfe3007e9f/FundusImages/RET284OS.jpg,data/processed/papila_masks/RET284OS_exp1.png,PAPILA_RET284,train
papila,PAPILA,RET285OD,data/external/kaggle/papila/PapilaDB-PAPILA-17f8fa7746adb20275b5b6a0d99dc9dfe3007e9f/FundusImages/RET285OD.jpg,data/processed/papila_masks/RET285OD_exp1.png,PAPILA_RET285,test
papila,PAPILA,RET285OS,data/external/kaggle/papila/PapilaDB-PAPILA-17f8fa7746adb20275b5b6a0d99dc9dfe3007e9f/FundusImages/RET285OS.jpg,data/processed/papila_masks/RET285OS_exp1.png,PAPILA_RET285,test
papila,PAPILA,RET286OD,data/external/kaggle/papila/PapilaDB-PAPILA-17f8fa7746adb20275b5b6a0d99dc9dfe3007e9f/FundusImages/RET286OD.jpg,data/processed/papila_masks/RET286OD_exp1.png,PAPILA_RET286,train
papila,PAPILA,RET286OS,data/external/kaggle/papila/PapilaDB-PAPILA-17f8fa7746adb20275b5b6a0d99dc9dfe3007e9f/FundusImages/RET286OS.jpg,data/processed/papila_masks/RET286OS_exp1.png,PAPILA_RET286,train
papila,PAPILA,RET287OD,data/external/kaggle/papila/PapilaDB-PAPILA-17f8fa7746adb20275b5b6a0d99dc9dfe3007e9f/FundusImages/RET287OD.jpg,data/processed/papila_masks/RET287OD_exp1.png,PAPILA_RET287,train
papila,PAPILA,RET287OS,data/external/kaggle/papila/PapilaDB-PAPILA-17f8fa7746adb20275b5b6a0d99dc9dfe3007e9f/FundusImages/RET287OS.jpg,data/processed/papila_masks/RET287OS_exp1.png,PAPILA_RET287,train
papila,PAPILA,RET288OD,data/external/kaggle/papila/PapilaDB-PAPILA-17f8fa7746adb20275b5b6a0d99dc9dfe3007e9f/FundusImages/RET288OD.jpg,data/processed/papila_masks/RET288OD_exp1.png,PAPILA_RET288,val
papila,PAPILA,RET288OS,data/external/kaggle/papila/PapilaDB-PAPILA-17f8fa7746adb20275b5b6a0d99dc9dfe3007e9f/FundusImages/RET288OS.jpg,data/processed/papila_masks/RET288OS_exp1.png,PAPILA_RET288,val
papila,PAPILA,RET289OD,data/external/kaggle/papila/PapilaDB-PAPILA-17f8fa7746adb20275b5b6a0d99dc9dfe3007e9f/FundusImages/RET289OD.jpg,data/processed/papila_masks/RET289OD_exp1.png,PAPILA_RET289,train
papila,PAPILA,RET289OS,data/external/kaggle/papila/PapilaDB-PAPILA-17f8fa7746adb20275b5b6a0d99dc9dfe3007e9f/FundusImages/RET289OS.jpg,data/processed/papila_masks/RET289OS_exp1.png,PAPILA_RET289,train
papila,PAPILA,RET290OD,data/external/kaggle/papila/PapilaDB-PAPILA-17f8fa7746adb20275b5b6a0d99dc9dfe3007e9f/FundusImages/RET290OD.jpg,data/processed/papila_masks/RET290OD_exp1.png,PAPILA_RET290,train
papila,PAPILA,RET290OS,data/external/kaggle/papila/PapilaDB-PAPILA-17f8fa7746adb20275b5b6a0d99dc9dfe3007e9f/FundusImages/RET290OS.jpg,data/processed/papila_masks/RET290OS_exp1.png,PAPILA_RET290,train
papila,PAPILA,RET291OD,data/external/kaggle/papila/PapilaDB-PAPILA-17f8fa7746adb20275b5b6a0d99dc9dfe3007e9f/FundusImages/RET291OD.jpg,data/processed/papila_masks/RET291OD_exp1.png,PAPILA_RET291,train
papila,PAPILA,RET291OS,data/external/kaggle/papila/PapilaDB-PAPILA-17f8fa7746adb20275b5b6a0d99dc9dfe3007e9f/FundusImages/RET291OS.jpg,data/processed/papila_masks/RET291OS_exp1.png,PAPILA_RET291,train
papila,PAPILA,RET292OD,data/external/kaggle/papila/PapilaDB-PAPILA-17f8fa7746adb20275b5b6a0d99dc9dfe3007e9f/FundusImages/RET292OD.jpg,data/processed/papila_masks/RET292OD_exp1.png,PAPILA_RET292,val
papila,PAPILA,RET292OS,data/external/kaggle/papila/PapilaDB-PAPILA-17f8fa7746adb20275b5b6a0d99dc9dfe3007e9f/FundusImages/RET292OS.jpg,data/processed/papila_masks/RET292OS_exp1.png,PAPILA_RET292,val
papila,PAPILA,RET293OD,data/external/kaggle/papila/PapilaDB-PAPILA-17f8fa7746adb20275b5b6a0d99dc9dfe3007e9f/FundusImages/RET293OD.jpg,data/processed/papila_masks/RET293OD_exp1.png,PAPILA_RET293,train
papila,PAPILA,RET293OS,data/external/kaggle/papila/PapilaDB-PAPILA-17f8fa7746adb20275b5b6a0d99dc9dfe3007e9f/FundusImages/RET293OS.jpg,data/processed/papila_masks/RET293OS_exp1.png,PAPILA_RET293,train
