dataset_key,source_dataset,file_id,image_path,mask_path,image_relative_path,mask_relative_path,image_file_name,mask_file_name,mask_encoding,background_value,structure_value_1,structure_value_2,split_group_id,include_in_first_pass,qa_status,notes
glaucoma_fundus_imaging_bundle,G1020,image_0,data/external/kaggle/glaucoma_fundus_imaging_bundle/G1020/Images/image_0.jpg,data/processed/standardized_masks/g1020/image_0.png,data/external/kaggle/glaucoma_fundus_imaging_bundle/G1020/Images/image_0.jpg,data/processed/standardized_masks/g1020/image_0.png,image_0.jpg,image_0.png,multiclass_values_0_1_2,0,1,2,G1020_image_0,True,paired_standardized_and_visual_sample_reviewed,"G1020 image/mask pair matched by file ID; mask standardized to project {0,1,2} convention."
glaucoma_fundus_imaging_bundle,G1020,image_1,data/external/kaggle/glaucoma_fundus_imaging_bundle/G1020/Images/image_1.jpg,data/processed/standardized_masks/g1020/image_1.png,data/external/kaggle/glaucoma_fundus_imaging_bundle/G1020/Images/image_1.jpg,data/processed/standardized_masks/g1020/image_1.png,image_1.jpg,image_1.png,multiclass_values_0_1_2,0,1,2,G1020_image_1,True,paired_standardized_and_visual_sample_reviewed,"G1020 image/mask pair matched by file ID; mask standardized to project {0,1,2} convention."
glaucoma_fundus_imaging_bundle,G1020,image_10,data/external/kaggle/glaucoma_fundus_imaging_bundle/G1020/Images/image_10.jpg,data/processed/standardized_masks/g1020/image_10.png,data/external/kaggle/glaucoma_fundus_imaging_bundle/G1020/Images/image_10.jpg,data/processed/standardized_masks/g1020/image_10.png,image_10.jpg,image_10.png,multiclass_values_0_1_2,0,1,2,G1020_image_10,True,paired_standardized_and_visual_sample_reviewed,"G1020 image/mask pair matched by file ID; mask standardized to project {0,1,2} convention."
glaucoma_fundus_imaging_bundle,G1020,image_1000,data/external/kaggle/glaucoma_fundus_imaging_bundle/G1020/Images/image_1000.jpg,data/processed/standardized_masks/g1020/image_1000.png,data/external/kaggle/glaucoma_fundus_imaging_bundle/G1020/Images/image_1000.jpg,data/processed/standardized_masks/g1020/image_1000.png,image_1000.jpg,image_1000.png,multiclass_values_0_1_2,0,1,2,G1020_image_1000,True,paired_standardized_and_visual_sample_reviewed,"G1020 image/mask pair matched by file ID; mask standardized to project {0,1,2} convention."
glaucoma_fundus_imaging_bundle,G1020,image_1001,data/external/kaggle/glaucoma_fundus_imaging_bundle/G1020/Images/image_1001.jpg,data/processed/standardized_masks/g1020/image_1001.png,data/external/kaggle/glaucoma_fundus_imaging_bundle/G1020/Images/image_1001.jpg,data/processed/standardized_masks/g1020/image_1001.png,image_1001.jpg,image_1001.png,multiclass_values_0_1_2,0,1,2,G1020_image_1001,True,paired_standardized_and_visual_sample_reviewed,"G1020 image/mask pair matched by file ID; mask standardized to project {0,1,2} convention."
glaucoma_fundus_imaging_bundle,G1020,image_1002,data/external/kaggle/glaucoma_fundus_imaging_bundle/G1020/Images/image_1002.jpg,data/processed/standardized_masks/g1020/image_1002.png,data/external/kaggle/glaucoma_fundus_imaging_bundle/G1020/Images/image_1002.jpg,data/processed/standardized_masks/g1020/image_1002.png,image_1002.jpg,image_1002.png,multiclass_values_0_1_2,0,1,2,G1020_image_1002,True,paired_standardized_and_visual_sample_reviewed,"G1020 image/mask pair matched by file ID; mask standardized to project {0,1,2} convention."
glaucoma_fundus_imaging_bundle,G1020,image_1003,data/external/kaggle/glaucoma_fundus_imaging_bundle/G1020/Images/image_1003.jpg,data/processed/standardized_masks/g1020/image_1003.png,data/external/kaggle/glaucoma_fundus_imaging_bundle/G1020/Images/image_1003.jpg,data/processed/standardized_masks/g1020/image_1003.png,image_1003.jpg,image_1003.png,multiclass_values_0_1_2,0,1,2,G1020_image_1003,True,paired_standardized_and_visual_sample_reviewed,"G1020 image/mask pair matched by file ID; mask standardized to project {0,1,2} convention."
glaucoma_fundus_imaging_bundle,G1020,image_1004,data/external/kaggle/glaucoma_fundus_imaging_bundle/G1020/Images/image_1004.jpg,data/processed/standardized_masks/g1020/image_1004.png,data/external/kaggle/glaucoma_fundus_imaging_bundle/G1020/Images/image_1004.jpg,data/processed/standardized_masks/g1020/image_1004.png,image_1004.jpg,image_1004.png,multiclass_values_0_1_2,0,1,2,G1020_image_1004,True,paired_standardized_and_visual_sample_reviewed,"G1020 image/mask pair matched by file ID; mask standardized to project {0,1,2} convention."
glaucoma_fundus_imaging_bundle,G1020,image_103,data/external/kaggle/glaucoma_fundus_imaging_bundle/G1020/Images/image_103.jpg,data/processed/standardized_masks/g1020/image_103.png,data/external/kaggle/glaucoma_fundus_imaging_bundle/G1020/Images/image_103.jpg,data/processed/standardized_masks/g1020/image_103.png,image_103.jpg,image_103.png,multiclass_values_0_1_2,0,1,2,G1020_image_103,True,paired_standardized_and_visual_sample_reviewed,"G1020 image/mask pair matched by file ID; mask standardized to project {0,1,2} convention."
glaucoma_fundus_imaging_bundle,G1020,image_1032,data/external/kaggle/glaucoma_fundus_imaging_bundle/G1020/Images/image_1032.jpg,data/processed/standardized_masks/g1020/image_1032.png,data/external/kaggle/glaucoma_fundus_imaging_bundle/G1020/Images/image_1032.jpg,data/processed/standardized_masks/g1020/image_1032.png,image_1032.jpg,image_1032.png,multiclass_values_0_1_2,0,1,2,G1020_image_1032,True,paired_standardized_and_visual_sample_reviewed,"G1020 image/mask pair matched by file ID; mask standardized to project {0,1,2} convention."
glaucoma_fundus_imaging_bundle,G1020,image_1033,data/external/kaggle/glaucoma_fundus_imaging_bundle/G1020/Images/image_1033.jpg,data/processed/standardized_masks/g1020/image_1033.png,data/external/kaggle/glaucoma_fundus_imaging_bundle/G1020/Images/image_1033.jpg,data/processed/standardized_masks/g1020/image_1033.png,image_1033.jpg,image_1033.png,multiclass_values_0_1_2,0,1,2,G1020_image_1033,True,paired_standardized_and_visual_sample_reviewed,"G1020 image/mask pair matched by file ID; mask standardized to project {0,1,2} convention."
glaucoma_fundus_imaging_bundle,G1020,image_1034,data/external/kaggle/glaucoma_fundus_imaging_bundle/G1020/Images/image_1034.jpg,data/processed/standardized_masks/g1020/image_1034.png,data/external/kaggle/glaucoma_fundus_imaging_bundle/G1020/Images/image_1034.jpg,data/processed/standardized_masks/g1020/image_1034.png,image_1034.jpg,image_1034.png,multiclass_values_0_1_2,0,1,2,G1020_image_1034,True,paired_standardized_and_visual_sample_reviewed,"G1020 image/mask pair matched by file ID; mask standardized to project {0,1,2} convention."
glaucoma_fundus_imaging_bundle,G1020,image_1035,data/external/kaggle/glaucoma_fundus_imaging_bundle/G1020/Images/image_1035.jpg,data/processed/standardized_masks/g1020/image_1035.png,data/external/kaggle/glaucoma_fundus_imaging_bundle/G1020/Images/image_1035.jpg,data/processed/standardized_masks/g1020/image_1035.png,image_1035.jpg,image_1035.png,multiclass_values_0_1_2,0,1,2,G1020_image_1035,True,paired_standardized_and_visual_sample_reviewed,"G1020 image/mask pair matched by file ID; mask standardized to project {0,1,2} convention."
glaucoma_fundus_imaging_bundle,G1020,image_104,data/external/kaggle/glaucoma_fundus_imaging_bundle/G1020/Images/image_104.jpg,data/processed/standardized_masks/g1020/image_104.png,data/external/kaggle/glaucoma_fundus_imaging_bundle/G1020/Images/image_104.jpg,data/processed/standardized_masks/g1020/image_104.png,image_104.jpg,image_104.png,multiclass_values_0_1_2,0,1,2,G1020_image_104,True,paired_standardized_and_visual_sample_reviewed,"G1020 image/mask pair matched by file ID; mask standardized to project {0,1,2} convention."
glaucoma_fundus_imaging_bundle,G1020,image_105,data/external/kaggle/glaucoma_fundus_imaging_bundle/G1020/Images/image_105.jpg,data/processed/standardized_masks/g1020/image_105.png,data/external/kaggle/glaucoma_fundus_imaging_bundle/G1020/Images/image_105.jpg,data/processed/standardized_masks/g1020/image_105.png,image_105.jpg,image_105.png,multiclass_values_0_1_2,0,1,2,G1020_image_105,True,paired_standardized_and_visual_sample_reviewed,"G1020 image/mask pair matched by file ID; mask standardized to project {0,1,2} convention."
glaucoma_fundus_imaging_bundle,G1020,image_106,data/external/kaggle/glaucoma_fundus_imaging_bundle/G1020/Images/image_106.jpg,data/processed/standardized_masks/g1020/image_106.png,data/external/kaggle/glaucoma_fundus_imaging_bundle/G1020/Images/image_106.jpg,data/processed/standardized_masks/g1020/image_106.png,image_106.jpg,image_106.png,multiclass_values_0_1_2,0,1,2,G1020_image_106,True,paired_standardized_and_visual_sample_reviewed,"G1020 image/mask pair matched by file ID; mask standardized to project {0,1,2} convention."
glaucoma_fundus_imaging_bundle,G1020,image_107,data/external/kaggle/glaucoma_fundus_imaging_bundle/G1020/Images/image_107.jpg,data/processed/standardized_masks/g1020/image_107.png,data/external/kaggle/glaucoma_fundus_imaging_bundle/G1020/Images/image_107.jpg,data/processed/standardized_masks/g1020/image_107.png,image_107.jpg,image_107.png,multiclass_values_0_1_2,0,1,2,G1020_image_107,True,paired_standardized_and_visual_sample_reviewed,"G1020 image/mask pair matched by file ID; mask standardized to project {0,1,2} convention."
glaucoma_fundus_imaging_bundle,G1020,image_1076,data/external/kaggle/glaucoma_fundus_imaging_bundle/G1020/Images/image_1076.jpg,data/processed/standardized_masks/g1020/image_1076.png,data/external/kaggle/glaucoma_fundus_imaging_bundle/G1020/Images/image_1076.jpg,data/processed/standardized_masks/g1020/image_1076.png,image_1076.jpg,image_1076.png,multiclass_values_0_1_2,0,1,2,G1020_image_1076,True,paired_standardized_and_visual_sample_reviewed,"G1020 image/mask pair matched by file ID; mask standardized to project {0,1,2} convention."
glaucoma_fundus_imaging_bundle,G1020,image_1077,data/external/kaggle/glaucoma_fundus_imaging_bundle/G1020/Images/image_1077.jpg,data/processed/standardized_masks/g1020/image_1077.png,data/external/kaggle/glaucoma_fundus_imaging_bundle/G1020/Images/image_1077.jpg,data/processed/standardized_masks/g1020/image_1077.png,image_1077.jpg,image_1077.png,multiclass_values_0_1_2,0,1,2,G1020_image_1077,True,paired_standardized_and_visual_sample_reviewed,"G1020 image/mask pair matched by file ID; mask standardized to project {0,1,2} convention."
glaucoma_fundus_imaging_bundle,G1020,image_1080,data/external/kaggle/glaucoma_fundus_imaging_bundle/G1020/Images/image_1080.jpg,data/processed/standardized_masks/g1020/image_1080.png,data/external/kaggle/glaucoma_fundus_imaging_bundle/G1020/Images/image_1080.jpg,data/processed/standardized_masks/g1020/image_1080.png,image_1080.jpg,image_1080.png,multiclass_values_0_1_2,0,1,2,G1020_image_1080,True,paired_standardized_and_visual_sample_reviewed,"G1020 image/mask pair matched by file ID; mask standardized to project {0,1,2} convention."
glaucoma_fundus_imaging_bundle,G1020,image_1081,data/external/kaggle/glaucoma_fundus_imaging_bundle/G1020/Images/image_1081.jpg,data/processed/standardized_masks/g1020/image_1081.png,data/external/kaggle/glaucoma_fundus_imaging_bundle/G1020/Images/image_1081.jpg,data/processed/standardized_masks/g1020/image_1081.png,image_1081.jpg,image_1081.png,multiclass_values_0_1_2,0,1,2,G1020_image_1081,True,paired_standardized_and_visual_sample_reviewed,"G1020 image/mask pair matched by file ID; mask standardized to project {0,1,2} convention."
glaucoma_fundus_imaging_bundle,G1020,image_1087,data/external/kaggle/glaucoma_fundus_imaging_bundle/G1020/Images/image_1087.jpg,data/processed/standardized_masks/g1020/image_1087.png,data/external/kaggle/glaucoma_fundus_imaging_bundle/G1020/Images/image_1087.jpg,data/processed/standardized_masks/g1020/image_1087.png,image_1087.jpg,image_1087.png,multiclass_values_0_1_2,0,1,2,G1020_image_1087,True,paired_standardized_and_visual_sample_reviewed,"G1020 image/mask pair matched by file ID; mask standardized to project {0,1,2} convention."
glaucoma_fundus_imaging_bundle,G1020,image_1088,data/external/kaggle/glaucoma_fundus_imaging_bundle/G1020/Images/image_1088.jpg,data/processed/standardized_masks/g1020/image_1088.png,data/external/kaggle/glaucoma_fundus_imaging_bundle/G1020/Images/image_1088.jpg,data/processed/standardized_masks/g1020/image_1088.png,image_1088.jpg,image_1088.png,multiclass_values_0_1_2,0,1,2,G1020_image_1088,True,paired_standardized_and_visual_sample_reviewed,"G1020 image/mask pair matched by file ID; mask standardized to project {0,1,2} convention."
glaucoma_fundus_imaging_bundle,G1020,image_1092,data/external/kaggle/glaucoma_fundus_imaging_bundle/G1020/Images/image_1092.jpg,data/processed/standardized_masks/g1020/image_1092.png,data/external/kaggle/glaucoma_fundus_imaging_bundle/G1020/Images/image_1092.jpg,data/processed/standardized_masks/g1020/image_1092.png,image_1092.jpg,image_1092.png,multiclass_values_0_1_2,0,1,2,G1020_image_1092,True,paired_standardized_and_visual_sample_reviewed,"G1020 image/mask pair matched by file ID; mask standardized to project {0,1,2} convention."
glaucoma_fundus_imaging_bundle,G1020,image_1093,data/external/kaggle/glaucoma_fundus_imaging_bundle/G1020/Images/image_1093.jpg,data/processed/standardized_masks/g1020/image_1093.png,data/external/kaggle/glaucoma_fundus_imaging_bundle/G1020/Images/image_1093.jpg,data/processed/standardized_masks/g1020/image_1093.png,image_1093.jpg,image_1093.png,multiclass_values_0_1_2,0,1,2,G1020_image_1093,True,paired_standardized_and_visual_sample_reviewed,"G1020 image/mask pair matched by file ID; mask standardized to project {0,1,2} convention."
glaucoma_fundus_imaging_bundle,G1020,image_1094,data/external/kaggle/glaucoma_fundus_imaging_bundle/G1020/Images/image_1094.jpg,data/processed/standardized_masks/g1020/image_1094.png,data/external/kaggle/glaucoma_fundus_imaging_bundle/G1020/Images/image_1094.jpg,data/processed/standardized_masks/g1020/image_1094.png,image_1094.jpg,image_1094.png,multiclass_values_0_1_2,0,1,2,G1020_image_1094,True,paired_standardized_and_visual_sample_reviewed,"G1020 image/mask pair matched by file ID; mask standardized to project {0,1,2} convention."
glaucoma_fundus_imaging_bundle,G1020,image_1095,data/external/kaggle/glaucoma_fundus_imaging_bundle/G1020/Images/image_1095.jpg,data/processed/standardized_masks/g1020/image_1095.png,data/external/kaggle/glaucoma_fundus_imaging_bundle/G1020/Images/image_1095.jpg,data/processed/standardized_masks/g1020/image_1095.png,image_1095.jpg,image_1095.png,multiclass_values_0_1_2,0,1,2,G1020_image_1095,True,paired_standardized_and_visual_sample_reviewed,"G1020 image/mask pair matched by file ID; mask standardized to project {0,1,2} convention."
glaucoma_fundus_imaging_bundle,G1020,image_1096,data/external/kaggle/glaucoma_fundus_imaging_bundle/G1020/Images/image_1096.jpg,data/processed/standardized_masks/g1020/image_1096.png,data/external/kaggle/glaucoma_fundus_imaging_bundle/G1020/Images/image_1096.jpg,data/processed/standardized_masks/g1020/image_1096.png,image_1096.jpg,image_1096.png,multiclass_values_0_1_2,0,1,2,G1020_image_1096,True,paired_standardized_and_visual_sample_reviewed,"G1020 image/mask pair matched by file ID; mask standardized to project {0,1,2} convention."
glaucoma_fundus_imaging_bundle,G1020,image_11,data/external/kaggle/glaucoma_fundus_imaging_bundle/G1020/Images/image_11.jpg,data/processed/standardized_masks/g1020/image_11.png,data/external/kaggle/glaucoma_fundus_imaging_bundle/G1020/Images/image_11.jpg,data/processed/standardized_masks/g1020/image_11.png,image_11.jpg,image_11.png,multiclass_values_0_1_2,0,1,2,G1020_image_11,True,paired_standardized_and_visual_sample_reviewed,"G1020 image/mask pair matched by file ID; mask standardized to project {0,1,2} convention."
glaucoma_fundus_imaging_bundle,G1020,image_110,data/external/kaggle/glaucoma_fundus_imaging_bundle/G1020/Images/image_110.jpg,data/processed/standardized_masks/g1020/image_110.png,data/external/kaggle/glaucoma_fundus_imaging_bundle/G1020/Images/image_110.jpg,data/processed/standardized_masks/g1020/image_110.png,image_110.jpg,image_110.png,multiclass_values_0_1_2,0,1,2,G1020_image_110,True,paired_standardized_and_visual_sample_reviewed,"G1020 image/mask pair matched by file ID; mask standardized to project {0,1,2} convention."
glaucoma_fundus_imaging_bundle,G1020,image_111,data/external/kaggle/glaucoma_fundus_imaging_bundle/G1020/Images/image_111.jpg,data/processed/standardized_masks/g1020/image_111.png,data/external/kaggle/glaucoma_fundus_imaging_bundle/G1020/Images/image_111.jpg,data/processed/standardized_masks/g1020/image_111.png,image_111.jpg,image_111.png,multiclass_values_0_1_2,0,1,2,G1020_image_111,True,paired_standardized_and_visual_sample_reviewed,"G1020 image/mask pair matched by file ID; mask standardized to project {0,1,2} convention."
glaucoma_fundus_imaging_bundle,G1020,image_1112,data/external/kaggle/glaucoma_fundus_imaging_bundle/G1020/Images/image_1112.jpg,data/processed/standardized_masks/g1020/image_1112.png,data/external/kaggle/glaucoma_fundus_imaging_bundle/G1020/Images/image_1112.jpg,data/processed/standardized_masks/g1020/image_1112.png,image_1112.jpg,image_1112.png,multiclass_values_0_1_2,0,1,2,G1020_image_1112,True,paired_standardized_and_visual_sample_reviewed,"G1020 image/mask pair matched by file ID; mask standardized to project {0,1,2} convention."
glaucoma_fundus_imaging_bundle,G1020,image_1113,data/external/kaggle/glaucoma_fundus_imaging_bundle/G1020/Images/image_1113.jpg,data/processed/standardized_masks/g1020/image_1113.png,data/external/kaggle/glaucoma_fundus_imaging_bundle/G1020/Images/image_1113.jpg,data/processed/standardized_masks/g1020/image_1113.png,image_1113.jpg,image_1113.png,multiclass_values_0_1_2,0,1,2,G1020_image_1113,True,paired_standardized_and_visual_sample_reviewed,"G1020 image/mask pair matched by file ID; mask standardized to project {0,1,2} convention."
glaucoma_fundus_imaging_bundle,G1020,image_112,data/external/kaggle/glaucoma_fundus_imaging_bundle/G1020/Images/image_112.jpg,data/processed/standardized_masks/g1020/image_112.png,data/external/kaggle/glaucoma_fundus_imaging_bundle/G1020/Images/image_112.jpg,data/processed/standardized_masks/g1020/image_112.png,image_112.jpg,image_112.png,multiclass_values_0_1_2,0,1,2,G1020_image_112,True,paired_standardized_and_visual_sample_reviewed,"G1020 image/mask pair matched by file ID; mask standardized to project {0,1,2} convention."
glaucoma_fundus_imaging_bundle,G1020,image_113,data/external/kaggle/glaucoma_fundus_imaging_bundle/G1020/Images/image_113.jpg,data/processed/standardized_masks/g1020/image_113.png,data/external/kaggle/glaucoma_fundus_imaging_bundle/G1020/Images/image_113.jpg,data/processed/standardized_masks/g1020/image_113.png,image_113.jpg,image_113.png,multiclass_values_0_1_2,0,1,2,G1020_image_113,True,paired_standardized_and_visual_sample_reviewed,"G1020 image/mask pair matched by file ID; mask standardized to project {0,1,2} convention."
glaucoma_fundus_imaging_bundle,G1020,image_1136,data/external/kaggle/glaucoma_fundus_imaging_bundle/G1020/Images/image_1136.jpg,data/processed/standardized_masks/g1020/image_1136.png,data/external/kaggle/glaucoma_fundus_imaging_bundle/G1020/Images/image_1136.jpg,data/processed/standardized_masks/g1020/image_1136.png,image_1136.jpg,image_1136.png,multiclass_values_0_1_2,0,1,2,G1020_image_1136,True,paired_standardized_and_visual_sample_reviewed,"G1020 image/mask pair matched by file ID; mask standardized to project {0,1,2} convention."
glaucoma_fundus_imaging_bundle,G1020,image_1137,data/external/kaggle/glaucoma_fundus_imaging_bundle/G1020/Images/image_1137.jpg,data/processed/standardized_masks/g1020/image_1137.png,data/external/kaggle/glaucoma_fundus_imaging_bundle/G1020/Images/image_1137.jpg,data/processed/standardized_masks/g1020/image_1137.png,image_1137.jpg,image_1137.png,multiclass_values_0_1_2,0,1,2,G1020_image_1137,True,paired_standardized_and_visual_sample_reviewed,"G1020 image/mask pair matched by file ID; mask standardized to project {0,1,2} convention."
glaucoma_fundus_imaging_bundle,G1020,image_1138,data/external/kaggle/glaucoma_fundus_imaging_bundle/G1020/Images/image_1138.jpg,data/processed/standardized_masks/g1020/image_1138.png,data/external/kaggle/glaucoma_fundus_imaging_bundle/G1020/Images/image_1138.jpg,data/processed/standardized_masks/g1020/image_1138.png,image_1138.jpg,image_1138.png,multiclass_values_0_1_2,0,1,2,G1020_image_1138,True,paired_standardized_and_visual_sample_reviewed,"G1020 image/mask pair matched by file ID; mask standardized to project {0,1,2} convention."
glaucoma_fundus_imaging_bundle,G1020,image_1139,data/external/kaggle/glaucoma_fundus_imaging_bundle/G1020/Images/image_1139.jpg,data/processed/standardized_masks/g1020/image_1139.png,data/external/kaggle/glaucoma_fundus_imaging_bundle/G1020/Images/image_1139.jpg,data/processed/standardized_masks/g1020/image_1139.png,image_1139.jpg,image_1139.png,multiclass_values_0_1_2,0,1,2,G1020_image_1139,True,paired_standardized_and_visual_sample_reviewed,"G1020 image/mask pair matched by file ID; mask standardized to project {0,1,2} convention."
glaucoma_fundus_imaging_bundle,G1020,image_114,data/external/kaggle/glaucoma_fundus_imaging_bundle/G1020/Images/image_114.jpg,data/processed/standardized_masks/g1020/image_114.png,data/external/kaggle/glaucoma_fundus_imaging_bundle/G1020/Images/image_114.jpg,data/processed/standardized_masks/g1020/image_114.png,image_114.jpg,image_114.png,multiclass_values_0_1_2,0,1,2,G1020_image_114,True,paired_standardized_and_visual_sample_reviewed,"G1020 image/mask pair matched by file ID; mask standardized to project {0,1,2} convention."
glaucoma_fundus_imaging_bundle,G1020,image_1140,data/external/kaggle/glaucoma_fundus_imaging_bundle/G1020/Images/image_1140.jpg,data/processed/standardized_masks/g1020/image_1140.png,data/external/kaggle/glaucoma_fundus_imaging_bundle/G1020/Images/image_1140.jpg,data/processed/standardized_masks/g1020/image_1140.png,image_1140.jpg,image_1140.png,multiclass_values_0_1_2,0,1,2,G1020_image_1140,True,paired_standardized_and_visual_sample_reviewed,"G1020 image/mask pair matched by file ID; mask standardized to project {0,1,2} convention."
glaucoma_fundus_imaging_bundle,G1020,image_1141,data/external/kaggle/glaucoma_fundus_imaging_bundle/G1020/Images/image_1141.jpg,data/processed/standardized_masks/g1020/image_1141.png,data/external/kaggle/glaucoma_fundus_imaging_bundle/G1020/Images/image_1141.jpg,data/processed/standardized_masks/g1020/image_1141.png,image_1141.jpg,image_1141.png,multiclass_values_0_1_2,0,1,2,G1020_image_1141,True,paired_standardized_and_visual_sample_reviewed,"G1020 image/mask pair matched by file ID; mask standardized to project {0,1,2} convention."
glaucoma_fundus_imaging_bundle,G1020,image_1142,data/external/kaggle/glaucoma_fundus_imaging_bundle/G1020/Images/image_1142.jpg,data/processed/standardized_masks/g1020/image_1142.png,data/external/kaggle/glaucoma_fundus_imaging_bundle/G1020/Images/image_1142.jpg,data/processed/standardized_masks/g1020/image_1142.png,image_1142.jpg,image_1142.png,multiclass_values_0_1_2,0,1,2,G1020_image_1142,True,paired_standardized_and_visual_sample_reviewed,"G1020 image/mask pair matched by file ID; mask standardized to project {0,1,2} convention."
glaucoma_fundus_imaging_bundle,G1020,image_1143,data/external/kaggle/glaucoma_fundus_imaging_bundle/G1020/Images/image_1143.jpg,data/processed/standardized_masks/g1020/image_1143.png,data/external/kaggle/glaucoma_fundus_imaging_bundle/G1020/Images/image_1143.jpg,data/processed/standardized_masks/g1020/image_1143.png,image_1143.jpg,image_1143.png,multiclass_values_0_1_2,0,1,2,G1020_image_1143,True,paired_standardized_and_visual_sample_reviewed,"G1020 image/mask pair matched by file ID; mask standardized to project {0,1,2} convention."
glaucoma_fundus_imaging_bundle,G1020,image_1144,data/external/kaggle/glaucoma_fundus_imaging_bundle/G1020/Images/image_1144.jpg,data/processed/standardized_masks/g1020/image_1144.png,data/external/kaggle/glaucoma_fundus_imaging_bundle/G1020/Images/image_1144.jpg,data/processed/standardized_masks/g1020/image_1144.png,image_1144.jpg,image_1144.png,multiclass_values_0_1_2,0,1,2,G1020_image_1144,True,paired_standardized_and_visual_sample_reviewed,"G1020 image/mask pair matched by file ID; mask standardized to project {0,1,2} convention."
glaucoma_fundus_imaging_bundle,G1020,image_115,data/external/kaggle/glaucoma_fundus_imaging_bundle/G1020/Images/image_115.jpg,data/processed/standardized_masks/g1020/image_115.png,data/external/kaggle/glaucoma_fundus_imaging_bundle/G1020/Images/image_115.jpg,data/processed/standardized_masks/g1020/image_115.png,image_115.jpg,image_115.png,multiclass_values_0_1_2,0,1,2,G1020_image_115,True,paired_standardized_and_visual_sample_reviewed,"G1020 image/mask pair matched by file ID; mask standardized to project {0,1,2} convention."
glaucoma_fundus_imaging_bundle,G1020,image_1160,data/external/kaggle/glaucoma_fundus_imaging_bundle/G1020/Images/image_1160.jpg,data/processed/standardized_masks/g1020/image_1160.png,data/external/kaggle/glaucoma_fundus_imaging_bundle/G1020/Images/image_1160.jpg,data/processed/standardized_masks/g1020/image_1160.png,image_1160.jpg,image_1160.png,multiclass_values_0_1_2,0,1,2,G1020_image_1160,True,paired_standardized_and_visual_sample_reviewed,"G1020 image/mask pair matched by file ID; mask standardized to project {0,1,2} convention."
glaucoma_fundus_imaging_bundle,G1020,image_1161,data/external/kaggle/glaucoma_fundus_imaging_bundle/G1020/Images/image_1161.jpg,data/processed/standardized_masks/g1020/image_1161.png,data/external/kaggle/glaucoma_fundus_imaging_bundle/G1020/Images/image_1161.jpg,data/processed/standardized_masks/g1020/image_1161.png,image_1161.jpg,image_1161.png,multiclass_values_0_1_2,0,1,2,G1020_image_1161,True,paired_standardized_and_visual_sample_reviewed,"G1020 image/mask pair matched by file ID; mask standardized to project {0,1,2} convention."
glaucoma_fundus_imaging_bundle,G1020,image_1164,data/external/kaggle/glaucoma_fundus_imaging_bundle/G1020/Images/image_1164.jpg,data/processed/standardized_masks/g1020/image_1164.png,data/external/kaggle/glaucoma_fundus_imaging_bundle/G1020/Images/image_1164.jpg,data/processed/standardized_masks/g1020/image_1164.png,image_1164.jpg,image_1164.png,multiclass_values_0_1_2,0,1,2,G1020_image_1164,True,paired_standardized_and_visual_sample_reviewed,"G1020 image/mask pair matched by file ID; mask standardized to project {0,1,2} convention."
glaucoma_fundus_imaging_bundle,G1020,image_1165,data/external/kaggle/glaucoma_fundus_imaging_bundle/G1020/Images/image_1165.jpg,data/processed/standardized_masks/g1020/image_1165.png,data/external/kaggle/glaucoma_fundus_imaging_bundle/G1020/Images/image_1165.jpg,data/processed/standardized_masks/g1020/image_1165.png,image_1165.jpg,image_1165.png,multiclass_values_0_1_2,0,1,2,G1020_image_1165,True,paired_standardized_and_visual_sample_reviewed,"G1020 image/mask pair matched by file ID; mask standardized to project {0,1,2} convention."
glaucoma_fundus_imaging_bundle,G1020,image_1187,data/external/kaggle/glaucoma_fundus_imaging_bundle/G1020/Images/image_1187.jpg,data/processed/standardized_masks/g1020/image_1187.png,data/external/kaggle/glaucoma_fundus_imaging_bundle/G1020/Images/image_1187.jpg,data/processed/standardized_masks/g1020/image_1187.png,image_1187.jpg,image_1187.png,multiclass_values_0_1_2,0,1,2,G1020_image_1187,True,paired_standardized_and_visual_sample_reviewed,"G1020 image/mask pair matched by file ID; mask standardized to project {0,1,2} convention."
glaucoma_fundus_imaging_bundle,G1020,image_1188,data/external/kaggle/glaucoma_fundus_imaging_bundle/G1020/Images/image_1188.jpg,data/processed/standardized_masks/g1020/image_1188.png,data/external/kaggle/glaucoma_fundus_imaging_bundle/G1020/Images/image_1188.jpg,data/processed/standardized_masks/g1020/image_1188.png,image_1188.jpg,image_1188.png,multiclass_values_0_1_2,0,1,2,G1020_image_1188,True,paired_standardized_and_visual_sample_reviewed,"G1020 image/mask pair matched by file ID; mask standardized to project {0,1,2} convention."
glaucoma_fundus_imaging_bundle,G1020,image_1189,data/external/kaggle/glaucoma_fundus_imaging_bundle/G1020/Images/image_1189.jpg,data/processed/standardized_masks/g1020/image_1189.png,data/external/kaggle/glaucoma_fundus_imaging_bundle/G1020/Images/image_1189.jpg,data/processed/standardized_masks/g1020/image_1189.png,image_1189.jpg,image_1189.png,multiclass_values_0_1_2,0,1,2,G1020_image_1189,True,paired_standardized_and_visual_sample_reviewed,"G1020 image/mask pair matched by file ID; mask standardized to project {0,1,2} convention."
glaucoma_fundus_imaging_bundle,G1020,image_1190,data/external/kaggle/glaucoma_fundus_imaging_bundle/G1020/Images/image_1190.jpg,data/processed/standardized_masks/g1020/image_1190.png,data/external/kaggle/glaucoma_fundus_imaging_bundle/G1020/Images/image_1190.jpg,data/processed/standardized_masks/g1020/image_1190.png,image_1190.jpg,image_1190.png,multiclass_values_0_1_2,0,1,2,G1020_image_1190,True,paired_standardized_and_visual_sample_reviewed,"G1020 image/mask pair matched by file ID; mask standardized to project {0,1,2} convention."
glaucoma_fundus_imaging_bundle,G1020,image_1197,data/external/kaggle/glaucoma_fundus_imaging_bundle/G1020/Images/image_1197.jpg,data/processed/standardized_masks/g1020/image_1197.png,data/external/kaggle/glaucoma_fundus_imaging_bundle/G1020/Images/image_1197.jpg,data/processed/standardized_masks/g1020/image_1197.png,image_1197.jpg,image_1197.png,multiclass_values_0_1_2,0,1,2,G1020_image_1197,True,paired_standardized_and_visual_sample_reviewed,"G1020 image/mask pair matched by file ID; mask standardized to project {0,1,2} convention."
glaucoma_fundus_imaging_bundle,G1020,image_1198,data/external/kaggle/glaucoma_fundus_imaging_bundle/G1020/Images/image_1198.jpg,data/processed/standardized_masks/g1020/image_1198.png,data/external/kaggle/glaucoma_fundus_imaging_bundle/G1020/Images/image_1198.jpg,data/processed/standardized_masks/g1020/image_1198.png,image_1198.jpg,image_1198.png,multiclass_values_0_1_2,0,1,2,G1020_image_1198,True,paired_standardized_and_visual_sample_reviewed,"G1020 image/mask pair matched by file ID; mask standardized to project {0,1,2} convention."
glaucoma_fundus_imaging_bundle,G1020,image_1199,data/external/kaggle/glaucoma_fundus_imaging_bundle/G1020/Images/image_1199.jpg,data/processed/standardized_masks/g1020/image_1199.png,data/external/kaggle/glaucoma_fundus_imaging_bundle/G1020/Images/image_1199.jpg,data/processed/standardized_masks/g1020/image_1199.png,image_1199.jpg,image_1199.png,multiclass_values_0_1_2,0,1,2,G1020_image_1199,True,paired_standardized_and_visual_sample_reviewed,"G1020 image/mask pair matched by file ID; mask standardized to project {0,1,2} convention."
glaucoma_fundus_imaging_bundle,G1020,image_12,data/external/kaggle/glaucoma_fundus_imaging_bundle/G1020/Images/image_12.jpg,data/processed/standardized_masks/g1020/image_12.png,data/external/kaggle/glaucoma_fundus_imaging_bundle/G1020/Images/image_12.jpg,data/processed/standardized_masks/g1020/image_12.png,image_12.jpg,image_12.png,multiclass_values_0_1_2,0,1,2,G1020_image_12,True,paired_standardized_and_visual_sample_reviewed,"G1020 image/mask pair matched by file ID; mask standardized to project {0,1,2} convention."
glaucoma_fundus_imaging_bundle,G1020,image_120,data/external/kaggle/glaucoma_fundus_imaging_bundle/G1020/Images/image_120.jpg,data/processed/standardized_masks/g1020/image_120.png,data/external/kaggle/glaucoma_fundus_imaging_bundle/G1020/Images/image_120.jpg,data/processed/standardized_masks/g1020/image_120.png,image_120.jpg,image_120.png,multiclass_values_0_1_2,0,1,2,G1020_image_120,True,paired_standardized_and_visual_sample_reviewed,"G1020 image/mask pair matched by file ID; mask standardized to project {0,1,2} convention."
glaucoma_fundus_imaging_bundle,G1020,image_1201,data/external/kaggle/glaucoma_fundus_imaging_bundle/G1020/Images/image_1201.jpg,data/processed/standardized_masks/g1020/image_1201.png,data/external/kaggle/glaucoma_fundus_imaging_bundle/G1020/Images/image_1201.jpg,data/processed/standardized_masks/g1020/image_1201.png,image_1201.jpg,image_1201.png,multiclass_values_0_1_2,0,1,2,G1020_image_1201,True,paired_standardized_and_visual_sample_reviewed,"G1020 image/mask pair matched by file ID; mask standardized to project {0,1,2} convention."
glaucoma_fundus_imaging_bundle,G1020,image_1202,data/external/kaggle/glaucoma_fundus_imaging_bundle/G1020/Images/image_1202.jpg,data/processed/standardized_masks/g1020/image_1202.png,data/external/kaggle/glaucoma_fundus_imaging_bundle/G1020/Images/image_1202.jpg,data/processed/standardized_masks/g1020/image_1202.png,image_1202.jpg,image_1202.png,multiclass_values_0_1_2,0,1,2,G1020_image_1202,True,paired_standardized_and_visual_sample_reviewed,"G1020 image/mask pair matched by file ID; mask standardized to project {0,1,2} convention."
glaucoma_fundus_imaging_bundle,G1020,image_1203,data/external/kaggle/glaucoma_fundus_imaging_bundle/G1020/Images/image_1203.jpg,data/processed/standardized_masks/g1020/image_1203.png,data/external/kaggle/glaucoma_fundus_imaging_bundle/G1020/Images/image_1203.jpg,data/processed/standardized_masks/g1020/image_1203.png,image_1203.jpg,image_1203.png,multiclass_values_0_1_2,0,1,2,G1020_image_1203,True,paired_standardized_and_visual_sample_reviewed,"G1020 image/mask pair matched by file ID; mask standardized to project {0,1,2} convention."
glaucoma_fundus_imaging_bundle,G1020,image_1204,data/external/kaggle/glaucoma_fundus_imaging_bundle/G1020/Images/image_1204.jpg,data/processed/standardized_masks/g1020/image_1204.png,data/external/kaggle/glaucoma_fundus_imaging_bundle/G1020/Images/image_1204.jpg,data/processed/standardized_masks/g1020/image_1204.png,image_1204.jpg,image_1204.png,multiclass_values_0_1_2,0,1,2,G1020_image_1204,True,paired_standardized_and_visual_sample_reviewed,"G1020 image/mask pair matched by file ID; mask standardized to project {0,1,2} convention."
glaucoma_fundus_imaging_bundle,G1020,image_121,data/external/kaggle/glaucoma_fundus_imaging_bundle/G1020/Images/image_121.jpg,data/processed/standardized_masks/g1020/image_121.png,data/external/kaggle/glaucoma_fundus_imaging_bundle/G1020/Images/image_121.jpg,data/processed/standardized_masks/g1020/image_121.png,image_121.jpg,image_121.png,multiclass_values_0_1_2,0,1,2,G1020_image_121,True,paired_standardized_and_visual_sample_reviewed,"G1020 image/mask pair matched by file ID; mask standardized to project {0,1,2} convention."
glaucoma_fundus_imaging_bundle,G1020,image_1213,data/external/kaggle/glaucoma_fundus_imaging_bundle/G1020/Images/image_1213.jpg,data/processed/standardized_masks/g1020/image_1213.png,data/external/kaggle/glaucoma_fundus_imaging_bundle/G1020/Images/image_1213.jpg,data/processed/standardized_masks/g1020/image_1213.png,image_1213.jpg,image_1213.png,multiclass_values_0_1_2,0,1,2,G1020_image_1213,True,paired_standardized_and_visual_sample_reviewed,"G1020 image/mask pair matched by file ID; mask standardized to project {0,1,2} convention."
glaucoma_fundus_imaging_bundle,G1020,image_1214,data/external/kaggle/glaucoma_fundus_imaging_bundle/G1020/Images/image_1214.jpg,data/processed/standardized_masks/g1020/image_1214.png,data/external/kaggle/glaucoma_fundus_imaging_bundle/G1020/Images/image_1214.jpg,data/processed/standardized_masks/g1020/image_1214.png,image_1214.jpg,image_1214.png,multiclass_values_0_1_2,0,1,2,G1020_image_1214,True,paired_standardized_and_visual_sample_reviewed,"G1020 image/mask pair matched by file ID; mask standardized to project {0,1,2} convention."
glaucoma_fundus_imaging_bundle,G1020,image_1215,data/external/kaggle/glaucoma_fundus_imaging_bundle/G1020/Images/image_1215.jpg,data/processed/standardized_masks/g1020/image_1215.png,data/external/kaggle/glaucoma_fundus_imaging_bundle/G1020/Images/image_1215.jpg,data/processed/standardized_masks/g1020/image_1215.png,image_1215.jpg,image_1215.png,multiclass_values_0_1_2,0,1,2,G1020_image_1215,True,paired_standardized_and_visual_sample_reviewed,"G1020 image/mask pair matched by file ID; mask standardized to project {0,1,2} convention."
glaucoma_fundus_imaging_bundle,G1020,image_1216,data/external/kaggle/glaucoma_fundus_imaging_bundle/G1020/Images/image_1216.jpg,data/processed/standardized_masks/g1020/image_1216.png,data/external/kaggle/glaucoma_fundus_imaging_bundle/G1020/Images/image_1216.jpg,data/processed/standardized_masks/g1020/image_1216.png,image_1216.jpg,image_1216.png,multiclass_values_0_1_2,0,1,2,G1020_image_1216,True,paired_standardized_and_visual_sample_reviewed,"G1020 image/mask pair matched by file ID; mask standardized to project {0,1,2} convention."
glaucoma_fundus_imaging_bundle,G1020,image_1217,data/external/kaggle/glaucoma_fundus_imaging_bundle/G1020/Images/image_1217.jpg,data/processed/standardized_masks/g1020/image_1217.png,data/external/kaggle/glaucoma_fundus_imaging_bundle/G1020/Images/image_1217.jpg,data/processed/standardized_masks/g1020/image_1217.png,image_1217.jpg,image_1217.png,multiclass_values_0_1_2,0,1,2,G1020_image_1217,True,paired_standardized_and_visual_sample_reviewed,"G1020 image/mask pair matched by file ID; mask standardized to project {0,1,2} convention."
glaucoma_fundus_imaging_bundle,G1020,image_1218,data/external/kaggle/glaucoma_fundus_imaging_bundle/G1020/Images/image_1218.jpg,data/processed/standardized_masks/g1020/image_1218.png,data/external/kaggle/glaucoma_fundus_imaging_bundle/G1020/Images/image_1218.jpg,data/processed/standardized_masks/g1020/image_1218.png,image_1218.jpg,image_1218.png,multiclass_values_0_1_2,0,1,2,G1020_image_1218,True,paired_standardized_and_visual_sample_reviewed,"G1020 image/mask pair matched by file ID; mask standardized to project {0,1,2} convention."
glaucoma_fundus_imaging_bundle,G1020,image_122,data/external/kaggle/glaucoma_fundus_imaging_bundle/G1020/Images/image_122.jpg,data/processed/standardized_masks/g1020/image_122.png,data/external/kaggle/glaucoma_fundus_imaging_bundle/G1020/Images/image_122.jpg,data/processed/standardized_masks/g1020/image_122.png,image_122.jpg,image_122.png,multiclass_values_0_1_2,0,1,2,G1020_image_122,True,paired_standardized_and_visual_sample_reviewed,"G1020 image/mask pair matched by file ID; mask standardized to project {0,1,2} convention."
glaucoma_fundus_imaging_bundle,G1020,image_1225,data/external/kaggle/glaucoma_fundus_imaging_bundle/G1020/Images/image_1225.jpg,data/processed/standardized_masks/g1020/image_1225.png,data/external/kaggle/glaucoma_fundus_imaging_bundle/G1020/Images/image_1225.jpg,data/processed/standardized_masks/g1020/image_1225.png,image_1225.jpg,image_1225.png,multiclass_values_0_1_2,0,1,2,G1020_image_1225,True,paired_standardized_and_visual_sample_reviewed,"G1020 image/mask pair matched by file ID; mask standardized to project {0,1,2} convention."
glaucoma_fundus_imaging_bundle,G1020,image_1226,data/external/kaggle/glaucoma_fundus_imaging_bundle/G1020/Images/image_1226.jpg,data/processed/standardized_masks/g1020/image_1226.png,data/external/kaggle/glaucoma_fundus_imaging_bundle/G1020/Images/image_1226.jpg,data/processed/standardized_masks/g1020/image_1226.png,image_1226.jpg,image_1226.png,multiclass_values_0_1_2,0,1,2,G1020_image_1226,True,paired_standardized_and_visual_sample_reviewed,"G1020 image/mask pair matched by file ID; mask standardized to project {0,1,2} convention."
glaucoma_fundus_imaging_bundle,G1020,image_1227,data/external/kaggle/glaucoma_fundus_imaging_bundle/G1020/Images/image_1227.jpg,data/processed/standardized_masks/g1020/image_1227.png,data/external/kaggle/glaucoma_fundus_imaging_bundle/G1020/Images/image_1227.jpg,data/processed/standardized_masks/g1020/image_1227.png,image_1227.jpg,image_1227.png,multiclass_values_0_1_2,0,1,2,G1020_image_1227,True,paired_standardized_and_visual_sample_reviewed,"G1020 image/mask pair matched by file ID; mask standardized to project {0,1,2} convention."
glaucoma_fundus_imaging_bundle,G1020,image_123,data/external/kaggle/glaucoma_fundus_imaging_bundle/G1020/Images/image_123.jpg,data/processed/standardized_masks/g1020/image_123.png,data/external/kaggle/glaucoma_fundus_imaging_bundle/G1020/Images/image_123.jpg,data/processed/standardized_masks/g1020/image_123.png,image_123.jpg,image_123.png,multiclass_values_0_1_2,0,1,2,G1020_image_123,True,paired_standardized_and_visual_sample_reviewed,"G1020 image/mask pair matched by file ID; mask standardized to project {0,1,2} convention."
glaucoma_fundus_imaging_bundle,G1020,image_1230,data/external/kaggle/glaucoma_fundus_imaging_bundle/G1020/Images/image_1230.jpg,data/processed/standardized_masks/g1020/image_1230.png,data/external/kaggle/glaucoma_fundus_imaging_bundle/G1020/Images/image_1230.jpg,data/processed/standardized_masks/g1020/image_1230.png,image_1230.jpg,image_1230.png,multiclass_values_0_1_2,0,1,2,G1020_image_1230,True,paired_standardized_and_visual_sample_reviewed,"G1020 image/mask pair matched by file ID; mask standardized to project {0,1,2} convention."
glaucoma_fundus_imaging_bundle,G1020,image_1231,data/external/kaggle/glaucoma_fundus_imaging_bundle/G1020/Images/image_1231.jpg,data/processed/standardized_masks/g1020/image_1231.png,data/external/kaggle/glaucoma_fundus_imaging_bundle/G1020/Images/image_1231.jpg,data/processed/standardized_masks/g1020/image_1231.png,image_1231.jpg,image_1231.png,multiclass_values_0_1_2,0,1,2,G1020_image_1231,True,paired_standardized_and_visual_sample_reviewed,"G1020 image/mask pair matched by file ID; mask standardized to project {0,1,2} convention."
glaucoma_fundus_imaging_bundle,G1020,image_1232,data/external/kaggle/glaucoma_fundus_imaging_bundle/G1020/Images/image_1232.jpg,data/processed/standardized_masks/g1020/image_1232.png,data/external/kaggle/glaucoma_fundus_imaging_bundle/G1020/Images/image_1232.jpg,data/processed/standardized_masks/g1020/image_1232.png,image_1232.jpg,image_1232.png,multiclass_values_0_1_2,0,1,2,G1020_image_1232,True,paired_standardized_and_visual_sample_reviewed,"G1020 image/mask pair matched by file ID; mask standardized to project {0,1,2} convention."
glaucoma_fundus_imaging_bundle,G1020,image_1233,data/external/kaggle/glaucoma_fundus_imaging_bundle/G1020/Images/image_1233.jpg,data/processed/standardized_masks/g1020/image_1233.png,data/external/kaggle/glaucoma_fundus_imaging_bundle/G1020/Images/image_1233.jpg,data/processed/standardized_masks/g1020/image_1233.png,image_1233.jpg,image_1233.png,multiclass_values_0_1_2,0,1,2,G1020_image_1233,True,paired_standardized_and_visual_sample_reviewed,"G1020 image/mask pair matched by file ID; mask standardized to project {0,1,2} convention."
glaucoma_fundus_imaging_bundle,G1020,image_1234,data/external/kaggle/glaucoma_fundus_imaging_bundle/G1020/Images/image_1234.jpg,data/processed/standardized_masks/g1020/image_1234.png,data/external/kaggle/glaucoma_fundus_imaging_bundle/G1020/Images/image_1234.jpg,data/processed/standardized_masks/g1020/image_1234.png,image_1234.jpg,image_1234.png,multiclass_values_0_1_2,0,1,2,G1020_image_1234,True,paired_standardized_and_visual_sample_reviewed,"G1020 image/mask pair matched by file ID; mask standardized to project {0,1,2} convention."
glaucoma_fundus_imaging_bundle,G1020,image_1238,data/external/kaggle/glaucoma_fundus_imaging_bundle/G1020/Images/image_1238.jpg,data/processed/standardized_masks/g1020/image_1238.png,data/external/kaggle/glaucoma_fundus_imaging_bundle/G1020/Images/image_1238.jpg,data/processed/standardized_masks/g1020/image_1238.png,image_1238.jpg,image_1238.png,multiclass_values_0_1_2,0,1,2,G1020_image_1238,True,paired_standardized_and_visual_sample_reviewed,"G1020 image/mask pair matched by file ID; mask standardized to project {0,1,2} convention."
glaucoma_fundus_imaging_bundle,G1020,image_124,data/external/kaggle/glaucoma_fundus_imaging_bundle/G1020/Images/image_124.jpg,data/processed/standardized_masks/g1020/image_124.png,data/external/kaggle/glaucoma_fundus_imaging_bundle/G1020/Images/image_124.jpg,data/processed/standardized_masks/g1020/image_124.png,image_124.jpg,image_124.png,multiclass_values_0_1_2,0,1,2,G1020_image_124,True,paired_standardized_and_visual_sample_reviewed,"G1020 image/mask pair matched by file ID; mask standardized to project {0,1,2} convention."
glaucoma_fundus_imaging_bundle,G1020,image_1240,data/external/kaggle/glaucoma_fundus_imaging_bundle/G1020/Images/image_1240.jpg,data/processed/standardized_masks/g1020/image_1240.png,data/external/kaggle/glaucoma_fundus_imaging_bundle/G1020/Images/image_1240.jpg,data/processed/standardized_masks/g1020/image_1240.png,image_1240.jpg,image_1240.png,multiclass_values_0_1_2,0,1,2,G1020_image_1240,True,paired_standardized_and_visual_sample_reviewed,"G1020 image/mask pair matched by file ID; mask standardized to project {0,1,2} convention."
glaucoma_fundus_imaging_bundle,G1020,image_1241,data/external/kaggle/glaucoma_fundus_imaging_bundle/G1020/Images/image_1241.jpg,data/processed/standardized_masks/g1020/image_1241.png,data/external/kaggle/glaucoma_fundus_imaging_bundle/G1020/Images/image_1241.jpg,data/processed/standardized_masks/g1020/image_1241.png,image_1241.jpg,image_1241.png,multiclass_values_0_1_2,0,1,2,G1020_image_1241,True,paired_standardized_and_visual_sample_reviewed,"G1020 image/mask pair matched by file ID; mask standardized to project {0,1,2} convention."
glaucoma_fundus_imaging_bundle,G1020,image_1242,data/external/kaggle/glaucoma_fundus_imaging_bundle/G1020/Images/image_1242.jpg,data/processed/standardized_masks/g1020/image_1242.png,data/external/kaggle/glaucoma_fundus_imaging_bundle/G1020/Images/image_1242.jpg,data/processed/standardized_masks/g1020/image_1242.png,image_1242.jpg,image_1242.png,multiclass_values_0_1_2,0,1,2,G1020_image_1242,True,paired_standardized_and_visual_sample_reviewed,"G1020 image/mask pair matched by file ID; mask standardized to project {0,1,2} convention."
glaucoma_fundus_imaging_bundle,G1020,image_1243,data/external/kaggle/glaucoma_fundus_imaging_bundle/G1020/Images/image_1243.jpg,data/processed/standardized_masks/g1020/image_1243.png,data/external/kaggle/glaucoma_fundus_imaging_bundle/G1020/Images/image_1243.jpg,data/processed/standardized_masks/g1020/image_1243.png,image_1243.jpg,image_1243.png,multiclass_values_0_1_2,0,1,2,G1020_image_1243,True,paired_standardized_and_visual_sample_reviewed,"G1020 image/mask pair matched by file ID; mask standardized to project {0,1,2} convention."
glaucoma_fundus_imaging_bundle,G1020,image_1246,data/external/kaggle/glaucoma_fundus_imaging_bundle/G1020/Images/image_1246.jpg,data/processed/standardized_masks/g1020/image_1246.png,data/external/kaggle/glaucoma_fundus_imaging_bundle/G1020/Images/image_1246.jpg,data/processed/standardized_masks/g1020/image_1246.png,image_1246.jpg,image_1246.png,multiclass_values_0_1_2,0,1,2,G1020_image_1246,True,paired_standardized_and_visual_sample_reviewed,"G1020 image/mask pair matched by file ID; mask standardized to project {0,1,2} convention."
glaucoma_fundus_imaging_bundle,G1020,image_1247,data/external/kaggle/glaucoma_fundus_imaging_bundle/G1020/Images/image_1247.jpg,data/processed/standardized_masks/g1020/image_1247.png,data/external/kaggle/glaucoma_fundus_imaging_bundle/G1020/Images/image_1247.jpg,data/processed/standardized_masks/g1020/image_1247.png,image_1247.jpg,image_1247.png,multiclass_values_0_1_2,0,1,2,G1020_image_1247,True,paired_standardized_and_visual_sample_reviewed,"G1020 image/mask pair matched by file ID; mask standardized to project {0,1,2} convention."
glaucoma_fundus_imaging_bundle,G1020,image_1248,data/external/kaggle/glaucoma_fundus_imaging_bundle/G1020/Images/image_1248.jpg,data/processed/standardized_masks/g1020/image_1248.png,data/external/kaggle/glaucoma_fundus_imaging_bundle/G1020/Images/image_1248.jpg,data/processed/standardized_masks/g1020/image_1248.png,image_1248.jpg,image_1248.png,multiclass_values_0_1_2,0,1,2,G1020_image_1248,True,paired_standardized_and_visual_sample_reviewed,"G1020 image/mask pair matched by file ID; mask standardized to project {0,1,2} convention."
glaucoma_fundus_imaging_bundle,G1020,image_125,data/external/kaggle/glaucoma_fundus_imaging_bundle/G1020/Images/image_125.jpg,data/processed/standardized_masks/g1020/image_125.png,data/external/kaggle/glaucoma_fundus_imaging_bundle/G1020/Images/image_125.jpg,data/processed/standardized_masks/g1020/image_125.png,image_125.jpg,image_125.png,multiclass_values_0_1_2,0,1,2,G1020_image_125,True,paired_standardized_and_visual_sample_reviewed,"G1020 image/mask pair matched by file ID; mask standardized to project {0,1,2} convention."
glaucoma_fundus_imaging_bundle,G1020,image_1250,data/external/kaggle/glaucoma_fundus_imaging_bundle/G1020/Images/image_1250.jpg,data/processed/standardized_masks/g1020/image_1250.png,data/external/kaggle/glaucoma_fundus_imaging_bundle/G1020/Images/image_1250.jpg,data/processed/standardized_masks/g1020/image_1250.png,image_1250.jpg,image_1250.png,multiclass_values_0_1_2,0,1,2,G1020_image_1250,True,paired_standardized_and_visual_sample_reviewed,"G1020 image/mask pair matched by file ID; mask standardized to project {0,1,2} convention."
glaucoma_fundus_imaging_bundle,G1020,image_1254,data/external/kaggle/glaucoma_fundus_imaging_bundle/G1020/Images/image_1254.jpg,data/processed/standardized_masks/g1020/image_1254.png,data/external/kaggle/glaucoma_fundus_imaging_bundle/G1020/Images/image_1254.jpg,data/processed/standardized_masks/g1020/image_1254.png,image_1254.jpg,image_1254.png,multiclass_values_0_1_2,0,1,2,G1020_image_1254,True,paired_standardized_and_visual_sample_reviewed,"G1020 image/mask pair matched by file ID; mask standardized to project {0,1,2} convention."
glaucoma_fundus_imaging_bundle,G1020,image_1255,data/external/kaggle/glaucoma_fundus_imaging_bundle/G1020/Images/image_1255.jpg,data/processed/standardized_masks/g1020/image_1255.png,data/external/kaggle/glaucoma_fundus_imaging_bundle/G1020/Images/image_1255.jpg,data/processed/standardized_masks/g1020/image_1255.png,image_1255.jpg,image_1255.png,multiclass_values_0_1_2,0,1,2,G1020_image_1255,True,paired_standardized_and_visual_sample_reviewed,"G1020 image/mask pair matched by file ID; mask standardized to project {0,1,2} convention."
glaucoma_fundus_imaging_bundle,G1020,image_126,data/external/kaggle/glaucoma_fundus_imaging_bundle/G1020/Images/image_126.jpg,data/processed/standardized_masks/g1020/image_126.png,data/external/kaggle/glaucoma_fundus_imaging_bundle/G1020/Images/image_126.jpg,data/processed/standardized_masks/g1020/image_126.png,image_126.jpg,image_126.png,multiclass_values_0_1_2,0,1,2,G1020_image_126,True,paired_standardized_and_visual_sample_reviewed,"G1020 image/mask pair matched by file ID; mask standardized to project {0,1,2} convention."
glaucoma_fundus_imaging_bundle,G1020,image_1260,data/external/kaggle/glaucoma_fundus_imaging_bundle/G1020/Images/image_1260.jpg,data/processed/standardized_masks/g1020/image_1260.png,data/external/kaggle/glaucoma_fundus_imaging_bundle/G1020/Images/image_1260.jpg,data/processed/standardized_masks/g1020/image_1260.png,image_1260.jpg,image_1260.png,multiclass_values_0_1_2,0,1,2,G1020_image_1260,True,paired_standardized_and_visual_sample_reviewed,"G1020 image/mask pair matched by file ID; mask standardized to project {0,1,2} convention."
glaucoma_fundus_imaging_bundle,G1020,image_1261,data/external/kaggle/glaucoma_fundus_imaging_bundle/G1020/Images/image_1261.jpg,data/processed/standardized_masks/g1020/image_1261.png,data/external/kaggle/glaucoma_fundus_imaging_bundle/G1020/Images/image_1261.jpg,data/processed/standardized_masks/g1020/image_1261.png,image_1261.jpg,image_1261.png,multiclass_values_0_1_2,0,1,2,G1020_image_1261,True,paired_standardized_and_visual_sample_reviewed,"G1020 image/mask pair matched by file ID; mask standardized to project {0,1,2} convention."
glaucoma_fundus_imaging_bundle,G1020,image_1270,data/external/kaggle/glaucoma_fundus_imaging_bundle/G1020/Images/image_1270.jpg,data/processed/standardized_masks/g1020/image_1270.png,data/external/kaggle/glaucoma_fundus_imaging_bundle/G1020/Images/image_1270.jpg,data/processed/standardized_masks/g1020/image_1270.png,image_1270.jpg,image_1270.png,multiclass_values_0_1_2,0,1,2,G1020_image_1270,True,paired_standardized_and_visual_sample_reviewed,"G1020 image/mask pair matched by file ID; mask standardized to project {0,1,2} convention."
glaucoma_fundus_imaging_bundle,G1020,image_1271,data/external/kaggle/glaucoma_fundus_imaging_bundle/G1020/Images/image_1271.jpg,data/processed/standardized_masks/g1020/image_1271.png,data/external/kaggle/glaucoma_fundus_imaging_bundle/G1020/Images/image_1271.jpg,data/processed/standardized_masks/g1020/image_1271.png,image_1271.jpg,image_1271.png,multiclass_values_0_1_2,0,1,2,G1020_image_1271,True,paired_standardized_and_visual_sample_reviewed,"G1020 image/mask pair matched by file ID; mask standardized to project {0,1,2} convention."
glaucoma_fundus_imaging_bundle,G1020,image_1285,data/external/kaggle/glaucoma_fundus_imaging_bundle/G1020/Images/image_1285.jpg,data/processed/standardized_masks/g1020/image_1285.png,data/external/kaggle/glaucoma_fundus_imaging_bundle/G1020/Images/image_1285.jpg,data/processed/standardized_masks/g1020/image_1285.png,image_1285.jpg,image_1285.png,multiclass_values_0_1_2,0,1,2,G1020_image_1285,True,paired_standardized_and_visual_sample_reviewed,"G1020 image/mask pair matched by file ID; mask standardized to project {0,1,2} convention."
glaucoma_fundus_imaging_bundle,G1020,image_13,data/external/kaggle/glaucoma_fundus_imaging_bundle/G1020/Images/image_13.jpg,data/processed/standardized_masks/g1020/image_13.png,data/external/kaggle/glaucoma_fundus_imaging_bundle/G1020/Images/image_13.jpg,data/processed/standardized_masks/g1020/image_13.png,image_13.jpg,image_13.png,multiclass_values_0_1_2,0,1,2,G1020_image_13,True,paired_standardized_and_visual_sample_reviewed,"G1020 image/mask pair matched by file ID; mask standardized to project {0,1,2} convention."
glaucoma_fundus_imaging_bundle,G1020,image_1303,data/external/kaggle/glaucoma_fundus_imaging_bundle/G1020/Images/image_1303.jpg,data/processed/standardized_masks/g1020/image_1303.png,data/external/kaggle/glaucoma_fundus_imaging_bundle/G1020/Images/image_1303.jpg,data/processed/standardized_masks/g1020/image_1303.png,image_1303.jpg,image_1303.png,multiclass_values_0_1_2,0,1,2,G1020_image_1303,True,paired_standardized_and_visual_sample_reviewed,"G1020 image/mask pair matched by file ID; mask standardized to project {0,1,2} convention."
glaucoma_fundus_imaging_bundle,G1020,image_1304,data/external/kaggle/glaucoma_fundus_imaging_bundle/G1020/Images/image_1304.jpg,data/processed/standardized_masks/g1020/image_1304.png,data/external/kaggle/glaucoma_fundus_imaging_bundle/G1020/Images/image_1304.jpg,data/processed/standardized_masks/g1020/image_1304.png,image_1304.jpg,image_1304.png,multiclass_values_0_1_2,0,1,2,G1020_image_1304,True,paired_standardized_and_visual_sample_reviewed,"G1020 image/mask pair matched by file ID; mask standardized to project {0,1,2} convention."
glaucoma_fundus_imaging_bundle,G1020,image_1317,data/external/kaggle/glaucoma_fundus_imaging_bundle/G1020/Images/image_1317.jpg,data/processed/standardized_masks/g1020/image_1317.png,data/external/kaggle/glaucoma_fundus_imaging_bundle/G1020/Images/image_1317.jpg,data/processed/standardized_masks/g1020/image_1317.png,image_1317.jpg,image_1317.png,multiclass_values_0_1_2,0,1,2,G1020_image_1317,True,paired_standardized_and_visual_sample_reviewed,"G1020 image/mask pair matched by file ID; mask standardized to project {0,1,2} convention."
glaucoma_fundus_imaging_bundle,G1020,image_1318,data/external/kaggle/glaucoma_fundus_imaging_bundle/G1020/Images/image_1318.jpg,data/processed/standardized_masks/g1020/image_1318.png,data/external/kaggle/glaucoma_fundus_imaging_bundle/G1020/Images/image_1318.jpg,data/processed/standardized_masks/g1020/image_1318.png,image_1318.jpg,image_1318.png,multiclass_values_0_1_2,0,1,2,G1020_image_1318,True,paired_standardized_and_visual_sample_reviewed,"G1020 image/mask pair matched by file ID; mask standardized to project {0,1,2} convention."
glaucoma_fundus_imaging_bundle,G1020,image_1319,data/external/kaggle/glaucoma_fundus_imaging_bundle/G1020/Images/image_1319.jpg,data/processed/standardized_masks/g1020/image_1319.png,data/external/kaggle/glaucoma_fundus_imaging_bundle/G1020/Images/image_1319.jpg,data/processed/standardized_masks/g1020/image_1319.png,image_1319.jpg,image_1319.png,multiclass_values_0_1_2,0,1,2,G1020_image_1319,True,paired_standardized_and_visual_sample_reviewed,"G1020 image/mask pair matched by file ID; mask standardized to project {0,1,2} convention."
glaucoma_fundus_imaging_bundle,G1020,image_1321,data/external/kaggle/glaucoma_fundus_imaging_bundle/G1020/Images/image_1321.jpg,data/processed/standardized_masks/g1020/image_1321.png,data/external/kaggle/glaucoma_fundus_imaging_bundle/G1020/Images/image_1321.jpg,data/processed/standardized_masks/g1020/image_1321.png,image_1321.jpg,image_1321.png,multiclass_values_0_1_2,0,1,2,G1020_image_1321,True,paired_standardized_and_visual_sample_reviewed,"G1020 image/mask pair matched by file ID; mask standardized to project {0,1,2} convention."
glaucoma_fundus_imaging_bundle,G1020,image_1322,data/external/kaggle/glaucoma_fundus_imaging_bundle/G1020/Images/image_1322.jpg,data/processed/standardized_masks/g1020/image_1322.png,data/external/kaggle/glaucoma_fundus_imaging_bundle/G1020/Images/image_1322.jpg,data/processed/standardized_masks/g1020/image_1322.png,image_1322.jpg,image_1322.png,multiclass_values_0_1_2,0,1,2,G1020_image_1322,True,paired_standardized_and_visual_sample_reviewed,"G1020 image/mask pair matched by file ID; mask standardized to project {0,1,2} convention."
glaucoma_fundus_imaging_bundle,G1020,image_1325,data/external/kaggle/glaucoma_fundus_imaging_bundle/G1020/Images/image_1325.jpg,data/processed/standardized_masks/g1020/image_1325.png,data/external/kaggle/glaucoma_fundus_imaging_bundle/G1020/Images/image_1325.jpg,data/processed/standardized_masks/g1020/image_1325.png,image_1325.jpg,image_1325.png,multiclass_values_0_1_2,0,1,2,G1020_image_1325,True,paired_standardized_and_visual_sample_reviewed,"G1020 image/mask pair matched by file ID; mask standardized to project {0,1,2} convention."
glaucoma_fundus_imaging_bundle,G1020,image_1326,data/external/kaggle/glaucoma_fundus_imaging_bundle/G1020/Images/image_1326.jpg,data/processed/standardized_masks/g1020/image_1326.png,data/external/kaggle/glaucoma_fundus_imaging_bundle/G1020/Images/image_1326.jpg,data/processed/standardized_masks/g1020/image_1326.png,image_1326.jpg,image_1326.png,multiclass_values_0_1_2,0,1,2,G1020_image_1326,True,paired_standardized_and_visual_sample_reviewed,"G1020 image/mask pair matched by file ID; mask standardized to project {0,1,2} convention."
glaucoma_fundus_imaging_bundle,G1020,image_1327,data/external/kaggle/glaucoma_fundus_imaging_bundle/G1020/Images/image_1327.jpg,data/processed/standardized_masks/g1020/image_1327.png,data/external/kaggle/glaucoma_fundus_imaging_bundle/G1020/Images/image_1327.jpg,data/processed/standardized_masks/g1020/image_1327.png,image_1327.jpg,image_1327.png,multiclass_values_0_1_2,0,1,2,G1020_image_1327,True,paired_standardized_and_visual_sample_reviewed,"G1020 image/mask pair matched by file ID; mask standardized to project {0,1,2} convention."
glaucoma_fundus_imaging_bundle,G1020,image_1328,data/external/kaggle/glaucoma_fundus_imaging_bundle/G1020/Images/image_1328.jpg,data/processed/standardized_masks/g1020/image_1328.png,data/external/kaggle/glaucoma_fundus_imaging_bundle/G1020/Images/image_1328.jpg,data/processed/standardized_masks/g1020/image_1328.png,image_1328.jpg,image_1328.png,multiclass_values_0_1_2,0,1,2,G1020_image_1328,True,paired_standardized_and_visual_sample_reviewed,"G1020 image/mask pair matched by file ID; mask standardized to project {0,1,2} convention."
glaucoma_fundus_imaging_bundle,G1020,image_1329,data/external/kaggle/glaucoma_fundus_imaging_bundle/G1020/Images/image_1329.jpg,data/processed/standardized_masks/g1020/image_1329.png,data/external/kaggle/glaucoma_fundus_imaging_bundle/G1020/Images/image_1329.jpg,data/processed/standardized_masks/g1020/image_1329.png,image_1329.jpg,image_1329.png,multiclass_values_0_1_2,0,1,2,G1020_image_1329,True,paired_standardized_and_visual_sample_reviewed,"G1020 image/mask pair matched by file ID; mask standardized to project {0,1,2} convention."
glaucoma_fundus_imaging_bundle,G1020,image_1330,data/external/kaggle/glaucoma_fundus_imaging_bundle/G1020/Images/image_1330.jpg,data/processed/standardized_masks/g1020/image_1330.png,data/external/kaggle/glaucoma_fundus_imaging_bundle/G1020/Images/image_1330.jpg,data/processed/standardized_masks/g1020/image_1330.png,image_1330.jpg,image_1330.png,multiclass_values_0_1_2,0,1,2,G1020_image_1330,True,paired_standardized_and_visual_sample_reviewed,"G1020 image/mask pair matched by file ID; mask standardized to project {0,1,2} convention."
glaucoma_fundus_imaging_bundle,G1020,image_1331,data/external/kaggle/glaucoma_fundus_imaging_bundle/G1020/Images/image_1331.jpg,data/processed/standardized_masks/g1020/image_1331.png,data/external/kaggle/glaucoma_fundus_imaging_bundle/G1020/Images/image_1331.jpg,data/processed/standardized_masks/g1020/image_1331.png,image_1331.jpg,image_1331.png,multiclass_values_0_1_2,0,1,2,G1020_image_1331,True,paired_standardized_and_visual_sample_reviewed,"G1020 image/mask pair matched by file ID; mask standardized to project {0,1,2} convention."
glaucoma_fundus_imaging_bundle,G1020,image_1332,data/external/kaggle/glaucoma_fundus_imaging_bundle/G1020/Images/image_1332.jpg,data/processed/standardized_masks/g1020/image_1332.png,data/external/kaggle/glaucoma_fundus_imaging_bundle/G1020/Images/image_1332.jpg,data/processed/standardized_masks/g1020/image_1332.png,image_1332.jpg,image_1332.png,multiclass_values_0_1_2,0,1,2,G1020_image_1332,True,paired_standardized_and_visual_sample_reviewed,"G1020 image/mask pair matched by file ID; mask standardized to project {0,1,2} convention."
glaucoma_fundus_imaging_bundle,G1020,image_1333,data/external/kaggle/glaucoma_fundus_imaging_bundle/G1020/Images/image_1333.jpg,data/processed/standardized_masks/g1020/image_1333.png,data/external/kaggle/glaucoma_fundus_imaging_bundle/G1020/Images/image_1333.jpg,data/processed/standardized_masks/g1020/image_1333.png,image_1333.jpg,image_1333.png,multiclass_values_0_1_2,0,1,2,G1020_image_1333,True,paired_standardized_and_visual_sample_reviewed,"G1020 image/mask pair matched by file ID; mask standardized to project {0,1,2} convention."
glaucoma_fundus_imaging_bundle,G1020,image_1334,data/external/kaggle/glaucoma_fundus_imaging_bundle/G1020/Images/image_1334.jpg,data/processed/standardized_masks/g1020/image_1334.png,data/external/kaggle/glaucoma_fundus_imaging_bundle/G1020/Images/image_1334.jpg,data/processed/standardized_masks/g1020/image_1334.png,image_1334.jpg,image_1334.png,multiclass_values_0_1_2,0,1,2,G1020_image_1334,True,paired_standardized_and_visual_sample_reviewed,"G1020 image/mask pair matched by file ID; mask standardized to project {0,1,2} convention."
glaucoma_fundus_imaging_bundle,G1020,image_1335,data/external/kaggle/glaucoma_fundus_imaging_bundle/G1020/Images/image_1335.jpg,data/processed/standardized_masks/g1020/image_1335.png,data/external/kaggle/glaucoma_fundus_imaging_bundle/G1020/Images/image_1335.jpg,data/processed/standardized_masks/g1020/image_1335.png,image_1335.jpg,image_1335.png,multiclass_values_0_1_2,0,1,2,G1020_image_1335,True,paired_standardized_and_visual_sample_reviewed,"G1020 image/mask pair matched by file ID; mask standardized to project {0,1,2} convention."
glaucoma_fundus_imaging_bundle,G1020,image_1336,data/external/kaggle/glaucoma_fundus_imaging_bundle/G1020/Images/image_1336.jpg,data/processed/standardized_masks/g1020/image_1336.png,data/external/kaggle/glaucoma_fundus_imaging_bundle/G1020/Images/image_1336.jpg,data/processed/standardized_masks/g1020/image_1336.png,image_1336.jpg,image_1336.png,multiclass_values_0_1_2,0,1,2,G1020_image_1336,True,paired_standardized_and_visual_sample_reviewed,"G1020 image/mask pair matched by file ID; mask standardized to project {0,1,2} convention."
glaucoma_fundus_imaging_bundle,G1020,image_1337,data/external/kaggle/glaucoma_fundus_imaging_bundle/G1020/Images/image_1337.jpg,data/processed/standardized_masks/g1020/image_1337.png,data/external/kaggle/glaucoma_fundus_imaging_bundle/G1020/Images/image_1337.jpg,data/processed/standardized_masks/g1020/image_1337.png,image_1337.jpg,image_1337.png,multiclass_values_0_1_2,0,1,2,G1020_image_1337,True,paired_standardized_and_visual_sample_reviewed,"G1020 image/mask pair matched by file ID; mask standardized to project {0,1,2} convention."
glaucoma_fundus_imaging_bundle,G1020,image_1338,data/external/kaggle/glaucoma_fundus_imaging_bundle/G1020/Images/image_1338.jpg,data/processed/standardized_masks/g1020/image_1338.png,data/external/kaggle/glaucoma_fundus_imaging_bundle/G1020/Images/image_1338.jpg,data/processed/standardized_masks/g1020/image_1338.png,image_1338.jpg,image_1338.png,multiclass_values_0_1_2,0,1,2,G1020_image_1338,True,paired_standardized_and_visual_sample_reviewed,"G1020 image/mask pair matched by file ID; mask standardized to project {0,1,2} convention."
glaucoma_fundus_imaging_bundle,G1020,image_1339,data/external/kaggle/glaucoma_fundus_imaging_bundle/G1020/Images/image_1339.jpg,data/processed/standardized_masks/g1020/image_1339.png,data/external/kaggle/glaucoma_fundus_imaging_bundle/G1020/Images/image_1339.jpg,data/processed/standardized_masks/g1020/image_1339.png,image_1339.jpg,image_1339.png,multiclass_values_0_1_2,0,1,2,G1020_image_1339,True,paired_standardized_and_visual_sample_reviewed,"G1020 image/mask pair matched by file ID; mask standardized to project {0,1,2} convention."
glaucoma_fundus_imaging_bundle,G1020,image_1344,data/external/kaggle/glaucoma_fundus_imaging_bundle/G1020/Images/image_1344.jpg,data/processed/standardized_masks/g1020/image_1344.png,data/external/kaggle/glaucoma_fundus_imaging_bundle/G1020/Images/image_1344.jpg,data/processed/standardized_masks/g1020/image_1344.png,image_1344.jpg,image_1344.png,multiclass_values_0_1_2,0,1,2,G1020_image_1344,True,paired_standardized_and_visual_sample_reviewed,"G1020 image/mask pair matched by file ID; mask standardized to project {0,1,2} convention."
glaucoma_fundus_imaging_bundle,G1020,image_1348,data/external/kaggle/glaucoma_fundus_imaging_bundle/G1020/Images/image_1348.jpg,data/processed/standardized_masks/g1020/image_1348.png,data/external/kaggle/glaucoma_fundus_imaging_bundle/G1020/Images/image_1348.jpg,data/processed/standardized_masks/g1020/image_1348.png,image_1348.jpg,image_1348.png,multiclass_values_0_1_2,0,1,2,G1020_image_1348,True,paired_standardized_and_visual_sample_reviewed,"G1020 image/mask pair matched by file ID; mask standardized to project {0,1,2} convention."
glaucoma_fundus_imaging_bundle,G1020,image_1349,data/external/kaggle/glaucoma_fundus_imaging_bundle/G1020/Images/image_1349.jpg,data/processed/standardized_masks/g1020/image_1349.png,data/external/kaggle/glaucoma_fundus_imaging_bundle/G1020/Images/image_1349.jpg,data/processed/standardized_masks/g1020/image_1349.png,image_1349.jpg,image_1349.png,multiclass_values_0_1_2,0,1,2,G1020_image_1349,True,paired_standardized_and_visual_sample_reviewed,"G1020 image/mask pair matched by file ID; mask standardized to project {0,1,2} convention."
glaucoma_fundus_imaging_bundle,G1020,image_1350,data/external/kaggle/glaucoma_fundus_imaging_bundle/G1020/Images/image_1350.jpg,data/processed/standardized_masks/g1020/image_1350.png,data/external/kaggle/glaucoma_fundus_imaging_bundle/G1020/Images/image_1350.jpg,data/processed/standardized_masks/g1020/image_1350.png,image_1350.jpg,image_1350.png,multiclass_values_0_1_2,0,1,2,G1020_image_1350,True,paired_standardized_and_visual_sample_reviewed,"G1020 image/mask pair matched by file ID; mask standardized to project {0,1,2} convention."
glaucoma_fundus_imaging_bundle,G1020,image_1351,data/external/kaggle/glaucoma_fundus_imaging_bundle/G1020/Images/image_1351.jpg,data/processed/standardized_masks/g1020/image_1351.png,data/external/kaggle/glaucoma_fundus_imaging_bundle/G1020/Images/image_1351.jpg,data/processed/standardized_masks/g1020/image_1351.png,image_1351.jpg,image_1351.png,multiclass_values_0_1_2,0,1,2,G1020_image_1351,True,paired_standardized_and_visual_sample_reviewed,"G1020 image/mask pair matched by file ID; mask standardized to project {0,1,2} convention."
glaucoma_fundus_imaging_bundle,G1020,image_1352,data/external/kaggle/glaucoma_fundus_imaging_bundle/G1020/Images/image_1352.jpg,data/processed/standardized_masks/g1020/image_1352.png,data/external/kaggle/glaucoma_fundus_imaging_bundle/G1020/Images/image_1352.jpg,data/processed/standardized_masks/g1020/image_1352.png,image_1352.jpg,image_1352.png,multiclass_values_0_1_2,0,1,2,G1020_image_1352,True,paired_standardized_and_visual_sample_reviewed,"G1020 image/mask pair matched by file ID; mask standardized to project {0,1,2} convention."
glaucoma_fundus_imaging_bundle,G1020,image_1355,data/external/kaggle/glaucoma_fundus_imaging_bundle/G1020/Images/image_1355.jpg,data/processed/standardized_masks/g1020/image_1355.png,data/external/kaggle/glaucoma_fundus_imaging_bundle/G1020/Images/image_1355.jpg,data/processed/standardized_masks/g1020/image_1355.png,image_1355.jpg,image_1355.png,multiclass_values_0_1_2,0,1,2,G1020_image_1355,True,paired_standardized_and_visual_sample_reviewed,"G1020 image/mask pair matched by file ID; mask standardized to project {0,1,2} convention."
glaucoma_fundus_imaging_bundle,G1020,image_1356,data/external/kaggle/glaucoma_fundus_imaging_bundle/G1020/Images/image_1356.jpg,data/processed/standardized_masks/g1020/image_1356.png,data/external/kaggle/glaucoma_fundus_imaging_bundle/G1020/Images/image_1356.jpg,data/processed/standardized_masks/g1020/image_1356.png,image_1356.jpg,image_1356.png,multiclass_values_0_1_2,0,1,2,G1020_image_1356,True,paired_standardized_and_visual_sample_reviewed,"G1020 image/mask pair matched by file ID; mask standardized to project {0,1,2} convention."
glaucoma_fundus_imaging_bundle,G1020,image_1359,data/external/kaggle/glaucoma_fundus_imaging_bundle/G1020/Images/image_1359.jpg,data/processed/standardized_masks/g1020/image_1359.png,data/external/kaggle/glaucoma_fundus_imaging_bundle/G1020/Images/image_1359.jpg,data/processed/standardized_masks/g1020/image_1359.png,image_1359.jpg,image_1359.png,multiclass_values_0_1_2,0,1,2,G1020_image_1359,True,paired_standardized_and_visual_sample_reviewed,"G1020 image/mask pair matched by file ID; mask standardized to project {0,1,2} convention."
glaucoma_fundus_imaging_bundle,G1020,image_1360,data/external/kaggle/glaucoma_fundus_imaging_bundle/G1020/Images/image_1360.jpg,data/processed/standardized_masks/g1020/image_1360.png,data/external/kaggle/glaucoma_fundus_imaging_bundle/G1020/Images/image_1360.jpg,data/processed/standardized_masks/g1020/image_1360.png,image_1360.jpg,image_1360.png,multiclass_values_0_1_2,0,1,2,G1020_image_1360,True,paired_standardized_and_visual_sample_reviewed,"G1020 image/mask pair matched by file ID; mask standardized to project {0,1,2} convention."
glaucoma_fundus_imaging_bundle,G1020,image_1361,data/external/kaggle/glaucoma_fundus_imaging_bundle/G1020/Images/image_1361.jpg,data/processed/standardized_masks/g1020/image_1361.png,data/external/kaggle/glaucoma_fundus_imaging_bundle/G1020/Images/image_1361.jpg,data/processed/standardized_masks/g1020/image_1361.png,image_1361.jpg,image_1361.png,multiclass_values_0_1_2,0,1,2,G1020_image_1361,True,paired_standardized_and_visual_sample_reviewed,"G1020 image/mask pair matched by file ID; mask standardized to project {0,1,2} convention."
glaucoma_fundus_imaging_bundle,G1020,image_1362,data/external/kaggle/glaucoma_fundus_imaging_bundle/G1020/Images/image_1362.jpg,data/processed/standardized_masks/g1020/image_1362.png,data/external/kaggle/glaucoma_fundus_imaging_bundle/G1020/Images/image_1362.jpg,data/processed/standardized_masks/g1020/image_1362.png,image_1362.jpg,image_1362.png,multiclass_values_0_1_2,0,1,2,G1020_image_1362,True,paired_standardized_and_visual_sample_reviewed,"G1020 image/mask pair matched by file ID; mask standardized to project {0,1,2} convention."
glaucoma_fundus_imaging_bundle,G1020,image_1366,data/external/kaggle/glaucoma_fundus_imaging_bundle/G1020/Images/image_1366.jpg,data/processed/standardized_masks/g1020/image_1366.png,data/external/kaggle/glaucoma_fundus_imaging_bundle/G1020/Images/image_1366.jpg,data/processed/standardized_masks/g1020/image_1366.png,image_1366.jpg,image_1366.png,multiclass_values_0_1_2,0,1,2,G1020_image_1366,True,paired_standardized_and_visual_sample_reviewed,"G1020 image/mask pair matched by file ID; mask standardized to project {0,1,2} convention."
glaucoma_fundus_imaging_bundle,G1020,image_1367,data/external/kaggle/glaucoma_fundus_imaging_bundle/G1020/Images/image_1367.jpg,data/processed/standardized_masks/g1020/image_1367.png,data/external/kaggle/glaucoma_fundus_imaging_bundle/G1020/Images/image_1367.jpg,data/processed/standardized_masks/g1020/image_1367.png,image_1367.jpg,image_1367.png,multiclass_values_0_1_2,0,1,2,G1020_image_1367,True,paired_standardized_and_visual_sample_reviewed,"G1020 image/mask pair matched by file ID; mask standardized to project {0,1,2} convention."
glaucoma_fundus_imaging_bundle,G1020,image_1368,data/external/kaggle/glaucoma_fundus_imaging_bundle/G1020/Images/image_1368.jpg,data/processed/standardized_masks/g1020/image_1368.png,data/external/kaggle/glaucoma_fundus_imaging_bundle/G1020/Images/image_1368.jpg,data/processed/standardized_masks/g1020/image_1368.png,image_1368.jpg,image_1368.png,multiclass_values_0_1_2,0,1,2,G1020_image_1368,True,paired_standardized_and_visual_sample_reviewed,"G1020 image/mask pair matched by file ID; mask standardized to project {0,1,2} convention."
glaucoma_fundus_imaging_bundle,G1020,image_1377,data/external/kaggle/glaucoma_fundus_imaging_bundle/G1020/Images/image_1377.jpg,data/processed/standardized_masks/g1020/image_1377.png,data/external/kaggle/glaucoma_fundus_imaging_bundle/G1020/Images/image_1377.jpg,data/processed/standardized_masks/g1020/image_1377.png,image_1377.jpg,image_1377.png,multiclass_values_0_1_2,0,1,2,G1020_image_1377,True,paired_standardized_and_visual_sample_reviewed,"G1020 image/mask pair matched by file ID; mask standardized to project {0,1,2} convention."
glaucoma_fundus_imaging_bundle,G1020,image_1378,data/external/kaggle/glaucoma_fundus_imaging_bundle/G1020/Images/image_1378.jpg,data/processed/standardized_masks/g1020/image_1378.png,data/external/kaggle/glaucoma_fundus_imaging_bundle/G1020/Images/image_1378.jpg,data/processed/standardized_masks/g1020/image_1378.png,image_1378.jpg,image_1378.png,multiclass_values_0_1_2,0,1,2,G1020_image_1378,True,paired_standardized_and_visual_sample_reviewed,"G1020 image/mask pair matched by file ID; mask standardized to project {0,1,2} convention."
glaucoma_fundus_imaging_bundle,G1020,image_1384,data/external/kaggle/glaucoma_fundus_imaging_bundle/G1020/Images/image_1384.jpg,data/processed/standardized_masks/g1020/image_1384.png,data/external/kaggle/glaucoma_fundus_imaging_bundle/G1020/Images/image_1384.jpg,data/processed/standardized_masks/g1020/image_1384.png,image_1384.jpg,image_1384.png,multiclass_values_0_1_2,0,1,2,G1020_image_1384,True,paired_standardized_and_visual_sample_reviewed,"G1020 image/mask pair matched by file ID; mask standardized to project {0,1,2} convention."
glaucoma_fundus_imaging_bundle,G1020,image_1386,data/external/kaggle/glaucoma_fundus_imaging_bundle/G1020/Images/image_1386.jpg,data/processed/standardized_masks/g1020/image_1386.png,data/external/kaggle/glaucoma_fundus_imaging_bundle/G1020/Images/image_1386.jpg,data/processed/standardized_masks/g1020/image_1386.png,image_1386.jpg,image_1386.png,multiclass_values_0_1_2,0,1,2,G1020_image_1386,True,paired_standardized_and_visual_sample_reviewed,"G1020 image/mask pair matched by file ID; mask standardized to project {0,1,2} convention."
glaucoma_fundus_imaging_bundle,G1020,image_1387,data/external/kaggle/glaucoma_fundus_imaging_bundle/G1020/Images/image_1387.jpg,data/processed/standardized_masks/g1020/image_1387.png,data/external/kaggle/glaucoma_fundus_imaging_bundle/G1020/Images/image_1387.jpg,data/processed/standardized_masks/g1020/image_1387.png,image_1387.jpg,image_1387.png,multiclass_values_0_1_2,0,1,2,G1020_image_1387,True,paired_standardized_and_visual_sample_reviewed,"G1020 image/mask pair matched by file ID; mask standardized to project {0,1,2} convention."
glaucoma_fundus_imaging_bundle,G1020,image_1388,data/external/kaggle/glaucoma_fundus_imaging_bundle/G1020/Images/image_1388.jpg,data/processed/standardized_masks/g1020/image_1388.png,data/external/kaggle/glaucoma_fundus_imaging_bundle/G1020/Images/image_1388.jpg,data/processed/standardized_masks/g1020/image_1388.png,image_1388.jpg,image_1388.png,multiclass_values_0_1_2,0,1,2,G1020_image_1388,True,paired_standardized_and_visual_sample_reviewed,"G1020 image/mask pair matched by file ID; mask standardized to project {0,1,2} convention."
glaucoma_fundus_imaging_bundle,G1020,image_1389,data/external/kaggle/glaucoma_fundus_imaging_bundle/G1020/Images/image_1389.jpg,data/processed/standardized_masks/g1020/image_1389.png,data/external/kaggle/glaucoma_fundus_imaging_bundle/G1020/Images/image_1389.jpg,data/processed/standardized_masks/g1020/image_1389.png,image_1389.jpg,image_1389.png,multiclass_values_0_1_2,0,1,2,G1020_image_1389,True,paired_standardized_and_visual_sample_reviewed,"G1020 image/mask pair matched by file ID; mask standardized to project {0,1,2} convention."
glaucoma_fundus_imaging_bundle,G1020,image_1391,data/external/kaggle/glaucoma_fundus_imaging_bundle/G1020/Images/image_1391.jpg,data/processed/standardized_masks/g1020/image_1391.png,data/external/kaggle/glaucoma_fundus_imaging_bundle/G1020/Images/image_1391.jpg,data/processed/standardized_masks/g1020/image_1391.png,image_1391.jpg,image_1391.png,multiclass_values_0_1_2,0,1,2,G1020_image_1391,True,paired_standardized_and_visual_sample_reviewed,"G1020 image/mask pair matched by file ID; mask standardized to project {0,1,2} convention."
glaucoma_fundus_imaging_bundle,G1020,image_1392,data/external/kaggle/glaucoma_fundus_imaging_bundle/G1020/Images/image_1392.jpg,data/processed/standardized_masks/g1020/image_1392.png,data/external/kaggle/glaucoma_fundus_imaging_bundle/G1020/Images/image_1392.jpg,data/processed/standardized_masks/g1020/image_1392.png,image_1392.jpg,image_1392.png,multiclass_values_0_1_2,0,1,2,G1020_image_1392,True,paired_standardized_and_visual_sample_reviewed,"G1020 image/mask pair matched by file ID; mask standardized to project {0,1,2} convention."
glaucoma_fundus_imaging_bundle,G1020,image_1401,data/external/kaggle/glaucoma_fundus_imaging_bundle/G1020/Images/image_1401.jpg,data/processed/standardized_masks/g1020/image_1401.png,data/external/kaggle/glaucoma_fundus_imaging_bundle/G1020/Images/image_1401.jpg,data/processed/standardized_masks/g1020/image_1401.png,image_1401.jpg,image_1401.png,multiclass_values_0_1_2,0,1,2,G1020_image_1401,True,paired_standardized_and_visual_sample_reviewed,"G1020 image/mask pair matched by file ID; mask standardized to project {0,1,2} convention."
glaucoma_fundus_imaging_bundle,G1020,image_1402,data/external/kaggle/glaucoma_fundus_imaging_bundle/G1020/Images/image_1402.jpg,data/processed/standardized_masks/g1020/image_1402.png,data/external/kaggle/glaucoma_fundus_imaging_bundle/G1020/Images/image_1402.jpg,data/processed/standardized_masks/g1020/image_1402.png,image_1402.jpg,image_1402.png,multiclass_values_0_1_2,0,1,2,G1020_image_1402,True,paired_standardized_and_visual_sample_reviewed,"G1020 image/mask pair matched by file ID; mask standardized to project {0,1,2} convention."
glaucoma_fundus_imaging_bundle,G1020,image_1403,data/external/kaggle/glaucoma_fundus_imaging_bundle/G1020/Images/image_1403.jpg,data/processed/standardized_masks/g1020/image_1403.png,data/external/kaggle/glaucoma_fundus_imaging_bundle/G1020/Images/image_1403.jpg,data/processed/standardized_masks/g1020/image_1403.png,image_1403.jpg,image_1403.png,multiclass_values_0_1_2,0,1,2,G1020_image_1403,True,paired_standardized_and_visual_sample_reviewed,"G1020 image/mask pair matched by file ID; mask standardized to project {0,1,2} convention."
glaucoma_fundus_imaging_bundle,G1020,image_1404,data/external/kaggle/glaucoma_fundus_imaging_bundle/G1020/Images/image_1404.jpg,data/processed/standardized_masks/g1020/image_1404.png,data/external/kaggle/glaucoma_fundus_imaging_bundle/G1020/Images/image_1404.jpg,data/processed/standardized_masks/g1020/image_1404.png,image_1404.jpg,image_1404.png,multiclass_values_0_1_2,0,1,2,G1020_image_1404,True,paired_standardized_and_visual_sample_reviewed,"G1020 image/mask pair matched by file ID; mask standardized to project {0,1,2} convention."
glaucoma_fundus_imaging_bundle,G1020,image_1413,data/external/kaggle/glaucoma_fundus_imaging_bundle/G1020/Images/image_1413.jpg,data/processed/standardized_masks/g1020/image_1413.png,data/external/kaggle/glaucoma_fundus_imaging_bundle/G1020/Images/image_1413.jpg,data/processed/standardized_masks/g1020/image_1413.png,image_1413.jpg,image_1413.png,multiclass_values_0_1_2,0,1,2,G1020_image_1413,True,paired_standardized_and_visual_sample_reviewed,"G1020 image/mask pair matched by file ID; mask standardized to project {0,1,2} convention."
glaucoma_fundus_imaging_bundle,G1020,image_1414,data/external/kaggle/glaucoma_fundus_imaging_bundle/G1020/Images/image_1414.jpg,data/processed/standardized_masks/g1020/image_1414.png,data/external/kaggle/glaucoma_fundus_imaging_bundle/G1020/Images/image_1414.jpg,data/processed/standardized_masks/g1020/image_1414.png,image_1414.jpg,image_1414.png,multiclass_values_0_1_2,0,1,2,G1020_image_1414,True,paired_standardized_and_visual_sample_reviewed,"G1020 image/mask pair matched by file ID; mask standardized to project {0,1,2} convention."
glaucoma_fundus_imaging_bundle,G1020,image_1415,data/external/kaggle/glaucoma_fundus_imaging_bundle/G1020/Images/image_1415.jpg,data/processed/standardized_masks/g1020/image_1415.png,data/external/kaggle/glaucoma_fundus_imaging_bundle/G1020/Images/image_1415.jpg,data/processed/standardized_masks/g1020/image_1415.png,image_1415.jpg,image_1415.png,multiclass_values_0_1_2,0,1,2,G1020_image_1415,True,paired_standardized_and_visual_sample_reviewed,"G1020 image/mask pair matched by file ID; mask standardized to project {0,1,2} convention."
glaucoma_fundus_imaging_bundle,G1020,image_1416,data/external/kaggle/glaucoma_fundus_imaging_bundle/G1020/Images/image_1416.jpg,data/processed/standardized_masks/g1020/image_1416.png,data/external/kaggle/glaucoma_fundus_imaging_bundle/G1020/Images/image_1416.jpg,data/processed/standardized_masks/g1020/image_1416.png,image_1416.jpg,image_1416.png,multiclass_values_0_1_2,0,1,2,G1020_image_1416,True,paired_standardized_and_visual_sample_reviewed,"G1020 image/mask pair matched by file ID; mask standardized to project {0,1,2} convention."
glaucoma_fundus_imaging_bundle,G1020,image_1421,data/external/kaggle/glaucoma_fundus_imaging_bundle/G1020/Images/image_1421.jpg,data/processed/standardized_masks/g1020/image_1421.png,data/external/kaggle/glaucoma_fundus_imaging_bundle/G1020/Images/image_1421.jpg,data/processed/standardized_masks/g1020/image_1421.png,image_1421.jpg,image_1421.png,multiclass_values_0_1_2,0,1,2,G1020_image_1421,True,paired_standardized_and_visual_sample_reviewed,"G1020 image/mask pair matched by file ID; mask standardized to project {0,1,2} convention."
glaucoma_fundus_imaging_bundle,G1020,image_1422,data/external/kaggle/glaucoma_fundus_imaging_bundle/G1020/Images/image_1422.jpg,data/processed/standardized_masks/g1020/image_1422.png,data/external/kaggle/glaucoma_fundus_imaging_bundle/G1020/Images/image_1422.jpg,data/processed/standardized_masks/g1020/image_1422.png,image_1422.jpg,image_1422.png,multiclass_values_0_1_2,0,1,2,G1020_image_1422,True,paired_standardized_and_visual_sample_reviewed,"G1020 image/mask pair matched by file ID; mask standardized to project {0,1,2} convention."
glaucoma_fundus_imaging_bundle,G1020,image_1426,data/external/kaggle/glaucoma_fundus_imaging_bundle/G1020/Images/image_1426.jpg,data/processed/standardized_masks/g1020/image_1426.png,data/external/kaggle/glaucoma_fundus_imaging_bundle/G1020/Images/image_1426.jpg,data/processed/standardized_masks/g1020/image_1426.png,image_1426.jpg,image_1426.png,multiclass_values_0_1_2,0,1,2,G1020_image_1426,True,paired_standardized_and_visual_sample_reviewed,"G1020 image/mask pair matched by file ID; mask standardized to project {0,1,2} convention."
glaucoma_fundus_imaging_bundle,G1020,image_143,data/external/kaggle/glaucoma_fundus_imaging_bundle/G1020/Images/image_143.jpg,data/processed/standardized_masks/g1020/image_143.png,data/external/kaggle/glaucoma_fundus_imaging_bundle/G1020/Images/image_143.jpg,data/processed/standardized_masks/g1020/image_143.png,image_143.jpg,image_143.png,multiclass_values_0_1_2,0,1,2,G1020_image_143,True,paired_standardized_and_visual_sample_reviewed,"G1020 image/mask pair matched by file ID; mask standardized to project {0,1,2} convention."
glaucoma_fundus_imaging_bundle,G1020,image_1431,data/external/kaggle/glaucoma_fundus_imaging_bundle/G1020/Images/image_1431.jpg,data/processed/standardized_masks/g1020/image_1431.png,data/external/kaggle/glaucoma_fundus_imaging_bundle/G1020/Images/image_1431.jpg,data/processed/standardized_masks/g1020/image_1431.png,image_1431.jpg,image_1431.png,multiclass_values_0_1_2,0,1,2,G1020_image_1431,True,paired_standardized_and_visual_sample_reviewed,"G1020 image/mask pair matched by file ID; mask standardized to project {0,1,2} convention."
glaucoma_fundus_imaging_bundle,G1020,image_1432,data/external/kaggle/glaucoma_fundus_imaging_bundle/G1020/Images/image_1432.jpg,data/processed/standardized_masks/g1020/image_1432.png,data/external/kaggle/glaucoma_fundus_imaging_bundle/G1020/Images/image_1432.jpg,data/processed/standardized_masks/g1020/image_1432.png,image_1432.jpg,image_1432.png,multiclass_values_0_1_2,0,1,2,G1020_image_1432,True,paired_standardized_and_visual_sample_reviewed,"G1020 image/mask pair matched by file ID; mask standardized to project {0,1,2} convention."
glaucoma_fundus_imaging_bundle,G1020,image_144,data/external/kaggle/glaucoma_fundus_imaging_bundle/G1020/Images/image_144.jpg,data/processed/standardized_masks/g1020/image_144.png,data/external/kaggle/glaucoma_fundus_imaging_bundle/G1020/Images/image_144.jpg,data/processed/standardized_masks/g1020/image_144.png,image_144.jpg,image_144.png,multiclass_values_0_1_2,0,1,2,G1020_image_144,True,paired_standardized_and_visual_sample_reviewed,"G1020 image/mask pair matched by file ID; mask standardized to project {0,1,2} convention."
glaucoma_fundus_imaging_bundle,G1020,image_1452,data/external/kaggle/glaucoma_fundus_imaging_bundle/G1020/Images/image_1452.jpg,data/processed/standardized_masks/g1020/image_1452.png,data/external/kaggle/glaucoma_fundus_imaging_bundle/G1020/Images/image_1452.jpg,data/processed/standardized_masks/g1020/image_1452.png,image_1452.jpg,image_1452.png,multiclass_values_0_1_2,0,1,2,G1020_image_1452,True,paired_standardized_and_visual_sample_reviewed,"G1020 image/mask pair matched by file ID; mask standardized to project {0,1,2} convention."
glaucoma_fundus_imaging_bundle,G1020,image_1453,data/external/kaggle/glaucoma_fundus_imaging_bundle/G1020/Images/image_1453.jpg,data/processed/standardized_masks/g1020/image_1453.png,data/external/kaggle/glaucoma_fundus_imaging_bundle/G1020/Images/image_1453.jpg,data/processed/standardized_masks/g1020/image_1453.png,image_1453.jpg,image_1453.png,multiclass_values_0_1_2,0,1,2,G1020_image_1453,True,paired_standardized_and_visual_sample_reviewed,"G1020 image/mask pair matched by file ID; mask standardized to project {0,1,2} convention."
glaucoma_fundus_imaging_bundle,G1020,image_1462,data/external/kaggle/glaucoma_fundus_imaging_bundle/G1020/Images/image_1462.jpg,data/processed/standardized_masks/g1020/image_1462.png,data/external/kaggle/glaucoma_fundus_imaging_bundle/G1020/Images/image_1462.jpg,data/processed/standardized_masks/g1020/image_1462.png,image_1462.jpg,image_1462.png,multiclass_values_0_1_2,0,1,2,G1020_image_1462,True,paired_standardized_and_visual_sample_reviewed,"G1020 image/mask pair matched by file ID; mask standardized to project {0,1,2} convention."
glaucoma_fundus_imaging_bundle,G1020,image_1463,data/external/kaggle/glaucoma_fundus_imaging_bundle/G1020/Images/image_1463.jpg,data/processed/standardized_masks/g1020/image_1463.png,data/external/kaggle/glaucoma_fundus_imaging_bundle/G1020/Images/image_1463.jpg,data/processed/standardized_masks/g1020/image_1463.png,image_1463.jpg,image_1463.png,multiclass_values_0_1_2,0,1,2,G1020_image_1463,True,paired_standardized_and_visual_sample_reviewed,"G1020 image/mask pair matched by file ID; mask standardized to project {0,1,2} convention."
glaucoma_fundus_imaging_bundle,G1020,image_1470,data/external/kaggle/glaucoma_fundus_imaging_bundle/G1020/Images/image_1470.jpg,data/processed/standardized_masks/g1020/image_1470.png,data/external/kaggle/glaucoma_fundus_imaging_bundle/G1020/Images/image_1470.jpg,data/processed/standardized_masks/g1020/image_1470.png,image_1470.jpg,image_1470.png,multiclass_values_0_1_2,0,1,2,G1020_image_1470,True,paired_standardized_and_visual_sample_reviewed,"G1020 image/mask pair matched by file ID; mask standardized to project {0,1,2} convention."
glaucoma_fundus_imaging_bundle,G1020,image_1471,data/external/kaggle/glaucoma_fundus_imaging_bundle/G1020/Images/image_1471.jpg,data/processed/standardized_masks/g1020/image_1471.png,data/external/kaggle/glaucoma_fundus_imaging_bundle/G1020/Images/image_1471.jpg,data/processed/standardized_masks/g1020/image_1471.png,image_1471.jpg,image_1471.png,multiclass_values_0_1_2,0,1,2,G1020_image_1471,True,paired_standardized_and_visual_sample_reviewed,"G1020 image/mask pair matched by file ID; mask standardized to project {0,1,2} convention."
glaucoma_fundus_imaging_bundle,G1020,image_1478,data/external/kaggle/glaucoma_fundus_imaging_bundle/G1020/Images/image_1478.jpg,data/processed/standardized_masks/g1020/image_1478.png,data/external/kaggle/glaucoma_fundus_imaging_bundle/G1020/Images/image_1478.jpg,data/processed/standardized_masks/g1020/image_1478.png,image_1478.jpg,image_1478.png,multiclass_values_0_1_2,0,1,2,G1020_image_1478,True,paired_standardized_and_visual_sample_reviewed,"G1020 image/mask pair matched by file ID; mask standardized to project {0,1,2} convention."
glaucoma_fundus_imaging_bundle,G1020,image_1479,data/external/kaggle/glaucoma_fundus_imaging_bundle/G1020/Images/image_1479.jpg,data/processed/standardized_masks/g1020/image_1479.png,data/external/kaggle/glaucoma_fundus_imaging_bundle/G1020/Images/image_1479.jpg,data/processed/standardized_masks/g1020/image_1479.png,image_1479.jpg,image_1479.png,multiclass_values_0_1_2,0,1,2,G1020_image_1479,True,paired_standardized_and_visual_sample_reviewed,"G1020 image/mask pair matched by file ID; mask standardized to project {0,1,2} convention."
glaucoma_fundus_imaging_bundle,G1020,image_1480,data/external/kaggle/glaucoma_fundus_imaging_bundle/G1020/Images/image_1480.jpg,data/processed/standardized_masks/g1020/image_1480.png,data/external/kaggle/glaucoma_fundus_imaging_bundle/G1020/Images/image_1480.jpg,data/processed/standardized_masks/g1020/image_1480.png,image_1480.jpg,image_1480.png,multiclass_values_0_1_2,0,1,2,G1020_image_1480,True,paired_standardized_and_visual_sample_reviewed,"G1020 image/mask pair matched by file ID; mask standardized to project {0,1,2} convention."
glaucoma_fundus_imaging_bundle,G1020,image_1481,data/external/kaggle/glaucoma_fundus_imaging_bundle/G1020/Images/image_1481.jpg,data/processed/standardized_masks/g1020/image_1481.png,data/external/kaggle/glaucoma_fundus_imaging_bundle/G1020/Images/image_1481.jpg,data/processed/standardized_masks/g1020/image_1481.png,image_1481.jpg,image_1481.png,multiclass_values_0_1_2,0,1,2,G1020_image_1481,True,paired_standardized_and_visual_sample_reviewed,"G1020 image/mask pair matched by file ID; mask standardized to project {0,1,2} convention."
glaucoma_fundus_imaging_bundle,G1020,image_1495,data/external/kaggle/glaucoma_fundus_imaging_bundle/G1020/Images/image_1495.jpg,data/processed/standardized_masks/g1020/image_1495.png,data/external/kaggle/glaucoma_fundus_imaging_bundle/G1020/Images/image_1495.jpg,data/processed/standardized_masks/g1020/image_1495.png,image_1495.jpg,image_1495.png,multiclass_values_0_1_2,0,1,2,G1020_image_1495,True,paired_standardized_and_visual_sample_reviewed,"G1020 image/mask pair matched by file ID; mask standardized to project {0,1,2} convention."
glaucoma_fundus_imaging_bundle,G1020,image_1496,data/external/kaggle/glaucoma_fundus_imaging_bundle/G1020/Images/image_1496.jpg,data/processed/standardized_masks/g1020/image_1496.png,data/external/kaggle/glaucoma_fundus_imaging_bundle/G1020/Images/image_1496.jpg,data/processed/standardized_masks/g1020/image_1496.png,image_1496.jpg,image_1496.png,multiclass_values_0_1_2,0,1,2,G1020_image_1496,True,paired_standardized_and_visual_sample_reviewed,"G1020 image/mask pair matched by file ID; mask standardized to project {0,1,2} convention."
glaucoma_fundus_imaging_bundle,G1020,image_1497,data/external/kaggle/glaucoma_fundus_imaging_bundle/G1020/Images/image_1497.jpg,data/processed/standardized_masks/g1020/image_1497.png,data/external/kaggle/glaucoma_fundus_imaging_bundle/G1020/Images/image_1497.jpg,data/processed/standardized_masks/g1020/image_1497.png,image_1497.jpg,image_1497.png,multiclass_values_0_1_2,0,1,2,G1020_image_1497,True,paired_standardized_and_visual_sample_reviewed,"G1020 image/mask pair matched by file ID; mask standardized to project {0,1,2} convention."
glaucoma_fundus_imaging_bundle,G1020,image_1498,data/external/kaggle/glaucoma_fundus_imaging_bundle/G1020/Images/image_1498.jpg,data/processed/standardized_masks/g1020/image_1498.png,data/external/kaggle/glaucoma_fundus_imaging_bundle/G1020/Images/image_1498.jpg,data/processed/standardized_masks/g1020/image_1498.png,image_1498.jpg,image_1498.png,multiclass_values_0_1_2,0,1,2,G1020_image_1498,True,paired_standardized_and_visual_sample_reviewed,"G1020 image/mask pair matched by file ID; mask standardized to project {0,1,2} convention."
glaucoma_fundus_imaging_bundle,G1020,image_150,data/external/kaggle/glaucoma_fundus_imaging_bundle/G1020/Images/image_150.jpg,data/processed/standardized_masks/g1020/image_150.png,data/external/kaggle/glaucoma_fundus_imaging_bundle/G1020/Images/image_150.jpg,data/processed/standardized_masks/g1020/image_150.png,image_150.jpg,image_150.png,multiclass_values_0_1_2,0,1,2,G1020_image_150,True,paired_standardized_and_visual_sample_reviewed,"G1020 image/mask pair matched by file ID; mask standardized to project {0,1,2} convention."
glaucoma_fundus_imaging_bundle,G1020,image_1504,data/external/kaggle/glaucoma_fundus_imaging_bundle/G1020/Images/image_1504.jpg,data/processed/standardized_masks/g1020/image_1504.png,data/external/kaggle/glaucoma_fundus_imaging_bundle/G1020/Images/image_1504.jpg,data/processed/standardized_masks/g1020/image_1504.png,image_1504.jpg,image_1504.png,multiclass_values_0_1_2,0,1,2,G1020_image_1504,True,paired_standardized_and_visual_sample_reviewed,"G1020 image/mask pair matched by file ID; mask standardized to project {0,1,2} convention."
glaucoma_fundus_imaging_bundle,G1020,image_1507,data/external/kaggle/glaucoma_fundus_imaging_bundle/G1020/Images/image_1507.jpg,data/processed/standardized_masks/g1020/image_1507.png,data/external/kaggle/glaucoma_fundus_imaging_bundle/G1020/Images/image_1507.jpg,data/processed/standardized_masks/g1020/image_1507.png,image_1507.jpg,image_1507.png,multiclass_values_0_1_2,0,1,2,G1020_image_1507,True,paired_standardized_and_visual_sample_reviewed,"G1020 image/mask pair matched by file ID; mask standardized to project {0,1,2} convention."
glaucoma_fundus_imaging_bundle,G1020,image_1508,data/external/kaggle/glaucoma_fundus_imaging_bundle/G1020/Images/image_1508.jpg,data/processed/standardized_masks/g1020/image_1508.png,data/external/kaggle/glaucoma_fundus_imaging_bundle/G1020/Images/image_1508.jpg,data/processed/standardized_masks/g1020/image_1508.png,image_1508.jpg,image_1508.png,multiclass_values_0_1_2,0,1,2,G1020_image_1508,True,paired_standardized_and_visual_sample_reviewed,"G1020 image/mask pair matched by file ID; mask standardized to project {0,1,2} convention."
glaucoma_fundus_imaging_bundle,G1020,image_151,data/external/kaggle/glaucoma_fundus_imaging_bundle/G1020/Images/image_151.jpg,data/processed/standardized_masks/g1020/image_151.png,data/external/kaggle/glaucoma_fundus_imaging_bundle/G1020/Images/image_151.jpg,data/processed/standardized_masks/g1020/image_151.png,image_151.jpg,image_151.png,multiclass_values_0_1_2,0,1,2,G1020_image_151,True,paired_standardized_and_visual_sample_reviewed,"G1020 image/mask pair matched by file ID; mask standardized to project {0,1,2} convention."
glaucoma_fundus_imaging_bundle,G1020,image_1515,data/external/kaggle/glaucoma_fundus_imaging_bundle/G1020/Images/image_1515.jpg,data/processed/standardized_masks/g1020/image_1515.png,data/external/kaggle/glaucoma_fundus_imaging_bundle/G1020/Images/image_1515.jpg,data/processed/standardized_masks/g1020/image_1515.png,image_1515.jpg,image_1515.png,multiclass_values_0_1_2,0,1,2,G1020_image_1515,True,paired_standardized_and_visual_sample_reviewed,"G1020 image/mask pair matched by file ID; mask standardized to project {0,1,2} convention."
glaucoma_fundus_imaging_bundle,G1020,image_1516,data/external/kaggle/glaucoma_fundus_imaging_bundle/G1020/Images/image_1516.jpg,data/processed/standardized_masks/g1020/image_1516.png,data/external/kaggle/glaucoma_fundus_imaging_bundle/G1020/Images/image_1516.jpg,data/processed/standardized_masks/g1020/image_1516.png,image_1516.jpg,image_1516.png,multiclass_values_0_1_2,0,1,2,G1020_image_1516,True,paired_standardized_and_visual_sample_reviewed,"G1020 image/mask pair matched by file ID; mask standardized to project {0,1,2} convention."
glaucoma_fundus_imaging_bundle,G1020,image_1519,data/external/kaggle/glaucoma_fundus_imaging_bundle/G1020/Images/image_1519.jpg,data/processed/standardized_masks/g1020/image_1519.png,data/external/kaggle/glaucoma_fundus_imaging_bundle/G1020/Images/image_1519.jpg,data/processed/standardized_masks/g1020/image_1519.png,image_1519.jpg,image_1519.png,multiclass_values_0_1_2,0,1,2,G1020_image_1519,True,paired_standardized_and_visual_sample_reviewed,"G1020 image/mask pair matched by file ID; mask standardized to project {0,1,2} convention."
glaucoma_fundus_imaging_bundle,G1020,image_152,data/external/kaggle/glaucoma_fundus_imaging_bundle/G1020/Images/image_152.jpg,data/processed/standardized_masks/g1020/image_152.png,data/external/kaggle/glaucoma_fundus_imaging_bundle/G1020/Images/image_152.jpg,data/processed/standardized_masks/g1020/image_152.png,image_152.jpg,image_152.png,multiclass_values_0_1_2,0,1,2,G1020_image_152,True,paired_standardized_and_visual_sample_reviewed,"G1020 image/mask pair matched by file ID; mask standardized to project {0,1,2} convention."
glaucoma_fundus_imaging_bundle,G1020,image_1520,data/external/kaggle/glaucoma_fundus_imaging_bundle/G1020/Images/image_1520.jpg,data/processed/standardized_masks/g1020/image_1520.png,data/external/kaggle/glaucoma_fundus_imaging_bundle/G1020/Images/image_1520.jpg,data/processed/standardized_masks/g1020/image_1520.png,image_1520.jpg,image_1520.png,multiclass_values_0_1_2,0,1,2,G1020_image_1520,True,paired_standardized_and_visual_sample_reviewed,"G1020 image/mask pair matched by file ID; mask standardized to project {0,1,2} convention."
glaucoma_fundus_imaging_bundle,G1020,image_1521,data/external/kaggle/glaucoma_fundus_imaging_bundle/G1020/Images/image_1521.jpg,data/processed/standardized_masks/g1020/image_1521.png,data/external/kaggle/glaucoma_fundus_imaging_bundle/G1020/Images/image_1521.jpg,data/processed/standardized_masks/g1020/image_1521.png,image_1521.jpg,image_1521.png,multiclass_values_0_1_2,0,1,2,G1020_image_1521,True,paired_standardized_and_visual_sample_reviewed,"G1020 image/mask pair matched by file ID; mask standardized to project {0,1,2} convention."
glaucoma_fundus_imaging_bundle,G1020,image_1522,data/external/kaggle/glaucoma_fundus_imaging_bundle/G1020/Images/image_1522.jpg,data/processed/standardized_masks/g1020/image_1522.png,data/external/kaggle/glaucoma_fundus_imaging_bundle/G1020/Images/image_1522.jpg,data/processed/standardized_masks/g1020/image_1522.png,image_1522.jpg,image_1522.png,multiclass_values_0_1_2,0,1,2,G1020_image_1522,True,paired_standardized_and_visual_sample_reviewed,"G1020 image/mask pair matched by file ID; mask standardized to project {0,1,2} convention."
glaucoma_fundus_imaging_bundle,G1020,image_1524,data/external/kaggle/glaucoma_fundus_imaging_bundle/G1020/Images/image_1524.jpg,data/processed/standardized_masks/g1020/image_1524.png,data/external/kaggle/glaucoma_fundus_imaging_bundle/G1020/Images/image_1524.jpg,data/processed/standardized_masks/g1020/image_1524.png,image_1524.jpg,image_1524.png,multiclass_values_0_1_2,0,1,2,G1020_image_1524,True,paired_standardized_and_visual_sample_reviewed,"G1020 image/mask pair matched by file ID; mask standardized to project {0,1,2} convention."
glaucoma_fundus_imaging_bundle,G1020,image_1525,data/external/kaggle/glaucoma_fundus_imaging_bundle/G1020/Images/image_1525.jpg,data/processed/standardized_masks/g1020/image_1525.png,data/external/kaggle/glaucoma_fundus_imaging_bundle/G1020/Images/image_1525.jpg,data/processed/standardized_masks/g1020/image_1525.png,image_1525.jpg,image_1525.png,multiclass_values_0_1_2,0,1,2,G1020_image_1525,True,paired_standardized_and_visual_sample_reviewed,"G1020 image/mask pair matched by file ID; mask standardized to project {0,1,2} convention."
glaucoma_fundus_imaging_bundle,G1020,image_1526,data/external/kaggle/glaucoma_fundus_imaging_bundle/G1020/Images/image_1526.jpg,data/processed/standardized_masks/g1020/image_1526.png,data/external/kaggle/glaucoma_fundus_imaging_bundle/G1020/Images/image_1526.jpg,data/processed/standardized_masks/g1020/image_1526.png,image_1526.jpg,image_1526.png,multiclass_values_0_1_2,0,1,2,G1020_image_1526,True,paired_standardized_and_visual_sample_reviewed,"G1020 image/mask pair matched by file ID; mask standardized to project {0,1,2} convention."
glaucoma_fundus_imaging_bundle,G1020,image_153,data/external/kaggle/glaucoma_fundus_imaging_bundle/G1020/Images/image_153.jpg,data/processed/standardized_masks/g1020/image_153.png,data/external/kaggle/glaucoma_fundus_imaging_bundle/G1020/Images/image_153.jpg,data/processed/standardized_masks/g1020/image_153.png,image_153.jpg,image_153.png,multiclass_values_0_1_2,0,1,2,G1020_image_153,True,paired_standardized_and_visual_sample_reviewed,"G1020 image/mask pair matched by file ID; mask standardized to project {0,1,2} convention."
glaucoma_fundus_imaging_bundle,G1020,image_154,data/external/kaggle/glaucoma_fundus_imaging_bundle/G1020/Images/image_154.jpg,data/processed/standardized_masks/g1020/image_154.png,data/external/kaggle/glaucoma_fundus_imaging_bundle/G1020/Images/image_154.jpg,data/processed/standardized_masks/g1020/image_154.png,image_154.jpg,image_154.png,multiclass_values_0_1_2,0,1,2,G1020_image_154,True,paired_standardized_and_visual_sample_reviewed,"G1020 image/mask pair matched by file ID; mask standardized to project {0,1,2} convention."
glaucoma_fundus_imaging_bundle,G1020,image_1543,data/external/kaggle/glaucoma_fundus_imaging_bundle/G1020/Images/image_1543.jpg,data/processed/standardized_masks/g1020/image_1543.png,data/external/kaggle/glaucoma_fundus_imaging_bundle/G1020/Images/image_1543.jpg,data/processed/standardized_masks/g1020/image_1543.png,image_1543.jpg,image_1543.png,multiclass_values_0_1_2,0,1,2,G1020_image_1543,True,paired_standardized_and_visual_sample_reviewed,"G1020 image/mask pair matched by file ID; mask standardized to project {0,1,2} convention."
glaucoma_fundus_imaging_bundle,G1020,image_1544,data/external/kaggle/glaucoma_fundus_imaging_bundle/G1020/Images/image_1544.jpg,data/processed/standardized_masks/g1020/image_1544.png,data/external/kaggle/glaucoma_fundus_imaging_bundle/G1020/Images/image_1544.jpg,data/processed/standardized_masks/g1020/image_1544.png,image_1544.jpg,image_1544.png,multiclass_values_0_1_2,0,1,2,G1020_image_1544,True,paired_standardized_and_visual_sample_reviewed,"G1020 image/mask pair matched by file ID; mask standardized to project {0,1,2} convention."
glaucoma_fundus_imaging_bundle,G1020,image_1553,data/external/kaggle/glaucoma_fundus_imaging_bundle/G1020/Images/image_1553.jpg,data/processed/standardized_masks/g1020/image_1553.png,data/external/kaggle/glaucoma_fundus_imaging_bundle/G1020/Images/image_1553.jpg,data/processed/standardized_masks/g1020/image_1553.png,image_1553.jpg,image_1553.png,multiclass_values_0_1_2,0,1,2,G1020_image_1553,True,paired_standardized_and_visual_sample_reviewed,"G1020 image/mask pair matched by file ID; mask standardized to project {0,1,2} convention."
glaucoma_fundus_imaging_bundle,G1020,image_1554,data/external/kaggle/glaucoma_fundus_imaging_bundle/G1020/Images/image_1554.jpg,data/processed/standardized_masks/g1020/image_1554.png,data/external/kaggle/glaucoma_fundus_imaging_bundle/G1020/Images/image_1554.jpg,data/processed/standardized_masks/g1020/image_1554.png,image_1554.jpg,image_1554.png,multiclass_values_0_1_2,0,1,2,G1020_image_1554,True,paired_standardized_and_visual_sample_reviewed,"G1020 image/mask pair matched by file ID; mask standardized to project {0,1,2} convention."
glaucoma_fundus_imaging_bundle,G1020,image_1575,data/external/kaggle/glaucoma_fundus_imaging_bundle/G1020/Images/image_1575.jpg,data/processed/standardized_masks/g1020/image_1575.png,data/external/kaggle/glaucoma_fundus_imaging_bundle/G1020/Images/image_1575.jpg,data/processed/standardized_masks/g1020/image_1575.png,image_1575.jpg,image_1575.png,multiclass_values_0_1_2,0,1,2,G1020_image_1575,True,paired_standardized_and_visual_sample_reviewed,"G1020 image/mask pair matched by file ID; mask standardized to project {0,1,2} convention."
glaucoma_fundus_imaging_bundle,G1020,image_1576,data/external/kaggle/glaucoma_fundus_imaging_bundle/G1020/Images/image_1576.jpg,data/processed/standardized_masks/g1020/image_1576.png,data/external/kaggle/glaucoma_fundus_imaging_bundle/G1020/Images/image_1576.jpg,data/processed/standardized_masks/g1020/image_1576.png,image_1576.jpg,image_1576.png,multiclass_values_0_1_2,0,1,2,G1020_image_1576,True,paired_standardized_and_visual_sample_reviewed,"G1020 image/mask pair matched by file ID; mask standardized to project {0,1,2} convention."
glaucoma_fundus_imaging_bundle,G1020,image_1579,data/external/kaggle/glaucoma_fundus_imaging_bundle/G1020/Images/image_1579.jpg,data/processed/standardized_masks/g1020/image_1579.png,data/external/kaggle/glaucoma_fundus_imaging_bundle/G1020/Images/image_1579.jpg,data/processed/standardized_masks/g1020/image_1579.png,image_1579.jpg,image_1579.png,multiclass_values_0_1_2,0,1,2,G1020_image_1579,True,paired_standardized_and_visual_sample_reviewed,"G1020 image/mask pair matched by file ID; mask standardized to project {0,1,2} convention."
glaucoma_fundus_imaging_bundle,G1020,image_1580,data/external/kaggle/glaucoma_fundus_imaging_bundle/G1020/Images/image_1580.jpg,data/processed/standardized_masks/g1020/image_1580.png,data/external/kaggle/glaucoma_fundus_imaging_bundle/G1020/Images/image_1580.jpg,data/processed/standardized_masks/g1020/image_1580.png,image_1580.jpg,image_1580.png,multiclass_values_0_1_2,0,1,2,G1020_image_1580,True,paired_standardized_and_visual_sample_reviewed,"G1020 image/mask pair matched by file ID; mask standardized to project {0,1,2} convention."
glaucoma_fundus_imaging_bundle,G1020,image_1589,data/external/kaggle/glaucoma_fundus_imaging_bundle/G1020/Images/image_1589.jpg,data/processed/standardized_masks/g1020/image_1589.png,data/external/kaggle/glaucoma_fundus_imaging_bundle/G1020/Images/image_1589.jpg,data/processed/standardized_masks/g1020/image_1589.png,image_1589.jpg,image_1589.png,multiclass_values_0_1_2,0,1,2,G1020_image_1589,True,paired_standardized_and_visual_sample_reviewed,"G1020 image/mask pair matched by file ID; mask standardized to project {0,1,2} convention."
glaucoma_fundus_imaging_bundle,G1020,image_1590,data/external/kaggle/glaucoma_fundus_imaging_bundle/G1020/Images/image_1590.jpg,data/processed/standardized_masks/g1020/image_1590.png,data/external/kaggle/glaucoma_fundus_imaging_bundle/G1020/Images/image_1590.jpg,data/processed/standardized_masks/g1020/image_1590.png,image_1590.jpg,image_1590.png,multiclass_values_0_1_2,0,1,2,G1020_image_1590,True,paired_standardized_and_visual_sample_reviewed,"G1020 image/mask pair matched by file ID; mask standardized to project {0,1,2} convention."
glaucoma_fundus_imaging_bundle,G1020,image_1591,data/external/kaggle/glaucoma_fundus_imaging_bundle/G1020/Images/image_1591.jpg,data/processed/standardized_masks/g1020/image_1591.png,data/external/kaggle/glaucoma_fundus_imaging_bundle/G1020/Images/image_1591.jpg,data/processed/standardized_masks/g1020/image_1591.png,image_1591.jpg,image_1591.png,multiclass_values_0_1_2,0,1,2,G1020_image_1591,True,paired_standardized_and_visual_sample_reviewed,"G1020 image/mask pair matched by file ID; mask standardized to project {0,1,2} convention."
glaucoma_fundus_imaging_bundle,G1020,image_1592,data/external/kaggle/glaucoma_fundus_imaging_bundle/G1020/Images/image_1592.jpg,data/processed/standardized_masks/g1020/image_1592.png,data/external/kaggle/glaucoma_fundus_imaging_bundle/G1020/Images/image_1592.jpg,data/processed/standardized_masks/g1020/image_1592.png,image_1592.jpg,image_1592.png,multiclass_values_0_1_2,0,1,2,G1020_image_1592,True,paired_standardized_and_visual_sample_reviewed,"G1020 image/mask pair matched by file ID; mask standardized to project {0,1,2} convention."
glaucoma_fundus_imaging_bundle,G1020,image_1594,data/external/kaggle/glaucoma_fundus_imaging_bundle/G1020/Images/image_1594.jpg,data/processed/standardized_masks/g1020/image_1594.png,data/external/kaggle/glaucoma_fundus_imaging_bundle/G1020/Images/image_1594.jpg,data/processed/standardized_masks/g1020/image_1594.png,image_1594.jpg,image_1594.png,multiclass_values_0_1_2,0,1,2,G1020_image_1594,True,paired_standardized_and_visual_sample_reviewed,"G1020 image/mask pair matched by file ID; mask standardized to project {0,1,2} convention."
glaucoma_fundus_imaging_bundle,G1020,image_1595,data/external/kaggle/glaucoma_fundus_imaging_bundle/G1020/Images/image_1595.jpg,data/processed/standardized_masks/g1020/image_1595.png,data/external/kaggle/glaucoma_fundus_imaging_bundle/G1020/Images/image_1595.jpg,data/processed/standardized_masks/g1020/image_1595.png,image_1595.jpg,image_1595.png,multiclass_values_0_1_2,0,1,2,G1020_image_1595,True,paired_standardized_and_visual_sample_reviewed,"G1020 image/mask pair matched by file ID; mask standardized to project {0,1,2} convention."
glaucoma_fundus_imaging_bundle,G1020,image_1598,data/external/kaggle/glaucoma_fundus_imaging_bundle/G1020/Images/image_1598.jpg,data/processed/standardized_masks/g1020/image_1598.png,data/external/kaggle/glaucoma_fundus_imaging_bundle/G1020/Images/image_1598.jpg,data/processed/standardized_masks/g1020/image_1598.png,image_1598.jpg,image_1598.png,multiclass_values_0_1_2,0,1,2,G1020_image_1598,True,paired_standardized_and_visual_sample_reviewed,"G1020 image/mask pair matched by file ID; mask standardized to project {0,1,2} convention."
glaucoma_fundus_imaging_bundle,G1020,image_1599,data/external/kaggle/glaucoma_fundus_imaging_bundle/G1020/Images/image_1599.jpg,data/processed/standardized_masks/g1020/image_1599.png,data/external/kaggle/glaucoma_fundus_imaging_bundle/G1020/Images/image_1599.jpg,data/processed/standardized_masks/g1020/image_1599.png,image_1599.jpg,image_1599.png,multiclass_values_0_1_2,0,1,2,G1020_image_1599,True,paired_standardized_and_visual_sample_reviewed,"G1020 image/mask pair matched by file ID; mask standardized to project {0,1,2} convention."
glaucoma_fundus_imaging_bundle,G1020,image_1607,data/external/kaggle/glaucoma_fundus_imaging_bundle/G1020/Images/image_1607.jpg,data/processed/standardized_masks/g1020/image_1607.png,data/external/kaggle/glaucoma_fundus_imaging_bundle/G1020/Images/image_1607.jpg,data/processed/standardized_masks/g1020/image_1607.png,image_1607.jpg,image_1607.png,multiclass_values_0_1_2,0,1,2,G1020_image_1607,True,paired_standardized_and_visual_sample_reviewed,"G1020 image/mask pair matched by file ID; mask standardized to project {0,1,2} convention."
glaucoma_fundus_imaging_bundle,G1020,image_1608,data/external/kaggle/glaucoma_fundus_imaging_bundle/G1020/Images/image_1608.jpg,data/processed/standardized_masks/g1020/image_1608.png,data/external/kaggle/glaucoma_fundus_imaging_bundle/G1020/Images/image_1608.jpg,data/processed/standardized_masks/g1020/image_1608.png,image_1608.jpg,image_1608.png,multiclass_values_0_1_2,0,1,2,G1020_image_1608,True,paired_standardized_and_visual_sample_reviewed,"G1020 image/mask pair matched by file ID; mask standardized to project {0,1,2} convention."
glaucoma_fundus_imaging_bundle,G1020,image_1609,data/external/kaggle/glaucoma_fundus_imaging_bundle/G1020/Images/image_1609.jpg,data/processed/standardized_masks/g1020/image_1609.png,data/external/kaggle/glaucoma_fundus_imaging_bundle/G1020/Images/image_1609.jpg,data/processed/standardized_masks/g1020/image_1609.png,image_1609.jpg,image_1609.png,multiclass_values_0_1_2,0,1,2,G1020_image_1609,True,paired_standardized_and_visual_sample_reviewed,"G1020 image/mask pair matched by file ID; mask standardized to project {0,1,2} convention."
glaucoma_fundus_imaging_bundle,G1020,image_1610,data/external/kaggle/glaucoma_fundus_imaging_bundle/G1020/Images/image_1610.jpg,data/processed/standardized_masks/g1020/image_1610.png,data/external/kaggle/glaucoma_fundus_imaging_bundle/G1020/Images/image_1610.jpg,data/processed/standardized_masks/g1020/image_1610.png,image_1610.jpg,image_1610.png,multiclass_values_0_1_2,0,1,2,G1020_image_1610,True,paired_standardized_and_visual_sample_reviewed,"G1020 image/mask pair matched by file ID; mask standardized to project {0,1,2} convention."
glaucoma_fundus_imaging_bundle,G1020,image_1616,data/external/kaggle/glaucoma_fundus_imaging_bundle/G1020/Images/image_1616.jpg,data/processed/standardized_masks/g1020/image_1616.png,data/external/kaggle/glaucoma_fundus_imaging_bundle/G1020/Images/image_1616.jpg,data/processed/standardized_masks/g1020/image_1616.png,image_1616.jpg,image_1616.png,multiclass_values_0_1_2,0,1,2,G1020_image_1616,True,paired_standardized_and_visual_sample_reviewed,"G1020 image/mask pair matched by file ID; mask standardized to project {0,1,2} convention."
glaucoma_fundus_imaging_bundle,G1020,image_1623,data/external/kaggle/glaucoma_fundus_imaging_bundle/G1020/Images/image_1623.jpg,data/processed/standardized_masks/g1020/image_1623.png,data/external/kaggle/glaucoma_fundus_imaging_bundle/G1020/Images/image_1623.jpg,data/processed/standardized_masks/g1020/image_1623.png,image_1623.jpg,image_1623.png,multiclass_values_0_1_2,0,1,2,G1020_image_1623,True,paired_standardized_and_visual_sample_reviewed,"G1020 image/mask pair matched by file ID; mask standardized to project {0,1,2} convention."
glaucoma_fundus_imaging_bundle,G1020,image_1624,data/external/kaggle/glaucoma_fundus_imaging_bundle/G1020/Images/image_1624.jpg,data/processed/standardized_masks/g1020/image_1624.png,data/external/kaggle/glaucoma_fundus_imaging_bundle/G1020/Images/image_1624.jpg,data/processed/standardized_masks/g1020/image_1624.png,image_1624.jpg,image_1624.png,multiclass_values_0_1_2,0,1,2,G1020_image_1624,True,paired_standardized_and_visual_sample_reviewed,"G1020 image/mask pair matched by file ID; mask standardized to project {0,1,2} convention."
glaucoma_fundus_imaging_bundle,G1020,image_1625,data/external/kaggle/glaucoma_fundus_imaging_bundle/G1020/Images/image_1625.jpg,data/processed/standardized_masks/g1020/image_1625.png,data/external/kaggle/glaucoma_fundus_imaging_bundle/G1020/Images/image_1625.jpg,data/processed/standardized_masks/g1020/image_1625.png,image_1625.jpg,image_1625.png,multiclass_values_0_1_2,0,1,2,G1020_image_1625,True,paired_standardized_and_visual_sample_reviewed,"G1020 image/mask pair matched by file ID; mask standardized to project {0,1,2} convention."
glaucoma_fundus_imaging_bundle,G1020,image_1626,data/external/kaggle/glaucoma_fundus_imaging_bundle/G1020/Images/image_1626.jpg,data/processed/standardized_masks/g1020/image_1626.png,data/external/kaggle/glaucoma_fundus_imaging_bundle/G1020/Images/image_1626.jpg,data/processed/standardized_masks/g1020/image_1626.png,image_1626.jpg,image_1626.png,multiclass_values_0_1_2,0,1,2,G1020_image_1626,True,paired_standardized_and_visual_sample_reviewed,"G1020 image/mask pair matched by file ID; mask standardized to project {0,1,2} convention."
glaucoma_fundus_imaging_bundle,G1020,image_163,data/external/kaggle/glaucoma_fundus_imaging_bundle/G1020/Images/image_163.jpg,data/processed/standardized_masks/g1020/image_163.png,data/external/kaggle/glaucoma_fundus_imaging_bundle/G1020/Images/image_163.jpg,data/processed/standardized_masks/g1020/image_163.png,image_163.jpg,image_163.png,multiclass_values_0_1_2,0,1,2,G1020_image_163,True,paired_standardized_and_visual_sample_reviewed,"G1020 image/mask pair matched by file ID; mask standardized to project {0,1,2} convention."
glaucoma_fundus_imaging_bundle,G1020,image_164,data/external/kaggle/glaucoma_fundus_imaging_bundle/G1020/Images/image_164.jpg,data/processed/standardized_masks/g1020/image_164.png,data/external/kaggle/glaucoma_fundus_imaging_bundle/G1020/Images/image_164.jpg,data/processed/standardized_masks/g1020/image_164.png,image_164.jpg,image_164.png,multiclass_values_0_1_2,0,1,2,G1020_image_164,True,paired_standardized_and_visual_sample_reviewed,"G1020 image/mask pair matched by file ID; mask standardized to project {0,1,2} convention."
glaucoma_fundus_imaging_bundle,G1020,image_1644,data/external/kaggle/glaucoma_fundus_imaging_bundle/G1020/Images/image_1644.jpg,data/processed/standardized_masks/g1020/image_1644.png,data/external/kaggle/glaucoma_fundus_imaging_bundle/G1020/Images/image_1644.jpg,data/processed/standardized_masks/g1020/image_1644.png,image_1644.jpg,image_1644.png,multiclass_values_0_1_2,0,1,2,G1020_image_1644,True,paired_standardized_and_visual_sample_reviewed,"G1020 image/mask pair matched by file ID; mask standardized to project {0,1,2} convention."
glaucoma_fundus_imaging_bundle,G1020,image_1645,data/external/kaggle/glaucoma_fundus_imaging_bundle/G1020/Images/image_1645.jpg,data/processed/standardized_masks/g1020/image_1645.png,data/external/kaggle/glaucoma_fundus_imaging_bundle/G1020/Images/image_1645.jpg,data/processed/standardized_masks/g1020/image_1645.png,image_1645.jpg,image_1645.png,multiclass_values_0_1_2,0,1,2,G1020_image_1645,True,paired_standardized_and_visual_sample_reviewed,"G1020 image/mask pair matched by file ID; mask standardized to project {0,1,2} convention."
glaucoma_fundus_imaging_bundle,G1020,image_1652,data/external/kaggle/glaucoma_fundus_imaging_bundle/G1020/Images/image_1652.jpg,data/processed/standardized_masks/g1020/image_1652.png,data/external/kaggle/glaucoma_fundus_imaging_bundle/G1020/Images/image_1652.jpg,data/processed/standardized_masks/g1020/image_1652.png,image_1652.jpg,image_1652.png,multiclass_values_0_1_2,0,1,2,G1020_image_1652,True,paired_standardized_and_visual_sample_reviewed,"G1020 image/mask pair matched by file ID; mask standardized to project {0,1,2} convention."
glaucoma_fundus_imaging_bundle,G1020,image_1653,data/external/kaggle/glaucoma_fundus_imaging_bundle/G1020/Images/image_1653.jpg,data/processed/standardized_masks/g1020/image_1653.png,data/external/kaggle/glaucoma_fundus_imaging_bundle/G1020/Images/image_1653.jpg,data/processed/standardized_masks/g1020/image_1653.png,image_1653.jpg,image_1653.png,multiclass_values_0_1_2,0,1,2,G1020_image_1653,True,paired_standardized_and_visual_sample_reviewed,"G1020 image/mask pair matched by file ID; mask standardized to project {0,1,2} convention."
glaucoma_fundus_imaging_bundle,G1020,image_1686,data/external/kaggle/glaucoma_fundus_imaging_bundle/G1020/Images/image_1686.jpg,data/processed/standardized_masks/g1020/image_1686.png,data/external/kaggle/glaucoma_fundus_imaging_bundle/G1020/Images/image_1686.jpg,data/processed/standardized_masks/g1020/image_1686.png,image_1686.jpg,image_1686.png,multiclass_values_0_1_2,0,1,2,G1020_image_1686,True,paired_standardized_and_visual_sample_reviewed,"G1020 image/mask pair matched by file ID; mask standardized to project {0,1,2} convention."
glaucoma_fundus_imaging_bundle,G1020,image_1687,data/external/kaggle/glaucoma_fundus_imaging_bundle/G1020/Images/image_1687.jpg,data/processed/standardized_masks/g1020/image_1687.png,data/external/kaggle/glaucoma_fundus_imaging_bundle/G1020/Images/image_1687.jpg,data/processed/standardized_masks/g1020/image_1687.png,image_1687.jpg,image_1687.png,multiclass_values_0_1_2,0,1,2,G1020_image_1687,True,paired_standardized_and_visual_sample_reviewed,"G1020 image/mask pair matched by file ID; mask standardized to project {0,1,2} convention."
glaucoma_fundus_imaging_bundle,G1020,image_1691,data/external/kaggle/glaucoma_fundus_imaging_bundle/G1020/Images/image_1691.jpg,data/processed/standardized_masks/g1020/image_1691.png,data/external/kaggle/glaucoma_fundus_imaging_bundle/G1020/Images/image_1691.jpg,data/processed/standardized_masks/g1020/image_1691.png,image_1691.jpg,image_1691.png,multiclass_values_0_1_2,0,1,2,G1020_image_1691,True,paired_standardized_and_visual_sample_reviewed,"G1020 image/mask pair matched by file ID; mask standardized to project {0,1,2} convention."
glaucoma_fundus_imaging_bundle,G1020,image_1692,data/external/kaggle/glaucoma_fundus_imaging_bundle/G1020/Images/image_1692.jpg,data/processed/standardized_masks/g1020/image_1692.png,data/external/kaggle/glaucoma_fundus_imaging_bundle/G1020/Images/image_1692.jpg,data/processed/standardized_masks/g1020/image_1692.png,image_1692.jpg,image_1692.png,multiclass_values_0_1_2,0,1,2,G1020_image_1692,True,paired_standardized_and_visual_sample_reviewed,"G1020 image/mask pair matched by file ID; mask standardized to project {0,1,2} convention."
glaucoma_fundus_imaging_bundle,G1020,image_1693,data/external/kaggle/glaucoma_fundus_imaging_bundle/G1020/Images/image_1693.jpg,data/processed/standardized_masks/g1020/image_1693.png,data/external/kaggle/glaucoma_fundus_imaging_bundle/G1020/Images/image_1693.jpg,data/processed/standardized_masks/g1020/image_1693.png,image_1693.jpg,image_1693.png,multiclass_values_0_1_2,0,1,2,G1020_image_1693,True,paired_standardized_and_visual_sample_reviewed,"G1020 image/mask pair matched by file ID; mask standardized to project {0,1,2} convention."
glaucoma_fundus_imaging_bundle,G1020,image_1694,data/external/kaggle/glaucoma_fundus_imaging_bundle/G1020/Images/image_1694.jpg,data/processed/standardized_masks/g1020/image_1694.png,data/external/kaggle/glaucoma_fundus_imaging_bundle/G1020/Images/image_1694.jpg,data/processed/standardized_masks/g1020/image_1694.png,image_1694.jpg,image_1694.png,multiclass_values_0_1_2,0,1,2,G1020_image_1694,True,paired_standardized_and_visual_sample_reviewed,"G1020 image/mask pair matched by file ID; mask standardized to project {0,1,2} convention."
glaucoma_fundus_imaging_bundle,G1020,image_1695,data/external/kaggle/glaucoma_fundus_imaging_bundle/G1020/Images/image_1695.jpg,data/processed/standardized_masks/g1020/image_1695.png,data/external/kaggle/glaucoma_fundus_imaging_bundle/G1020/Images/image_1695.jpg,data/processed/standardized_masks/g1020/image_1695.png,image_1695.jpg,image_1695.png,multiclass_values_0_1_2,0,1,2,G1020_image_1695,True,paired_standardized_and_visual_sample_reviewed,"G1020 image/mask pair matched by file ID; mask standardized to project {0,1,2} convention."
glaucoma_fundus_imaging_bundle,G1020,image_1696,data/external/kaggle/glaucoma_fundus_imaging_bundle/G1020/Images/image_1696.jpg,data/processed/standardized_masks/g1020/image_1696.png,data/external/kaggle/glaucoma_fundus_imaging_bundle/G1020/Images/image_1696.jpg,data/processed/standardized_masks/g1020/image_1696.png,image_1696.jpg,image_1696.png,multiclass_values_0_1_2,0,1,2,G1020_image_1696,True,paired_standardized_and_visual_sample_reviewed,"G1020 image/mask pair matched by file ID; mask standardized to project {0,1,2} convention."
glaucoma_fundus_imaging_bundle,G1020,image_1697,data/external/kaggle/glaucoma_fundus_imaging_bundle/G1020/Images/image_1697.jpg,data/processed/standardized_masks/g1020/image_1697.png,data/external/kaggle/glaucoma_fundus_imaging_bundle/G1020/Images/image_1697.jpg,data/processed/standardized_masks/g1020/image_1697.png,image_1697.jpg,image_1697.png,multiclass_values_0_1_2,0,1,2,G1020_image_1697,True,paired_standardized_and_visual_sample_reviewed,"G1020 image/mask pair matched by file ID; mask standardized to project {0,1,2} convention."
glaucoma_fundus_imaging_bundle,G1020,image_1698,data/external/kaggle/glaucoma_fundus_imaging_bundle/G1020/Images/image_1698.jpg,data/processed/standardized_masks/g1020/image_1698.png,data/external/kaggle/glaucoma_fundus_imaging_bundle/G1020/Images/image_1698.jpg,data/processed/standardized_masks/g1020/image_1698.png,image_1698.jpg,image_1698.png,multiclass_values_0_1_2,0,1,2,G1020_image_1698,True,paired_standardized_and_visual_sample_reviewed,"G1020 image/mask pair matched by file ID; mask standardized to project {0,1,2} convention."
glaucoma_fundus_imaging_bundle,G1020,image_1699,data/external/kaggle/glaucoma_fundus_imaging_bundle/G1020/Images/image_1699.jpg,data/processed/standardized_masks/g1020/image_1699.png,data/external/kaggle/glaucoma_fundus_imaging_bundle/G1020/Images/image_1699.jpg,data/processed/standardized_masks/g1020/image_1699.png,image_1699.jpg,image_1699.png,multiclass_values_0_1_2,0,1,2,G1020_image_1699,True,paired_standardized_and_visual_sample_reviewed,"G1020 image/mask pair matched by file ID; mask standardized to project {0,1,2} convention."
glaucoma_fundus_imaging_bundle,G1020,image_170,data/external/kaggle/glaucoma_fundus_imaging_bundle/G1020/Images/image_170.jpg,data/processed/standardized_masks/g1020/image_170.png,data/external/kaggle/glaucoma_fundus_imaging_bundle/G1020/Images/image_170.jpg,data/processed/standardized_masks/g1020/image_170.png,image_170.jpg,image_170.png,multiclass_values_0_1_2,0,1,2,G1020_image_170,True,paired_standardized_and_visual_sample_reviewed,"G1020 image/mask pair matched by file ID; mask standardized to project {0,1,2} convention."
glaucoma_fundus_imaging_bundle,G1020,image_1700,data/external/kaggle/glaucoma_fundus_imaging_bundle/G1020/Images/image_1700.jpg,data/processed/standardized_masks/g1020/image_1700.png,data/external/kaggle/glaucoma_fundus_imaging_bundle/G1020/Images/image_1700.jpg,data/processed/standardized_masks/g1020/image_1700.png,image_1700.jpg,image_1700.png,multiclass_values_0_1_2,0,1,2,G1020_image_1700,True,paired_standardized_and_visual_sample_reviewed,"G1020 image/mask pair matched by file ID; mask standardized to project {0,1,2} convention."
glaucoma_fundus_imaging_bundle,G1020,image_1701,data/external/kaggle/glaucoma_fundus_imaging_bundle/G1020/Images/image_1701.jpg,data/processed/standardized_masks/g1020/image_1701.png,data/external/kaggle/glaucoma_fundus_imaging_bundle/G1020/Images/image_1701.jpg,data/processed/standardized_masks/g1020/image_1701.png,image_1701.jpg,image_1701.png,multiclass_values_0_1_2,0,1,2,G1020_image_1701,True,paired_standardized_and_visual_sample_reviewed,"G1020 image/mask pair matched by file ID; mask standardized to project {0,1,2} convention."
glaucoma_fundus_imaging_bundle,G1020,image_1702,data/external/kaggle/glaucoma_fundus_imaging_bundle/G1020/Images/image_1702.jpg,data/processed/standardized_masks/g1020/image_1702.png,data/external/kaggle/glaucoma_fundus_imaging_bundle/G1020/Images/image_1702.jpg,data/processed/standardized_masks/g1020/image_1702.png,image_1702.jpg,image_1702.png,multiclass_values_0_1_2,0,1,2,G1020_image_1702,True,paired_standardized_and_visual_sample_reviewed,"G1020 image/mask pair matched by file ID; mask standardized to project {0,1,2} convention."
glaucoma_fundus_imaging_bundle,G1020,image_1703,data/external/kaggle/glaucoma_fundus_imaging_bundle/G1020/Images/image_1703.jpg,data/processed/standardized_masks/g1020/image_1703.png,data/external/kaggle/glaucoma_fundus_imaging_bundle/G1020/Images/image_1703.jpg,data/processed/standardized_masks/g1020/image_1703.png,image_1703.jpg,image_1703.png,multiclass_values_0_1_2,0,1,2,G1020_image_1703,True,paired_standardized_and_visual_sample_reviewed,"G1020 image/mask pair matched by file ID; mask standardized to project {0,1,2} convention."
glaucoma_fundus_imaging_bundle,G1020,image_1704,data/external/kaggle/glaucoma_fundus_imaging_bundle/G1020/Images/image_1704.jpg,data/processed/standardized_masks/g1020/image_1704.png,data/external/kaggle/glaucoma_fundus_imaging_bundle/G1020/Images/image_1704.jpg,data/processed/standardized_masks/g1020/image_1704.png,image_1704.jpg,image_1704.png,multiclass_values_0_1_2,0,1,2,G1020_image_1704,True,paired_standardized_and_visual_sample_reviewed,"G1020 image/mask pair matched by file ID; mask standardized to project {0,1,2} convention."
glaucoma_fundus_imaging_bundle,G1020,image_171,data/external/kaggle/glaucoma_fundus_imaging_bundle/G1020/Images/image_171.jpg,data/processed/standardized_masks/g1020/image_171.png,data/external/kaggle/glaucoma_fundus_imaging_bundle/G1020/Images/image_171.jpg,data/processed/standardized_masks/g1020/image_171.png,image_171.jpg,image_171.png,multiclass_values_0_1_2,0,1,2,G1020_image_171,True,paired_standardized_and_visual_sample_reviewed,"G1020 image/mask pair matched by file ID; mask standardized to project {0,1,2} convention."
glaucoma_fundus_imaging_bundle,G1020,image_1710,data/external/kaggle/glaucoma_fundus_imaging_bundle/G1020/Images/image_1710.jpg,data/processed/standardized_masks/g1020/image_1710.png,data/external/kaggle/glaucoma_fundus_imaging_bundle/G1020/Images/image_1710.jpg,data/processed/standardized_masks/g1020/image_1710.png,image_1710.jpg,image_1710.png,multiclass_values_0_1_2,0,1,2,G1020_image_1710,True,paired_standardized_and_visual_sample_reviewed,"G1020 image/mask pair matched by file ID; mask standardized to project {0,1,2} convention."
glaucoma_fundus_imaging_bundle,G1020,image_1711,data/external/kaggle/glaucoma_fundus_imaging_bundle/G1020/Images/image_1711.jpg,data/processed/standardized_masks/g1020/image_1711.png,data/external/kaggle/glaucoma_fundus_imaging_bundle/G1020/Images/image_1711.jpg,data/processed/standardized_masks/g1020/image_1711.png,image_1711.jpg,image_1711.png,multiclass_values_0_1_2,0,1,2,G1020_image_1711,True,paired_standardized_and_visual_sample_reviewed,"G1020 image/mask pair matched by file ID; mask standardized to project {0,1,2} convention."
glaucoma_fundus_imaging_bundle,G1020,image_1712,data/external/kaggle/glaucoma_fundus_imaging_bundle/G1020/Images/image_1712.jpg,data/processed/standardized_masks/g1020/image_1712.png,data/external/kaggle/glaucoma_fundus_imaging_bundle/G1020/Images/image_1712.jpg,data/processed/standardized_masks/g1020/image_1712.png,image_1712.jpg,image_1712.png,multiclass_values_0_1_2,0,1,2,G1020_image_1712,True,paired_standardized_and_visual_sample_reviewed,"G1020 image/mask pair matched by file ID; mask standardized to project {0,1,2} convention."
glaucoma_fundus_imaging_bundle,G1020,image_1713,data/external/kaggle/glaucoma_fundus_imaging_bundle/G1020/Images/image_1713.jpg,data/processed/standardized_masks/g1020/image_1713.png,data/external/kaggle/glaucoma_fundus_imaging_bundle/G1020/Images/image_1713.jpg,data/processed/standardized_masks/g1020/image_1713.png,image_1713.jpg,image_1713.png,multiclass_values_0_1_2,0,1,2,G1020_image_1713,True,paired_standardized_and_visual_sample_reviewed,"G1020 image/mask pair matched by file ID; mask standardized to project {0,1,2} convention."
glaucoma_fundus_imaging_bundle,G1020,image_1714,data/external/kaggle/glaucoma_fundus_imaging_bundle/G1020/Images/image_1714.jpg,data/processed/standardized_masks/g1020/image_1714.png,data/external/kaggle/glaucoma_fundus_imaging_bundle/G1020/Images/image_1714.jpg,data/processed/standardized_masks/g1020/image_1714.png,image_1714.jpg,image_1714.png,multiclass_values_0_1_2,0,1,2,G1020_image_1714,True,paired_standardized_and_visual_sample_reviewed,"G1020 image/mask pair matched by file ID; mask standardized to project {0,1,2} convention."
glaucoma_fundus_imaging_bundle,G1020,image_1715,data/external/kaggle/glaucoma_fundus_imaging_bundle/G1020/Images/image_1715.jpg,data/processed/standardized_masks/g1020/image_1715.png,data/external/kaggle/glaucoma_fundus_imaging_bundle/G1020/Images/image_1715.jpg,data/processed/standardized_masks/g1020/image_1715.png,image_1715.jpg,image_1715.png,multiclass_values_0_1_2,0,1,2,G1020_image_1715,True,paired_standardized_and_visual_sample_reviewed,"G1020 image/mask pair matched by file ID; mask standardized to project {0,1,2} convention."
glaucoma_fundus_imaging_bundle,G1020,image_1716,data/external/kaggle/glaucoma_fundus_imaging_bundle/G1020/Images/image_1716.jpg,data/processed/standardized_masks/g1020/image_1716.png,data/external/kaggle/glaucoma_fundus_imaging_bundle/G1020/Images/image_1716.jpg,data/processed/standardized_masks/g1020/image_1716.png,image_1716.jpg,image_1716.png,multiclass_values_0_1_2,0,1,2,G1020_image_1716,True,paired_standardized_and_visual_sample_reviewed,"G1020 image/mask pair matched by file ID; mask standardized to project {0,1,2} convention."
glaucoma_fundus_imaging_bundle,G1020,image_1717,data/external/kaggle/glaucoma_fundus_imaging_bundle/G1020/Images/image_1717.jpg,data/processed/standardized_masks/g1020/image_1717.png,data/external/kaggle/glaucoma_fundus_imaging_bundle/G1020/Images/image_1717.jpg,data/processed/standardized_masks/g1020/image_1717.png,image_1717.jpg,image_1717.png,multiclass_values_0_1_2,0,1,2,G1020_image_1717,True,paired_standardized_and_visual_sample_reviewed,"G1020 image/mask pair matched by file ID; mask standardized to project {0,1,2} convention."
glaucoma_fundus_imaging_bundle,G1020,image_1722,data/external/kaggle/glaucoma_fundus_imaging_bundle/G1020/Images/image_1722.jpg,data/processed/standardized_masks/g1020/image_1722.png,data/external/kaggle/glaucoma_fundus_imaging_bundle/G1020/Images/image_1722.jpg,data/processed/standardized_masks/g1020/image_1722.png,image_1722.jpg,image_1722.png,multiclass_values_0_1_2,0,1,2,G1020_image_1722,True,paired_standardized_and_visual_sample_reviewed,"G1020 image/mask pair matched by file ID; mask standardized to project {0,1,2} convention."
glaucoma_fundus_imaging_bundle,G1020,image_1723,data/external/kaggle/glaucoma_fundus_imaging_bundle/G1020/Images/image_1723.jpg,data/processed/standardized_masks/g1020/image_1723.png,data/external/kaggle/glaucoma_fundus_imaging_bundle/G1020/Images/image_1723.jpg,data/processed/standardized_masks/g1020/image_1723.png,image_1723.jpg,image_1723.png,multiclass_values_0_1_2,0,1,2,G1020_image_1723,True,paired_standardized_and_visual_sample_reviewed,"G1020 image/mask pair matched by file ID; mask standardized to project {0,1,2} convention."
glaucoma_fundus_imaging_bundle,G1020,image_1724,data/external/kaggle/glaucoma_fundus_imaging_bundle/G1020/Images/image_1724.jpg,data/processed/standardized_masks/g1020/image_1724.png,data/external/kaggle/glaucoma_fundus_imaging_bundle/G1020/Images/image_1724.jpg,data/processed/standardized_masks/g1020/image_1724.png,image_1724.jpg,image_1724.png,multiclass_values_0_1_2,0,1,2,G1020_image_1724,True,paired_standardized_and_visual_sample_reviewed,"G1020 image/mask pair matched by file ID; mask standardized to project {0,1,2} convention."
glaucoma_fundus_imaging_bundle,G1020,image_1742,data/external/kaggle/glaucoma_fundus_imaging_bundle/G1020/Images/image_1742.jpg,data/processed/standardized_masks/g1020/image_1742.png,data/external/kaggle/glaucoma_fundus_imaging_bundle/G1020/Images/image_1742.jpg,data/processed/standardized_masks/g1020/image_1742.png,image_1742.jpg,image_1742.png,multiclass_values_0_1_2,0,1,2,G1020_image_1742,True,paired_standardized_and_visual_sample_reviewed,"G1020 image/mask pair matched by file ID; mask standardized to project {0,1,2} convention."
glaucoma_fundus_imaging_bundle,G1020,image_1745,data/external/kaggle/glaucoma_fundus_imaging_bundle/G1020/Images/image_1745.jpg,data/processed/standardized_masks/g1020/image_1745.png,data/external/kaggle/glaucoma_fundus_imaging_bundle/G1020/Images/image_1745.jpg,data/processed/standardized_masks/g1020/image_1745.png,image_1745.jpg,image_1745.png,multiclass_values_0_1_2,0,1,2,G1020_image_1745,True,paired_standardized_and_visual_sample_reviewed,"G1020 image/mask pair matched by file ID; mask standardized to project {0,1,2} convention."
glaucoma_fundus_imaging_bundle,G1020,image_1746,data/external/kaggle/glaucoma_fundus_imaging_bundle/G1020/Images/image_1746.jpg,data/processed/standardized_masks/g1020/image_1746.png,data/external/kaggle/glaucoma_fundus_imaging_bundle/G1020/Images/image_1746.jpg,data/processed/standardized_masks/g1020/image_1746.png,image_1746.jpg,image_1746.png,multiclass_values_0_1_2,0,1,2,G1020_image_1746,True,paired_standardized_and_visual_sample_reviewed,"G1020 image/mask pair matched by file ID; mask standardized to project {0,1,2} convention."
glaucoma_fundus_imaging_bundle,G1020,image_1747,data/external/kaggle/glaucoma_fundus_imaging_bundle/G1020/Images/image_1747.jpg,data/processed/standardized_masks/g1020/image_1747.png,data/external/kaggle/glaucoma_fundus_imaging_bundle/G1020/Images/image_1747.jpg,data/processed/standardized_masks/g1020/image_1747.png,image_1747.jpg,image_1747.png,multiclass_values_0_1_2,0,1,2,G1020_image_1747,True,paired_standardized_and_visual_sample_reviewed,"G1020 image/mask pair matched by file ID; mask standardized to project {0,1,2} convention."
glaucoma_fundus_imaging_bundle,G1020,image_1748,data/external/kaggle/glaucoma_fundus_imaging_bundle/G1020/Images/image_1748.jpg,data/processed/standardized_masks/g1020/image_1748.png,data/external/kaggle/glaucoma_fundus_imaging_bundle/G1020/Images/image_1748.jpg,data/processed/standardized_masks/g1020/image_1748.png,image_1748.jpg,image_1748.png,multiclass_values_0_1_2,0,1,2,G1020_image_1748,True,paired_standardized_and_visual_sample_reviewed,"G1020 image/mask pair matched by file ID; mask standardized to project {0,1,2} convention."
glaucoma_fundus_imaging_bundle,G1020,image_1759,data/external/kaggle/glaucoma_fundus_imaging_bundle/G1020/Images/image_1759.jpg,data/processed/standardized_masks/g1020/image_1759.png,data/external/kaggle/glaucoma_fundus_imaging_bundle/G1020/Images/image_1759.jpg,data/processed/standardized_masks/g1020/image_1759.png,image_1759.jpg,image_1759.png,multiclass_values_0_1_2,0,1,2,G1020_image_1759,True,paired_standardized_and_visual_sample_reviewed,"G1020 image/mask pair matched by file ID; mask standardized to project {0,1,2} convention."
glaucoma_fundus_imaging_bundle,G1020,image_1760,data/external/kaggle/glaucoma_fundus_imaging_bundle/G1020/Images/image_1760.jpg,data/processed/standardized_masks/g1020/image_1760.png,data/external/kaggle/glaucoma_fundus_imaging_bundle/G1020/Images/image_1760.jpg,data/processed/standardized_masks/g1020/image_1760.png,image_1760.jpg,image_1760.png,multiclass_values_0_1_2,0,1,2,G1020_image_1760,True,paired_standardized_and_visual_sample_reviewed,"G1020 image/mask pair matched by file ID; mask standardized to project {0,1,2} convention."
glaucoma_fundus_imaging_bundle,G1020,image_1765,data/external/kaggle/glaucoma_fundus_imaging_bundle/G1020/Images/image_1765.jpg,data/processed/standardized_masks/g1020/image_1765.png,data/external/kaggle/glaucoma_fundus_imaging_bundle/G1020/Images/image_1765.jpg,data/processed/standardized_masks/g1020/image_1765.png,image_1765.jpg,image_1765.png,multiclass_values_0_1_2,0,1,2,G1020_image_1765,True,paired_standardized_and_visual_sample_reviewed,"G1020 image/mask pair matched by file ID; mask standardized to project {0,1,2} convention."
glaucoma_fundus_imaging_bundle,G1020,image_1766,data/external/kaggle/glaucoma_fundus_imaging_bundle/G1020/Images/image_1766.jpg,data/processed/standardized_masks/g1020/image_1766.png,data/external/kaggle/glaucoma_fundus_imaging_bundle/G1020/Images/image_1766.jpg,data/processed/standardized_masks/g1020/image_1766.png,image_1766.jpg,image_1766.png,multiclass_values_0_1_2,0,1,2,G1020_image_1766,True,paired_standardized_and_visual_sample_reviewed,"G1020 image/mask pair matched by file ID; mask standardized to project {0,1,2} convention."
glaucoma_fundus_imaging_bundle,G1020,image_1767,data/external/kaggle/glaucoma_fundus_imaging_bundle/G1020/Images/image_1767.jpg,data/processed/standardized_masks/g1020/image_1767.png,data/external/kaggle/glaucoma_fundus_imaging_bundle/G1020/Images/image_1767.jpg,data/processed/standardized_masks/g1020/image_1767.png,image_1767.jpg,image_1767.png,multiclass_values_0_1_2,0,1,2,G1020_image_1767,True,paired_standardized_and_visual_sample_reviewed,"G1020 image/mask pair matched by file ID; mask standardized to project {0,1,2} convention."
glaucoma_fundus_imaging_bundle,G1020,image_1768,data/external/kaggle/glaucoma_fundus_imaging_bundle/G1020/Images/image_1768.jpg,data/processed/standardized_masks/g1020/image_1768.png,data/external/kaggle/glaucoma_fundus_imaging_bundle/G1020/Images/image_1768.jpg,data/processed/standardized_masks/g1020/image_1768.png,image_1768.jpg,image_1768.png,multiclass_values_0_1_2,0,1,2,G1020_image_1768,True,paired_standardized_and_visual_sample_reviewed,"G1020 image/mask pair matched by file ID; mask standardized to project {0,1,2} convention."
glaucoma_fundus_imaging_bundle,G1020,image_1786,data/external/kaggle/glaucoma_fundus_imaging_bundle/G1020/Images/image_1786.jpg,data/processed/standardized_masks/g1020/image_1786.png,data/external/kaggle/glaucoma_fundus_imaging_bundle/G1020/Images/image_1786.jpg,data/processed/standardized_masks/g1020/image_1786.png,image_1786.jpg,image_1786.png,multiclass_values_0_1_2,0,1,2,G1020_image_1786,True,paired_standardized_and_visual_sample_reviewed,"G1020 image/mask pair matched by file ID; mask standardized to project {0,1,2} convention."
glaucoma_fundus_imaging_bundle,G1020,image_1787,data/external/kaggle/glaucoma_fundus_imaging_bundle/G1020/Images/image_1787.jpg,data/processed/standardized_masks/g1020/image_1787.png,data/external/kaggle/glaucoma_fundus_imaging_bundle/G1020/Images/image_1787.jpg,data/processed/standardized_masks/g1020/image_1787.png,image_1787.jpg,image_1787.png,multiclass_values_0_1_2,0,1,2,G1020_image_1787,True,paired_standardized_and_visual_sample_reviewed,"G1020 image/mask pair matched by file ID; mask standardized to project {0,1,2} convention."
glaucoma_fundus_imaging_bundle,G1020,image_1788,data/external/kaggle/glaucoma_fundus_imaging_bundle/G1020/Images/image_1788.jpg,data/processed/standardized_masks/g1020/image_1788.png,data/external/kaggle/glaucoma_fundus_imaging_bundle/G1020/Images/image_1788.jpg,data/processed/standardized_masks/g1020/image_1788.png,image_1788.jpg,image_1788.png,multiclass_values_0_1_2,0,1,2,G1020_image_1788,True,paired_standardized_and_visual_sample_reviewed,"G1020 image/mask pair matched by file ID; mask standardized to project {0,1,2} convention."
glaucoma_fundus_imaging_bundle,G1020,image_1789,data/external/kaggle/glaucoma_fundus_imaging_bundle/G1020/Images/image_1789.jpg,data/processed/standardized_masks/g1020/image_1789.png,data/external/kaggle/glaucoma_fundus_imaging_bundle/G1020/Images/image_1789.jpg,data/processed/standardized_masks/g1020/image_1789.png,image_1789.jpg,image_1789.png,multiclass_values_0_1_2,0,1,2,G1020_image_1789,True,paired_standardized_and_visual_sample_reviewed,"G1020 image/mask pair matched by file ID; mask standardized to project {0,1,2} convention."
glaucoma_fundus_imaging_bundle,G1020,image_1790,data/external/kaggle/glaucoma_fundus_imaging_bundle/G1020/Images/image_1790.jpg,data/processed/standardized_masks/g1020/image_1790.png,data/external/kaggle/glaucoma_fundus_imaging_bundle/G1020/Images/image_1790.jpg,data/processed/standardized_masks/g1020/image_1790.png,image_1790.jpg,image_1790.png,multiclass_values_0_1_2,0,1,2,G1020_image_1790,True,paired_standardized_and_visual_sample_reviewed,"G1020 image/mask pair matched by file ID; mask standardized to project {0,1,2} convention."
glaucoma_fundus_imaging_bundle,G1020,image_1791,data/external/kaggle/glaucoma_fundus_imaging_bundle/G1020/Images/image_1791.jpg,data/processed/standardized_masks/g1020/image_1791.png,data/external/kaggle/glaucoma_fundus_imaging_bundle/G1020/Images/image_1791.jpg,data/processed/standardized_masks/g1020/image_1791.png,image_1791.jpg,image_1791.png,multiclass_values_0_1_2,0,1,2,G1020_image_1791,True,paired_standardized_and_visual_sample_reviewed,"G1020 image/mask pair matched by file ID; mask standardized to project {0,1,2} convention."
glaucoma_fundus_imaging_bundle,G1020,image_1796,data/external/kaggle/glaucoma_fundus_imaging_bundle/G1020/Images/image_1796.jpg,data/processed/standardized_masks/g1020/image_1796.png,data/external/kaggle/glaucoma_fundus_imaging_bundle/G1020/Images/image_1796.jpg,data/processed/standardized_masks/g1020/image_1796.png,image_1796.jpg,image_1796.png,multiclass_values_0_1_2,0,1,2,G1020_image_1796,True,paired_standardized_and_visual_sample_reviewed,"G1020 image/mask pair matched by file ID; mask standardized to project {0,1,2} convention."
glaucoma_fundus_imaging_bundle,G1020,image_1797,data/external/kaggle/glaucoma_fundus_imaging_bundle/G1020/Images/image_1797.jpg,data/processed/standardized_masks/g1020/image_1797.png,data/external/kaggle/glaucoma_fundus_imaging_bundle/G1020/Images/image_1797.jpg,data/processed/standardized_masks/g1020/image_1797.png,image_1797.jpg,image_1797.png,multiclass_values_0_1_2,0,1,2,G1020_image_1797,True,paired_standardized_and_visual_sample_reviewed,"G1020 image/mask pair matched by file ID; mask standardized to project {0,1,2} convention."
glaucoma_fundus_imaging_bundle,G1020,image_1798,data/external/kaggle/glaucoma_fundus_imaging_bundle/G1020/Images/image_1798.jpg,data/processed/standardized_masks/g1020/image_1798.png,data/external/kaggle/glaucoma_fundus_imaging_bundle/G1020/Images/image_1798.jpg,data/processed/standardized_masks/g1020/image_1798.png,image_1798.jpg,image_1798.png,multiclass_values_0_1_2,0,1,2,G1020_image_1798,True,paired_standardized_and_visual_sample_reviewed,"G1020 image/mask pair matched by file ID; mask standardized to project {0,1,2} convention."
glaucoma_fundus_imaging_bundle,G1020,image_1799,data/external/kaggle/glaucoma_fundus_imaging_bundle/G1020/Images/image_1799.jpg,data/processed/standardized_masks/g1020/image_1799.png,data/external/kaggle/glaucoma_fundus_imaging_bundle/G1020/Images/image_1799.jpg,data/processed/standardized_masks/g1020/image_1799.png,image_1799.jpg,image_1799.png,multiclass_values_0_1_2,0,1,2,G1020_image_1799,True,paired_standardized_and_visual_sample_reviewed,"G1020 image/mask pair matched by file ID; mask standardized to project {0,1,2} convention."
glaucoma_fundus_imaging_bundle,G1020,image_18,data/external/kaggle/glaucoma_fundus_imaging_bundle/G1020/Images/image_18.jpg,data/processed/standardized_masks/g1020/image_18.png,data/external/kaggle/glaucoma_fundus_imaging_bundle/G1020/Images/image_18.jpg,data/processed/standardized_masks/g1020/image_18.png,image_18.jpg,image_18.png,multiclass_values_0_1_2,0,1,2,G1020_image_18,True,paired_standardized_and_visual_sample_reviewed,"G1020 image/mask pair matched by file ID; mask standardized to project {0,1,2} convention."
glaucoma_fundus_imaging_bundle,G1020,image_1824,data/external/kaggle/glaucoma_fundus_imaging_bundle/G1020/Images/image_1824.jpg,data/processed/standardized_masks/g1020/image_1824.png,data/external/kaggle/glaucoma_fundus_imaging_bundle/G1020/Images/image_1824.jpg,data/processed/standardized_masks/g1020/image_1824.png,image_1824.jpg,image_1824.png,multiclass_values_0_1_2,0,1,2,G1020_image_1824,True,paired_standardized_and_visual_sample_reviewed,"G1020 image/mask pair matched by file ID; mask standardized to project {0,1,2} convention."
glaucoma_fundus_imaging_bundle,G1020,image_1825,data/external/kaggle/glaucoma_fundus_imaging_bundle/G1020/Images/image_1825.jpg,data/processed/standardized_masks/g1020/image_1825.png,data/external/kaggle/glaucoma_fundus_imaging_bundle/G1020/Images/image_1825.jpg,data/processed/standardized_masks/g1020/image_1825.png,image_1825.jpg,image_1825.png,multiclass_values_0_1_2,0,1,2,G1020_image_1825,True,paired_standardized_and_visual_sample_reviewed,"G1020 image/mask pair matched by file ID; mask standardized to project {0,1,2} convention."
glaucoma_fundus_imaging_bundle,G1020,image_1842,data/external/kaggle/glaucoma_fundus_imaging_bundle/G1020/Images/image_1842.jpg,data/processed/standardized_masks/g1020/image_1842.png,data/external/kaggle/glaucoma_fundus_imaging_bundle/G1020/Images/image_1842.jpg,data/processed/standardized_masks/g1020/image_1842.png,image_1842.jpg,image_1842.png,multiclass_values_0_1_2,0,1,2,G1020_image_1842,True,paired_standardized_and_visual_sample_reviewed,"G1020 image/mask pair matched by file ID; mask standardized to project {0,1,2} convention."
glaucoma_fundus_imaging_bundle,G1020,image_1843,data/external/kaggle/glaucoma_fundus_imaging_bundle/G1020/Images/image_1843.jpg,data/processed/standardized_masks/g1020/image_1843.png,data/external/kaggle/glaucoma_fundus_imaging_bundle/G1020/Images/image_1843.jpg,data/processed/standardized_masks/g1020/image_1843.png,image_1843.jpg,image_1843.png,multiclass_values_0_1_2,0,1,2,G1020_image_1843,True,paired_standardized_and_visual_sample_reviewed,"G1020 image/mask pair matched by file ID; mask standardized to project {0,1,2} convention."
glaucoma_fundus_imaging_bundle,G1020,image_1844,data/external/kaggle/glaucoma_fundus_imaging_bundle/G1020/Images/image_1844.jpg,data/processed/standardized_masks/g1020/image_1844.png,data/external/kaggle/glaucoma_fundus_imaging_bundle/G1020/Images/image_1844.jpg,data/processed/standardized_masks/g1020/image_1844.png,image_1844.jpg,image_1844.png,multiclass_values_0_1_2,0,1,2,G1020_image_1844,True,paired_standardized_and_visual_sample_reviewed,"G1020 image/mask pair matched by file ID; mask standardized to project {0,1,2} convention."
glaucoma_fundus_imaging_bundle,G1020,image_1845,data/external/kaggle/glaucoma_fundus_imaging_bundle/G1020/Images/image_1845.jpg,data/processed/standardized_masks/g1020/image_1845.png,data/external/kaggle/glaucoma_fundus_imaging_bundle/G1020/Images/image_1845.jpg,data/processed/standardized_masks/g1020/image_1845.png,image_1845.jpg,image_1845.png,multiclass_values_0_1_2,0,1,2,G1020_image_1845,True,paired_standardized_and_visual_sample_reviewed,"G1020 image/mask pair matched by file ID; mask standardized to project {0,1,2} convention."
glaucoma_fundus_imaging_bundle,G1020,image_1847,data/external/kaggle/glaucoma_fundus_imaging_bundle/G1020/Images/image_1847.jpg,data/processed/standardized_masks/g1020/image_1847.png,data/external/kaggle/glaucoma_fundus_imaging_bundle/G1020/Images/image_1847.jpg,data/processed/standardized_masks/g1020/image_1847.png,image_1847.jpg,image_1847.png,multiclass_values_0_1_2,0,1,2,G1020_image_1847,True,paired_standardized_and_visual_sample_reviewed,"G1020 image/mask pair matched by file ID; mask standardized to project {0,1,2} convention."
glaucoma_fundus_imaging_bundle,G1020,image_1860,data/external/kaggle/glaucoma_fundus_imaging_bundle/G1020/Images/image_1860.jpg,data/processed/standardized_masks/g1020/image_1860.png,data/external/kaggle/glaucoma_fundus_imaging_bundle/G1020/Images/image_1860.jpg,data/processed/standardized_masks/g1020/image_1860.png,image_1860.jpg,image_1860.png,multiclass_values_0_1_2,0,1,2,G1020_image_1860,True,paired_standardized_and_visual_sample_reviewed,"G1020 image/mask pair matched by file ID; mask standardized to project {0,1,2} convention."
glaucoma_fundus_imaging_bundle,G1020,image_1861,data/external/kaggle/glaucoma_fundus_imaging_bundle/G1020/Images/image_1861.jpg,data/processed/standardized_masks/g1020/image_1861.png,data/external/kaggle/glaucoma_fundus_imaging_bundle/G1020/Images/image_1861.jpg,data/processed/standardized_masks/g1020/image_1861.png,image_1861.jpg,image_1861.png,multiclass_values_0_1_2,0,1,2,G1020_image_1861,True,paired_standardized_and_visual_sample_reviewed,"G1020 image/mask pair matched by file ID; mask standardized to project {0,1,2} convention."
glaucoma_fundus_imaging_bundle,G1020,image_1862,data/external/kaggle/glaucoma_fundus_imaging_bundle/G1020/Images/image_1862.jpg,data/processed/standardized_masks/g1020/image_1862.png,data/external/kaggle/glaucoma_fundus_imaging_bundle/G1020/Images/image_1862.jpg,data/processed/standardized_masks/g1020/image_1862.png,image_1862.jpg,image_1862.png,multiclass_values_0_1_2,0,1,2,G1020_image_1862,True,paired_standardized_and_visual_sample_reviewed,"G1020 image/mask pair matched by file ID; mask standardized to project {0,1,2} convention."
glaucoma_fundus_imaging_bundle,G1020,image_1865,data/external/kaggle/glaucoma_fundus_imaging_bundle/G1020/Images/image_1865.jpg,data/processed/standardized_masks/g1020/image_1865.png,data/external/kaggle/glaucoma_fundus_imaging_bundle/G1020/Images/image_1865.jpg,data/processed/standardized_masks/g1020/image_1865.png,image_1865.jpg,image_1865.png,multiclass_values_0_1_2,0,1,2,G1020_image_1865,True,paired_standardized_and_visual_sample_reviewed,"G1020 image/mask pair matched by file ID; mask standardized to project {0,1,2} convention."
glaucoma_fundus_imaging_bundle,G1020,image_1866,data/external/kaggle/glaucoma_fundus_imaging_bundle/G1020/Images/image_1866.jpg,data/processed/standardized_masks/g1020/image_1866.png,data/external/kaggle/glaucoma_fundus_imaging_bundle/G1020/Images/image_1866.jpg,data/processed/standardized_masks/g1020/image_1866.png,image_1866.jpg,image_1866.png,multiclass_values_0_1_2,0,1,2,G1020_image_1866,True,paired_standardized_and_visual_sample_reviewed,"G1020 image/mask pair matched by file ID; mask standardized to project {0,1,2} convention."
glaucoma_fundus_imaging_bundle,G1020,image_1874,data/external/kaggle/glaucoma_fundus_imaging_bundle/G1020/Images/image_1874.jpg,data/processed/standardized_masks/g1020/image_1874.png,data/external/kaggle/glaucoma_fundus_imaging_bundle/G1020/Images/image_1874.jpg,data/processed/standardized_masks/g1020/image_1874.png,image_1874.jpg,image_1874.png,multiclass_values_0_1_2,0,1,2,G1020_image_1874,True,paired_standardized_and_visual_sample_reviewed,"G1020 image/mask pair matched by file ID; mask standardized to project {0,1,2} convention."
glaucoma_fundus_imaging_bundle,G1020,image_1875,data/external/kaggle/glaucoma_fundus_imaging_bundle/G1020/Images/image_1875.jpg,data/processed/standardized_masks/g1020/image_1875.png,data/external/kaggle/glaucoma_fundus_imaging_bundle/G1020/Images/image_1875.jpg,data/processed/standardized_masks/g1020/image_1875.png,image_1875.jpg,image_1875.png,multiclass_values_0_1_2,0,1,2,G1020_image_1875,True,paired_standardized_and_visual_sample_reviewed,"G1020 image/mask pair matched by file ID; mask standardized to project {0,1,2} convention."
glaucoma_fundus_imaging_bundle,G1020,image_1876,data/external/kaggle/glaucoma_fundus_imaging_bundle/G1020/Images/image_1876.jpg,data/processed/standardized_masks/g1020/image_1876.png,data/external/kaggle/glaucoma_fundus_imaging_bundle/G1020/Images/image_1876.jpg,data/processed/standardized_masks/g1020/image_1876.png,image_1876.jpg,image_1876.png,multiclass_values_0_1_2,0,1,2,G1020_image_1876,True,paired_standardized_and_visual_sample_reviewed,"G1020 image/mask pair matched by file ID; mask standardized to project {0,1,2} convention."
glaucoma_fundus_imaging_bundle,G1020,image_1877,data/external/kaggle/glaucoma_fundus_imaging_bundle/G1020/Images/image_1877.jpg,data/processed/standardized_masks/g1020/image_1877.png,data/external/kaggle/glaucoma_fundus_imaging_bundle/G1020/Images/image_1877.jpg,data/processed/standardized_masks/g1020/image_1877.png,image_1877.jpg,image_1877.png,multiclass_values_0_1_2,0,1,2,G1020_image_1877,True,paired_standardized_and_visual_sample_reviewed,"G1020 image/mask pair matched by file ID; mask standardized to project {0,1,2} convention."
glaucoma_fundus_imaging_bundle,G1020,image_1892,data/external/kaggle/glaucoma_fundus_imaging_bundle/G1020/Images/image_1892.jpg,data/processed/standardized_masks/g1020/image_1892.png,data/external/kaggle/glaucoma_fundus_imaging_bundle/G1020/Images/image_1892.jpg,data/processed/standardized_masks/g1020/image_1892.png,image_1892.jpg,image_1892.png,multiclass_values_0_1_2,0,1,2,G1020_image_1892,True,paired_standardized_and_visual_sample_reviewed,"G1020 image/mask pair matched by file ID; mask standardized to project {0,1,2} convention."
glaucoma_fundus_imaging_bundle,G1020,image_1893,data/external/kaggle/glaucoma_fundus_imaging_bundle/G1020/Images/image_1893.jpg,data/processed/standardized_masks/g1020/image_1893.png,data/external/kaggle/glaucoma_fundus_imaging_bundle/G1020/Images/image_1893.jpg,data/processed/standardized_masks/g1020/image_1893.png,image_1893.jpg,image_1893.png,multiclass_values_0_1_2,0,1,2,G1020_image_1893,True,paired_standardized_and_visual_sample_reviewed,"G1020 image/mask pair matched by file ID; mask standardized to project {0,1,2} convention."
glaucoma_fundus_imaging_bundle,G1020,image_1894,data/external/kaggle/glaucoma_fundus_imaging_bundle/G1020/Images/image_1894.jpg,data/processed/standardized_masks/g1020/image_1894.png,data/external/kaggle/glaucoma_fundus_imaging_bundle/G1020/Images/image_1894.jpg,data/processed/standardized_masks/g1020/image_1894.png,image_1894.jpg,image_1894.png,multiclass_values_0_1_2,0,1,2,G1020_image_1894,True,paired_standardized_and_visual_sample_reviewed,"G1020 image/mask pair matched by file ID; mask standardized to project {0,1,2} convention."
glaucoma_fundus_imaging_bundle,G1020,image_1895,data/external/kaggle/glaucoma_fundus_imaging_bundle/G1020/Images/image_1895.jpg,data/processed/standardized_masks/g1020/image_1895.png,data/external/kaggle/glaucoma_fundus_imaging_bundle/G1020/Images/image_1895.jpg,data/processed/standardized_masks/g1020/image_1895.png,image_1895.jpg,image_1895.png,multiclass_values_0_1_2,0,1,2,G1020_image_1895,True,paired_standardized_and_visual_sample_reviewed,"G1020 image/mask pair matched by file ID; mask standardized to project {0,1,2} convention."
glaucoma_fundus_imaging_bundle,G1020,image_1896,data/external/kaggle/glaucoma_fundus_imaging_bundle/G1020/Images/image_1896.jpg,data/processed/standardized_masks/g1020/image_1896.png,data/external/kaggle/glaucoma_fundus_imaging_bundle/G1020/Images/image_1896.jpg,data/processed/standardized_masks/g1020/image_1896.png,image_1896.jpg,image_1896.png,multiclass_values_0_1_2,0,1,2,G1020_image_1896,True,paired_standardized_and_visual_sample_reviewed,"G1020 image/mask pair matched by file ID; mask standardized to project {0,1,2} convention."
glaucoma_fundus_imaging_bundle,G1020,image_1897,data/external/kaggle/glaucoma_fundus_imaging_bundle/G1020/Images/image_1897.jpg,data/processed/standardized_masks/g1020/image_1897.png,data/external/kaggle/glaucoma_fundus_imaging_bundle/G1020/Images/image_1897.jpg,data/processed/standardized_masks/g1020/image_1897.png,image_1897.jpg,image_1897.png,multiclass_values_0_1_2,0,1,2,G1020_image_1897,True,paired_standardized_and_visual_sample_reviewed,"G1020 image/mask pair matched by file ID; mask standardized to project {0,1,2} convention."
glaucoma_fundus_imaging_bundle,G1020,image_1898,data/external/kaggle/glaucoma_fundus_imaging_bundle/G1020/Images/image_1898.jpg,data/processed/standardized_masks/g1020/image_1898.png,data/external/kaggle/glaucoma_fundus_imaging_bundle/G1020/Images/image_1898.jpg,data/processed/standardized_masks/g1020/image_1898.png,image_1898.jpg,image_1898.png,multiclass_values_0_1_2,0,1,2,G1020_image_1898,True,paired_standardized_and_visual_sample_reviewed,"G1020 image/mask pair matched by file ID; mask standardized to project {0,1,2} convention."
glaucoma_fundus_imaging_bundle,G1020,image_1899,data/external/kaggle/glaucoma_fundus_imaging_bundle/G1020/Images/image_1899.jpg,data/processed/standardized_masks/g1020/image_1899.png,data/external/kaggle/glaucoma_fundus_imaging_bundle/G1020/Images/image_1899.jpg,data/processed/standardized_masks/g1020/image_1899.png,image_1899.jpg,image_1899.png,multiclass_values_0_1_2,0,1,2,G1020_image_1899,True,paired_standardized_and_visual_sample_reviewed,"G1020 image/mask pair matched by file ID; mask standardized to project {0,1,2} convention."
glaucoma_fundus_imaging_bundle,G1020,image_19,data/external/kaggle/glaucoma_fundus_imaging_bundle/G1020/Images/image_19.jpg,data/processed/standardized_masks/g1020/image_19.png,data/external/kaggle/glaucoma_fundus_imaging_bundle/G1020/Images/image_19.jpg,data/processed/standardized_masks/g1020/image_19.png,image_19.jpg,image_19.png,multiclass_values_0_1_2,0,1,2,G1020_image_19,True,paired_standardized_and_visual_sample_reviewed,"G1020 image/mask pair matched by file ID; mask standardized to project {0,1,2} convention."
glaucoma_fundus_imaging_bundle,G1020,image_1901,data/external/kaggle/glaucoma_fundus_imaging_bundle/G1020/Images/image_1901.jpg,data/processed/standardized_masks/g1020/image_1901.png,data/external/kaggle/glaucoma_fundus_imaging_bundle/G1020/Images/image_1901.jpg,data/processed/standardized_masks/g1020/image_1901.png,image_1901.jpg,image_1901.png,multiclass_values_0_1_2,0,1,2,G1020_image_1901,True,paired_standardized_and_visual_sample_reviewed,"G1020 image/mask pair matched by file ID; mask standardized to project {0,1,2} convention."
glaucoma_fundus_imaging_bundle,G1020,image_1902,data/external/kaggle/glaucoma_fundus_imaging_bundle/G1020/Images/image_1902.jpg,data/processed/standardized_masks/g1020/image_1902.png,data/external/kaggle/glaucoma_fundus_imaging_bundle/G1020/Images/image_1902.jpg,data/processed/standardized_masks/g1020/image_1902.png,image_1902.jpg,image_1902.png,multiclass_values_0_1_2,0,1,2,G1020_image_1902,True,paired_standardized_and_visual_sample_reviewed,"G1020 image/mask pair matched by file ID; mask standardized to project {0,1,2} convention."
glaucoma_fundus_imaging_bundle,G1020,image_1903,data/external/kaggle/glaucoma_fundus_imaging_bundle/G1020/Images/image_1903.jpg,data/processed/standardized_masks/g1020/image_1903.png,data/external/kaggle/glaucoma_fundus_imaging_bundle/G1020/Images/image_1903.jpg,data/processed/standardized_masks/g1020/image_1903.png,image_1903.jpg,image_1903.png,multiclass_values_0_1_2,0,1,2,G1020_image_1903,True,paired_standardized_and_visual_sample_reviewed,"G1020 image/mask pair matched by file ID; mask standardized to project {0,1,2} convention."
glaucoma_fundus_imaging_bundle,G1020,image_1904,data/external/kaggle/glaucoma_fundus_imaging_bundle/G1020/Images/image_1904.jpg,data/processed/standardized_masks/g1020/image_1904.png,data/external/kaggle/glaucoma_fundus_imaging_bundle/G1020/Images/image_1904.jpg,data/processed/standardized_masks/g1020/image_1904.png,image_1904.jpg,image_1904.png,multiclass_values_0_1_2,0,1,2,G1020_image_1904,True,paired_standardized_and_visual_sample_reviewed,"G1020 image/mask pair matched by file ID; mask standardized to project {0,1,2} convention."
glaucoma_fundus_imaging_bundle,G1020,image_1912,data/external/kaggle/glaucoma_fundus_imaging_bundle/G1020/Images/image_1912.jpg,data/processed/standardized_masks/g1020/image_1912.png,data/external/kaggle/glaucoma_fundus_imaging_bundle/G1020/Images/image_1912.jpg,data/processed/standardized_masks/g1020/image_1912.png,image_1912.jpg,image_1912.png,multiclass_values_0_1_2,0,1,2,G1020_image_1912,True,paired_standardized_and_visual_sample_reviewed,"G1020 image/mask pair matched by file ID; mask standardized to project {0,1,2} convention."
glaucoma_fundus_imaging_bundle,G1020,image_1913,data/external/kaggle/glaucoma_fundus_imaging_bundle/G1020/Images/image_1913.jpg,data/processed/standardized_masks/g1020/image_1913.png,data/external/kaggle/glaucoma_fundus_imaging_bundle/G1020/Images/image_1913.jpg,data/processed/standardized_masks/g1020/image_1913.png,image_1913.jpg,image_1913.png,multiclass_values_0_1_2,0,1,2,G1020_image_1913,True,paired_standardized_and_visual_sample_reviewed,"G1020 image/mask pair matched by file ID; mask standardized to project {0,1,2} convention."
glaucoma_fundus_imaging_bundle,G1020,image_1914,data/external/kaggle/glaucoma_fundus_imaging_bundle/G1020/Images/image_1914.jpg,data/processed/standardized_masks/g1020/image_1914.png,data/external/kaggle/glaucoma_fundus_imaging_bundle/G1020/Images/image_1914.jpg,data/processed/standardized_masks/g1020/image_1914.png,image_1914.jpg,image_1914.png,multiclass_values_0_1_2,0,1,2,G1020_image_1914,True,paired_standardized_and_visual_sample_reviewed,"G1020 image/mask pair matched by file ID; mask standardized to project {0,1,2} convention."
glaucoma_fundus_imaging_bundle,G1020,image_1915,data/external/kaggle/glaucoma_fundus_imaging_bundle/G1020/Images/image_1915.jpg,data/processed/standardized_masks/g1020/image_1915.png,data/external/kaggle/glaucoma_fundus_imaging_bundle/G1020/Images/image_1915.jpg,data/processed/standardized_masks/g1020/image_1915.png,image_1915.jpg,image_1915.png,multiclass_values_0_1_2,0,1,2,G1020_image_1915,True,paired_standardized_and_visual_sample_reviewed,"G1020 image/mask pair matched by file ID; mask standardized to project {0,1,2} convention."
glaucoma_fundus_imaging_bundle,G1020,image_1916,data/external/kaggle/glaucoma_fundus_imaging_bundle/G1020/Images/image_1916.jpg,data/processed/standardized_masks/g1020/image_1916.png,data/external/kaggle/glaucoma_fundus_imaging_bundle/G1020/Images/image_1916.jpg,data/processed/standardized_masks/g1020/image_1916.png,image_1916.jpg,image_1916.png,multiclass_values_0_1_2,0,1,2,G1020_image_1916,True,paired_standardized_and_visual_sample_reviewed,"G1020 image/mask pair matched by file ID; mask standardized to project {0,1,2} convention."
glaucoma_fundus_imaging_bundle,G1020,image_1917,data/external/kaggle/glaucoma_fundus_imaging_bundle/G1020/Images/image_1917.jpg,data/processed/standardized_masks/g1020/image_1917.png,data/external/kaggle/glaucoma_fundus_imaging_bundle/G1020/Images/image_1917.jpg,data/processed/standardized_masks/g1020/image_1917.png,image_1917.jpg,image_1917.png,multiclass_values_0_1_2,0,1,2,G1020_image_1917,True,paired_standardized_and_visual_sample_reviewed,"G1020 image/mask pair matched by file ID; mask standardized to project {0,1,2} convention."
glaucoma_fundus_imaging_bundle,G1020,image_1922,data/external/kaggle/glaucoma_fundus_imaging_bundle/G1020/Images/image_1922.jpg,data/processed/standardized_masks/g1020/image_1922.png,data/external/kaggle/glaucoma_fundus_imaging_bundle/G1020/Images/image_1922.jpg,data/processed/standardized_masks/g1020/image_1922.png,image_1922.jpg,image_1922.png,multiclass_values_0_1_2,0,1,2,G1020_image_1922,True,paired_standardized_and_visual_sample_reviewed,"G1020 image/mask pair matched by file ID; mask standardized to project {0,1,2} convention."
glaucoma_fundus_imaging_bundle,G1020,image_1923,data/external/kaggle/glaucoma_fundus_imaging_bundle/G1020/Images/image_1923.jpg,data/processed/standardized_masks/g1020/image_1923.png,data/external/kaggle/glaucoma_fundus_imaging_bundle/G1020/Images/image_1923.jpg,data/processed/standardized_masks/g1020/image_1923.png,image_1923.jpg,image_1923.png,multiclass_values_0_1_2,0,1,2,G1020_image_1923,True,paired_standardized_and_visual_sample_reviewed,"G1020 image/mask pair matched by file ID; mask standardized to project {0,1,2} convention."
glaucoma_fundus_imaging_bundle,G1020,image_1924,data/external/kaggle/glaucoma_fundus_imaging_bundle/G1020/Images/image_1924.jpg,data/processed/standardized_masks/g1020/image_1924.png,data/external/kaggle/glaucoma_fundus_imaging_bundle/G1020/Images/image_1924.jpg,data/processed/standardized_masks/g1020/image_1924.png,image_1924.jpg,image_1924.png,multiclass_values_0_1_2,0,1,2,G1020_image_1924,True,paired_standardized_and_visual_sample_reviewed,"G1020 image/mask pair matched by file ID; mask standardized to project {0,1,2} convention."
glaucoma_fundus_imaging_bundle,G1020,image_1925,data/external/kaggle/glaucoma_fundus_imaging_bundle/G1020/Images/image_1925.jpg,data/processed/standardized_masks/g1020/image_1925.png,data/external/kaggle/glaucoma_fundus_imaging_bundle/G1020/Images/image_1925.jpg,data/processed/standardized_masks/g1020/image_1925.png,image_1925.jpg,image_1925.png,multiclass_values_0_1_2,0,1,2,G1020_image_1925,True,paired_standardized_and_visual_sample_reviewed,"G1020 image/mask pair matched by file ID; mask standardized to project {0,1,2} convention."
glaucoma_fundus_imaging_bundle,G1020,image_1926,data/external/kaggle/glaucoma_fundus_imaging_bundle/G1020/Images/image_1926.jpg,data/processed/standardized_masks/g1020/image_1926.png,data/external/kaggle/glaucoma_fundus_imaging_bundle/G1020/Images/image_1926.jpg,data/processed/standardized_masks/g1020/image_1926.png,image_1926.jpg,image_1926.png,multiclass_values_0_1_2,0,1,2,G1020_image_1926,True,paired_standardized_and_visual_sample_reviewed,"G1020 image/mask pair matched by file ID; mask standardized to project {0,1,2} convention."
glaucoma_fundus_imaging_bundle,G1020,image_1927,data/external/kaggle/glaucoma_fundus_imaging_bundle/G1020/Images/image_1927.jpg,data/processed/standardized_masks/g1020/image_1927.png,data/external/kaggle/glaucoma_fundus_imaging_bundle/G1020/Images/image_1927.jpg,data/processed/standardized_masks/g1020/image_1927.png,image_1927.jpg,image_1927.png,multiclass_values_0_1_2,0,1,2,G1020_image_1927,True,paired_standardized_and_visual_sample_reviewed,"G1020 image/mask pair matched by file ID; mask standardized to project {0,1,2} convention."
glaucoma_fundus_imaging_bundle,G1020,image_193,data/external/kaggle/glaucoma_fundus_imaging_bundle/G1020/Images/image_193.jpg,data/processed/standardized_masks/g1020/image_193.png,data/external/kaggle/glaucoma_fundus_imaging_bundle/G1020/Images/image_193.jpg,data/processed/standardized_masks/g1020/image_193.png,image_193.jpg,image_193.png,multiclass_values_0_1_2,0,1,2,G1020_image_193,True,paired_standardized_and_visual_sample_reviewed,"G1020 image/mask pair matched by file ID; mask standardized to project {0,1,2} convention."
glaucoma_fundus_imaging_bundle,G1020,image_1931,data/external/kaggle/glaucoma_fundus_imaging_bundle/G1020/Images/image_1931.jpg,data/processed/standardized_masks/g1020/image_1931.png,data/external/kaggle/glaucoma_fundus_imaging_bundle/G1020/Images/image_1931.jpg,data/processed/standardized_masks/g1020/image_1931.png,image_1931.jpg,image_1931.png,multiclass_values_0_1_2,0,1,2,G1020_image_1931,True,paired_standardized_and_visual_sample_reviewed,"G1020 image/mask pair matched by file ID; mask standardized to project {0,1,2} convention."
glaucoma_fundus_imaging_bundle,G1020,image_1932,data/external/kaggle/glaucoma_fundus_imaging_bundle/G1020/Images/image_1932.jpg,data/processed/standardized_masks/g1020/image_1932.png,data/external/kaggle/glaucoma_fundus_imaging_bundle/G1020/Images/image_1932.jpg,data/processed/standardized_masks/g1020/image_1932.png,image_1932.jpg,image_1932.png,multiclass_values_0_1_2,0,1,2,G1020_image_1932,True,paired_standardized_and_visual_sample_reviewed,"G1020 image/mask pair matched by file ID; mask standardized to project {0,1,2} convention."
glaucoma_fundus_imaging_bundle,G1020,image_1933,data/external/kaggle/glaucoma_fundus_imaging_bundle/G1020/Images/image_1933.jpg,data/processed/standardized_masks/g1020/image_1933.png,data/external/kaggle/glaucoma_fundus_imaging_bundle/G1020/Images/image_1933.jpg,data/processed/standardized_masks/g1020/image_1933.png,image_1933.jpg,image_1933.png,multiclass_values_0_1_2,0,1,2,G1020_image_1933,True,paired_standardized_and_visual_sample_reviewed,"G1020 image/mask pair matched by file ID; mask standardized to project {0,1,2} convention."
glaucoma_fundus_imaging_bundle,G1020,image_1934,data/external/kaggle/glaucoma_fundus_imaging_bundle/G1020/Images/image_1934.jpg,data/processed/standardized_masks/g1020/image_1934.png,data/external/kaggle/glaucoma_fundus_imaging_bundle/G1020/Images/image_1934.jpg,data/processed/standardized_masks/g1020/image_1934.png,image_1934.jpg,image_1934.png,multiclass_values_0_1_2,0,1,2,G1020_image_1934,True,paired_standardized_and_visual_sample_reviewed,"G1020 image/mask pair matched by file ID; mask standardized to project {0,1,2} convention."
glaucoma_fundus_imaging_bundle,G1020,image_1935,data/external/kaggle/glaucoma_fundus_imaging_bundle/G1020/Images/image_1935.jpg,data/processed/standardized_masks/g1020/image_1935.png,data/external/kaggle/glaucoma_fundus_imaging_bundle/G1020/Images/image_1935.jpg,data/processed/standardized_masks/g1020/image_1935.png,image_1935.jpg,image_1935.png,multiclass_values_0_1_2,0,1,2,G1020_image_1935,True,paired_standardized_and_visual_sample_reviewed,"G1020 image/mask pair matched by file ID; mask standardized to project {0,1,2} convention."
glaucoma_fundus_imaging_bundle,G1020,image_1938,data/external/kaggle/glaucoma_fundus_imaging_bundle/G1020/Images/image_1938.jpg,data/processed/standardized_masks/g1020/image_1938.png,data/external/kaggle/glaucoma_fundus_imaging_bundle/G1020/Images/image_1938.jpg,data/processed/standardized_masks/g1020/image_1938.png,image_1938.jpg,image_1938.png,multiclass_values_0_1_2,0,1,2,G1020_image_1938,True,paired_standardized_and_visual_sample_reviewed,"G1020 image/mask pair matched by file ID; mask standardized to project {0,1,2} convention."
glaucoma_fundus_imaging_bundle,G1020,image_1939,data/external/kaggle/glaucoma_fundus_imaging_bundle/G1020/Images/image_1939.jpg,data/processed/standardized_masks/g1020/image_1939.png,data/external/kaggle/glaucoma_fundus_imaging_bundle/G1020/Images/image_1939.jpg,data/processed/standardized_masks/g1020/image_1939.png,image_1939.jpg,image_1939.png,multiclass_values_0_1_2,0,1,2,G1020_image_1939,True,paired_standardized_and_visual_sample_reviewed,"G1020 image/mask pair matched by file ID; mask standardized to project {0,1,2} convention."
glaucoma_fundus_imaging_bundle,G1020,image_194,data/external/kaggle/glaucoma_fundus_imaging_bundle/G1020/Images/image_194.jpg,data/processed/standardized_masks/g1020/image_194.png,data/external/kaggle/glaucoma_fundus_imaging_bundle/G1020/Images/image_194.jpg,data/processed/standardized_masks/g1020/image_194.png,image_194.jpg,image_194.png,multiclass_values_0_1_2,0,1,2,G1020_image_194,True,paired_standardized_and_visual_sample_reviewed,"G1020 image/mask pair matched by file ID; mask standardized to project {0,1,2} convention."
glaucoma_fundus_imaging_bundle,G1020,image_1940,data/external/kaggle/glaucoma_fundus_imaging_bundle/G1020/Images/image_1940.jpg,data/processed/standardized_masks/g1020/image_1940.png,data/external/kaggle/glaucoma_fundus_imaging_bundle/G1020/Images/image_1940.jpg,data/processed/standardized_masks/g1020/image_1940.png,image_1940.jpg,image_1940.png,multiclass_values_0_1_2,0,1,2,G1020_image_1940,True,paired_standardized_and_visual_sample_reviewed,"G1020 image/mask pair matched by file ID; mask standardized to project {0,1,2} convention."
glaucoma_fundus_imaging_bundle,G1020,image_1941,data/external/kaggle/glaucoma_fundus_imaging_bundle/G1020/Images/image_1941.jpg,data/processed/standardized_masks/g1020/image_1941.png,data/external/kaggle/glaucoma_fundus_imaging_bundle/G1020/Images/image_1941.jpg,data/processed/standardized_masks/g1020/image_1941.png,image_1941.jpg,image_1941.png,multiclass_values_0_1_2,0,1,2,G1020_image_1941,True,paired_standardized_and_visual_sample_reviewed,"G1020 image/mask pair matched by file ID; mask standardized to project {0,1,2} convention."
glaucoma_fundus_imaging_bundle,G1020,image_1956,data/external/kaggle/glaucoma_fundus_imaging_bundle/G1020/Images/image_1956.jpg,data/processed/standardized_masks/g1020/image_1956.png,data/external/kaggle/glaucoma_fundus_imaging_bundle/G1020/Images/image_1956.jpg,data/processed/standardized_masks/g1020/image_1956.png,image_1956.jpg,image_1956.png,multiclass_values_0_1_2,0,1,2,G1020_image_1956,True,paired_standardized_and_visual_sample_reviewed,"G1020 image/mask pair matched by file ID; mask standardized to project {0,1,2} convention."
glaucoma_fundus_imaging_bundle,G1020,image_1957,data/external/kaggle/glaucoma_fundus_imaging_bundle/G1020/Images/image_1957.jpg,data/processed/standardized_masks/g1020/image_1957.png,data/external/kaggle/glaucoma_fundus_imaging_bundle/G1020/Images/image_1957.jpg,data/processed/standardized_masks/g1020/image_1957.png,image_1957.jpg,image_1957.png,multiclass_values_0_1_2,0,1,2,G1020_image_1957,True,paired_standardized_and_visual_sample_reviewed,"G1020 image/mask pair matched by file ID; mask standardized to project {0,1,2} convention."
glaucoma_fundus_imaging_bundle,G1020,image_1958,data/external/kaggle/glaucoma_fundus_imaging_bundle/G1020/Images/image_1958.jpg,data/processed/standardized_masks/g1020/image_1958.png,data/external/kaggle/glaucoma_fundus_imaging_bundle/G1020/Images/image_1958.jpg,data/processed/standardized_masks/g1020/image_1958.png,image_1958.jpg,image_1958.png,multiclass_values_0_1_2,0,1,2,G1020_image_1958,True,paired_standardized_and_visual_sample_reviewed,"G1020 image/mask pair matched by file ID; mask standardized to project {0,1,2} convention."
glaucoma_fundus_imaging_bundle,G1020,image_1959,data/external/kaggle/glaucoma_fundus_imaging_bundle/G1020/Images/image_1959.jpg,data/processed/standardized_masks/g1020/image_1959.png,data/external/kaggle/glaucoma_fundus_imaging_bundle/G1020/Images/image_1959.jpg,data/processed/standardized_masks/g1020/image_1959.png,image_1959.jpg,image_1959.png,multiclass_values_0_1_2,0,1,2,G1020_image_1959,True,paired_standardized_and_visual_sample_reviewed,"G1020 image/mask pair matched by file ID; mask standardized to project {0,1,2} convention."
glaucoma_fundus_imaging_bundle,G1020,image_1960,data/external/kaggle/glaucoma_fundus_imaging_bundle/G1020/Images/image_1960.jpg,data/processed/standardized_masks/g1020/image_1960.png,data/external/kaggle/glaucoma_fundus_imaging_bundle/G1020/Images/image_1960.jpg,data/processed/standardized_masks/g1020/image_1960.png,image_1960.jpg,image_1960.png,multiclass_values_0_1_2,0,1,2,G1020_image_1960,True,paired_standardized_and_visual_sample_reviewed,"G1020 image/mask pair matched by file ID; mask standardized to project {0,1,2} convention."
glaucoma_fundus_imaging_bundle,G1020,image_1961,data/external/kaggle/glaucoma_fundus_imaging_bundle/G1020/Images/image_1961.jpg,data/processed/standardized_masks/g1020/image_1961.png,data/external/kaggle/glaucoma_fundus_imaging_bundle/G1020/Images/image_1961.jpg,data/processed/standardized_masks/g1020/image_1961.png,image_1961.jpg,image_1961.png,multiclass_values_0_1_2,0,1,2,G1020_image_1961,True,paired_standardized_and_visual_sample_reviewed,"G1020 image/mask pair matched by file ID; mask standardized to project {0,1,2} convention."
glaucoma_fundus_imaging_bundle,G1020,image_1977,data/external/kaggle/glaucoma_fundus_imaging_bundle/G1020/Images/image_1977.jpg,data/processed/standardized_masks/g1020/image_1977.png,data/external/kaggle/glaucoma_fundus_imaging_bundle/G1020/Images/image_1977.jpg,data/processed/standardized_masks/g1020/image_1977.png,image_1977.jpg,image_1977.png,multiclass_values_0_1_2,0,1,2,G1020_image_1977,True,paired_standardized_and_visual_sample_reviewed,"G1020 image/mask pair matched by file ID; mask standardized to project {0,1,2} convention."
glaucoma_fundus_imaging_bundle,G1020,image_1978,data/external/kaggle/glaucoma_fundus_imaging_bundle/G1020/Images/image_1978.jpg,data/processed/standardized_masks/g1020/image_1978.png,data/external/kaggle/glaucoma_fundus_imaging_bundle/G1020/Images/image_1978.jpg,data/processed/standardized_masks/g1020/image_1978.png,image_1978.jpg,image_1978.png,multiclass_values_0_1_2,0,1,2,G1020_image_1978,True,paired_standardized_and_visual_sample_reviewed,"G1020 image/mask pair matched by file ID; mask standardized to project {0,1,2} convention."
glaucoma_fundus_imaging_bundle,G1020,image_1981,data/external/kaggle/glaucoma_fundus_imaging_bundle/G1020/Images/image_1981.jpg,data/processed/standardized_masks/g1020/image_1981.png,data/external/kaggle/glaucoma_fundus_imaging_bundle/G1020/Images/image_1981.jpg,data/processed/standardized_masks/g1020/image_1981.png,image_1981.jpg,image_1981.png,multiclass_values_0_1_2,0,1,2,G1020_image_1981,True,paired_standardized_and_visual_sample_reviewed,"G1020 image/mask pair matched by file ID; mask standardized to project {0,1,2} convention."
glaucoma_fundus_imaging_bundle,G1020,image_1982,data/external/kaggle/glaucoma_fundus_imaging_bundle/G1020/Images/image_1982.jpg,data/processed/standardized_masks/g1020/image_1982.png,data/external/kaggle/glaucoma_fundus_imaging_bundle/G1020/Images/image_1982.jpg,data/processed/standardized_masks/g1020/image_1982.png,image_1982.jpg,image_1982.png,multiclass_values_0_1_2,0,1,2,G1020_image_1982,True,paired_standardized_and_visual_sample_reviewed,"G1020 image/mask pair matched by file ID; mask standardized to project {0,1,2} convention."
glaucoma_fundus_imaging_bundle,G1020,image_199,data/external/kaggle/glaucoma_fundus_imaging_bundle/G1020/Images/image_199.jpg,data/processed/standardized_masks/g1020/image_199.png,data/external/kaggle/glaucoma_fundus_imaging_bundle/G1020/Images/image_199.jpg,data/processed/standardized_masks/g1020/image_199.png,image_199.jpg,image_199.png,multiclass_values_0_1_2,0,1,2,G1020_image_199,True,paired_standardized_and_visual_sample_reviewed,"G1020 image/mask pair matched by file ID; mask standardized to project {0,1,2} convention."
glaucoma_fundus_imaging_bundle,G1020,image_1999,data/external/kaggle/glaucoma_fundus_imaging_bundle/G1020/Images/image_1999.jpg,data/processed/standardized_masks/g1020/image_1999.png,data/external/kaggle/glaucoma_fundus_imaging_bundle/G1020/Images/image_1999.jpg,data/processed/standardized_masks/g1020/image_1999.png,image_1999.jpg,image_1999.png,multiclass_values_0_1_2,0,1,2,G1020_image_1999,True,paired_standardized_and_visual_sample_reviewed,"G1020 image/mask pair matched by file ID; mask standardized to project {0,1,2} convention."
glaucoma_fundus_imaging_bundle,G1020,image_20,data/external/kaggle/glaucoma_fundus_imaging_bundle/G1020/Images/image_20.jpg,data/processed/standardized_masks/g1020/image_20.png,data/external/kaggle/glaucoma_fundus_imaging_bundle/G1020/Images/image_20.jpg,data/processed/standardized_masks/g1020/image_20.png,image_20.jpg,image_20.png,multiclass_values_0_1_2,0,1,2,G1020_image_20,True,paired_standardized_and_visual_sample_reviewed,"G1020 image/mask pair matched by file ID; mask standardized to project {0,1,2} convention."
glaucoma_fundus_imaging_bundle,G1020,image_200,data/external/kaggle/glaucoma_fundus_imaging_bundle/G1020/Images/image_200.jpg,data/processed/standardized_masks/g1020/image_200.png,data/external/kaggle/glaucoma_fundus_imaging_bundle/G1020/Images/image_200.jpg,data/processed/standardized_masks/g1020/image_200.png,image_200.jpg,image_200.png,multiclass_values_0_1_2,0,1,2,G1020_image_200,True,paired_standardized_and_visual_sample_reviewed,"G1020 image/mask pair matched by file ID; mask standardized to project {0,1,2} convention."
glaucoma_fundus_imaging_bundle,G1020,image_2000,data/external/kaggle/glaucoma_fundus_imaging_bundle/G1020/Images/image_2000.jpg,data/processed/standardized_masks/g1020/image_2000.png,data/external/kaggle/glaucoma_fundus_imaging_bundle/G1020/Images/image_2000.jpg,data/processed/standardized_masks/g1020/image_2000.png,image_2000.jpg,image_2000.png,multiclass_values_0_1_2,0,1,2,G1020_image_2000,True,paired_standardized_and_visual_sample_reviewed,"G1020 image/mask pair matched by file ID; mask standardized to project {0,1,2} convention."
glaucoma_fundus_imaging_bundle,G1020,image_2001,data/external/kaggle/glaucoma_fundus_imaging_bundle/G1020/Images/image_2001.jpg,data/processed/standardized_masks/g1020/image_2001.png,data/external/kaggle/glaucoma_fundus_imaging_bundle/G1020/Images/image_2001.jpg,data/processed/standardized_masks/g1020/image_2001.png,image_2001.jpg,image_2001.png,multiclass_values_0_1_2,0,1,2,G1020_image_2001,True,paired_standardized_and_visual_sample_reviewed,"G1020 image/mask pair matched by file ID; mask standardized to project {0,1,2} convention."
glaucoma_fundus_imaging_bundle,G1020,image_2002,data/external/kaggle/glaucoma_fundus_imaging_bundle/G1020/Images/image_2002.jpg,data/processed/standardized_masks/g1020/image_2002.png,data/external/kaggle/glaucoma_fundus_imaging_bundle/G1020/Images/image_2002.jpg,data/processed/standardized_masks/g1020/image_2002.png,image_2002.jpg,image_2002.png,multiclass_values_0_1_2,0,1,2,G1020_image_2002,True,paired_standardized_and_visual_sample_reviewed,"G1020 image/mask pair matched by file ID; mask standardized to project {0,1,2} convention."
glaucoma_fundus_imaging_bundle,G1020,image_201,data/external/kaggle/glaucoma_fundus_imaging_bundle/G1020/Images/image_201.jpg,data/processed/standardized_masks/g1020/image_201.png,data/external/kaggle/glaucoma_fundus_imaging_bundle/G1020/Images/image_201.jpg,data/processed/standardized_masks/g1020/image_201.png,image_201.jpg,image_201.png,multiclass_values_0_1_2,0,1,2,G1020_image_201,True,paired_standardized_and_visual_sample_reviewed,"G1020 image/mask pair matched by file ID; mask standardized to project {0,1,2} convention."
glaucoma_fundus_imaging_bundle,G1020,image_2019,data/external/kaggle/glaucoma_fundus_imaging_bundle/G1020/Images/image_2019.jpg,data/processed/standardized_masks/g1020/image_2019.png,data/external/kaggle/glaucoma_fundus_imaging_bundle/G1020/Images/image_2019.jpg,data/processed/standardized_masks/g1020/image_2019.png,image_2019.jpg,image_2019.png,multiclass_values_0_1_2,0,1,2,G1020_image_2019,True,paired_standardized_and_visual_sample_reviewed,"G1020 image/mask pair matched by file ID; mask standardized to project {0,1,2} convention."
glaucoma_fundus_imaging_bundle,G1020,image_202,data/external/kaggle/glaucoma_fundus_imaging_bundle/G1020/Images/image_202.jpg,data/processed/standardized_masks/g1020/image_202.png,data/external/kaggle/glaucoma_fundus_imaging_bundle/G1020/Images/image_202.jpg,data/processed/standardized_masks/g1020/image_202.png,image_202.jpg,image_202.png,multiclass_values_0_1_2,0,1,2,G1020_image_202,True,paired_standardized_and_visual_sample_reviewed,"G1020 image/mask pair matched by file ID; mask standardized to project {0,1,2} convention."
glaucoma_fundus_imaging_bundle,G1020,image_2020,data/external/kaggle/glaucoma_fundus_imaging_bundle/G1020/Images/image_2020.jpg,data/processed/standardized_masks/g1020/image_2020.png,data/external/kaggle/glaucoma_fundus_imaging_bundle/G1020/Images/image_2020.jpg,data/processed/standardized_masks/g1020/image_2020.png,image_2020.jpg,image_2020.png,multiclass_values_0_1_2,0,1,2,G1020_image_2020,True,paired_standardized_and_visual_sample_reviewed,"G1020 image/mask pair matched by file ID; mask standardized to project {0,1,2} convention."
glaucoma_fundus_imaging_bundle,G1020,image_2022,data/external/kaggle/glaucoma_fundus_imaging_bundle/G1020/Images/image_2022.jpg,data/processed/standardized_masks/g1020/image_2022.png,data/external/kaggle/glaucoma_fundus_imaging_bundle/G1020/Images/image_2022.jpg,data/processed/standardized_masks/g1020/image_2022.png,image_2022.jpg,image_2022.png,multiclass_values_0_1_2,0,1,2,G1020_image_2022,True,paired_standardized_and_visual_sample_reviewed,"G1020 image/mask pair matched by file ID; mask standardized to project {0,1,2} convention."
glaucoma_fundus_imaging_bundle,G1020,image_2028,data/external/kaggle/glaucoma_fundus_imaging_bundle/G1020/Images/image_2028.jpg,data/processed/standardized_masks/g1020/image_2028.png,data/external/kaggle/glaucoma_fundus_imaging_bundle/G1020/Images/image_2028.jpg,data/processed/standardized_masks/g1020/image_2028.png,image_2028.jpg,image_2028.png,multiclass_values_0_1_2,0,1,2,G1020_image_2028,True,paired_standardized_and_visual_sample_reviewed,"G1020 image/mask pair matched by file ID; mask standardized to project {0,1,2} convention."
glaucoma_fundus_imaging_bundle,G1020,image_2030,data/external/kaggle/glaucoma_fundus_imaging_bundle/G1020/Images/image_2030.jpg,data/processed/standardized_masks/g1020/image_2030.png,data/external/kaggle/glaucoma_fundus_imaging_bundle/G1020/Images/image_2030.jpg,data/processed/standardized_masks/g1020/image_2030.png,image_2030.jpg,image_2030.png,multiclass_values_0_1_2,0,1,2,G1020_image_2030,True,paired_standardized_and_visual_sample_reviewed,"G1020 image/mask pair matched by file ID; mask standardized to project {0,1,2} convention."
glaucoma_fundus_imaging_bundle,G1020,image_2031,data/external/kaggle/glaucoma_fundus_imaging_bundle/G1020/Images/image_2031.jpg,data/processed/standardized_masks/g1020/image_2031.png,data/external/kaggle/glaucoma_fundus_imaging_bundle/G1020/Images/image_2031.jpg,data/processed/standardized_masks/g1020/image_2031.png,image_2031.jpg,image_2031.png,multiclass_values_0_1_2,0,1,2,G1020_image_2031,True,paired_standardized_and_visual_sample_reviewed,"G1020 image/mask pair matched by file ID; mask standardized to project {0,1,2} convention."
glaucoma_fundus_imaging_bundle,G1020,image_2032,data/external/kaggle/glaucoma_fundus_imaging_bundle/G1020/Images/image_2032.jpg,data/processed/standardized_masks/g1020/image_2032.png,data/external/kaggle/glaucoma_fundus_imaging_bundle/G1020/Images/image_2032.jpg,data/processed/standardized_masks/g1020/image_2032.png,image_2032.jpg,image_2032.png,multiclass_values_0_1_2,0,1,2,G1020_image_2032,True,paired_standardized_and_visual_sample_reviewed,"G1020 image/mask pair matched by file ID; mask standardized to project {0,1,2} convention."
glaucoma_fundus_imaging_bundle,G1020,image_2033,data/external/kaggle/glaucoma_fundus_imaging_bundle/G1020/Images/image_2033.jpg,data/processed/standardized_masks/g1020/image_2033.png,data/external/kaggle/glaucoma_fundus_imaging_bundle/G1020/Images/image_2033.jpg,data/processed/standardized_masks/g1020/image_2033.png,image_2033.jpg,image_2033.png,multiclass_values_0_1_2,0,1,2,G1020_image_2033,True,paired_standardized_and_visual_sample_reviewed,"G1020 image/mask pair matched by file ID; mask standardized to project {0,1,2} convention."
glaucoma_fundus_imaging_bundle,G1020,image_2034,data/external/kaggle/glaucoma_fundus_imaging_bundle/G1020/Images/image_2034.jpg,data/processed/standardized_masks/g1020/image_2034.png,data/external/kaggle/glaucoma_fundus_imaging_bundle/G1020/Images/image_2034.jpg,data/processed/standardized_masks/g1020/image_2034.png,image_2034.jpg,image_2034.png,multiclass_values_0_1_2,0,1,2,G1020_image_2034,True,paired_standardized_and_visual_sample_reviewed,"G1020 image/mask pair matched by file ID; mask standardized to project {0,1,2} convention."
glaucoma_fundus_imaging_bundle,G1020,image_2035,data/external/kaggle/glaucoma_fundus_imaging_bundle/G1020/Images/image_2035.jpg,data/processed/standardized_masks/g1020/image_2035.png,data/external/kaggle/glaucoma_fundus_imaging_bundle/G1020/Images/image_2035.jpg,data/processed/standardized_masks/g1020/image_2035.png,image_2035.jpg,image_2035.png,multiclass_values_0_1_2,0,1,2,G1020_image_2035,True,paired_standardized_and_visual_sample_reviewed,"G1020 image/mask pair matched by file ID; mask standardized to project {0,1,2} convention."
glaucoma_fundus_imaging_bundle,G1020,image_2036,data/external/kaggle/glaucoma_fundus_imaging_bundle/G1020/Images/image_2036.jpg,data/processed/standardized_masks/g1020/image_2036.png,data/external/kaggle/glaucoma_fundus_imaging_bundle/G1020/Images/image_2036.jpg,data/processed/standardized_masks/g1020/image_2036.png,image_2036.jpg,image_2036.png,multiclass_values_0_1_2,0,1,2,G1020_image_2036,True,paired_standardized_and_visual_sample_reviewed,"G1020 image/mask pair matched by file ID; mask standardized to project {0,1,2} convention."
glaucoma_fundus_imaging_bundle,G1020,image_2037,data/external/kaggle/glaucoma_fundus_imaging_bundle/G1020/Images/image_2037.jpg,data/processed/standardized_masks/g1020/image_2037.png,data/external/kaggle/glaucoma_fundus_imaging_bundle/G1020/Images/image_2037.jpg,data/processed/standardized_masks/g1020/image_2037.png,image_2037.jpg,image_2037.png,multiclass_values_0_1_2,0,1,2,G1020_image_2037,True,paired_standardized_and_visual_sample_reviewed,"G1020 image/mask pair matched by file ID; mask standardized to project {0,1,2} convention."
glaucoma_fundus_imaging_bundle,G1020,image_2039,data/external/kaggle/glaucoma_fundus_imaging_bundle/G1020/Images/image_2039.jpg,data/processed/standardized_masks/g1020/image_2039.png,data/external/kaggle/glaucoma_fundus_imaging_bundle/G1020/Images/image_2039.jpg,data/processed/standardized_masks/g1020/image_2039.png,image_2039.jpg,image_2039.png,multiclass_values_0_1_2,0,1,2,G1020_image_2039,True,paired_standardized_and_visual_sample_reviewed,"G1020 image/mask pair matched by file ID; mask standardized to project {0,1,2} convention."
glaucoma_fundus_imaging_bundle,G1020,image_2041,data/external/kaggle/glaucoma_fundus_imaging_bundle/G1020/Images/image_2041.jpg,data/processed/standardized_masks/g1020/image_2041.png,data/external/kaggle/glaucoma_fundus_imaging_bundle/G1020/Images/image_2041.jpg,data/processed/standardized_masks/g1020/image_2041.png,image_2041.jpg,image_2041.png,multiclass_values_0_1_2,0,1,2,G1020_image_2041,True,paired_standardized_and_visual_sample_reviewed,"G1020 image/mask pair matched by file ID; mask standardized to project {0,1,2} convention."
glaucoma_fundus_imaging_bundle,G1020,image_2042,data/external/kaggle/glaucoma_fundus_imaging_bundle/G1020/Images/image_2042.jpg,data/processed/standardized_masks/g1020/image_2042.png,data/external/kaggle/glaucoma_fundus_imaging_bundle/G1020/Images/image_2042.jpg,data/processed/standardized_masks/g1020/image_2042.png,image_2042.jpg,image_2042.png,multiclass_values_0_1_2,0,1,2,G1020_image_2042,True,paired_standardized_and_visual_sample_reviewed,"G1020 image/mask pair matched by file ID; mask standardized to project {0,1,2} convention."
glaucoma_fundus_imaging_bundle,G1020,image_2045,data/external/kaggle/glaucoma_fundus_imaging_bundle/G1020/Images/image_2045.jpg,data/processed/standardized_masks/g1020/image_2045.png,data/external/kaggle/glaucoma_fundus_imaging_bundle/G1020/Images/image_2045.jpg,data/processed/standardized_masks/g1020/image_2045.png,image_2045.jpg,image_2045.png,multiclass_values_0_1_2,0,1,2,G1020_image_2045,True,paired_standardized_and_visual_sample_reviewed,"G1020 image/mask pair matched by file ID; mask standardized to project {0,1,2} convention."
glaucoma_fundus_imaging_bundle,G1020,image_2046,data/external/kaggle/glaucoma_fundus_imaging_bundle/G1020/Images/image_2046.jpg,data/processed/standardized_masks/g1020/image_2046.png,data/external/kaggle/glaucoma_fundus_imaging_bundle/G1020/Images/image_2046.jpg,data/processed/standardized_masks/g1020/image_2046.png,image_2046.jpg,image_2046.png,multiclass_values_0_1_2,0,1,2,G1020_image_2046,True,paired_standardized_and_visual_sample_reviewed,"G1020 image/mask pair matched by file ID; mask standardized to project {0,1,2} convention."
glaucoma_fundus_imaging_bundle,G1020,image_2047,data/external/kaggle/glaucoma_fundus_imaging_bundle/G1020/Images/image_2047.jpg,data/processed/standardized_masks/g1020/image_2047.png,data/external/kaggle/glaucoma_fundus_imaging_bundle/G1020/Images/image_2047.jpg,data/processed/standardized_masks/g1020/image_2047.png,image_2047.jpg,image_2047.png,multiclass_values_0_1_2,0,1,2,G1020_image_2047,True,paired_standardized_and_visual_sample_reviewed,"G1020 image/mask pair matched by file ID; mask standardized to project {0,1,2} convention."
glaucoma_fundus_imaging_bundle,G1020,image_2048,data/external/kaggle/glaucoma_fundus_imaging_bundle/G1020/Images/image_2048.jpg,data/processed/standardized_masks/g1020/image_2048.png,data/external/kaggle/glaucoma_fundus_imaging_bundle/G1020/Images/image_2048.jpg,data/processed/standardized_masks/g1020/image_2048.png,image_2048.jpg,image_2048.png,multiclass_values_0_1_2,0,1,2,G1020_image_2048,True,paired_standardized_and_visual_sample_reviewed,"G1020 image/mask pair matched by file ID; mask standardized to project {0,1,2} convention."
glaucoma_fundus_imaging_bundle,G1020,image_2049,data/external/kaggle/glaucoma_fundus_imaging_bundle/G1020/Images/image_2049.jpg,data/processed/standardized_masks/g1020/image_2049.png,data/external/kaggle/glaucoma_fundus_imaging_bundle/G1020/Images/image_2049.jpg,data/processed/standardized_masks/g1020/image_2049.png,image_2049.jpg,image_2049.png,multiclass_values_0_1_2,0,1,2,G1020_image_2049,True,paired_standardized_and_visual_sample_reviewed,"G1020 image/mask pair matched by file ID; mask standardized to project {0,1,2} convention."
glaucoma_fundus_imaging_bundle,G1020,image_2050,data/external/kaggle/glaucoma_fundus_imaging_bundle/G1020/Images/image_2050.jpg,data/processed/standardized_masks/g1020/image_2050.png,data/external/kaggle/glaucoma_fundus_imaging_bundle/G1020/Images/image_2050.jpg,data/processed/standardized_masks/g1020/image_2050.png,image_2050.jpg,image_2050.png,multiclass_values_0_1_2,0,1,2,G1020_image_2050,True,paired_standardized_and_visual_sample_reviewed,"G1020 image/mask pair matched by file ID; mask standardized to project {0,1,2} convention."
glaucoma_fundus_imaging_bundle,G1020,image_2064,data/external/kaggle/glaucoma_fundus_imaging_bundle/G1020/Images/image_2064.jpg,data/processed/standardized_masks/g1020/image_2064.png,data/external/kaggle/glaucoma_fundus_imaging_bundle/G1020/Images/image_2064.jpg,data/processed/standardized_masks/g1020/image_2064.png,image_2064.jpg,image_2064.png,multiclass_values_0_1_2,0,1,2,G1020_image_2064,True,paired_standardized_and_visual_sample_reviewed,"G1020 image/mask pair matched by file ID; mask standardized to project {0,1,2} convention."
glaucoma_fundus_imaging_bundle,G1020,image_2065,data/external/kaggle/glaucoma_fundus_imaging_bundle/G1020/Images/image_2065.jpg,data/processed/standardized_masks/g1020/image_2065.png,data/external/kaggle/glaucoma_fundus_imaging_bundle/G1020/Images/image_2065.jpg,data/processed/standardized_masks/g1020/image_2065.png,image_2065.jpg,image_2065.png,multiclass_values_0_1_2,0,1,2,G1020_image_2065,True,paired_standardized_and_visual_sample_reviewed,"G1020 image/mask pair matched by file ID; mask standardized to project {0,1,2} convention."
glaucoma_fundus_imaging_bundle,G1020,image_2078,data/external/kaggle/glaucoma_fundus_imaging_bundle/G1020/Images/image_2078.jpg,data/processed/standardized_masks/g1020/image_2078.png,data/external/kaggle/glaucoma_fundus_imaging_bundle/G1020/Images/image_2078.jpg,data/processed/standardized_masks/g1020/image_2078.png,image_2078.jpg,image_2078.png,multiclass_values_0_1_2,0,1,2,G1020_image_2078,True,paired_standardized_and_visual_sample_reviewed,"G1020 image/mask pair matched by file ID; mask standardized to project {0,1,2} convention."
glaucoma_fundus_imaging_bundle,G1020,image_2084,data/external/kaggle/glaucoma_fundus_imaging_bundle/G1020/Images/image_2084.jpg,data/processed/standardized_masks/g1020/image_2084.png,data/external/kaggle/glaucoma_fundus_imaging_bundle/G1020/Images/image_2084.jpg,data/processed/standardized_masks/g1020/image_2084.png,image_2084.jpg,image_2084.png,multiclass_values_0_1_2,0,1,2,G1020_image_2084,True,paired_standardized_and_visual_sample_reviewed,"G1020 image/mask pair matched by file ID; mask standardized to project {0,1,2} convention."
glaucoma_fundus_imaging_bundle,G1020,image_2085,data/external/kaggle/glaucoma_fundus_imaging_bundle/G1020/Images/image_2085.jpg,data/processed/standardized_masks/g1020/image_2085.png,data/external/kaggle/glaucoma_fundus_imaging_bundle/G1020/Images/image_2085.jpg,data/processed/standardized_masks/g1020/image_2085.png,image_2085.jpg,image_2085.png,multiclass_values_0_1_2,0,1,2,G1020_image_2085,True,paired_standardized_and_visual_sample_reviewed,"G1020 image/mask pair matched by file ID; mask standardized to project {0,1,2} convention."
glaucoma_fundus_imaging_bundle,G1020,image_2097,data/external/kaggle/glaucoma_fundus_imaging_bundle/G1020/Images/image_2097.jpg,data/processed/standardized_masks/g1020/image_2097.png,data/external/kaggle/glaucoma_fundus_imaging_bundle/G1020/Images/image_2097.jpg,data/processed/standardized_masks/g1020/image_2097.png,image_2097.jpg,image_2097.png,multiclass_values_0_1_2,0,1,2,G1020_image_2097,True,paired_standardized_and_visual_sample_reviewed,"G1020 image/mask pair matched by file ID; mask standardized to project {0,1,2} convention."
glaucoma_fundus_imaging_bundle,G1020,image_21,data/external/kaggle/glaucoma_fundus_imaging_bundle/G1020/Images/image_21.jpg,data/processed/standardized_masks/g1020/image_21.png,data/external/kaggle/glaucoma_fundus_imaging_bundle/G1020/Images/image_21.jpg,data/processed/standardized_masks/g1020/image_21.png,image_21.jpg,image_21.png,multiclass_values_0_1_2,0,1,2,G1020_image_21,True,paired_standardized_and_visual_sample_reviewed,"G1020 image/mask pair matched by file ID; mask standardized to project {0,1,2} convention."
glaucoma_fundus_imaging_bundle,G1020,image_2101,data/external/kaggle/glaucoma_fundus_imaging_bundle/G1020/Images/image_2101.jpg,data/processed/standardized_masks/g1020/image_2101.png,data/external/kaggle/glaucoma_fundus_imaging_bundle/G1020/Images/image_2101.jpg,data/processed/standardized_masks/g1020/image_2101.png,image_2101.jpg,image_2101.png,multiclass_values_0_1_2,0,1,2,G1020_image_2101,True,paired_standardized_and_visual_sample_reviewed,"G1020 image/mask pair matched by file ID; mask standardized to project {0,1,2} convention."
glaucoma_fundus_imaging_bundle,G1020,image_2102,data/external/kaggle/glaucoma_fundus_imaging_bundle/G1020/Images/image_2102.jpg,data/processed/standardized_masks/g1020/image_2102.png,data/external/kaggle/glaucoma_fundus_imaging_bundle/G1020/Images/image_2102.jpg,data/processed/standardized_masks/g1020/image_2102.png,image_2102.jpg,image_2102.png,multiclass_values_0_1_2,0,1,2,G1020_image_2102,True,paired_standardized_and_visual_sample_reviewed,"G1020 image/mask pair matched by file ID; mask standardized to project {0,1,2} convention."
glaucoma_fundus_imaging_bundle,G1020,image_2110,data/external/kaggle/glaucoma_fundus_imaging_bundle/G1020/Images/image_2110.jpg,data/processed/standardized_masks/g1020/image_2110.png,data/external/kaggle/glaucoma_fundus_imaging_bundle/G1020/Images/image_2110.jpg,data/processed/standardized_masks/g1020/image_2110.png,image_2110.jpg,image_2110.png,multiclass_values_0_1_2,0,1,2,G1020_image_2110,True,paired_standardized_and_visual_sample_reviewed,"G1020 image/mask pair matched by file ID; mask standardized to project {0,1,2} convention."
glaucoma_fundus_imaging_bundle,G1020,image_2111,data/external/kaggle/glaucoma_fundus_imaging_bundle/G1020/Images/image_2111.jpg,data/processed/standardized_masks/g1020/image_2111.png,data/external/kaggle/glaucoma_fundus_imaging_bundle/G1020/Images/image_2111.jpg,data/processed/standardized_masks/g1020/image_2111.png,image_2111.jpg,image_2111.png,multiclass_values_0_1_2,0,1,2,G1020_image_2111,True,paired_standardized_and_visual_sample_reviewed,"G1020 image/mask pair matched by file ID; mask standardized to project {0,1,2} convention."
glaucoma_fundus_imaging_bundle,G1020,image_2116,data/external/kaggle/glaucoma_fundus_imaging_bundle/G1020/Images/image_2116.jpg,data/processed/standardized_masks/g1020/image_2116.png,data/external/kaggle/glaucoma_fundus_imaging_bundle/G1020/Images/image_2116.jpg,data/processed/standardized_masks/g1020/image_2116.png,image_2116.jpg,image_2116.png,multiclass_values_0_1_2,0,1,2,G1020_image_2116,True,paired_standardized_and_visual_sample_reviewed,"G1020 image/mask pair matched by file ID; mask standardized to project {0,1,2} convention."
glaucoma_fundus_imaging_bundle,G1020,image_2117,data/external/kaggle/glaucoma_fundus_imaging_bundle/G1020/Images/image_2117.jpg,data/processed/standardized_masks/g1020/image_2117.png,data/external/kaggle/glaucoma_fundus_imaging_bundle/G1020/Images/image_2117.jpg,data/processed/standardized_masks/g1020/image_2117.png,image_2117.jpg,image_2117.png,multiclass_values_0_1_2,0,1,2,G1020_image_2117,True,paired_standardized_and_visual_sample_reviewed,"G1020 image/mask pair matched by file ID; mask standardized to project {0,1,2} convention."
glaucoma_fundus_imaging_bundle,G1020,image_2124,data/external/kaggle/glaucoma_fundus_imaging_bundle/G1020/Images/image_2124.jpg,data/processed/standardized_masks/g1020/image_2124.png,data/external/kaggle/glaucoma_fundus_imaging_bundle/G1020/Images/image_2124.jpg,data/processed/standardized_masks/g1020/image_2124.png,image_2124.jpg,image_2124.png,multiclass_values_0_1_2,0,1,2,G1020_image_2124,True,paired_standardized_and_visual_sample_reviewed,"G1020 image/mask pair matched by file ID; mask standardized to project {0,1,2} convention."
glaucoma_fundus_imaging_bundle,G1020,image_2125,data/external/kaggle/glaucoma_fundus_imaging_bundle/G1020/Images/image_2125.jpg,data/processed/standardized_masks/g1020/image_2125.png,data/external/kaggle/glaucoma_fundus_imaging_bundle/G1020/Images/image_2125.jpg,data/processed/standardized_masks/g1020/image_2125.png,image_2125.jpg,image_2125.png,multiclass_values_0_1_2,0,1,2,G1020_image_2125,True,paired_standardized_and_visual_sample_reviewed,"G1020 image/mask pair matched by file ID; mask standardized to project {0,1,2} convention."
glaucoma_fundus_imaging_bundle,G1020,image_2139,data/external/kaggle/glaucoma_fundus_imaging_bundle/G1020/Images/image_2139.jpg,data/processed/standardized_masks/g1020/image_2139.png,data/external/kaggle/glaucoma_fundus_imaging_bundle/G1020/Images/image_2139.jpg,data/processed/standardized_masks/g1020/image_2139.png,image_2139.jpg,image_2139.png,multiclass_values_0_1_2,0,1,2,G1020_image_2139,True,paired_standardized_and_visual_sample_reviewed,"G1020 image/mask pair matched by file ID; mask standardized to project {0,1,2} convention."
glaucoma_fundus_imaging_bundle,G1020,image_214,data/external/kaggle/glaucoma_fundus_imaging_bundle/G1020/Images/image_214.jpg,data/processed/standardized_masks/g1020/image_214.png,data/external/kaggle/glaucoma_fundus_imaging_bundle/G1020/Images/image_214.jpg,data/processed/standardized_masks/g1020/image_214.png,image_214.jpg,image_214.png,multiclass_values_0_1_2,0,1,2,G1020_image_214,True,paired_standardized_and_visual_sample_reviewed,"G1020 image/mask pair matched by file ID; mask standardized to project {0,1,2} convention."
glaucoma_fundus_imaging_bundle,G1020,image_2140,data/external/kaggle/glaucoma_fundus_imaging_bundle/G1020/Images/image_2140.jpg,data/processed/standardized_masks/g1020/image_2140.png,data/external/kaggle/glaucoma_fundus_imaging_bundle/G1020/Images/image_2140.jpg,data/processed/standardized_masks/g1020/image_2140.png,image_2140.jpg,image_2140.png,multiclass_values_0_1_2,0,1,2,G1020_image_2140,True,paired_standardized_and_visual_sample_reviewed,"G1020 image/mask pair matched by file ID; mask standardized to project {0,1,2} convention."
glaucoma_fundus_imaging_bundle,G1020,image_2141,data/external/kaggle/glaucoma_fundus_imaging_bundle/G1020/Images/image_2141.jpg,data/processed/standardized_masks/g1020/image_2141.png,data/external/kaggle/glaucoma_fundus_imaging_bundle/G1020/Images/image_2141.jpg,data/processed/standardized_masks/g1020/image_2141.png,image_2141.jpg,image_2141.png,multiclass_values_0_1_2,0,1,2,G1020_image_2141,True,paired_standardized_and_visual_sample_reviewed,"G1020 image/mask pair matched by file ID; mask standardized to project {0,1,2} convention."
glaucoma_fundus_imaging_bundle,G1020,image_2142,data/external/kaggle/glaucoma_fundus_imaging_bundle/G1020/Images/image_2142.jpg,data/processed/standardized_masks/g1020/image_2142.png,data/external/kaggle/glaucoma_fundus_imaging_bundle/G1020/Images/image_2142.jpg,data/processed/standardized_masks/g1020/image_2142.png,image_2142.jpg,image_2142.png,multiclass_values_0_1_2,0,1,2,G1020_image_2142,True,paired_standardized_and_visual_sample_reviewed,"G1020 image/mask pair matched by file ID; mask standardized to project {0,1,2} convention."
glaucoma_fundus_imaging_bundle,G1020,image_2143,data/external/kaggle/glaucoma_fundus_imaging_bundle/G1020/Images/image_2143.jpg,data/processed/standardized_masks/g1020/image_2143.png,data/external/kaggle/glaucoma_fundus_imaging_bundle/G1020/Images/image_2143.jpg,data/processed/standardized_masks/g1020/image_2143.png,image_2143.jpg,image_2143.png,multiclass_values_0_1_2,0,1,2,G1020_image_2143,True,paired_standardized_and_visual_sample_reviewed,"G1020 image/mask pair matched by file ID; mask standardized to project {0,1,2} convention."
glaucoma_fundus_imaging_bundle,G1020,image_2144,data/external/kaggle/glaucoma_fundus_imaging_bundle/G1020/Images/image_2144.jpg,data/processed/standardized_masks/g1020/image_2144.png,data/external/kaggle/glaucoma_fundus_imaging_bundle/G1020/Images/image_2144.jpg,data/processed/standardized_masks/g1020/image_2144.png,image_2144.jpg,image_2144.png,multiclass_values_0_1_2,0,1,2,G1020_image_2144,True,paired_standardized_and_visual_sample_reviewed,"G1020 image/mask pair matched by file ID; mask standardized to project {0,1,2} convention."
glaucoma_fundus_imaging_bundle,G1020,image_2146,data/external/kaggle/glaucoma_fundus_imaging_bundle/G1020/Images/image_2146.jpg,data/processed/standardized_masks/g1020/image_2146.png,data/external/kaggle/glaucoma_fundus_imaging_bundle/G1020/Images/image_2146.jpg,data/processed/standardized_masks/g1020/image_2146.png,image_2146.jpg,image_2146.png,multiclass_values_0_1_2,0,1,2,G1020_image_2146,True,paired_standardized_and_visual_sample_reviewed,"G1020 image/mask pair matched by file ID; mask standardized to project {0,1,2} convention."
glaucoma_fundus_imaging_bundle,G1020,image_2147,data/external/kaggle/glaucoma_fundus_imaging_bundle/G1020/Images/image_2147.jpg,data/processed/standardized_masks/g1020/image_2147.png,data/external/kaggle/glaucoma_fundus_imaging_bundle/G1020/Images/image_2147.jpg,data/processed/standardized_masks/g1020/image_2147.png,image_2147.jpg,image_2147.png,multiclass_values_0_1_2,0,1,2,G1020_image_2147,True,paired_standardized_and_visual_sample_reviewed,"G1020 image/mask pair matched by file ID; mask standardized to project {0,1,2} convention."
glaucoma_fundus_imaging_bundle,G1020,image_2148,data/external/kaggle/glaucoma_fundus_imaging_bundle/G1020/Images/image_2148.jpg,data/processed/standardized_masks/g1020/image_2148.png,data/external/kaggle/glaucoma_fundus_imaging_bundle/G1020/Images/image_2148.jpg,data/processed/standardized_masks/g1020/image_2148.png,image_2148.jpg,image_2148.png,multiclass_values_0_1_2,0,1,2,G1020_image_2148,True,paired_standardized_and_visual_sample_reviewed,"G1020 image/mask pair matched by file ID; mask standardized to project {0,1,2} convention."
glaucoma_fundus_imaging_bundle,G1020,image_2149,data/external/kaggle/glaucoma_fundus_imaging_bundle/G1020/Images/image_2149.jpg,data/processed/standardized_masks/g1020/image_2149.png,data/external/kaggle/glaucoma_fundus_imaging_bundle/G1020/Images/image_2149.jpg,data/processed/standardized_masks/g1020/image_2149.png,image_2149.jpg,image_2149.png,multiclass_values_0_1_2,0,1,2,G1020_image_2149,True,paired_standardized_and_visual_sample_reviewed,"G1020 image/mask pair matched by file ID; mask standardized to project {0,1,2} convention."
glaucoma_fundus_imaging_bundle,G1020,image_215,data/external/kaggle/glaucoma_fundus_imaging_bundle/G1020/Images/image_215.jpg,data/processed/standardized_masks/g1020/image_215.png,data/external/kaggle/glaucoma_fundus_imaging_bundle/G1020/Images/image_215.jpg,data/processed/standardized_masks/g1020/image_215.png,image_215.jpg,image_215.png,multiclass_values_0_1_2,0,1,2,G1020_image_215,True,paired_standardized_and_visual_sample_reviewed,"G1020 image/mask pair matched by file ID; mask standardized to project {0,1,2} convention."
glaucoma_fundus_imaging_bundle,G1020,image_2151,data/external/kaggle/glaucoma_fundus_imaging_bundle/G1020/Images/image_2151.jpg,data/processed/standardized_masks/g1020/image_2151.png,data/external/kaggle/glaucoma_fundus_imaging_bundle/G1020/Images/image_2151.jpg,data/processed/standardized_masks/g1020/image_2151.png,image_2151.jpg,image_2151.png,multiclass_values_0_1_2,0,1,2,G1020_image_2151,True,paired_standardized_and_visual_sample_reviewed,"G1020 image/mask pair matched by file ID; mask standardized to project {0,1,2} convention."
glaucoma_fundus_imaging_bundle,G1020,image_2152,data/external/kaggle/glaucoma_fundus_imaging_bundle/G1020/Images/image_2152.jpg,data/processed/standardized_masks/g1020/image_2152.png,data/external/kaggle/glaucoma_fundus_imaging_bundle/G1020/Images/image_2152.jpg,data/processed/standardized_masks/g1020/image_2152.png,image_2152.jpg,image_2152.png,multiclass_values_0_1_2,0,1,2,G1020_image_2152,True,paired_standardized_and_visual_sample_reviewed,"G1020 image/mask pair matched by file ID; mask standardized to project {0,1,2} convention."
glaucoma_fundus_imaging_bundle,G1020,image_2154,data/external/kaggle/glaucoma_fundus_imaging_bundle/G1020/Images/image_2154.jpg,data/processed/standardized_masks/g1020/image_2154.png,data/external/kaggle/glaucoma_fundus_imaging_bundle/G1020/Images/image_2154.jpg,data/processed/standardized_masks/g1020/image_2154.png,image_2154.jpg,image_2154.png,multiclass_values_0_1_2,0,1,2,G1020_image_2154,True,paired_standardized_and_visual_sample_reviewed,"G1020 image/mask pair matched by file ID; mask standardized to project {0,1,2} convention."
glaucoma_fundus_imaging_bundle,G1020,image_2155,data/external/kaggle/glaucoma_fundus_imaging_bundle/G1020/Images/image_2155.jpg,data/processed/standardized_masks/g1020/image_2155.png,data/external/kaggle/glaucoma_fundus_imaging_bundle/G1020/Images/image_2155.jpg,data/processed/standardized_masks/g1020/image_2155.png,image_2155.jpg,image_2155.png,multiclass_values_0_1_2,0,1,2,G1020_image_2155,True,paired_standardized_and_visual_sample_reviewed,"G1020 image/mask pair matched by file ID; mask standardized to project {0,1,2} convention."
glaucoma_fundus_imaging_bundle,G1020,image_2156,data/external/kaggle/glaucoma_fundus_imaging_bundle/G1020/Images/image_2156.jpg,data/processed/standardized_masks/g1020/image_2156.png,data/external/kaggle/glaucoma_fundus_imaging_bundle/G1020/Images/image_2156.jpg,data/processed/standardized_masks/g1020/image_2156.png,image_2156.jpg,image_2156.png,multiclass_values_0_1_2,0,1,2,G1020_image_2156,True,paired_standardized_and_visual_sample_reviewed,"G1020 image/mask pair matched by file ID; mask standardized to project {0,1,2} convention."
glaucoma_fundus_imaging_bundle,G1020,image_216,data/external/kaggle/glaucoma_fundus_imaging_bundle/G1020/Images/image_216.jpg,data/processed/standardized_masks/g1020/image_216.png,data/external/kaggle/glaucoma_fundus_imaging_bundle/G1020/Images/image_216.jpg,data/processed/standardized_masks/g1020/image_216.png,image_216.jpg,image_216.png,multiclass_values_0_1_2,0,1,2,G1020_image_216,True,paired_standardized_and_visual_sample_reviewed,"G1020 image/mask pair matched by file ID; mask standardized to project {0,1,2} convention."
glaucoma_fundus_imaging_bundle,G1020,image_2162,data/external/kaggle/glaucoma_fundus_imaging_bundle/G1020/Images/image_2162.jpg,data/processed/standardized_masks/g1020/image_2162.png,data/external/kaggle/glaucoma_fundus_imaging_bundle/G1020/Images/image_2162.jpg,data/processed/standardized_masks/g1020/image_2162.png,image_2162.jpg,image_2162.png,multiclass_values_0_1_2,0,1,2,G1020_image_2162,True,paired_standardized_and_visual_sample_reviewed,"G1020 image/mask pair matched by file ID; mask standardized to project {0,1,2} convention."
glaucoma_fundus_imaging_bundle,G1020,image_2163,data/external/kaggle/glaucoma_fundus_imaging_bundle/G1020/Images/image_2163.jpg,data/processed/standardized_masks/g1020/image_2163.png,data/external/kaggle/glaucoma_fundus_imaging_bundle/G1020/Images/image_2163.jpg,data/processed/standardized_masks/g1020/image_2163.png,image_2163.jpg,image_2163.png,multiclass_values_0_1_2,0,1,2,G1020_image_2163,True,paired_standardized_and_visual_sample_reviewed,"G1020 image/mask pair matched by file ID; mask standardized to project {0,1,2} convention."
glaucoma_fundus_imaging_bundle,G1020,image_2164,data/external/kaggle/glaucoma_fundus_imaging_bundle/G1020/Images/image_2164.jpg,data/processed/standardized_masks/g1020/image_2164.png,data/external/kaggle/glaucoma_fundus_imaging_bundle/G1020/Images/image_2164.jpg,data/processed/standardized_masks/g1020/image_2164.png,image_2164.jpg,image_2164.png,multiclass_values_0_1_2,0,1,2,G1020_image_2164,True,paired_standardized_and_visual_sample_reviewed,"G1020 image/mask pair matched by file ID; mask standardized to project {0,1,2} convention."
glaucoma_fundus_imaging_bundle,G1020,image_217,data/external/kaggle/glaucoma_fundus_imaging_bundle/G1020/Images/image_217.jpg,data/processed/standardized_masks/g1020/image_217.png,data/external/kaggle/glaucoma_fundus_imaging_bundle/G1020/Images/image_217.jpg,data/processed/standardized_masks/g1020/image_217.png,image_217.jpg,image_217.png,multiclass_values_0_1_2,0,1,2,G1020_image_217,True,paired_standardized_and_visual_sample_reviewed,"G1020 image/mask pair matched by file ID; mask standardized to project {0,1,2} convention."
glaucoma_fundus_imaging_bundle,G1020,image_2170,data/external/kaggle/glaucoma_fundus_imaging_bundle/G1020/Images/image_2170.jpg,data/processed/standardized_masks/g1020/image_2170.png,data/external/kaggle/glaucoma_fundus_imaging_bundle/G1020/Images/image_2170.jpg,data/processed/standardized_masks/g1020/image_2170.png,image_2170.jpg,image_2170.png,multiclass_values_0_1_2,0,1,2,G1020_image_2170,True,paired_standardized_and_visual_sample_reviewed,"G1020 image/mask pair matched by file ID; mask standardized to project {0,1,2} convention."
glaucoma_fundus_imaging_bundle,G1020,image_2171,data/external/kaggle/glaucoma_fundus_imaging_bundle/G1020/Images/image_2171.jpg,data/processed/standardized_masks/g1020/image_2171.png,data/external/kaggle/glaucoma_fundus_imaging_bundle/G1020/Images/image_2171.jpg,data/processed/standardized_masks/g1020/image_2171.png,image_2171.jpg,image_2171.png,multiclass_values_0_1_2,0,1,2,G1020_image_2171,True,paired_standardized_and_visual_sample_reviewed,"G1020 image/mask pair matched by file ID; mask standardized to project {0,1,2} convention."
glaucoma_fundus_imaging_bundle,G1020,image_2172,data/external/kaggle/glaucoma_fundus_imaging_bundle/G1020/Images/image_2172.jpg,data/processed/standardized_masks/g1020/image_2172.png,data/external/kaggle/glaucoma_fundus_imaging_bundle/G1020/Images/image_2172.jpg,data/processed/standardized_masks/g1020/image_2172.png,image_2172.jpg,image_2172.png,multiclass_values_0_1_2,0,1,2,G1020_image_2172,True,paired_standardized_and_visual_sample_reviewed,"G1020 image/mask pair matched by file ID; mask standardized to project {0,1,2} convention."
glaucoma_fundus_imaging_bundle,G1020,image_2173,data/external/kaggle/glaucoma_fundus_imaging_bundle/G1020/Images/image_2173.jpg,data/processed/standardized_masks/g1020/image_2173.png,data/external/kaggle/glaucoma_fundus_imaging_bundle/G1020/Images/image_2173.jpg,data/processed/standardized_masks/g1020/image_2173.png,image_2173.jpg,image_2173.png,multiclass_values_0_1_2,0,1,2,G1020_image_2173,True,paired_standardized_and_visual_sample_reviewed,"G1020 image/mask pair matched by file ID; mask standardized to project {0,1,2} convention."
glaucoma_fundus_imaging_bundle,G1020,image_218,data/external/kaggle/glaucoma_fundus_imaging_bundle/G1020/Images/image_218.jpg,data/processed/standardized_masks/g1020/image_218.png,data/external/kaggle/glaucoma_fundus_imaging_bundle/G1020/Images/image_218.jpg,data/processed/standardized_masks/g1020/image_218.png,image_218.jpg,image_218.png,multiclass_values_0_1_2,0,1,2,G1020_image_218,True,paired_standardized_and_visual_sample_reviewed,"G1020 image/mask pair matched by file ID; mask standardized to project {0,1,2} convention."
glaucoma_fundus_imaging_bundle,G1020,image_2188,data/external/kaggle/glaucoma_fundus_imaging_bundle/G1020/Images/image_2188.jpg,data/processed/standardized_masks/g1020/image_2188.png,data/external/kaggle/glaucoma_fundus_imaging_bundle/G1020/Images/image_2188.jpg,data/processed/standardized_masks/g1020/image_2188.png,image_2188.jpg,image_2188.png,multiclass_values_0_1_2,0,1,2,G1020_image_2188,True,paired_standardized_and_visual_sample_reviewed,"G1020 image/mask pair matched by file ID; mask standardized to project {0,1,2} convention."
glaucoma_fundus_imaging_bundle,G1020,image_2189,data/external/kaggle/glaucoma_fundus_imaging_bundle/G1020/Images/image_2189.jpg,data/processed/standardized_masks/g1020/image_2189.png,data/external/kaggle/glaucoma_fundus_imaging_bundle/G1020/Images/image_2189.jpg,data/processed/standardized_masks/g1020/image_2189.png,image_2189.jpg,image_2189.png,multiclass_values_0_1_2,0,1,2,G1020_image_2189,True,paired_standardized_and_visual_sample_reviewed,"G1020 image/mask pair matched by file ID; mask standardized to project {0,1,2} convention."
glaucoma_fundus_imaging_bundle,G1020,image_219,data/external/kaggle/glaucoma_fundus_imaging_bundle/G1020/Images/image_219.jpg,data/processed/standardized_masks/g1020/image_219.png,data/external/kaggle/glaucoma_fundus_imaging_bundle/G1020/Images/image_219.jpg,data/processed/standardized_masks/g1020/image_219.png,image_219.jpg,image_219.png,multiclass_values_0_1_2,0,1,2,G1020_image_219,True,paired_standardized_and_visual_sample_reviewed,"G1020 image/mask pair matched by file ID; mask standardized to project {0,1,2} convention."
glaucoma_fundus_imaging_bundle,G1020,image_2199,data/external/kaggle/glaucoma_fundus_imaging_bundle/G1020/Images/image_2199.jpg,data/processed/standardized_masks/g1020/image_2199.png,data/external/kaggle/glaucoma_fundus_imaging_bundle/G1020/Images/image_2199.jpg,data/processed/standardized_masks/g1020/image_2199.png,image_2199.jpg,image_2199.png,multiclass_values_0_1_2,0,1,2,G1020_image_2199,True,paired_standardized_and_visual_sample_reviewed,"G1020 image/mask pair matched by file ID; mask standardized to project {0,1,2} convention."
glaucoma_fundus_imaging_bundle,G1020,image_22,data/external/kaggle/glaucoma_fundus_imaging_bundle/G1020/Images/image_22.jpg,data/processed/standardized_masks/g1020/image_22.png,data/external/kaggle/glaucoma_fundus_imaging_bundle/G1020/Images/image_22.jpg,data/processed/standardized_masks/g1020/image_22.png,image_22.jpg,image_22.png,multiclass_values_0_1_2,0,1,2,G1020_image_22,True,paired_standardized_and_visual_sample_reviewed,"G1020 image/mask pair matched by file ID; mask standardized to project {0,1,2} convention."
glaucoma_fundus_imaging_bundle,G1020,image_2200,data/external/kaggle/glaucoma_fundus_imaging_bundle/G1020/Images/image_2200.jpg,data/processed/standardized_masks/g1020/image_2200.png,data/external/kaggle/glaucoma_fundus_imaging_bundle/G1020/Images/image_2200.jpg,data/processed/standardized_masks/g1020/image_2200.png,image_2200.jpg,image_2200.png,multiclass_values_0_1_2,0,1,2,G1020_image_2200,True,paired_standardized_and_visual_sample_reviewed,"G1020 image/mask pair matched by file ID; mask standardized to project {0,1,2} convention."
glaucoma_fundus_imaging_bundle,G1020,image_2201,data/external/kaggle/glaucoma_fundus_imaging_bundle/G1020/Images/image_2201.jpg,data/processed/standardized_masks/g1020/image_2201.png,data/external/kaggle/glaucoma_fundus_imaging_bundle/G1020/Images/image_2201.jpg,data/processed/standardized_masks/g1020/image_2201.png,image_2201.jpg,image_2201.png,multiclass_values_0_1_2,0,1,2,G1020_image_2201,True,paired_standardized_and_visual_sample_reviewed,"G1020 image/mask pair matched by file ID; mask standardized to project {0,1,2} convention."
glaucoma_fundus_imaging_bundle,G1020,image_2202,data/external/kaggle/glaucoma_fundus_imaging_bundle/G1020/Images/image_2202.jpg,data/processed/standardized_masks/g1020/image_2202.png,data/external/kaggle/glaucoma_fundus_imaging_bundle/G1020/Images/image_2202.jpg,data/processed/standardized_masks/g1020/image_2202.png,image_2202.jpg,image_2202.png,multiclass_values_0_1_2,0,1,2,G1020_image_2202,True,paired_standardized_and_visual_sample_reviewed,"G1020 image/mask pair matched by file ID; mask standardized to project {0,1,2} convention."
glaucoma_fundus_imaging_bundle,G1020,image_2209,data/external/kaggle/glaucoma_fundus_imaging_bundle/G1020/Images/image_2209.jpg,data/processed/standardized_masks/g1020/image_2209.png,data/external/kaggle/glaucoma_fundus_imaging_bundle/G1020/Images/image_2209.jpg,data/processed/standardized_masks/g1020/image_2209.png,image_2209.jpg,image_2209.png,multiclass_values_0_1_2,0,1,2,G1020_image_2209,True,paired_standardized_and_visual_sample_reviewed,"G1020 image/mask pair matched by file ID; mask standardized to project {0,1,2} convention."
glaucoma_fundus_imaging_bundle,G1020,image_2210,data/external/kaggle/glaucoma_fundus_imaging_bundle/G1020/Images/image_2210.jpg,data/processed/standardized_masks/g1020/image_2210.png,data/external/kaggle/glaucoma_fundus_imaging_bundle/G1020/Images/image_2210.jpg,data/processed/standardized_masks/g1020/image_2210.png,image_2210.jpg,image_2210.png,multiclass_values_0_1_2,0,1,2,G1020_image_2210,True,paired_standardized_and_visual_sample_reviewed,"G1020 image/mask pair matched by file ID; mask standardized to project {0,1,2} convention."
glaucoma_fundus_imaging_bundle,G1020,image_2211,data/external/kaggle/glaucoma_fundus_imaging_bundle/G1020/Images/image_2211.jpg,data/processed/standardized_masks/g1020/image_2211.png,data/external/kaggle/glaucoma_fundus_imaging_bundle/G1020/Images/image_2211.jpg,data/processed/standardized_masks/g1020/image_2211.png,image_2211.jpg,image_2211.png,multiclass_values_0_1_2,0,1,2,G1020_image_2211,True,paired_standardized_and_visual_sample_reviewed,"G1020 image/mask pair matched by file ID; mask standardized to project {0,1,2} convention."
glaucoma_fundus_imaging_bundle,G1020,image_2212,data/external/kaggle/glaucoma_fundus_imaging_bundle/G1020/Images/image_2212.jpg,data/processed/standardized_masks/g1020/image_2212.png,data/external/kaggle/glaucoma_fundus_imaging_bundle/G1020/Images/image_2212.jpg,data/processed/standardized_masks/g1020/image_2212.png,image_2212.jpg,image_2212.png,multiclass_values_0_1_2,0,1,2,G1020_image_2212,True,paired_standardized_and_visual_sample_reviewed,"G1020 image/mask pair matched by file ID; mask standardized to project {0,1,2} convention."
glaucoma_fundus_imaging_bundle,G1020,image_2215,data/external/kaggle/glaucoma_fundus_imaging_bundle/G1020/Images/image_2215.jpg,data/processed/standardized_masks/g1020/image_2215.png,data/external/kaggle/glaucoma_fundus_imaging_bundle/G1020/Images/image_2215.jpg,data/processed/standardized_masks/g1020/image_2215.png,image_2215.jpg,image_2215.png,multiclass_values_0_1_2,0,1,2,G1020_image_2215,True,paired_standardized_and_visual_sample_reviewed,"G1020 image/mask pair matched by file ID; mask standardized to project {0,1,2} convention."
glaucoma_fundus_imaging_bundle,G1020,image_2216,data/external/kaggle/glaucoma_fundus_imaging_bundle/G1020/Images/image_2216.jpg,data/processed/standardized_masks/g1020/image_2216.png,data/external/kaggle/glaucoma_fundus_imaging_bundle/G1020/Images/image_2216.jpg,data/processed/standardized_masks/g1020/image_2216.png,image_2216.jpg,image_2216.png,multiclass_values_0_1_2,0,1,2,G1020_image_2216,True,paired_standardized_and_visual_sample_reviewed,"G1020 image/mask pair matched by file ID; mask standardized to project {0,1,2} convention."
glaucoma_fundus_imaging_bundle,G1020,image_2217,data/external/kaggle/glaucoma_fundus_imaging_bundle/G1020/Images/image_2217.jpg,data/processed/standardized_masks/g1020/image_2217.png,data/external/kaggle/glaucoma_fundus_imaging_bundle/G1020/Images/image_2217.jpg,data/processed/standardized_masks/g1020/image_2217.png,image_2217.jpg,image_2217.png,multiclass_values_0_1_2,0,1,2,G1020_image_2217,True,paired_standardized_and_visual_sample_reviewed,"G1020 image/mask pair matched by file ID; mask standardized to project {0,1,2} convention."
glaucoma_fundus_imaging_bundle,G1020,image_2218,data/external/kaggle/glaucoma_fundus_imaging_bundle/G1020/Images/image_2218.jpg,data/processed/standardized_masks/g1020/image_2218.png,data/external/kaggle/glaucoma_fundus_imaging_bundle/G1020/Images/image_2218.jpg,data/processed/standardized_masks/g1020/image_2218.png,image_2218.jpg,image_2218.png,multiclass_values_0_1_2,0,1,2,G1020_image_2218,True,paired_standardized_and_visual_sample_reviewed,"G1020 image/mask pair matched by file ID; mask standardized to project {0,1,2} convention."
glaucoma_fundus_imaging_bundle,G1020,image_2219,data/external/kaggle/glaucoma_fundus_imaging_bundle/G1020/Images/image_2219.jpg,data/processed/standardized_masks/g1020/image_2219.png,data/external/kaggle/glaucoma_fundus_imaging_bundle/G1020/Images/image_2219.jpg,data/processed/standardized_masks/g1020/image_2219.png,image_2219.jpg,image_2219.png,multiclass_values_0_1_2,0,1,2,G1020_image_2219,True,paired_standardized_and_visual_sample_reviewed,"G1020 image/mask pair matched by file ID; mask standardized to project {0,1,2} convention."
glaucoma_fundus_imaging_bundle,G1020,image_222,data/external/kaggle/glaucoma_fundus_imaging_bundle/G1020/Images/image_222.jpg,data/processed/standardized_masks/g1020/image_222.png,data/external/kaggle/glaucoma_fundus_imaging_bundle/G1020/Images/image_222.jpg,data/processed/standardized_masks/g1020/image_222.png,image_222.jpg,image_222.png,multiclass_values_0_1_2,0,1,2,G1020_image_222,True,paired_standardized_and_visual_sample_reviewed,"G1020 image/mask pair matched by file ID; mask standardized to project {0,1,2} convention."
glaucoma_fundus_imaging_bundle,G1020,image_2220,data/external/kaggle/glaucoma_fundus_imaging_bundle/G1020/Images/image_2220.jpg,data/processed/standardized_masks/g1020/image_2220.png,data/external/kaggle/glaucoma_fundus_imaging_bundle/G1020/Images/image_2220.jpg,data/processed/standardized_masks/g1020/image_2220.png,image_2220.jpg,image_2220.png,multiclass_values_0_1_2,0,1,2,G1020_image_2220,True,paired_standardized_and_visual_sample_reviewed,"G1020 image/mask pair matched by file ID; mask standardized to project {0,1,2} convention."
glaucoma_fundus_imaging_bundle,G1020,image_2223,data/external/kaggle/glaucoma_fundus_imaging_bundle/G1020/Images/image_2223.jpg,data/processed/standardized_masks/g1020/image_2223.png,data/external/kaggle/glaucoma_fundus_imaging_bundle/G1020/Images/image_2223.jpg,data/processed/standardized_masks/g1020/image_2223.png,image_2223.jpg,image_2223.png,multiclass_values_0_1_2,0,1,2,G1020_image_2223,True,paired_standardized_and_visual_sample_reviewed,"G1020 image/mask pair matched by file ID; mask standardized to project {0,1,2} convention."
glaucoma_fundus_imaging_bundle,G1020,image_2225,data/external/kaggle/glaucoma_fundus_imaging_bundle/G1020/Images/image_2225.jpg,data/processed/standardized_masks/g1020/image_2225.png,data/external/kaggle/glaucoma_fundus_imaging_bundle/G1020/Images/image_2225.jpg,data/processed/standardized_masks/g1020/image_2225.png,image_2225.jpg,image_2225.png,multiclass_values_0_1_2,0,1,2,G1020_image_2225,True,paired_standardized_and_visual_sample_reviewed,"G1020 image/mask pair matched by file ID; mask standardized to project {0,1,2} convention."
glaucoma_fundus_imaging_bundle,G1020,image_2226,data/external/kaggle/glaucoma_fundus_imaging_bundle/G1020/Images/image_2226.jpg,data/processed/standardized_masks/g1020/image_2226.png,data/external/kaggle/glaucoma_fundus_imaging_bundle/G1020/Images/image_2226.jpg,data/processed/standardized_masks/g1020/image_2226.png,image_2226.jpg,image_2226.png,multiclass_values_0_1_2,0,1,2,G1020_image_2226,True,paired_standardized_and_visual_sample_reviewed,"G1020 image/mask pair matched by file ID; mask standardized to project {0,1,2} convention."
glaucoma_fundus_imaging_bundle,G1020,image_2229,data/external/kaggle/glaucoma_fundus_imaging_bundle/G1020/Images/image_2229.jpg,data/processed/standardized_masks/g1020/image_2229.png,data/external/kaggle/glaucoma_fundus_imaging_bundle/G1020/Images/image_2229.jpg,data/processed/standardized_masks/g1020/image_2229.png,image_2229.jpg,image_2229.png,multiclass_values_0_1_2,0,1,2,G1020_image_2229,True,paired_standardized_and_visual_sample_reviewed,"G1020 image/mask pair matched by file ID; mask standardized to project {0,1,2} convention."
glaucoma_fundus_imaging_bundle,G1020,image_223,data/external/kaggle/glaucoma_fundus_imaging_bundle/G1020/Images/image_223.jpg,data/processed/standardized_masks/g1020/image_223.png,data/external/kaggle/glaucoma_fundus_imaging_bundle/G1020/Images/image_223.jpg,data/processed/standardized_masks/g1020/image_223.png,image_223.jpg,image_223.png,multiclass_values_0_1_2,0,1,2,G1020_image_223,True,paired_standardized_and_visual_sample_reviewed,"G1020 image/mask pair matched by file ID; mask standardized to project {0,1,2} convention."
glaucoma_fundus_imaging_bundle,G1020,image_2230,data/external/kaggle/glaucoma_fundus_imaging_bundle/G1020/Images/image_2230.jpg,data/processed/standardized_masks/g1020/image_2230.png,data/external/kaggle/glaucoma_fundus_imaging_bundle/G1020/Images/image_2230.jpg,data/processed/standardized_masks/g1020/image_2230.png,image_2230.jpg,image_2230.png,multiclass_values_0_1_2,0,1,2,G1020_image_2230,True,paired_standardized_and_visual_sample_reviewed,"G1020 image/mask pair matched by file ID; mask standardized to project {0,1,2} convention."
glaucoma_fundus_imaging_bundle,G1020,image_2231,data/external/kaggle/glaucoma_fundus_imaging_bundle/G1020/Images/image_2231.jpg,data/processed/standardized_masks/g1020/image_2231.png,data/external/kaggle/glaucoma_fundus_imaging_bundle/G1020/Images/image_2231.jpg,data/processed/standardized_masks/g1020/image_2231.png,image_2231.jpg,image_2231.png,multiclass_values_0_1_2,0,1,2,G1020_image_2231,True,paired_standardized_and_visual_sample_reviewed,"G1020 image/mask pair matched by file ID; mask standardized to project {0,1,2} convention."
glaucoma_fundus_imaging_bundle,G1020,image_2232,data/external/kaggle/glaucoma_fundus_imaging_bundle/G1020/Images/image_2232.jpg,data/processed/standardized_masks/g1020/image_2232.png,data/external/kaggle/glaucoma_fundus_imaging_bundle/G1020/Images/image_2232.jpg,data/processed/standardized_masks/g1020/image_2232.png,image_2232.jpg,image_2232.png,multiclass_values_0_1_2,0,1,2,G1020_image_2232,True,paired_standardized_and_visual_sample_reviewed,"G1020 image/mask pair matched by file ID; mask standardized to project {0,1,2} convention."
glaucoma_fundus_imaging_bundle,G1020,image_2234,data/external/kaggle/glaucoma_fundus_imaging_bundle/G1020/Images/image_2234.jpg,data/processed/standardized_masks/g1020/image_2234.png,data/external/kaggle/glaucoma_fundus_imaging_bundle/G1020/Images/image_2234.jpg,data/processed/standardized_masks/g1020/image_2234.png,image_2234.jpg,image_2234.png,multiclass_values_0_1_2,0,1,2,G1020_image_2234,True,paired_standardized_and_visual_sample_reviewed,"G1020 image/mask pair matched by file ID; mask standardized to project {0,1,2} convention."
glaucoma_fundus_imaging_bundle,G1020,image_2244,data/external/kaggle/glaucoma_fundus_imaging_bundle/G1020/Images/image_2244.jpg,data/processed/standardized_masks/g1020/image_2244.png,data/external/kaggle/glaucoma_fundus_imaging_bundle/G1020/Images/image_2244.jpg,data/processed/standardized_masks/g1020/image_2244.png,image_2244.jpg,image_2244.png,multiclass_values_0_1_2,0,1,2,G1020_image_2244,True,paired_standardized_and_visual_sample_reviewed,"G1020 image/mask pair matched by file ID; mask standardized to project {0,1,2} convention."
glaucoma_fundus_imaging_bundle,G1020,image_2245,data/external/kaggle/glaucoma_fundus_imaging_bundle/G1020/Images/image_2245.jpg,data/processed/standardized_masks/g1020/image_2245.png,data/external/kaggle/glaucoma_fundus_imaging_bundle/G1020/Images/image_2245.jpg,data/processed/standardized_masks/g1020/image_2245.png,image_2245.jpg,image_2245.png,multiclass_values_0_1_2,0,1,2,G1020_image_2245,True,paired_standardized_and_visual_sample_reviewed,"G1020 image/mask pair matched by file ID; mask standardized to project {0,1,2} convention."
glaucoma_fundus_imaging_bundle,G1020,image_2246,data/external/kaggle/glaucoma_fundus_imaging_bundle/G1020/Images/image_2246.jpg,data/processed/standardized_masks/g1020/image_2246.png,data/external/kaggle/glaucoma_fundus_imaging_bundle/G1020/Images/image_2246.jpg,data/processed/standardized_masks/g1020/image_2246.png,image_2246.jpg,image_2246.png,multiclass_values_0_1_2,0,1,2,G1020_image_2246,True,paired_standardized_and_visual_sample_reviewed,"G1020 image/mask pair matched by file ID; mask standardized to project {0,1,2} convention."
glaucoma_fundus_imaging_bundle,G1020,image_2247,data/external/kaggle/glaucoma_fundus_imaging_bundle/G1020/Images/image_2247.jpg,data/processed/standardized_masks/g1020/image_2247.png,data/external/kaggle/glaucoma_fundus_imaging_bundle/G1020/Images/image_2247.jpg,data/processed/standardized_masks/g1020/image_2247.png,image_2247.jpg,image_2247.png,multiclass_values_0_1_2,0,1,2,G1020_image_2247,True,paired_standardized_and_visual_sample_reviewed,"G1020 image/mask pair matched by file ID; mask standardized to project {0,1,2} convention."
glaucoma_fundus_imaging_bundle,G1020,image_2248,data/external/kaggle/glaucoma_fundus_imaging_bundle/G1020/Images/image_2248.jpg,data/processed/standardized_masks/g1020/image_2248.png,data/external/kaggle/glaucoma_fundus_imaging_bundle/G1020/Images/image_2248.jpg,data/processed/standardized_masks/g1020/image_2248.png,image_2248.jpg,image_2248.png,multiclass_values_0_1_2,0,1,2,G1020_image_2248,True,paired_standardized_and_visual_sample_reviewed,"G1020 image/mask pair matched by file ID; mask standardized to project {0,1,2} convention."
glaucoma_fundus_imaging_bundle,G1020,image_2249,data/external/kaggle/glaucoma_fundus_imaging_bundle/G1020/Images/image_2249.jpg,data/processed/standardized_masks/g1020/image_2249.png,data/external/kaggle/glaucoma_fundus_imaging_bundle/G1020/Images/image_2249.jpg,data/processed/standardized_masks/g1020/image_2249.png,image_2249.jpg,image_2249.png,multiclass_values_0_1_2,0,1,2,G1020_image_2249,True,paired_standardized_and_visual_sample_reviewed,"G1020 image/mask pair matched by file ID; mask standardized to project {0,1,2} convention."
glaucoma_fundus_imaging_bundle,G1020,image_226,data/external/kaggle/glaucoma_fundus_imaging_bundle/G1020/Images/image_226.jpg,data/processed/standardized_masks/g1020/image_226.png,data/external/kaggle/glaucoma_fundus_imaging_bundle/G1020/Images/image_226.jpg,data/processed/standardized_masks/g1020/image_226.png,image_226.jpg,image_226.png,multiclass_values_0_1_2,0,1,2,G1020_image_226,True,paired_standardized_and_visual_sample_reviewed,"G1020 image/mask pair matched by file ID; mask standardized to project {0,1,2} convention."
glaucoma_fundus_imaging_bundle,G1020,image_227,data/external/kaggle/glaucoma_fundus_imaging_bundle/G1020/Images/image_227.jpg,data/processed/standardized_masks/g1020/image_227.png,data/external/kaggle/glaucoma_fundus_imaging_bundle/G1020/Images/image_227.jpg,data/processed/standardized_masks/g1020/image_227.png,image_227.jpg,image_227.png,multiclass_values_0_1_2,0,1,2,G1020_image_227,True,paired_standardized_and_visual_sample_reviewed,"G1020 image/mask pair matched by file ID; mask standardized to project {0,1,2} convention."
glaucoma_fundus_imaging_bundle,G1020,image_2276,data/external/kaggle/glaucoma_fundus_imaging_bundle/G1020/Images/image_2276.jpg,data/processed/standardized_masks/g1020/image_2276.png,data/external/kaggle/glaucoma_fundus_imaging_bundle/G1020/Images/image_2276.jpg,data/processed/standardized_masks/g1020/image_2276.png,image_2276.jpg,image_2276.png,multiclass_values_0_1_2,0,1,2,G1020_image_2276,True,paired_standardized_and_visual_sample_reviewed,"G1020 image/mask pair matched by file ID; mask standardized to project {0,1,2} convention."
glaucoma_fundus_imaging_bundle,G1020,image_2277,data/external/kaggle/glaucoma_fundus_imaging_bundle/G1020/Images/image_2277.jpg,data/processed/standardized_masks/g1020/image_2277.png,data/external/kaggle/glaucoma_fundus_imaging_bundle/G1020/Images/image_2277.jpg,data/processed/standardized_masks/g1020/image_2277.png,image_2277.jpg,image_2277.png,multiclass_values_0_1_2,0,1,2,G1020_image_2277,True,paired_standardized_and_visual_sample_reviewed,"G1020 image/mask pair matched by file ID; mask standardized to project {0,1,2} convention."
glaucoma_fundus_imaging_bundle,G1020,image_2278,data/external/kaggle/glaucoma_fundus_imaging_bundle/G1020/Images/image_2278.jpg,data/processed/standardized_masks/g1020/image_2278.png,data/external/kaggle/glaucoma_fundus_imaging_bundle/G1020/Images/image_2278.jpg,data/processed/standardized_masks/g1020/image_2278.png,image_2278.jpg,image_2278.png,multiclass_values_0_1_2,0,1,2,G1020_image_2278,True,paired_standardized_and_visual_sample_reviewed,"G1020 image/mask pair matched by file ID; mask standardized to project {0,1,2} convention."
glaucoma_fundus_imaging_bundle,G1020,image_2279,data/external/kaggle/glaucoma_fundus_imaging_bundle/G1020/Images/image_2279.jpg,data/processed/standardized_masks/g1020/image_2279.png,data/external/kaggle/glaucoma_fundus_imaging_bundle/G1020/Images/image_2279.jpg,data/processed/standardized_masks/g1020/image_2279.png,image_2279.jpg,image_2279.png,multiclass_values_0_1_2,0,1,2,G1020_image_2279,True,paired_standardized_and_visual_sample_reviewed,"G1020 image/mask pair matched by file ID; mask standardized to project {0,1,2} convention."
glaucoma_fundus_imaging_bundle,G1020,image_2289,data/external/kaggle/glaucoma_fundus_imaging_bundle/G1020/Images/image_2289.jpg,data/processed/standardized_masks/g1020/image_2289.png,data/external/kaggle/glaucoma_fundus_imaging_bundle/G1020/Images/image_2289.jpg,data/processed/standardized_masks/g1020/image_2289.png,image_2289.jpg,image_2289.png,multiclass_values_0_1_2,0,1,2,G1020_image_2289,True,paired_standardized_and_visual_sample_reviewed,"G1020 image/mask pair matched by file ID; mask standardized to project {0,1,2} convention."
glaucoma_fundus_imaging_bundle,G1020,image_2290,data/external/kaggle/glaucoma_fundus_imaging_bundle/G1020/Images/image_2290.jpg,data/processed/standardized_masks/g1020/image_2290.png,data/external/kaggle/glaucoma_fundus_imaging_bundle/G1020/Images/image_2290.jpg,data/processed/standardized_masks/g1020/image_2290.png,image_2290.jpg,image_2290.png,multiclass_values_0_1_2,0,1,2,G1020_image_2290,True,paired_standardized_and_visual_sample_reviewed,"G1020 image/mask pair matched by file ID; mask standardized to project {0,1,2} convention."
glaucoma_fundus_imaging_bundle,G1020,image_2291,data/external/kaggle/glaucoma_fundus_imaging_bundle/G1020/Images/image_2291.jpg,data/processed/standardized_masks/g1020/image_2291.png,data/external/kaggle/glaucoma_fundus_imaging_bundle/G1020/Images/image_2291.jpg,data/processed/standardized_masks/g1020/image_2291.png,image_2291.jpg,image_2291.png,multiclass_values_0_1_2,0,1,2,G1020_image_2291,True,paired_standardized_and_visual_sample_reviewed,"G1020 image/mask pair matched by file ID; mask standardized to project {0,1,2} convention."
glaucoma_fundus_imaging_bundle,G1020,image_2292,data/external/kaggle/glaucoma_fundus_imaging_bundle/G1020/Images/image_2292.jpg,data/processed/standardized_masks/g1020/image_2292.png,data/external/kaggle/glaucoma_fundus_imaging_bundle/G1020/Images/image_2292.jpg,data/processed/standardized_masks/g1020/image_2292.png,image_2292.jpg,image_2292.png,multiclass_values_0_1_2,0,1,2,G1020_image_2292,True,paired_standardized_and_visual_sample_reviewed,"G1020 image/mask pair matched by file ID; mask standardized to project {0,1,2} convention."
glaucoma_fundus_imaging_bundle,G1020,image_2299,data/external/kaggle/glaucoma_fundus_imaging_bundle/G1020/Images/image_2299.jpg,data/processed/standardized_masks/g1020/image_2299.png,data/external/kaggle/glaucoma_fundus_imaging_bundle/G1020/Images/image_2299.jpg,data/processed/standardized_masks/g1020/image_2299.png,image_2299.jpg,image_2299.png,multiclass_values_0_1_2,0,1,2,G1020_image_2299,True,paired_standardized_and_visual_sample_reviewed,"G1020 image/mask pair matched by file ID; mask standardized to project {0,1,2} convention."
glaucoma_fundus_imaging_bundle,G1020,image_230,data/external/kaggle/glaucoma_fundus_imaging_bundle/G1020/Images/image_230.jpg,data/processed/standardized_masks/g1020/image_230.png,data/external/kaggle/glaucoma_fundus_imaging_bundle/G1020/Images/image_230.jpg,data/processed/standardized_masks/g1020/image_230.png,image_230.jpg,image_230.png,multiclass_values_0_1_2,0,1,2,G1020_image_230,True,paired_standardized_and_visual_sample_reviewed,"G1020 image/mask pair matched by file ID; mask standardized to project {0,1,2} convention."
glaucoma_fundus_imaging_bundle,G1020,image_2300,data/external/kaggle/glaucoma_fundus_imaging_bundle/G1020/Images/image_2300.jpg,data/processed/standardized_masks/g1020/image_2300.png,data/external/kaggle/glaucoma_fundus_imaging_bundle/G1020/Images/image_2300.jpg,data/processed/standardized_masks/g1020/image_2300.png,image_2300.jpg,image_2300.png,multiclass_values_0_1_2,0,1,2,G1020_image_2300,True,paired_standardized_and_visual_sample_reviewed,"G1020 image/mask pair matched by file ID; mask standardized to project {0,1,2} convention."
glaucoma_fundus_imaging_bundle,G1020,image_2303,data/external/kaggle/glaucoma_fundus_imaging_bundle/G1020/Images/image_2303.jpg,data/processed/standardized_masks/g1020/image_2303.png,data/external/kaggle/glaucoma_fundus_imaging_bundle/G1020/Images/image_2303.jpg,data/processed/standardized_masks/g1020/image_2303.png,image_2303.jpg,image_2303.png,multiclass_values_0_1_2,0,1,2,G1020_image_2303,True,paired_standardized_and_visual_sample_reviewed,"G1020 image/mask pair matched by file ID; mask standardized to project {0,1,2} convention."
glaucoma_fundus_imaging_bundle,G1020,image_2304,data/external/kaggle/glaucoma_fundus_imaging_bundle/G1020/Images/image_2304.jpg,data/processed/standardized_masks/g1020/image_2304.png,data/external/kaggle/glaucoma_fundus_imaging_bundle/G1020/Images/image_2304.jpg,data/processed/standardized_masks/g1020/image_2304.png,image_2304.jpg,image_2304.png,multiclass_values_0_1_2,0,1,2,G1020_image_2304,True,paired_standardized_and_visual_sample_reviewed,"G1020 image/mask pair matched by file ID; mask standardized to project {0,1,2} convention."
glaucoma_fundus_imaging_bundle,G1020,image_2307,data/external/kaggle/glaucoma_fundus_imaging_bundle/G1020/Images/image_2307.jpg,data/processed/standardized_masks/g1020/image_2307.png,data/external/kaggle/glaucoma_fundus_imaging_bundle/G1020/Images/image_2307.jpg,data/processed/standardized_masks/g1020/image_2307.png,image_2307.jpg,image_2307.png,multiclass_values_0_1_2,0,1,2,G1020_image_2307,True,paired_standardized_and_visual_sample_reviewed,"G1020 image/mask pair matched by file ID; mask standardized to project {0,1,2} convention."
glaucoma_fundus_imaging_bundle,G1020,image_2308,data/external/kaggle/glaucoma_fundus_imaging_bundle/G1020/Images/image_2308.jpg,data/processed/standardized_masks/g1020/image_2308.png,data/external/kaggle/glaucoma_fundus_imaging_bundle/G1020/Images/image_2308.jpg,data/processed/standardized_masks/g1020/image_2308.png,image_2308.jpg,image_2308.png,multiclass_values_0_1_2,0,1,2,G1020_image_2308,True,paired_standardized_and_visual_sample_reviewed,"G1020 image/mask pair matched by file ID; mask standardized to project {0,1,2} convention."
glaucoma_fundus_imaging_bundle,G1020,image_2309,data/external/kaggle/glaucoma_fundus_imaging_bundle/G1020/Images/image_2309.jpg,data/processed/standardized_masks/g1020/image_2309.png,data/external/kaggle/glaucoma_fundus_imaging_bundle/G1020/Images/image_2309.jpg,data/processed/standardized_masks/g1020/image_2309.png,image_2309.jpg,image_2309.png,multiclass_values_0_1_2,0,1,2,G1020_image_2309,True,paired_standardized_and_visual_sample_reviewed,"G1020 image/mask pair matched by file ID; mask standardized to project {0,1,2} convention."
glaucoma_fundus_imaging_bundle,G1020,image_231,data/external/kaggle/glaucoma_fundus_imaging_bundle/G1020/Images/image_231.jpg,data/processed/standardized_masks/g1020/image_231.png,data/external/kaggle/glaucoma_fundus_imaging_bundle/G1020/Images/image_231.jpg,data/processed/standardized_masks/g1020/image_231.png,image_231.jpg,image_231.png,multiclass_values_0_1_2,0,1,2,G1020_image_231,True,paired_standardized_and_visual_sample_reviewed,"G1020 image/mask pair matched by file ID; mask standardized to project {0,1,2} convention."
glaucoma_fundus_imaging_bundle,G1020,image_2310,data/external/kaggle/glaucoma_fundus_imaging_bundle/G1020/Images/image_2310.jpg,data/processed/standardized_masks/g1020/image_2310.png,data/external/kaggle/glaucoma_fundus_imaging_bundle/G1020/Images/image_2310.jpg,data/processed/standardized_masks/g1020/image_2310.png,image_2310.jpg,image_2310.png,multiclass_values_0_1_2,0,1,2,G1020_image_2310,True,paired_standardized_and_visual_sample_reviewed,"G1020 image/mask pair matched by file ID; mask standardized to project {0,1,2} convention."
glaucoma_fundus_imaging_bundle,G1020,image_2313,data/external/kaggle/glaucoma_fundus_imaging_bundle/G1020/Images/image_2313.jpg,data/processed/standardized_masks/g1020/image_2313.png,data/external/kaggle/glaucoma_fundus_imaging_bundle/G1020/Images/image_2313.jpg,data/processed/standardized_masks/g1020/image_2313.png,image_2313.jpg,image_2313.png,multiclass_values_0_1_2,0,1,2,G1020_image_2313,True,paired_standardized_and_visual_sample_reviewed,"G1020 image/mask pair matched by file ID; mask standardized to project {0,1,2} convention."
glaucoma_fundus_imaging_bundle,G1020,image_2314,data/external/kaggle/glaucoma_fundus_imaging_bundle/G1020/Images/image_2314.jpg,data/processed/standardized_masks/g1020/image_2314.png,data/external/kaggle/glaucoma_fundus_imaging_bundle/G1020/Images/image_2314.jpg,data/processed/standardized_masks/g1020/image_2314.png,image_2314.jpg,image_2314.png,multiclass_values_0_1_2,0,1,2,G1020_image_2314,True,paired_standardized_and_visual_sample_reviewed,"G1020 image/mask pair matched by file ID; mask standardized to project {0,1,2} convention."
glaucoma_fundus_imaging_bundle,G1020,image_2315,data/external/kaggle/glaucoma_fundus_imaging_bundle/G1020/Images/image_2315.jpg,data/processed/standardized_masks/g1020/image_2315.png,data/external/kaggle/glaucoma_fundus_imaging_bundle/G1020/Images/image_2315.jpg,data/processed/standardized_masks/g1020/image_2315.png,image_2315.jpg,image_2315.png,multiclass_values_0_1_2,0,1,2,G1020_image_2315,True,paired_standardized_and_visual_sample_reviewed,"G1020 image/mask pair matched by file ID; mask standardized to project {0,1,2} convention."
glaucoma_fundus_imaging_bundle,G1020,image_2316,data/external/kaggle/glaucoma_fundus_imaging_bundle/G1020/Images/image_2316.jpg,data/processed/standardized_masks/g1020/image_2316.png,data/external/kaggle/glaucoma_fundus_imaging_bundle/G1020/Images/image_2316.jpg,data/processed/standardized_masks/g1020/image_2316.png,image_2316.jpg,image_2316.png,multiclass_values_0_1_2,0,1,2,G1020_image_2316,True,paired_standardized_and_visual_sample_reviewed,"G1020 image/mask pair matched by file ID; mask standardized to project {0,1,2} convention."
glaucoma_fundus_imaging_bundle,G1020,image_2319,data/external/kaggle/glaucoma_fundus_imaging_bundle/G1020/Images/image_2319.jpg,data/processed/standardized_masks/g1020/image_2319.png,data/external/kaggle/glaucoma_fundus_imaging_bundle/G1020/Images/image_2319.jpg,data/processed/standardized_masks/g1020/image_2319.png,image_2319.jpg,image_2319.png,multiclass_values_0_1_2,0,1,2,G1020_image_2319,True,paired_standardized_and_visual_sample_reviewed,"G1020 image/mask pair matched by file ID; mask standardized to project {0,1,2} convention."
glaucoma_fundus_imaging_bundle,G1020,image_232,data/external/kaggle/glaucoma_fundus_imaging_bundle/G1020/Images/image_232.jpg,data/processed/standardized_masks/g1020/image_232.png,data/external/kaggle/glaucoma_fundus_imaging_bundle/G1020/Images/image_232.jpg,data/processed/standardized_masks/g1020/image_232.png,image_232.jpg,image_232.png,multiclass_values_0_1_2,0,1,2,G1020_image_232,True,paired_standardized_and_visual_sample_reviewed,"G1020 image/mask pair matched by file ID; mask standardized to project {0,1,2} convention."
glaucoma_fundus_imaging_bundle,G1020,image_2320,data/external/kaggle/glaucoma_fundus_imaging_bundle/G1020/Images/image_2320.jpg,data/processed/standardized_masks/g1020/image_2320.png,data/external/kaggle/glaucoma_fundus_imaging_bundle/G1020/Images/image_2320.jpg,data/processed/standardized_masks/g1020/image_2320.png,image_2320.jpg,image_2320.png,multiclass_values_0_1_2,0,1,2,G1020_image_2320,True,paired_standardized_and_visual_sample_reviewed,"G1020 image/mask pair matched by file ID; mask standardized to project {0,1,2} convention."
glaucoma_fundus_imaging_bundle,G1020,image_2321,data/external/kaggle/glaucoma_fundus_imaging_bundle/G1020/Images/image_2321.jpg,data/processed/standardized_masks/g1020/image_2321.png,data/external/kaggle/glaucoma_fundus_imaging_bundle/G1020/Images/image_2321.jpg,data/processed/standardized_masks/g1020/image_2321.png,image_2321.jpg,image_2321.png,multiclass_values_0_1_2,0,1,2,G1020_image_2321,True,paired_standardized_and_visual_sample_reviewed,"G1020 image/mask pair matched by file ID; mask standardized to project {0,1,2} convention."
glaucoma_fundus_imaging_bundle,G1020,image_2322,data/external/kaggle/glaucoma_fundus_imaging_bundle/G1020/Images/image_2322.jpg,data/processed/standardized_masks/g1020/image_2322.png,data/external/kaggle/glaucoma_fundus_imaging_bundle/G1020/Images/image_2322.jpg,data/processed/standardized_masks/g1020/image_2322.png,image_2322.jpg,image_2322.png,multiclass_values_0_1_2,0,1,2,G1020_image_2322,True,paired_standardized_and_visual_sample_reviewed,"G1020 image/mask pair matched by file ID; mask standardized to project {0,1,2} convention."
glaucoma_fundus_imaging_bundle,G1020,image_2326,data/external/kaggle/glaucoma_fundus_imaging_bundle/G1020/Images/image_2326.jpg,data/processed/standardized_masks/g1020/image_2326.png,data/external/kaggle/glaucoma_fundus_imaging_bundle/G1020/Images/image_2326.jpg,data/processed/standardized_masks/g1020/image_2326.png,image_2326.jpg,image_2326.png,multiclass_values_0_1_2,0,1,2,G1020_image_2326,True,paired_standardized_and_visual_sample_reviewed,"G1020 image/mask pair matched by file ID; mask standardized to project {0,1,2} convention."
glaucoma_fundus_imaging_bundle,G1020,image_2327,data/external/kaggle/glaucoma_fundus_imaging_bundle/G1020/Images/image_2327.jpg,data/processed/standardized_masks/g1020/image_2327.png,data/external/kaggle/glaucoma_fundus_imaging_bundle/G1020/Images/image_2327.jpg,data/processed/standardized_masks/g1020/image_2327.png,image_2327.jpg,image_2327.png,multiclass_values_0_1_2,0,1,2,G1020_image_2327,True,paired_standardized_and_visual_sample_reviewed,"G1020 image/mask pair matched by file ID; mask standardized to project {0,1,2} convention."
glaucoma_fundus_imaging_bundle,G1020,image_233,data/external/kaggle/glaucoma_fundus_imaging_bundle/G1020/Images/image_233.jpg,data/processed/standardized_masks/g1020/image_233.png,data/external/kaggle/glaucoma_fundus_imaging_bundle/G1020/Images/image_233.jpg,data/processed/standardized_masks/g1020/image_233.png,image_233.jpg,image_233.png,multiclass_values_0_1_2,0,1,2,G1020_image_233,True,paired_standardized_and_visual_sample_reviewed,"G1020 image/mask pair matched by file ID; mask standardized to project {0,1,2} convention."
glaucoma_fundus_imaging_bundle,G1020,image_234,data/external/kaggle/glaucoma_fundus_imaging_bundle/G1020/Images/image_234.jpg,data/processed/standardized_masks/g1020/image_234.png,data/external/kaggle/glaucoma_fundus_imaging_bundle/G1020/Images/image_234.jpg,data/processed/standardized_masks/g1020/image_234.png,image_234.jpg,image_234.png,multiclass_values_0_1_2,0,1,2,G1020_image_234,True,paired_standardized_and_visual_sample_reviewed,"G1020 image/mask pair matched by file ID; mask standardized to project {0,1,2} convention."
glaucoma_fundus_imaging_bundle,G1020,image_2345,data/external/kaggle/glaucoma_fundus_imaging_bundle/G1020/Images/image_2345.jpg,data/processed/standardized_masks/g1020/image_2345.png,data/external/kaggle/glaucoma_fundus_imaging_bundle/G1020/Images/image_2345.jpg,data/processed/standardized_masks/g1020/image_2345.png,image_2345.jpg,image_2345.png,multiclass_values_0_1_2,0,1,2,G1020_image_2345,True,paired_standardized_and_visual_sample_reviewed,"G1020 image/mask pair matched by file ID; mask standardized to project {0,1,2} convention."
glaucoma_fundus_imaging_bundle,G1020,image_2346,data/external/kaggle/glaucoma_fundus_imaging_bundle/G1020/Images/image_2346.jpg,data/processed/standardized_masks/g1020/image_2346.png,data/external/kaggle/glaucoma_fundus_imaging_bundle/G1020/Images/image_2346.jpg,data/processed/standardized_masks/g1020/image_2346.png,image_2346.jpg,image_2346.png,multiclass_values_0_1_2,0,1,2,G1020_image_2346,True,paired_standardized_and_visual_sample_reviewed,"G1020 image/mask pair matched by file ID; mask standardized to project {0,1,2} convention."
glaucoma_fundus_imaging_bundle,G1020,image_235,data/external/kaggle/glaucoma_fundus_imaging_bundle/G1020/Images/image_235.jpg,data/processed/standardized_masks/g1020/image_235.png,data/external/kaggle/glaucoma_fundus_imaging_bundle/G1020/Images/image_235.jpg,data/processed/standardized_masks/g1020/image_235.png,image_235.jpg,image_235.png,multiclass_values_0_1_2,0,1,2,G1020_image_235,True,paired_standardized_and_visual_sample_reviewed,"G1020 image/mask pair matched by file ID; mask standardized to project {0,1,2} convention."
glaucoma_fundus_imaging_bundle,G1020,image_2354,data/external/kaggle/glaucoma_fundus_imaging_bundle/G1020/Images/image_2354.jpg,data/processed/standardized_masks/g1020/image_2354.png,data/external/kaggle/glaucoma_fundus_imaging_bundle/G1020/Images/image_2354.jpg,data/processed/standardized_masks/g1020/image_2354.png,image_2354.jpg,image_2354.png,multiclass_values_0_1_2,0,1,2,G1020_image_2354,True,paired_standardized_and_visual_sample_reviewed,"G1020 image/mask pair matched by file ID; mask standardized to project {0,1,2} convention."
glaucoma_fundus_imaging_bundle,G1020,image_2355,data/external/kaggle/glaucoma_fundus_imaging_bundle/G1020/Images/image_2355.jpg,data/processed/standardized_masks/g1020/image_2355.png,data/external/kaggle/glaucoma_fundus_imaging_bundle/G1020/Images/image_2355.jpg,data/processed/standardized_masks/g1020/image_2355.png,image_2355.jpg,image_2355.png,multiclass_values_0_1_2,0,1,2,G1020_image_2355,True,paired_standardized_and_visual_sample_reviewed,"G1020 image/mask pair matched by file ID; mask standardized to project {0,1,2} convention."
glaucoma_fundus_imaging_bundle,G1020,image_2359,data/external/kaggle/glaucoma_fundus_imaging_bundle/G1020/Images/image_2359.jpg,data/processed/standardized_masks/g1020/image_2359.png,data/external/kaggle/glaucoma_fundus_imaging_bundle/G1020/Images/image_2359.jpg,data/processed/standardized_masks/g1020/image_2359.png,image_2359.jpg,image_2359.png,multiclass_values_0_1_2,0,1,2,G1020_image_2359,True,paired_standardized_and_visual_sample_reviewed,"G1020 image/mask pair matched by file ID; mask standardized to project {0,1,2} convention."
glaucoma_fundus_imaging_bundle,G1020,image_236,data/external/kaggle/glaucoma_fundus_imaging_bundle/G1020/Images/image_236.jpg,data/processed/standardized_masks/g1020/image_236.png,data/external/kaggle/glaucoma_fundus_imaging_bundle/G1020/Images/image_236.jpg,data/processed/standardized_masks/g1020/image_236.png,image_236.jpg,image_236.png,multiclass_values_0_1_2,0,1,2,G1020_image_236,True,paired_standardized_and_visual_sample_reviewed,"G1020 image/mask pair matched by file ID; mask standardized to project {0,1,2} convention."
glaucoma_fundus_imaging_bundle,G1020,image_2360,data/external/kaggle/glaucoma_fundus_imaging_bundle/G1020/Images/image_2360.jpg,data/processed/standardized_masks/g1020/image_2360.png,data/external/kaggle/glaucoma_fundus_imaging_bundle/G1020/Images/image_2360.jpg,data/processed/standardized_masks/g1020/image_2360.png,image_2360.jpg,image_2360.png,multiclass_values_0_1_2,0,1,2,G1020_image_2360,True,paired_standardized_and_visual_sample_reviewed,"G1020 image/mask pair matched by file ID; mask standardized to project {0,1,2} convention."
glaucoma_fundus_imaging_bundle,G1020,image_2361,data/external/kaggle/glaucoma_fundus_imaging_bundle/G1020/Images/image_2361.jpg,data/processed/standardized_masks/g1020/image_2361.png,data/external/kaggle/glaucoma_fundus_imaging_bundle/G1020/Images/image_2361.jpg,data/processed/standardized_masks/g1020/image_2361.png,image_2361.jpg,image_2361.png,multiclass_values_0_1_2,0,1,2,G1020_image_2361,True,paired_standardized_and_visual_sample_reviewed,"G1020 image/mask pair matched by file ID; mask standardized to project {0,1,2} convention."
glaucoma_fundus_imaging_bundle,G1020,image_2362,data/external/kaggle/glaucoma_fundus_imaging_bundle/G1020/Images/image_2362.jpg,data/processed/standardized_masks/g1020/image_2362.png,data/external/kaggle/glaucoma_fundus_imaging_bundle/G1020/Images/image_2362.jpg,data/processed/standardized_masks/g1020/image_2362.png,image_2362.jpg,image_2362.png,multiclass_values_0_1_2,0,1,2,G1020_image_2362,True,paired_standardized_and_visual_sample_reviewed,"G1020 image/mask pair matched by file ID; mask standardized to project {0,1,2} convention."
glaucoma_fundus_imaging_bundle,G1020,image_2363,data/external/kaggle/glaucoma_fundus_imaging_bundle/G1020/Images/image_2363.jpg,data/processed/standardized_masks/g1020/image_2363.png,data/external/kaggle/glaucoma_fundus_imaging_bundle/G1020/Images/image_2363.jpg,data/processed/standardized_masks/g1020/image_2363.png,image_2363.jpg,image_2363.png,multiclass_values_0_1_2,0,1,2,G1020_image_2363,True,paired_standardized_and_visual_sample_reviewed,"G1020 image/mask pair matched by file ID; mask standardized to project {0,1,2} convention."
glaucoma_fundus_imaging_bundle,G1020,image_2364,data/external/kaggle/glaucoma_fundus_imaging_bundle/G1020/Images/image_2364.jpg,data/processed/standardized_masks/g1020/image_2364.png,data/external/kaggle/glaucoma_fundus_imaging_bundle/G1020/Images/image_2364.jpg,data/processed/standardized_masks/g1020/image_2364.png,image_2364.jpg,image_2364.png,multiclass_values_0_1_2,0,1,2,G1020_image_2364,True,paired_standardized_and_visual_sample_reviewed,"G1020 image/mask pair matched by file ID; mask standardized to project {0,1,2} convention."
glaucoma_fundus_imaging_bundle,G1020,image_2365,data/external/kaggle/glaucoma_fundus_imaging_bundle/G1020/Images/image_2365.jpg,data/processed/standardized_masks/g1020/image_2365.png,data/external/kaggle/glaucoma_fundus_imaging_bundle/G1020/Images/image_2365.jpg,data/processed/standardized_masks/g1020/image_2365.png,image_2365.jpg,image_2365.png,multiclass_values_0_1_2,0,1,2,G1020_image_2365,True,paired_standardized_and_visual_sample_reviewed,"G1020 image/mask pair matched by file ID; mask standardized to project {0,1,2} convention."
glaucoma_fundus_imaging_bundle,G1020,image_2366,data/external/kaggle/glaucoma_fundus_imaging_bundle/G1020/Images/image_2366.jpg,data/processed/standardized_masks/g1020/image_2366.png,data/external/kaggle/glaucoma_fundus_imaging_bundle/G1020/Images/image_2366.jpg,data/processed/standardized_masks/g1020/image_2366.png,image_2366.jpg,image_2366.png,multiclass_values_0_1_2,0,1,2,G1020_image_2366,True,paired_standardized_and_visual_sample_reviewed,"G1020 image/mask pair matched by file ID; mask standardized to project {0,1,2} convention."
glaucoma_fundus_imaging_bundle,G1020,image_2367,data/external/kaggle/glaucoma_fundus_imaging_bundle/G1020/Images/image_2367.jpg,data/processed/standardized_masks/g1020/image_2367.png,data/external/kaggle/glaucoma_fundus_imaging_bundle/G1020/Images/image_2367.jpg,data/processed/standardized_masks/g1020/image_2367.png,image_2367.jpg,image_2367.png,multiclass_values_0_1_2,0,1,2,G1020_image_2367,True,paired_standardized_and_visual_sample_reviewed,"G1020 image/mask pair matched by file ID; mask standardized to project {0,1,2} convention."
glaucoma_fundus_imaging_bundle,G1020,image_2368,data/external/kaggle/glaucoma_fundus_imaging_bundle/G1020/Images/image_2368.jpg,data/processed/standardized_masks/g1020/image_2368.png,data/external/kaggle/glaucoma_fundus_imaging_bundle/G1020/Images/image_2368.jpg,data/processed/standardized_masks/g1020/image_2368.png,image_2368.jpg,image_2368.png,multiclass_values_0_1_2,0,1,2,G1020_image_2368,True,paired_standardized_and_visual_sample_reviewed,"G1020 image/mask pair matched by file ID; mask standardized to project {0,1,2} convention."
glaucoma_fundus_imaging_bundle,G1020,image_237,data/external/kaggle/glaucoma_fundus_imaging_bundle/G1020/Images/image_237.jpg,data/processed/standardized_masks/g1020/image_237.png,data/external/kaggle/glaucoma_fundus_imaging_bundle/G1020/Images/image_237.jpg,data/processed/standardized_masks/g1020/image_237.png,image_237.jpg,image_237.png,multiclass_values_0_1_2,0,1,2,G1020_image_237,True,paired_standardized_and_visual_sample_reviewed,"G1020 image/mask pair matched by file ID; mask standardized to project {0,1,2} convention."
glaucoma_fundus_imaging_bundle,G1020,image_2375,data/external/kaggle/glaucoma_fundus_imaging_bundle/G1020/Images/image_2375.jpg,data/processed/standardized_masks/g1020/image_2375.png,data/external/kaggle/glaucoma_fundus_imaging_bundle/G1020/Images/image_2375.jpg,data/processed/standardized_masks/g1020/image_2375.png,image_2375.jpg,image_2375.png,multiclass_values_0_1_2,0,1,2,G1020_image_2375,True,paired_standardized_and_visual_sample_reviewed,"G1020 image/mask pair matched by file ID; mask standardized to project {0,1,2} convention."
glaucoma_fundus_imaging_bundle,G1020,image_2376,data/external/kaggle/glaucoma_fundus_imaging_bundle/G1020/Images/image_2376.jpg,data/processed/standardized_masks/g1020/image_2376.png,data/external/kaggle/glaucoma_fundus_imaging_bundle/G1020/Images/image_2376.jpg,data/processed/standardized_masks/g1020/image_2376.png,image_2376.jpg,image_2376.png,multiclass_values_0_1_2,0,1,2,G1020_image_2376,True,paired_standardized_and_visual_sample_reviewed,"G1020 image/mask pair matched by file ID; mask standardized to project {0,1,2} convention."
glaucoma_fundus_imaging_bundle,G1020,image_2402,data/external/kaggle/glaucoma_fundus_imaging_bundle/G1020/Images/image_2402.jpg,data/processed/standardized_masks/g1020/image_2402.png,data/external/kaggle/glaucoma_fundus_imaging_bundle/G1020/Images/image_2402.jpg,data/processed/standardized_masks/g1020/image_2402.png,image_2402.jpg,image_2402.png,multiclass_values_0_1_2,0,1,2,G1020_image_2402,True,paired_standardized_and_visual_sample_reviewed,"G1020 image/mask pair matched by file ID; mask standardized to project {0,1,2} convention."
glaucoma_fundus_imaging_bundle,G1020,image_2403,data/external/kaggle/glaucoma_fundus_imaging_bundle/G1020/Images/image_2403.jpg,data/processed/standardized_masks/g1020/image_2403.png,data/external/kaggle/glaucoma_fundus_imaging_bundle/G1020/Images/image_2403.jpg,data/processed/standardized_masks/g1020/image_2403.png,image_2403.jpg,image_2403.png,multiclass_values_0_1_2,0,1,2,G1020_image_2403,True,paired_standardized_and_visual_sample_reviewed,"G1020 image/mask pair matched by file ID; mask standardized to project {0,1,2} convention."
glaucoma_fundus_imaging_bundle,G1020,image_2404,data/external/kaggle/glaucoma_fundus_imaging_bundle/G1020/Images/image_2404.jpg,data/processed/standardized_masks/g1020/image_2404.png,data/external/kaggle/glaucoma_fundus_imaging_bundle/G1020/Images/image_2404.jpg,data/processed/standardized_masks/g1020/image_2404.png,image_2404.jpg,image_2404.png,multiclass_values_0_1_2,0,1,2,G1020_image_2404,True,paired_standardized_and_visual_sample_reviewed,"G1020 image/mask pair matched by file ID; mask standardized to project {0,1,2} convention."
glaucoma_fundus_imaging_bundle,G1020,image_2407,data/external/kaggle/glaucoma_fundus_imaging_bundle/G1020/Images/image_2407.jpg,data/processed/standardized_masks/g1020/image_2407.png,data/external/kaggle/glaucoma_fundus_imaging_bundle/G1020/Images/image_2407.jpg,data/processed/standardized_masks/g1020/image_2407.png,image_2407.jpg,image_2407.png,multiclass_values_0_1_2,0,1,2,G1020_image_2407,True,paired_standardized_and_visual_sample_reviewed,"G1020 image/mask pair matched by file ID; mask standardized to project {0,1,2} convention."
glaucoma_fundus_imaging_bundle,G1020,image_2408,data/external/kaggle/glaucoma_fundus_imaging_bundle/G1020/Images/image_2408.jpg,data/processed/standardized_masks/g1020/image_2408.png,data/external/kaggle/glaucoma_fundus_imaging_bundle/G1020/Images/image_2408.jpg,data/processed/standardized_masks/g1020/image_2408.png,image_2408.jpg,image_2408.png,multiclass_values_0_1_2,0,1,2,G1020_image_2408,True,paired_standardized_and_visual_sample_reviewed,"G1020 image/mask pair matched by file ID; mask standardized to project {0,1,2} convention."
glaucoma_fundus_imaging_bundle,G1020,image_2411,data/external/kaggle/glaucoma_fundus_imaging_bundle/G1020/Images/image_2411.jpg,data/processed/standardized_masks/g1020/image_2411.png,data/external/kaggle/glaucoma_fundus_imaging_bundle/G1020/Images/image_2411.jpg,data/processed/standardized_masks/g1020/image_2411.png,image_2411.jpg,image_2411.png,multiclass_values_0_1_2,0,1,2,G1020_image_2411,True,paired_standardized_and_visual_sample_reviewed,"G1020 image/mask pair matched by file ID; mask standardized to project {0,1,2} convention."
glaucoma_fundus_imaging_bundle,G1020,image_2412,data/external/kaggle/glaucoma_fundus_imaging_bundle/G1020/Images/image_2412.jpg,data/processed/standardized_masks/g1020/image_2412.png,data/external/kaggle/glaucoma_fundus_imaging_bundle/G1020/Images/image_2412.jpg,data/processed/standardized_masks/g1020/image_2412.png,image_2412.jpg,image_2412.png,multiclass_values_0_1_2,0,1,2,G1020_image_2412,True,paired_standardized_and_visual_sample_reviewed,"G1020 image/mask pair matched by file ID; mask standardized to project {0,1,2} convention."
glaucoma_fundus_imaging_bundle,G1020,image_2413,data/external/kaggle/glaucoma_fundus_imaging_bundle/G1020/Images/image_2413.jpg,data/processed/standardized_masks/g1020/image_2413.png,data/external/kaggle/glaucoma_fundus_imaging_bundle/G1020/Images/image_2413.jpg,data/processed/standardized_masks/g1020/image_2413.png,image_2413.jpg,image_2413.png,multiclass_values_0_1_2,0,1,2,G1020_image_2413,True,paired_standardized_and_visual_sample_reviewed,"G1020 image/mask pair matched by file ID; mask standardized to project {0,1,2} convention."
glaucoma_fundus_imaging_bundle,G1020,image_2414,data/external/kaggle/glaucoma_fundus_imaging_bundle/G1020/Images/image_2414.jpg,data/processed/standardized_masks/g1020/image_2414.png,data/external/kaggle/glaucoma_fundus_imaging_bundle/G1020/Images/image_2414.jpg,data/processed/standardized_masks/g1020/image_2414.png,image_2414.jpg,image_2414.png,multiclass_values_0_1_2,0,1,2,G1020_image_2414,True,paired_standardized_and_visual_sample_reviewed,"G1020 image/mask pair matched by file ID; mask standardized to project {0,1,2} convention."
glaucoma_fundus_imaging_bundle,G1020,image_2417,data/external/kaggle/glaucoma_fundus_imaging_bundle/G1020/Images/image_2417.jpg,data/processed/standardized_masks/g1020/image_2417.png,data/external/kaggle/glaucoma_fundus_imaging_bundle/G1020/Images/image_2417.jpg,data/processed/standardized_masks/g1020/image_2417.png,image_2417.jpg,image_2417.png,multiclass_values_0_1_2,0,1,2,G1020_image_2417,True,paired_standardized_and_visual_sample_reviewed,"G1020 image/mask pair matched by file ID; mask standardized to project {0,1,2} convention."
glaucoma_fundus_imaging_bundle,G1020,image_2418,data/external/kaggle/glaucoma_fundus_imaging_bundle/G1020/Images/image_2418.jpg,data/processed/standardized_masks/g1020/image_2418.png,data/external/kaggle/glaucoma_fundus_imaging_bundle/G1020/Images/image_2418.jpg,data/processed/standardized_masks/g1020/image_2418.png,image_2418.jpg,image_2418.png,multiclass_values_0_1_2,0,1,2,G1020_image_2418,True,paired_standardized_and_visual_sample_reviewed,"G1020 image/mask pair matched by file ID; mask standardized to project {0,1,2} convention."
glaucoma_fundus_imaging_bundle,G1020,image_2421,data/external/kaggle/glaucoma_fundus_imaging_bundle/G1020/Images/image_2421.jpg,data/processed/standardized_masks/g1020/image_2421.png,data/external/kaggle/glaucoma_fundus_imaging_bundle/G1020/Images/image_2421.jpg,data/processed/standardized_masks/g1020/image_2421.png,image_2421.jpg,image_2421.png,multiclass_values_0_1_2,0,1,2,G1020_image_2421,True,paired_standardized_and_visual_sample_reviewed,"G1020 image/mask pair matched by file ID; mask standardized to project {0,1,2} convention."
glaucoma_fundus_imaging_bundle,G1020,image_2423,data/external/kaggle/glaucoma_fundus_imaging_bundle/G1020/Images/image_2423.jpg,data/processed/standardized_masks/g1020/image_2423.png,data/external/kaggle/glaucoma_fundus_imaging_bundle/G1020/Images/image_2423.jpg,data/processed/standardized_masks/g1020/image_2423.png,image_2423.jpg,image_2423.png,multiclass_values_0_1_2,0,1,2,G1020_image_2423,True,paired_standardized_and_visual_sample_reviewed,"G1020 image/mask pair matched by file ID; mask standardized to project {0,1,2} convention."
glaucoma_fundus_imaging_bundle,G1020,image_2424,data/external/kaggle/glaucoma_fundus_imaging_bundle/G1020/Images/image_2424.jpg,data/processed/standardized_masks/g1020/image_2424.png,data/external/kaggle/glaucoma_fundus_imaging_bundle/G1020/Images/image_2424.jpg,data/processed/standardized_masks/g1020/image_2424.png,image_2424.jpg,image_2424.png,multiclass_values_0_1_2,0,1,2,G1020_image_2424,True,paired_standardized_and_visual_sample_reviewed,"G1020 image/mask pair matched by file ID; mask standardized to project {0,1,2} convention."
glaucoma_fundus_imaging_bundle,G1020,image_2425,data/external/kaggle/glaucoma_fundus_imaging_bundle/G1020/Images/image_2425.jpg,data/processed/standardized_masks/g1020/image_2425.png,data/external/kaggle/glaucoma_fundus_imaging_bundle/G1020/Images/image_2425.jpg,data/processed/standardized_masks/g1020/image_2425.png,image_2425.jpg,image_2425.png,multiclass_values_0_1_2,0,1,2,G1020_image_2425,True,paired_standardized_and_visual_sample_reviewed,"G1020 image/mask pair matched by file ID; mask standardized to project {0,1,2} convention."
glaucoma_fundus_imaging_bundle,G1020,image_2426,data/external/kaggle/glaucoma_fundus_imaging_bundle/G1020/Images/image_2426.jpg,data/processed/standardized_masks/g1020/image_2426.png,data/external/kaggle/glaucoma_fundus_imaging_bundle/G1020/Images/image_2426.jpg,data/processed/standardized_masks/g1020/image_2426.png,image_2426.jpg,image_2426.png,multiclass_values_0_1_2,0,1,2,G1020_image_2426,True,paired_standardized_and_visual_sample_reviewed,"G1020 image/mask pair matched by file ID; mask standardized to project {0,1,2} convention."
glaucoma_fundus_imaging_bundle,G1020,image_2430,data/external/kaggle/glaucoma_fundus_imaging_bundle/G1020/Images/image_2430.jpg,data/processed/standardized_masks/g1020/image_2430.png,data/external/kaggle/glaucoma_fundus_imaging_bundle/G1020/Images/image_2430.jpg,data/processed/standardized_masks/g1020/image_2430.png,image_2430.jpg,image_2430.png,multiclass_values_0_1_2,0,1,2,G1020_image_2430,True,paired_standardized_and_visual_sample_reviewed,"G1020 image/mask pair matched by file ID; mask standardized to project {0,1,2} convention."
glaucoma_fundus_imaging_bundle,G1020,image_2431,data/external/kaggle/glaucoma_fundus_imaging_bundle/G1020/Images/image_2431.jpg,data/processed/standardized_masks/g1020/image_2431.png,data/external/kaggle/glaucoma_fundus_imaging_bundle/G1020/Images/image_2431.jpg,data/processed/standardized_masks/g1020/image_2431.png,image_2431.jpg,image_2431.png,multiclass_values_0_1_2,0,1,2,G1020_image_2431,True,paired_standardized_and_visual_sample_reviewed,"G1020 image/mask pair matched by file ID; mask standardized to project {0,1,2} convention."
glaucoma_fundus_imaging_bundle,G1020,image_2434,data/external/kaggle/glaucoma_fundus_imaging_bundle/G1020/Images/image_2434.jpg,data/processed/standardized_masks/g1020/image_2434.png,data/external/kaggle/glaucoma_fundus_imaging_bundle/G1020/Images/image_2434.jpg,data/processed/standardized_masks/g1020/image_2434.png,image_2434.jpg,image_2434.png,multiclass_values_0_1_2,0,1,2,G1020_image_2434,True,paired_standardized_and_visual_sample_reviewed,"G1020 image/mask pair matched by file ID; mask standardized to project {0,1,2} convention."
glaucoma_fundus_imaging_bundle,G1020,image_2435,data/external/kaggle/glaucoma_fundus_imaging_bundle/G1020/Images/image_2435.jpg,data/processed/standardized_masks/g1020/image_2435.png,data/external/kaggle/glaucoma_fundus_imaging_bundle/G1020/Images/image_2435.jpg,data/processed/standardized_masks/g1020/image_2435.png,image_2435.jpg,image_2435.png,multiclass_values_0_1_2,0,1,2,G1020_image_2435,True,paired_standardized_and_visual_sample_reviewed,"G1020 image/mask pair matched by file ID; mask standardized to project {0,1,2} convention."
glaucoma_fundus_imaging_bundle,G1020,image_2436,data/external/kaggle/glaucoma_fundus_imaging_bundle/G1020/Images/image_2436.jpg,data/processed/standardized_masks/g1020/image_2436.png,data/external/kaggle/glaucoma_fundus_imaging_bundle/G1020/Images/image_2436.jpg,data/processed/standardized_masks/g1020/image_2436.png,image_2436.jpg,image_2436.png,multiclass_values_0_1_2,0,1,2,G1020_image_2436,True,paired_standardized_and_visual_sample_reviewed,"G1020 image/mask pair matched by file ID; mask standardized to project {0,1,2} convention."
glaucoma_fundus_imaging_bundle,G1020,image_2437,data/external/kaggle/glaucoma_fundus_imaging_bundle/G1020/Images/image_2437.jpg,data/processed/standardized_masks/g1020/image_2437.png,data/external/kaggle/glaucoma_fundus_imaging_bundle/G1020/Images/image_2437.jpg,data/processed/standardized_masks/g1020/image_2437.png,image_2437.jpg,image_2437.png,multiclass_values_0_1_2,0,1,2,G1020_image_2437,True,paired_standardized_and_visual_sample_reviewed,"G1020 image/mask pair matched by file ID; mask standardized to project {0,1,2} convention."
glaucoma_fundus_imaging_bundle,G1020,image_244,data/external/kaggle/glaucoma_fundus_imaging_bundle/G1020/Images/image_244.jpg,data/processed/standardized_masks/g1020/image_244.png,data/external/kaggle/glaucoma_fundus_imaging_bundle/G1020/Images/image_244.jpg,data/processed/standardized_masks/g1020/image_244.png,image_244.jpg,image_244.png,multiclass_values_0_1_2,0,1,2,G1020_image_244,True,paired_standardized_and_visual_sample_reviewed,"G1020 image/mask pair matched by file ID; mask standardized to project {0,1,2} convention."
glaucoma_fundus_imaging_bundle,G1020,image_245,data/external/kaggle/glaucoma_fundus_imaging_bundle/G1020/Images/image_245.jpg,data/processed/standardized_masks/g1020/image_245.png,data/external/kaggle/glaucoma_fundus_imaging_bundle/G1020/Images/image_245.jpg,data/processed/standardized_masks/g1020/image_245.png,image_245.jpg,image_245.png,multiclass_values_0_1_2,0,1,2,G1020_image_245,True,paired_standardized_and_visual_sample_reviewed,"G1020 image/mask pair matched by file ID; mask standardized to project {0,1,2} convention."
glaucoma_fundus_imaging_bundle,G1020,image_2455,data/external/kaggle/glaucoma_fundus_imaging_bundle/G1020/Images/image_2455.jpg,data/processed/standardized_masks/g1020/image_2455.png,data/external/kaggle/glaucoma_fundus_imaging_bundle/G1020/Images/image_2455.jpg,data/processed/standardized_masks/g1020/image_2455.png,image_2455.jpg,image_2455.png,multiclass_values_0_1_2,0,1,2,G1020_image_2455,True,paired_standardized_and_visual_sample_reviewed,"G1020 image/mask pair matched by file ID; mask standardized to project {0,1,2} convention."
glaucoma_fundus_imaging_bundle,G1020,image_2456,data/external/kaggle/glaucoma_fundus_imaging_bundle/G1020/Images/image_2456.jpg,data/processed/standardized_masks/g1020/image_2456.png,data/external/kaggle/glaucoma_fundus_imaging_bundle/G1020/Images/image_2456.jpg,data/processed/standardized_masks/g1020/image_2456.png,image_2456.jpg,image_2456.png,multiclass_values_0_1_2,0,1,2,G1020_image_2456,True,paired_standardized_and_visual_sample_reviewed,"G1020 image/mask pair matched by file ID; mask standardized to project {0,1,2} convention."
glaucoma_fundus_imaging_bundle,G1020,image_2457,data/external/kaggle/glaucoma_fundus_imaging_bundle/G1020/Images/image_2457.jpg,data/processed/standardized_masks/g1020/image_2457.png,data/external/kaggle/glaucoma_fundus_imaging_bundle/G1020/Images/image_2457.jpg,data/processed/standardized_masks/g1020/image_2457.png,image_2457.jpg,image_2457.png,multiclass_values_0_1_2,0,1,2,G1020_image_2457,True,paired_standardized_and_visual_sample_reviewed,"G1020 image/mask pair matched by file ID; mask standardized to project {0,1,2} convention."
glaucoma_fundus_imaging_bundle,G1020,image_2458,data/external/kaggle/glaucoma_fundus_imaging_bundle/G1020/Images/image_2458.jpg,data/processed/standardized_masks/g1020/image_2458.png,data/external/kaggle/glaucoma_fundus_imaging_bundle/G1020/Images/image_2458.jpg,data/processed/standardized_masks/g1020/image_2458.png,image_2458.jpg,image_2458.png,multiclass_values_0_1_2,0,1,2,G1020_image_2458,True,paired_standardized_and_visual_sample_reviewed,"G1020 image/mask pair matched by file ID; mask standardized to project {0,1,2} convention."
glaucoma_fundus_imaging_bundle,G1020,image_2459,data/external/kaggle/glaucoma_fundus_imaging_bundle/G1020/Images/image_2459.jpg,data/processed/standardized_masks/g1020/image_2459.png,data/external/kaggle/glaucoma_fundus_imaging_bundle/G1020/Images/image_2459.jpg,data/processed/standardized_masks/g1020/image_2459.png,image_2459.jpg,image_2459.png,multiclass_values_0_1_2,0,1,2,G1020_image_2459,True,paired_standardized_and_visual_sample_reviewed,"G1020 image/mask pair matched by file ID; mask standardized to project {0,1,2} convention."
glaucoma_fundus_imaging_bundle,G1020,image_246,data/external/kaggle/glaucoma_fundus_imaging_bundle/G1020/Images/image_246.jpg,data/processed/standardized_masks/g1020/image_246.png,data/external/kaggle/glaucoma_fundus_imaging_bundle/G1020/Images/image_246.jpg,data/processed/standardized_masks/g1020/image_246.png,image_246.jpg,image_246.png,multiclass_values_0_1_2,0,1,2,G1020_image_246,True,paired_standardized_and_visual_sample_reviewed,"G1020 image/mask pair matched by file ID; mask standardized to project {0,1,2} convention."
glaucoma_fundus_imaging_bundle,G1020,image_247,data/external/kaggle/glaucoma_fundus_imaging_bundle/G1020/Images/image_247.jpg,data/processed/standardized_masks/g1020/image_247.png,data/external/kaggle/glaucoma_fundus_imaging_bundle/G1020/Images/image_247.jpg,data/processed/standardized_masks/g1020/image_247.png,image_247.jpg,image_247.png,multiclass_values_0_1_2,0,1,2,G1020_image_247,True,paired_standardized_and_visual_sample_reviewed,"G1020 image/mask pair matched by file ID; mask standardized to project {0,1,2} convention."
glaucoma_fundus_imaging_bundle,G1020,image_2470,data/external/kaggle/glaucoma_fundus_imaging_bundle/G1020/Images/image_2470.jpg,data/processed/standardized_masks/g1020/image_2470.png,data/external/kaggle/glaucoma_fundus_imaging_bundle/G1020/Images/image_2470.jpg,data/processed/standardized_masks/g1020/image_2470.png,image_2470.jpg,image_2470.png,multiclass_values_0_1_2,0,1,2,G1020_image_2470,True,paired_standardized_and_visual_sample_reviewed,"G1020 image/mask pair matched by file ID; mask standardized to project {0,1,2} convention."
glaucoma_fundus_imaging_bundle,G1020,image_2471,data/external/kaggle/glaucoma_fundus_imaging_bundle/G1020/Images/image_2471.jpg,data/processed/standardized_masks/g1020/image_2471.png,data/external/kaggle/glaucoma_fundus_imaging_bundle/G1020/Images/image_2471.jpg,data/processed/standardized_masks/g1020/image_2471.png,image_2471.jpg,image_2471.png,multiclass_values_0_1_2,0,1,2,G1020_image_2471,True,paired_standardized_and_visual_sample_reviewed,"G1020 image/mask pair matched by file ID; mask standardized to project {0,1,2} convention."
glaucoma_fundus_imaging_bundle,G1020,image_2473,data/external/kaggle/glaucoma_fundus_imaging_bundle/G1020/Images/image_2473.jpg,data/processed/standardized_masks/g1020/image_2473.png,data/external/kaggle/glaucoma_fundus_imaging_bundle/G1020/Images/image_2473.jpg,data/processed/standardized_masks/g1020/image_2473.png,image_2473.jpg,image_2473.png,multiclass_values_0_1_2,0,1,2,G1020_image_2473,True,paired_standardized_and_visual_sample_reviewed,"G1020 image/mask pair matched by file ID; mask standardized to project {0,1,2} convention."
glaucoma_fundus_imaging_bundle,G1020,image_2474,data/external/kaggle/glaucoma_fundus_imaging_bundle/G1020/Images/image_2474.jpg,data/processed/standardized_masks/g1020/image_2474.png,data/external/kaggle/glaucoma_fundus_imaging_bundle/G1020/Images/image_2474.jpg,data/processed/standardized_masks/g1020/image_2474.png,image_2474.jpg,image_2474.png,multiclass_values_0_1_2,0,1,2,G1020_image_2474,True,paired_standardized_and_visual_sample_reviewed,"G1020 image/mask pair matched by file ID; mask standardized to project {0,1,2} convention."
glaucoma_fundus_imaging_bundle,G1020,image_2475,data/external/kaggle/glaucoma_fundus_imaging_bundle/G1020/Images/image_2475.jpg,data/processed/standardized_masks/g1020/image_2475.png,data/external/kaggle/glaucoma_fundus_imaging_bundle/G1020/Images/image_2475.jpg,data/processed/standardized_masks/g1020/image_2475.png,image_2475.jpg,image_2475.png,multiclass_values_0_1_2,0,1,2,G1020_image_2475,True,paired_standardized_and_visual_sample_reviewed,"G1020 image/mask pair matched by file ID; mask standardized to project {0,1,2} convention."
glaucoma_fundus_imaging_bundle,G1020,image_248,data/external/kaggle/glaucoma_fundus_imaging_bundle/G1020/Images/image_248.jpg,data/processed/standardized_masks/g1020/image_248.png,data/external/kaggle/glaucoma_fundus_imaging_bundle/G1020/Images/image_248.jpg,data/processed/standardized_masks/g1020/image_248.png,image_248.jpg,image_248.png,multiclass_values_0_1_2,0,1,2,G1020_image_248,True,paired_standardized_and_visual_sample_reviewed,"G1020 image/mask pair matched by file ID; mask standardized to project {0,1,2} convention."
glaucoma_fundus_imaging_bundle,G1020,image_2482,data/external/kaggle/glaucoma_fundus_imaging_bundle/G1020/Images/image_2482.jpg,data/processed/standardized_masks/g1020/image_2482.png,data/external/kaggle/glaucoma_fundus_imaging_bundle/G1020/Images/image_2482.jpg,data/processed/standardized_masks/g1020/image_2482.png,image_2482.jpg,image_2482.png,multiclass_values_0_1_2,0,1,2,G1020_image_2482,True,paired_standardized_and_visual_sample_reviewed,"G1020 image/mask pair matched by file ID; mask standardized to project {0,1,2} convention."
glaucoma_fundus_imaging_bundle,G1020,image_2483,data/external/kaggle/glaucoma_fundus_imaging_bundle/G1020/Images/image_2483.jpg,data/processed/standardized_masks/g1020/image_2483.png,data/external/kaggle/glaucoma_fundus_imaging_bundle/G1020/Images/image_2483.jpg,data/processed/standardized_masks/g1020/image_2483.png,image_2483.jpg,image_2483.png,multiclass_values_0_1_2,0,1,2,G1020_image_2483,True,paired_standardized_and_visual_sample_reviewed,"G1020 image/mask pair matched by file ID; mask standardized to project {0,1,2} convention."
glaucoma_fundus_imaging_bundle,G1020,image_249,data/external/kaggle/glaucoma_fundus_imaging_bundle/G1020/Images/image_249.jpg,data/processed/standardized_masks/g1020/image_249.png,data/external/kaggle/glaucoma_fundus_imaging_bundle/G1020/Images/image_249.jpg,data/processed/standardized_masks/g1020/image_249.png,image_249.jpg,image_249.png,multiclass_values_0_1_2,0,1,2,G1020_image_249,True,paired_standardized_and_visual_sample_reviewed,"G1020 image/mask pair matched by file ID; mask standardized to project {0,1,2} convention."
glaucoma_fundus_imaging_bundle,G1020,image_250,data/external/kaggle/glaucoma_fundus_imaging_bundle/G1020/Images/image_250.jpg,data/processed/standardized_masks/g1020/image_250.png,data/external/kaggle/glaucoma_fundus_imaging_bundle/G1020/Images/image_250.jpg,data/processed/standardized_masks/g1020/image_250.png,image_250.jpg,image_250.png,multiclass_values_0_1_2,0,1,2,G1020_image_250,True,paired_standardized_and_visual_sample_reviewed,"G1020 image/mask pair matched by file ID; mask standardized to project {0,1,2} convention."
glaucoma_fundus_imaging_bundle,G1020,image_2503,data/external/kaggle/glaucoma_fundus_imaging_bundle/G1020/Images/image_2503.jpg,data/processed/standardized_masks/g1020/image_2503.png,data/external/kaggle/glaucoma_fundus_imaging_bundle/G1020/Images/image_2503.jpg,data/processed/standardized_masks/g1020/image_2503.png,image_2503.jpg,image_2503.png,multiclass_values_0_1_2,0,1,2,G1020_image_2503,True,paired_standardized_and_visual_sample_reviewed,"G1020 image/mask pair matched by file ID; mask standardized to project {0,1,2} convention."
glaucoma_fundus_imaging_bundle,G1020,image_2504,data/external/kaggle/glaucoma_fundus_imaging_bundle/G1020/Images/image_2504.jpg,data/processed/standardized_masks/g1020/image_2504.png,data/external/kaggle/glaucoma_fundus_imaging_bundle/G1020/Images/image_2504.jpg,data/processed/standardized_masks/g1020/image_2504.png,image_2504.jpg,image_2504.png,multiclass_values_0_1_2,0,1,2,G1020_image_2504,True,paired_standardized_and_visual_sample_reviewed,"G1020 image/mask pair matched by file ID; mask standardized to project {0,1,2} convention."
glaucoma_fundus_imaging_bundle,G1020,image_2505,data/external/kaggle/glaucoma_fundus_imaging_bundle/G1020/Images/image_2505.jpg,data/processed/standardized_masks/g1020/image_2505.png,data/external/kaggle/glaucoma_fundus_imaging_bundle/G1020/Images/image_2505.jpg,data/processed/standardized_masks/g1020/image_2505.png,image_2505.jpg,image_2505.png,multiclass_values_0_1_2,0,1,2,G1020_image_2505,True,paired_standardized_and_visual_sample_reviewed,"G1020 image/mask pair matched by file ID; mask standardized to project {0,1,2} convention."
glaucoma_fundus_imaging_bundle,G1020,image_2507,data/external/kaggle/glaucoma_fundus_imaging_bundle/G1020/Images/image_2507.jpg,data/processed/standardized_masks/g1020/image_2507.png,data/external/kaggle/glaucoma_fundus_imaging_bundle/G1020/Images/image_2507.jpg,data/processed/standardized_masks/g1020/image_2507.png,image_2507.jpg,image_2507.png,multiclass_values_0_1_2,0,1,2,G1020_image_2507,True,paired_standardized_and_visual_sample_reviewed,"G1020 image/mask pair matched by file ID; mask standardized to project {0,1,2} convention."
glaucoma_fundus_imaging_bundle,G1020,image_2512,data/external/kaggle/glaucoma_fundus_imaging_bundle/G1020/Images/image_2512.jpg,data/processed/standardized_masks/g1020/image_2512.png,data/external/kaggle/glaucoma_fundus_imaging_bundle/G1020/Images/image_2512.jpg,data/processed/standardized_masks/g1020/image_2512.png,image_2512.jpg,image_2512.png,multiclass_values_0_1_2,0,1,2,G1020_image_2512,True,paired_standardized_and_visual_sample_reviewed,"G1020 image/mask pair matched by file ID; mask standardized to project {0,1,2} convention."
glaucoma_fundus_imaging_bundle,G1020,image_2513,data/external/kaggle/glaucoma_fundus_imaging_bundle/G1020/Images/image_2513.jpg,data/processed/standardized_masks/g1020/image_2513.png,data/external/kaggle/glaucoma_fundus_imaging_bundle/G1020/Images/image_2513.jpg,data/processed/standardized_masks/g1020/image_2513.png,image_2513.jpg,image_2513.png,multiclass_values_0_1_2,0,1,2,G1020_image_2513,True,paired_standardized_and_visual_sample_reviewed,"G1020 image/mask pair matched by file ID; mask standardized to project {0,1,2} convention."
glaucoma_fundus_imaging_bundle,G1020,image_2514,data/external/kaggle/glaucoma_fundus_imaging_bundle/G1020/Images/image_2514.jpg,data/processed/standardized_masks/g1020/image_2514.png,data/external/kaggle/glaucoma_fundus_imaging_bundle/G1020/Images/image_2514.jpg,data/processed/standardized_masks/g1020/image_2514.png,image_2514.jpg,image_2514.png,multiclass_values_0_1_2,0,1,2,G1020_image_2514,True,paired_standardized_and_visual_sample_reviewed,"G1020 image/mask pair matched by file ID; mask standardized to project {0,1,2} convention."
glaucoma_fundus_imaging_bundle,G1020,image_2515,data/external/kaggle/glaucoma_fundus_imaging_bundle/G1020/Images/image_2515.jpg,data/processed/standardized_masks/g1020/image_2515.png,data/external/kaggle/glaucoma_fundus_imaging_bundle/G1020/Images/image_2515.jpg,data/processed/standardized_masks/g1020/image_2515.png,image_2515.jpg,image_2515.png,multiclass_values_0_1_2,0,1,2,G1020_image_2515,True,paired_standardized_and_visual_sample_reviewed,"G1020 image/mask pair matched by file ID; mask standardized to project {0,1,2} convention."
glaucoma_fundus_imaging_bundle,G1020,image_2516,data/external/kaggle/glaucoma_fundus_imaging_bundle/G1020/Images/image_2516.jpg,data/processed/standardized_masks/g1020/image_2516.png,data/external/kaggle/glaucoma_fundus_imaging_bundle/G1020/Images/image_2516.jpg,data/processed/standardized_masks/g1020/image_2516.png,image_2516.jpg,image_2516.png,multiclass_values_0_1_2,0,1,2,G1020_image_2516,True,paired_standardized_and_visual_sample_reviewed,"G1020 image/mask pair matched by file ID; mask standardized to project {0,1,2} convention."
glaucoma_fundus_imaging_bundle,G1020,image_2523,data/external/kaggle/glaucoma_fundus_imaging_bundle/G1020/Images/image_2523.jpg,data/processed/standardized_masks/g1020/image_2523.png,data/external/kaggle/glaucoma_fundus_imaging_bundle/G1020/Images/image_2523.jpg,data/processed/standardized_masks/g1020/image_2523.png,image_2523.jpg,image_2523.png,multiclass_values_0_1_2,0,1,2,G1020_image_2523,True,paired_standardized_and_visual_sample_reviewed,"G1020 image/mask pair matched by file ID; mask standardized to project {0,1,2} convention."
glaucoma_fundus_imaging_bundle,G1020,image_2524,data/external/kaggle/glaucoma_fundus_imaging_bundle/G1020/Images/image_2524.jpg,data/processed/standardized_masks/g1020/image_2524.png,data/external/kaggle/glaucoma_fundus_imaging_bundle/G1020/Images/image_2524.jpg,data/processed/standardized_masks/g1020/image_2524.png,image_2524.jpg,image_2524.png,multiclass_values_0_1_2,0,1,2,G1020_image_2524,True,paired_standardized_and_visual_sample_reviewed,"G1020 image/mask pair matched by file ID; mask standardized to project {0,1,2} convention."
glaucoma_fundus_imaging_bundle,G1020,image_2525,data/external/kaggle/glaucoma_fundus_imaging_bundle/G1020/Images/image_2525.jpg,data/processed/standardized_masks/g1020/image_2525.png,data/external/kaggle/glaucoma_fundus_imaging_bundle/G1020/Images/image_2525.jpg,data/processed/standardized_masks/g1020/image_2525.png,image_2525.jpg,image_2525.png,multiclass_values_0_1_2,0,1,2,G1020_image_2525,True,paired_standardized_and_visual_sample_reviewed,"G1020 image/mask pair matched by file ID; mask standardized to project {0,1,2} convention."
glaucoma_fundus_imaging_bundle,G1020,image_2526,data/external/kaggle/glaucoma_fundus_imaging_bundle/G1020/Images/image_2526.jpg,data/processed/standardized_masks/g1020/image_2526.png,data/external/kaggle/glaucoma_fundus_imaging_bundle/G1020/Images/image_2526.jpg,data/processed/standardized_masks/g1020/image_2526.png,image_2526.jpg,image_2526.png,multiclass_values_0_1_2,0,1,2,G1020_image_2526,True,paired_standardized_and_visual_sample_reviewed,"G1020 image/mask pair matched by file ID; mask standardized to project {0,1,2} convention."
glaucoma_fundus_imaging_bundle,G1020,image_2527,data/external/kaggle/glaucoma_fundus_imaging_bundle/G1020/Images/image_2527.jpg,data/processed/standardized_masks/g1020/image_2527.png,data/external/kaggle/glaucoma_fundus_imaging_bundle/G1020/Images/image_2527.jpg,data/processed/standardized_masks/g1020/image_2527.png,image_2527.jpg,image_2527.png,multiclass_values_0_1_2,0,1,2,G1020_image_2527,True,paired_standardized_and_visual_sample_reviewed,"G1020 image/mask pair matched by file ID; mask standardized to project {0,1,2} convention."
glaucoma_fundus_imaging_bundle,G1020,image_2528,data/external/kaggle/glaucoma_fundus_imaging_bundle/G1020/Images/image_2528.jpg,data/processed/standardized_masks/g1020/image_2528.png,data/external/kaggle/glaucoma_fundus_imaging_bundle/G1020/Images/image_2528.jpg,data/processed/standardized_masks/g1020/image_2528.png,image_2528.jpg,image_2528.png,multiclass_values_0_1_2,0,1,2,G1020_image_2528,True,paired_standardized_and_visual_sample_reviewed,"G1020 image/mask pair matched by file ID; mask standardized to project {0,1,2} convention."
glaucoma_fundus_imaging_bundle,G1020,image_2529,data/external/kaggle/glaucoma_fundus_imaging_bundle/G1020/Images/image_2529.jpg,data/processed/standardized_masks/g1020/image_2529.png,data/external/kaggle/glaucoma_fundus_imaging_bundle/G1020/Images/image_2529.jpg,data/processed/standardized_masks/g1020/image_2529.png,image_2529.jpg,image_2529.png,multiclass_values_0_1_2,0,1,2,G1020_image_2529,True,paired_standardized_and_visual_sample_reviewed,"G1020 image/mask pair matched by file ID; mask standardized to project {0,1,2} convention."
glaucoma_fundus_imaging_bundle,G1020,image_2530,data/external/kaggle/glaucoma_fundus_imaging_bundle/G1020/Images/image_2530.jpg,data/processed/standardized_masks/g1020/image_2530.png,data/external/kaggle/glaucoma_fundus_imaging_bundle/G1020/Images/image_2530.jpg,data/processed/standardized_masks/g1020/image_2530.png,image_2530.jpg,image_2530.png,multiclass_values_0_1_2,0,1,2,G1020_image_2530,True,paired_standardized_and_visual_sample_reviewed,"G1020 image/mask pair matched by file ID; mask standardized to project {0,1,2} convention."
glaucoma_fundus_imaging_bundle,G1020,image_2531,data/external/kaggle/glaucoma_fundus_imaging_bundle/G1020/Images/image_2531.jpg,data/processed/standardized_masks/g1020/image_2531.png,data/external/kaggle/glaucoma_fundus_imaging_bundle/G1020/Images/image_2531.jpg,data/processed/standardized_masks/g1020/image_2531.png,image_2531.jpg,image_2531.png,multiclass_values_0_1_2,0,1,2,G1020_image_2531,True,paired_standardized_and_visual_sample_reviewed,"G1020 image/mask pair matched by file ID; mask standardized to project {0,1,2} convention."
glaucoma_fundus_imaging_bundle,G1020,image_2532,data/external/kaggle/glaucoma_fundus_imaging_bundle/G1020/Images/image_2532.jpg,data/processed/standardized_masks/g1020/image_2532.png,data/external/kaggle/glaucoma_fundus_imaging_bundle/G1020/Images/image_2532.jpg,data/processed/standardized_masks/g1020/image_2532.png,image_2532.jpg,image_2532.png,multiclass_values_0_1_2,0,1,2,G1020_image_2532,True,paired_standardized_and_visual_sample_reviewed,"G1020 image/mask pair matched by file ID; mask standardized to project {0,1,2} convention."
glaucoma_fundus_imaging_bundle,G1020,image_2533,data/external/kaggle/glaucoma_fundus_imaging_bundle/G1020/Images/image_2533.jpg,data/processed/standardized_masks/g1020/image_2533.png,data/external/kaggle/glaucoma_fundus_imaging_bundle/G1020/Images/image_2533.jpg,data/processed/standardized_masks/g1020/image_2533.png,image_2533.jpg,image_2533.png,multiclass_values_0_1_2,0,1,2,G1020_image_2533,True,paired_standardized_and_visual_sample_reviewed,"G1020 image/mask pair matched by file ID; mask standardized to project {0,1,2} convention."
glaucoma_fundus_imaging_bundle,G1020,image_2534,data/external/kaggle/glaucoma_fundus_imaging_bundle/G1020/Images/image_2534.jpg,data/processed/standardized_masks/g1020/image_2534.png,data/external/kaggle/glaucoma_fundus_imaging_bundle/G1020/Images/image_2534.jpg,data/processed/standardized_masks/g1020/image_2534.png,image_2534.jpg,image_2534.png,multiclass_values_0_1_2,0,1,2,G1020_image_2534,True,paired_standardized_and_visual_sample_reviewed,"G1020 image/mask pair matched by file ID; mask standardized to project {0,1,2} convention."
glaucoma_fundus_imaging_bundle,G1020,image_255,data/external/kaggle/glaucoma_fundus_imaging_bundle/G1020/Images/image_255.jpg,data/processed/standardized_masks/g1020/image_255.png,data/external/kaggle/glaucoma_fundus_imaging_bundle/G1020/Images/image_255.jpg,data/processed/standardized_masks/g1020/image_255.png,image_255.jpg,image_255.png,multiclass_values_0_1_2,0,1,2,G1020_image_255,True,paired_standardized_and_visual_sample_reviewed,"G1020 image/mask pair matched by file ID; mask standardized to project {0,1,2} convention."
glaucoma_fundus_imaging_bundle,G1020,image_2550,data/external/kaggle/glaucoma_fundus_imaging_bundle/G1020/Images/image_2550.jpg,data/processed/standardized_masks/g1020/image_2550.png,data/external/kaggle/glaucoma_fundus_imaging_bundle/G1020/Images/image_2550.jpg,data/processed/standardized_masks/g1020/image_2550.png,image_2550.jpg,image_2550.png,multiclass_values_0_1_2,0,1,2,G1020_image_2550,True,paired_standardized_and_visual_sample_reviewed,"G1020 image/mask pair matched by file ID; mask standardized to project {0,1,2} convention."
glaucoma_fundus_imaging_bundle,G1020,image_2551,data/external/kaggle/glaucoma_fundus_imaging_bundle/G1020/Images/image_2551.jpg,data/processed/standardized_masks/g1020/image_2551.png,data/external/kaggle/glaucoma_fundus_imaging_bundle/G1020/Images/image_2551.jpg,data/processed/standardized_masks/g1020/image_2551.png,image_2551.jpg,image_2551.png,multiclass_values_0_1_2,0,1,2,G1020_image_2551,True,paired_standardized_and_visual_sample_reviewed,"G1020 image/mask pair matched by file ID; mask standardized to project {0,1,2} convention."
glaucoma_fundus_imaging_bundle,G1020,image_2552,data/external/kaggle/glaucoma_fundus_imaging_bundle/G1020/Images/image_2552.jpg,data/processed/standardized_masks/g1020/image_2552.png,data/external/kaggle/glaucoma_fundus_imaging_bundle/G1020/Images/image_2552.jpg,data/processed/standardized_masks/g1020/image_2552.png,image_2552.jpg,image_2552.png,multiclass_values_0_1_2,0,1,2,G1020_image_2552,True,paired_standardized_and_visual_sample_reviewed,"G1020 image/mask pair matched by file ID; mask standardized to project {0,1,2} convention."
glaucoma_fundus_imaging_bundle,G1020,image_2553,data/external/kaggle/glaucoma_fundus_imaging_bundle/G1020/Images/image_2553.jpg,data/processed/standardized_masks/g1020/image_2553.png,data/external/kaggle/glaucoma_fundus_imaging_bundle/G1020/Images/image_2553.jpg,data/processed/standardized_masks/g1020/image_2553.png,image_2553.jpg,image_2553.png,multiclass_values_0_1_2,0,1,2,G1020_image_2553,True,paired_standardized_and_visual_sample_reviewed,"G1020 image/mask pair matched by file ID; mask standardized to project {0,1,2} convention."
glaucoma_fundus_imaging_bundle,G1020,image_2554,data/external/kaggle/glaucoma_fundus_imaging_bundle/G1020/Images/image_2554.jpg,data/processed/standardized_masks/g1020/image_2554.png,data/external/kaggle/glaucoma_fundus_imaging_bundle/G1020/Images/image_2554.jpg,data/processed/standardized_masks/g1020/image_2554.png,image_2554.jpg,image_2554.png,multiclass_values_0_1_2,0,1,2,G1020_image_2554,True,paired_standardized_and_visual_sample_reviewed,"G1020 image/mask pair matched by file ID; mask standardized to project {0,1,2} convention."
glaucoma_fundus_imaging_bundle,G1020,image_2555,data/external/kaggle/glaucoma_fundus_imaging_bundle/G1020/Images/image_2555.jpg,data/processed/standardized_masks/g1020/image_2555.png,data/external/kaggle/glaucoma_fundus_imaging_bundle/G1020/Images/image_2555.jpg,data/processed/standardized_masks/g1020/image_2555.png,image_2555.jpg,image_2555.png,multiclass_values_0_1_2,0,1,2,G1020_image_2555,True,paired_standardized_and_visual_sample_reviewed,"G1020 image/mask pair matched by file ID; mask standardized to project {0,1,2} convention."
glaucoma_fundus_imaging_bundle,G1020,image_2558,data/external/kaggle/glaucoma_fundus_imaging_bundle/G1020/Images/image_2558.jpg,data/processed/standardized_masks/g1020/image_2558.png,data/external/kaggle/glaucoma_fundus_imaging_bundle/G1020/Images/image_2558.jpg,data/processed/standardized_masks/g1020/image_2558.png,image_2558.jpg,image_2558.png,multiclass_values_0_1_2,0,1,2,G1020_image_2558,True,paired_standardized_and_visual_sample_reviewed,"G1020 image/mask pair matched by file ID; mask standardized to project {0,1,2} convention."
glaucoma_fundus_imaging_bundle,G1020,image_2559,data/external/kaggle/glaucoma_fundus_imaging_bundle/G1020/Images/image_2559.jpg,data/processed/standardized_masks/g1020/image_2559.png,data/external/kaggle/glaucoma_fundus_imaging_bundle/G1020/Images/image_2559.jpg,data/processed/standardized_masks/g1020/image_2559.png,image_2559.jpg,image_2559.png,multiclass_values_0_1_2,0,1,2,G1020_image_2559,True,paired_standardized_and_visual_sample_reviewed,"G1020 image/mask pair matched by file ID; mask standardized to project {0,1,2} convention."
glaucoma_fundus_imaging_bundle,G1020,image_256,data/external/kaggle/glaucoma_fundus_imaging_bundle/G1020/Images/image_256.jpg,data/processed/standardized_masks/g1020/image_256.png,data/external/kaggle/glaucoma_fundus_imaging_bundle/G1020/Images/image_256.jpg,data/processed/standardized_masks/g1020/image_256.png,image_256.jpg,image_256.png,multiclass_values_0_1_2,0,1,2,G1020_image_256,True,paired_standardized_and_visual_sample_reviewed,"G1020 image/mask pair matched by file ID; mask standardized to project {0,1,2} convention."
glaucoma_fundus_imaging_bundle,G1020,image_2562,data/external/kaggle/glaucoma_fundus_imaging_bundle/G1020/Images/image_2562.jpg,data/processed/standardized_masks/g1020/image_2562.png,data/external/kaggle/glaucoma_fundus_imaging_bundle/G1020/Images/image_2562.jpg,data/processed/standardized_masks/g1020/image_2562.png,image_2562.jpg,image_2562.png,multiclass_values_0_1_2,0,1,2,G1020_image_2562,True,paired_standardized_and_visual_sample_reviewed,"G1020 image/mask pair matched by file ID; mask standardized to project {0,1,2} convention."
glaucoma_fundus_imaging_bundle,G1020,image_2563,data/external/kaggle/glaucoma_fundus_imaging_bundle/G1020/Images/image_2563.jpg,data/processed/standardized_masks/g1020/image_2563.png,data/external/kaggle/glaucoma_fundus_imaging_bundle/G1020/Images/image_2563.jpg,data/processed/standardized_masks/g1020/image_2563.png,image_2563.jpg,image_2563.png,multiclass_values_0_1_2,0,1,2,G1020_image_2563,True,paired_standardized_and_visual_sample_reviewed,"G1020 image/mask pair matched by file ID; mask standardized to project {0,1,2} convention."
glaucoma_fundus_imaging_bundle,G1020,image_2564,data/external/kaggle/glaucoma_fundus_imaging_bundle/G1020/Images/image_2564.jpg,data/processed/standardized_masks/g1020/image_2564.png,data/external/kaggle/glaucoma_fundus_imaging_bundle/G1020/Images/image_2564.jpg,data/processed/standardized_masks/g1020/image_2564.png,image_2564.jpg,image_2564.png,multiclass_values_0_1_2,0,1,2,G1020_image_2564,True,paired_standardized_and_visual_sample_reviewed,"G1020 image/mask pair matched by file ID; mask standardized to project {0,1,2} convention."
glaucoma_fundus_imaging_bundle,G1020,image_2565,data/external/kaggle/glaucoma_fundus_imaging_bundle/G1020/Images/image_2565.jpg,data/processed/standardized_masks/g1020/image_2565.png,data/external/kaggle/glaucoma_fundus_imaging_bundle/G1020/Images/image_2565.jpg,data/processed/standardized_masks/g1020/image_2565.png,image_2565.jpg,image_2565.png,multiclass_values_0_1_2,0,1,2,G1020_image_2565,True,paired_standardized_and_visual_sample_reviewed,"G1020 image/mask pair matched by file ID; mask standardized to project {0,1,2} convention."
glaucoma_fundus_imaging_bundle,G1020,image_2566,data/external/kaggle/glaucoma_fundus_imaging_bundle/G1020/Images/image_2566.jpg,data/processed/standardized_masks/g1020/image_2566.png,data/external/kaggle/glaucoma_fundus_imaging_bundle/G1020/Images/image_2566.jpg,data/processed/standardized_masks/g1020/image_2566.png,image_2566.jpg,image_2566.png,multiclass_values_0_1_2,0,1,2,G1020_image_2566,True,paired_standardized_and_visual_sample_reviewed,"G1020 image/mask pair matched by file ID; mask standardized to project {0,1,2} convention."
glaucoma_fundus_imaging_bundle,G1020,image_2567,data/external/kaggle/glaucoma_fundus_imaging_bundle/G1020/Images/image_2567.jpg,data/processed/standardized_masks/g1020/image_2567.png,data/external/kaggle/glaucoma_fundus_imaging_bundle/G1020/Images/image_2567.jpg,data/processed/standardized_masks/g1020/image_2567.png,image_2567.jpg,image_2567.png,multiclass_values_0_1_2,0,1,2,G1020_image_2567,True,paired_standardized_and_visual_sample_reviewed,"G1020 image/mask pair matched by file ID; mask standardized to project {0,1,2} convention."
glaucoma_fundus_imaging_bundle,G1020,image_2568,data/external/kaggle/glaucoma_fundus_imaging_bundle/G1020/Images/image_2568.jpg,data/processed/standardized_masks/g1020/image_2568.png,data/external/kaggle/glaucoma_fundus_imaging_bundle/G1020/Images/image_2568.jpg,data/processed/standardized_masks/g1020/image_2568.png,image_2568.jpg,image_2568.png,multiclass_values_0_1_2,0,1,2,G1020_image_2568,True,paired_standardized_and_visual_sample_reviewed,"G1020 image/mask pair matched by file ID; mask standardized to project {0,1,2} convention."
glaucoma_fundus_imaging_bundle,G1020,image_2569,data/external/kaggle/glaucoma_fundus_imaging_bundle/G1020/Images/image_2569.jpg,data/processed/standardized_masks/g1020/image_2569.png,data/external/kaggle/glaucoma_fundus_imaging_bundle/G1020/Images/image_2569.jpg,data/processed/standardized_masks/g1020/image_2569.png,image_2569.jpg,image_2569.png,multiclass_values_0_1_2,0,1,2,G1020_image_2569,True,paired_standardized_and_visual_sample_reviewed,"G1020 image/mask pair matched by file ID; mask standardized to project {0,1,2} convention."
glaucoma_fundus_imaging_bundle,G1020,image_2570,data/external/kaggle/glaucoma_fundus_imaging_bundle/G1020/Images/image_2570.jpg,data/processed/standardized_masks/g1020/image_2570.png,data/external/kaggle/glaucoma_fundus_imaging_bundle/G1020/Images/image_2570.jpg,data/processed/standardized_masks/g1020/image_2570.png,image_2570.jpg,image_2570.png,multiclass_values_0_1_2,0,1,2,G1020_image_2570,True,paired_standardized_and_visual_sample_reviewed,"G1020 image/mask pair matched by file ID; mask standardized to project {0,1,2} convention."
glaucoma_fundus_imaging_bundle,G1020,image_2571,data/external/kaggle/glaucoma_fundus_imaging_bundle/G1020/Images/image_2571.jpg,data/processed/standardized_masks/g1020/image_2571.png,data/external/kaggle/glaucoma_fundus_imaging_bundle/G1020/Images/image_2571.jpg,data/processed/standardized_masks/g1020/image_2571.png,image_2571.jpg,image_2571.png,multiclass_values_0_1_2,0,1,2,G1020_image_2571,True,paired_standardized_and_visual_sample_reviewed,"G1020 image/mask pair matched by file ID; mask standardized to project {0,1,2} convention."
glaucoma_fundus_imaging_bundle,G1020,image_2572,data/external/kaggle/glaucoma_fundus_imaging_bundle/G1020/Images/image_2572.jpg,data/processed/standardized_masks/g1020/image_2572.png,data/external/kaggle/glaucoma_fundus_imaging_bundle/G1020/Images/image_2572.jpg,data/processed/standardized_masks/g1020/image_2572.png,image_2572.jpg,image_2572.png,multiclass_values_0_1_2,0,1,2,G1020_image_2572,True,paired_standardized_and_visual_sample_reviewed,"G1020 image/mask pair matched by file ID; mask standardized to project {0,1,2} convention."
glaucoma_fundus_imaging_bundle,G1020,image_2573,data/external/kaggle/glaucoma_fundus_imaging_bundle/G1020/Images/image_2573.jpg,data/processed/standardized_masks/g1020/image_2573.png,data/external/kaggle/glaucoma_fundus_imaging_bundle/G1020/Images/image_2573.jpg,data/processed/standardized_masks/g1020/image_2573.png,image_2573.jpg,image_2573.png,multiclass_values_0_1_2,0,1,2,G1020_image_2573,True,paired_standardized_and_visual_sample_reviewed,"G1020 image/mask pair matched by file ID; mask standardized to project {0,1,2} convention."
glaucoma_fundus_imaging_bundle,G1020,image_2574,data/external/kaggle/glaucoma_fundus_imaging_bundle/G1020/Images/image_2574.jpg,data/processed/standardized_masks/g1020/image_2574.png,data/external/kaggle/glaucoma_fundus_imaging_bundle/G1020/Images/image_2574.jpg,data/processed/standardized_masks/g1020/image_2574.png,image_2574.jpg,image_2574.png,multiclass_values_0_1_2,0,1,2,G1020_image_2574,True,paired_standardized_and_visual_sample_reviewed,"G1020 image/mask pair matched by file ID; mask standardized to project {0,1,2} convention."
glaucoma_fundus_imaging_bundle,G1020,image_2575,data/external/kaggle/glaucoma_fundus_imaging_bundle/G1020/Images/image_2575.jpg,data/processed/standardized_masks/g1020/image_2575.png,data/external/kaggle/glaucoma_fundus_imaging_bundle/G1020/Images/image_2575.jpg,data/processed/standardized_masks/g1020/image_2575.png,image_2575.jpg,image_2575.png,multiclass_values_0_1_2,0,1,2,G1020_image_2575,True,paired_standardized_and_visual_sample_reviewed,"G1020 image/mask pair matched by file ID; mask standardized to project {0,1,2} convention."
glaucoma_fundus_imaging_bundle,G1020,image_2576,data/external/kaggle/glaucoma_fundus_imaging_bundle/G1020/Images/image_2576.jpg,data/processed/standardized_masks/g1020/image_2576.png,data/external/kaggle/glaucoma_fundus_imaging_bundle/G1020/Images/image_2576.jpg,data/processed/standardized_masks/g1020/image_2576.png,image_2576.jpg,image_2576.png,multiclass_values_0_1_2,0,1,2,G1020_image_2576,True,paired_standardized_and_visual_sample_reviewed,"G1020 image/mask pair matched by file ID; mask standardized to project {0,1,2} convention."
glaucoma_fundus_imaging_bundle,G1020,image_2577,data/external/kaggle/glaucoma_fundus_imaging_bundle/G1020/Images/image_2577.jpg,data/processed/standardized_masks/g1020/image_2577.png,data/external/kaggle/glaucoma_fundus_imaging_bundle/G1020/Images/image_2577.jpg,data/processed/standardized_masks/g1020/image_2577.png,image_2577.jpg,image_2577.png,multiclass_values_0_1_2,0,1,2,G1020_image_2577,True,paired_standardized_and_visual_sample_reviewed,"G1020 image/mask pair matched by file ID; mask standardized to project {0,1,2} convention."
glaucoma_fundus_imaging_bundle,G1020,image_2578,data/external/kaggle/glaucoma_fundus_imaging_bundle/G1020/Images/image_2578.jpg,data/processed/standardized_masks/g1020/image_2578.png,data/external/kaggle/glaucoma_fundus_imaging_bundle/G1020/Images/image_2578.jpg,data/processed/standardized_masks/g1020/image_2578.png,image_2578.jpg,image_2578.png,multiclass_values_0_1_2,0,1,2,G1020_image_2578,True,paired_standardized_and_visual_sample_reviewed,"G1020 image/mask pair matched by file ID; mask standardized to project {0,1,2} convention."
glaucoma_fundus_imaging_bundle,G1020,image_2579,data/external/kaggle/glaucoma_fundus_imaging_bundle/G1020/Images/image_2579.jpg,data/processed/standardized_masks/g1020/image_2579.png,data/external/kaggle/glaucoma_fundus_imaging_bundle/G1020/Images/image_2579.jpg,data/processed/standardized_masks/g1020/image_2579.png,image_2579.jpg,image_2579.png,multiclass_values_0_1_2,0,1,2,G1020_image_2579,True,paired_standardized_and_visual_sample_reviewed,"G1020 image/mask pair matched by file ID; mask standardized to project {0,1,2} convention."
glaucoma_fundus_imaging_bundle,G1020,image_2588,data/external/kaggle/glaucoma_fundus_imaging_bundle/G1020/Images/image_2588.jpg,data/processed/standardized_masks/g1020/image_2588.png,data/external/kaggle/glaucoma_fundus_imaging_bundle/G1020/Images/image_2588.jpg,data/processed/standardized_masks/g1020/image_2588.png,image_2588.jpg,image_2588.png,multiclass_values_0_1_2,0,1,2,G1020_image_2588,True,paired_standardized_and_visual_sample_reviewed,"G1020 image/mask pair matched by file ID; mask standardized to project {0,1,2} convention."
glaucoma_fundus_imaging_bundle,G1020,image_2589,data/external/kaggle/glaucoma_fundus_imaging_bundle/G1020/Images/image_2589.jpg,data/processed/standardized_masks/g1020/image_2589.png,data/external/kaggle/glaucoma_fundus_imaging_bundle/G1020/Images/image_2589.jpg,data/processed/standardized_masks/g1020/image_2589.png,image_2589.jpg,image_2589.png,multiclass_values_0_1_2,0,1,2,G1020_image_2589,True,paired_standardized_and_visual_sample_reviewed,"G1020 image/mask pair matched by file ID; mask standardized to project {0,1,2} convention."
glaucoma_fundus_imaging_bundle,G1020,image_2602,data/external/kaggle/glaucoma_fundus_imaging_bundle/G1020/Images/image_2602.jpg,data/processed/standardized_masks/g1020/image_2602.png,data/external/kaggle/glaucoma_fundus_imaging_bundle/G1020/Images/image_2602.jpg,data/processed/standardized_masks/g1020/image_2602.png,image_2602.jpg,image_2602.png,multiclass_values_0_1_2,0,1,2,G1020_image_2602,True,paired_standardized_and_visual_sample_reviewed,"G1020 image/mask pair matched by file ID; mask standardized to project {0,1,2} convention."
glaucoma_fundus_imaging_bundle,G1020,image_2605,data/external/kaggle/glaucoma_fundus_imaging_bundle/G1020/Images/image_2605.jpg,data/processed/standardized_masks/g1020/image_2605.png,data/external/kaggle/glaucoma_fundus_imaging_bundle/G1020/Images/image_2605.jpg,data/processed/standardized_masks/g1020/image_2605.png,image_2605.jpg,image_2605.png,multiclass_values_0_1_2,0,1,2,G1020_image_2605,True,paired_standardized_and_visual_sample_reviewed,"G1020 image/mask pair matched by file ID; mask standardized to project {0,1,2} convention."
glaucoma_fundus_imaging_bundle,G1020,image_2606,data/external/kaggle/glaucoma_fundus_imaging_bundle/G1020/Images/image_2606.jpg,data/processed/standardized_masks/g1020/image_2606.png,data/external/kaggle/glaucoma_fundus_imaging_bundle/G1020/Images/image_2606.jpg,data/processed/standardized_masks/g1020/image_2606.png,image_2606.jpg,image_2606.png,multiclass_values_0_1_2,0,1,2,G1020_image_2606,True,paired_standardized_and_visual_sample_reviewed,"G1020 image/mask pair matched by file ID; mask standardized to project {0,1,2} convention."
glaucoma_fundus_imaging_bundle,G1020,image_2607,data/external/kaggle/glaucoma_fundus_imaging_bundle/G1020/Images/image_2607.jpg,data/processed/standardized_masks/g1020/image_2607.png,data/external/kaggle/glaucoma_fundus_imaging_bundle/G1020/Images/image_2607.jpg,data/processed/standardized_masks/g1020/image_2607.png,image_2607.jpg,image_2607.png,multiclass_values_0_1_2,0,1,2,G1020_image_2607,True,paired_standardized_and_visual_sample_reviewed,"G1020 image/mask pair matched by file ID; mask standardized to project {0,1,2} convention."
glaucoma_fundus_imaging_bundle,G1020,image_2608,data/external/kaggle/glaucoma_fundus_imaging_bundle/G1020/Images/image_2608.jpg,data/processed/standardized_masks/g1020/image_2608.png,data/external/kaggle/glaucoma_fundus_imaging_bundle/G1020/Images/image_2608.jpg,data/processed/standardized_masks/g1020/image_2608.png,image_2608.jpg,image_2608.png,multiclass_values_0_1_2,0,1,2,G1020_image_2608,True,paired_standardized_and_visual_sample_reviewed,"G1020 image/mask pair matched by file ID; mask standardized to project {0,1,2} convention."
glaucoma_fundus_imaging_bundle,G1020,image_261,data/external/kaggle/glaucoma_fundus_imaging_bundle/G1020/Images/image_261.jpg,data/processed/standardized_masks/g1020/image_261.png,data/external/kaggle/glaucoma_fundus_imaging_bundle/G1020/Images/image_261.jpg,data/processed/standardized_masks/g1020/image_261.png,image_261.jpg,image_261.png,multiclass_values_0_1_2,0,1,2,G1020_image_261,True,paired_standardized_and_visual_sample_reviewed,"G1020 image/mask pair matched by file ID; mask standardized to project {0,1,2} convention."
glaucoma_fundus_imaging_bundle,G1020,image_2611,data/external/kaggle/glaucoma_fundus_imaging_bundle/G1020/Images/image_2611.jpg,data/processed/standardized_masks/g1020/image_2611.png,data/external/kaggle/glaucoma_fundus_imaging_bundle/G1020/Images/image_2611.jpg,data/processed/standardized_masks/g1020/image_2611.png,image_2611.jpg,image_2611.png,multiclass_values_0_1_2,0,1,2,G1020_image_2611,True,paired_standardized_and_visual_sample_reviewed,"G1020 image/mask pair matched by file ID; mask standardized to project {0,1,2} convention."
glaucoma_fundus_imaging_bundle,G1020,image_2612,data/external/kaggle/glaucoma_fundus_imaging_bundle/G1020/Images/image_2612.jpg,data/processed/standardized_masks/g1020/image_2612.png,data/external/kaggle/glaucoma_fundus_imaging_bundle/G1020/Images/image_2612.jpg,data/processed/standardized_masks/g1020/image_2612.png,image_2612.jpg,image_2612.png,multiclass_values_0_1_2,0,1,2,G1020_image_2612,True,paired_standardized_and_visual_sample_reviewed,"G1020 image/mask pair matched by file ID; mask standardized to project {0,1,2} convention."
glaucoma_fundus_imaging_bundle,G1020,image_262,data/external/kaggle/glaucoma_fundus_imaging_bundle/G1020/Images/image_262.jpg,data/processed/standardized_masks/g1020/image_262.png,data/external/kaggle/glaucoma_fundus_imaging_bundle/G1020/Images/image_262.jpg,data/processed/standardized_masks/g1020/image_262.png,image_262.jpg,image_262.png,multiclass_values_0_1_2,0,1,2,G1020_image_262,True,paired_standardized_and_visual_sample_reviewed,"G1020 image/mask pair matched by file ID; mask standardized to project {0,1,2} convention."
glaucoma_fundus_imaging_bundle,G1020,image_2622,data/external/kaggle/glaucoma_fundus_imaging_bundle/G1020/Images/image_2622.jpg,data/processed/standardized_masks/g1020/image_2622.png,data/external/kaggle/glaucoma_fundus_imaging_bundle/G1020/Images/image_2622.jpg,data/processed/standardized_masks/g1020/image_2622.png,image_2622.jpg,image_2622.png,multiclass_values_0_1_2,0,1,2,G1020_image_2622,True,paired_standardized_and_visual_sample_reviewed,"G1020 image/mask pair matched by file ID; mask standardized to project {0,1,2} convention."
glaucoma_fundus_imaging_bundle,G1020,image_2623,data/external/kaggle/glaucoma_fundus_imaging_bundle/G1020/Images/image_2623.jpg,data/processed/standardized_masks/g1020/image_2623.png,data/external/kaggle/glaucoma_fundus_imaging_bundle/G1020/Images/image_2623.jpg,data/processed/standardized_masks/g1020/image_2623.png,image_2623.jpg,image_2623.png,multiclass_values_0_1_2,0,1,2,G1020_image_2623,True,paired_standardized_and_visual_sample_reviewed,"G1020 image/mask pair matched by file ID; mask standardized to project {0,1,2} convention."
glaucoma_fundus_imaging_bundle,G1020,image_264,data/external/kaggle/glaucoma_fundus_imaging_bundle/G1020/Images/image_264.jpg,data/processed/standardized_masks/g1020/image_264.png,data/external/kaggle/glaucoma_fundus_imaging_bundle/G1020/Images/image_264.jpg,data/processed/standardized_masks/g1020/image_264.png,image_264.jpg,image_264.png,multiclass_values_0_1_2,0,1,2,G1020_image_264,True,paired_standardized_and_visual_sample_reviewed,"G1020 image/mask pair matched by file ID; mask standardized to project {0,1,2} convention."
glaucoma_fundus_imaging_bundle,G1020,image_265,data/external/kaggle/glaucoma_fundus_imaging_bundle/G1020/Images/image_265.jpg,data/processed/standardized_masks/g1020/image_265.png,data/external/kaggle/glaucoma_fundus_imaging_bundle/G1020/Images/image_265.jpg,data/processed/standardized_masks/g1020/image_265.png,image_265.jpg,image_265.png,multiclass_values_0_1_2,0,1,2,G1020_image_265,True,paired_standardized_and_visual_sample_reviewed,"G1020 image/mask pair matched by file ID; mask standardized to project {0,1,2} convention."
glaucoma_fundus_imaging_bundle,G1020,image_2651,data/external/kaggle/glaucoma_fundus_imaging_bundle/G1020/Images/image_2651.jpg,data/processed/standardized_masks/g1020/image_2651.png,data/external/kaggle/glaucoma_fundus_imaging_bundle/G1020/Images/image_2651.jpg,data/processed/standardized_masks/g1020/image_2651.png,image_2651.jpg,image_2651.png,multiclass_values_0_1_2,0,1,2,G1020_image_2651,True,paired_standardized_and_visual_sample_reviewed,"G1020 image/mask pair matched by file ID; mask standardized to project {0,1,2} convention."
glaucoma_fundus_imaging_bundle,G1020,image_2652,data/external/kaggle/glaucoma_fundus_imaging_bundle/G1020/Images/image_2652.jpg,data/processed/standardized_masks/g1020/image_2652.png,data/external/kaggle/glaucoma_fundus_imaging_bundle/G1020/Images/image_2652.jpg,data/processed/standardized_masks/g1020/image_2652.png,image_2652.jpg,image_2652.png,multiclass_values_0_1_2,0,1,2,G1020_image_2652,True,paired_standardized_and_visual_sample_reviewed,"G1020 image/mask pair matched by file ID; mask standardized to project {0,1,2} convention."
glaucoma_fundus_imaging_bundle,G1020,image_2654,data/external/kaggle/glaucoma_fundus_imaging_bundle/G1020/Images/image_2654.jpg,data/processed/standardized_masks/g1020/image_2654.png,data/external/kaggle/glaucoma_fundus_imaging_bundle/G1020/Images/image_2654.jpg,data/processed/standardized_masks/g1020/image_2654.png,image_2654.jpg,image_2654.png,multiclass_values_0_1_2,0,1,2,G1020_image_2654,True,paired_standardized_and_visual_sample_reviewed,"G1020 image/mask pair matched by file ID; mask standardized to project {0,1,2} convention."
glaucoma_fundus_imaging_bundle,G1020,image_2655,data/external/kaggle/glaucoma_fundus_imaging_bundle/G1020/Images/image_2655.jpg,data/processed/standardized_masks/g1020/image_2655.png,data/external/kaggle/glaucoma_fundus_imaging_bundle/G1020/Images/image_2655.jpg,data/processed/standardized_masks/g1020/image_2655.png,image_2655.jpg,image_2655.png,multiclass_values_0_1_2,0,1,2,G1020_image_2655,True,paired_standardized_and_visual_sample_reviewed,"G1020 image/mask pair matched by file ID; mask standardized to project {0,1,2} convention."
glaucoma_fundus_imaging_bundle,G1020,image_2656,data/external/kaggle/glaucoma_fundus_imaging_bundle/G1020/Images/image_2656.jpg,data/processed/standardized_masks/g1020/image_2656.png,data/external/kaggle/glaucoma_fundus_imaging_bundle/G1020/Images/image_2656.jpg,data/processed/standardized_masks/g1020/image_2656.png,image_2656.jpg,image_2656.png,multiclass_values_0_1_2,0,1,2,G1020_image_2656,True,paired_standardized_and_visual_sample_reviewed,"G1020 image/mask pair matched by file ID; mask standardized to project {0,1,2} convention."
glaucoma_fundus_imaging_bundle,G1020,image_2658,data/external/kaggle/glaucoma_fundus_imaging_bundle/G1020/Images/image_2658.jpg,data/processed/standardized_masks/g1020/image_2658.png,data/external/kaggle/glaucoma_fundus_imaging_bundle/G1020/Images/image_2658.jpg,data/processed/standardized_masks/g1020/image_2658.png,image_2658.jpg,image_2658.png,multiclass_values_0_1_2,0,1,2,G1020_image_2658,True,paired_standardized_and_visual_sample_reviewed,"G1020 image/mask pair matched by file ID; mask standardized to project {0,1,2} convention."
glaucoma_fundus_imaging_bundle,G1020,image_266,data/external/kaggle/glaucoma_fundus_imaging_bundle/G1020/Images/image_266.jpg,data/processed/standardized_masks/g1020/image_266.png,data/external/kaggle/glaucoma_fundus_imaging_bundle/G1020/Images/image_266.jpg,data/processed/standardized_masks/g1020/image_266.png,image_266.jpg,image_266.png,multiclass_values_0_1_2,0,1,2,G1020_image_266,True,paired_standardized_and_visual_sample_reviewed,"G1020 image/mask pair matched by file ID; mask standardized to project {0,1,2} convention."
glaucoma_fundus_imaging_bundle,G1020,image_2661,data/external/kaggle/glaucoma_fundus_imaging_bundle/G1020/Images/image_2661.jpg,data/processed/standardized_masks/g1020/image_2661.png,data/external/kaggle/glaucoma_fundus_imaging_bundle/G1020/Images/image_2661.jpg,data/processed/standardized_masks/g1020/image_2661.png,image_2661.jpg,image_2661.png,multiclass_values_0_1_2,0,1,2,G1020_image_2661,True,paired_standardized_and_visual_sample_reviewed,"G1020 image/mask pair matched by file ID; mask standardized to project {0,1,2} convention."
glaucoma_fundus_imaging_bundle,G1020,image_2662,data/external/kaggle/glaucoma_fundus_imaging_bundle/G1020/Images/image_2662.jpg,data/processed/standardized_masks/g1020/image_2662.png,data/external/kaggle/glaucoma_fundus_imaging_bundle/G1020/Images/image_2662.jpg,data/processed/standardized_masks/g1020/image_2662.png,image_2662.jpg,image_2662.png,multiclass_values_0_1_2,0,1,2,G1020_image_2662,True,paired_standardized_and_visual_sample_reviewed,"G1020 image/mask pair matched by file ID; mask standardized to project {0,1,2} convention."
glaucoma_fundus_imaging_bundle,G1020,image_2668,data/external/kaggle/glaucoma_fundus_imaging_bundle/G1020/Images/image_2668.jpg,data/processed/standardized_masks/g1020/image_2668.png,data/external/kaggle/glaucoma_fundus_imaging_bundle/G1020/Images/image_2668.jpg,data/processed/standardized_masks/g1020/image_2668.png,image_2668.jpg,image_2668.png,multiclass_values_0_1_2,0,1,2,G1020_image_2668,True,paired_standardized_and_visual_sample_reviewed,"G1020 image/mask pair matched by file ID; mask standardized to project {0,1,2} convention."
glaucoma_fundus_imaging_bundle,G1020,image_2669,data/external/kaggle/glaucoma_fundus_imaging_bundle/G1020/Images/image_2669.jpg,data/processed/standardized_masks/g1020/image_2669.png,data/external/kaggle/glaucoma_fundus_imaging_bundle/G1020/Images/image_2669.jpg,data/processed/standardized_masks/g1020/image_2669.png,image_2669.jpg,image_2669.png,multiclass_values_0_1_2,0,1,2,G1020_image_2669,True,paired_standardized_and_visual_sample_reviewed,"G1020 image/mask pair matched by file ID; mask standardized to project {0,1,2} convention."
glaucoma_fundus_imaging_bundle,G1020,image_2676,data/external/kaggle/glaucoma_fundus_imaging_bundle/G1020/Images/image_2676.jpg,data/processed/standardized_masks/g1020/image_2676.png,data/external/kaggle/glaucoma_fundus_imaging_bundle/G1020/Images/image_2676.jpg,data/processed/standardized_masks/g1020/image_2676.png,image_2676.jpg,image_2676.png,multiclass_values_0_1_2,0,1,2,G1020_image_2676,True,paired_standardized_and_visual_sample_reviewed,"G1020 image/mask pair matched by file ID; mask standardized to project {0,1,2} convention."
glaucoma_fundus_imaging_bundle,G1020,image_2677,data/external/kaggle/glaucoma_fundus_imaging_bundle/G1020/Images/image_2677.jpg,data/processed/standardized_masks/g1020/image_2677.png,data/external/kaggle/glaucoma_fundus_imaging_bundle/G1020/Images/image_2677.jpg,data/processed/standardized_masks/g1020/image_2677.png,image_2677.jpg,image_2677.png,multiclass_values_0_1_2,0,1,2,G1020_image_2677,True,paired_standardized_and_visual_sample_reviewed,"G1020 image/mask pair matched by file ID; mask standardized to project {0,1,2} convention."
glaucoma_fundus_imaging_bundle,G1020,image_2685,data/external/kaggle/glaucoma_fundus_imaging_bundle/G1020/Images/image_2685.jpg,data/processed/standardized_masks/g1020/image_2685.png,data/external/kaggle/glaucoma_fundus_imaging_bundle/G1020/Images/image_2685.jpg,data/processed/standardized_masks/g1020/image_2685.png,image_2685.jpg,image_2685.png,multiclass_values_0_1_2,0,1,2,G1020_image_2685,True,paired_standardized_and_visual_sample_reviewed,"G1020 image/mask pair matched by file ID; mask standardized to project {0,1,2} convention."
glaucoma_fundus_imaging_bundle,G1020,image_2686,data/external/kaggle/glaucoma_fundus_imaging_bundle/G1020/Images/image_2686.jpg,data/processed/standardized_masks/g1020/image_2686.png,data/external/kaggle/glaucoma_fundus_imaging_bundle/G1020/Images/image_2686.jpg,data/processed/standardized_masks/g1020/image_2686.png,image_2686.jpg,image_2686.png,multiclass_values_0_1_2,0,1,2,G1020_image_2686,True,paired_standardized_and_visual_sample_reviewed,"G1020 image/mask pair matched by file ID; mask standardized to project {0,1,2} convention."
glaucoma_fundus_imaging_bundle,G1020,image_2687,data/external/kaggle/glaucoma_fundus_imaging_bundle/G1020/Images/image_2687.jpg,data/processed/standardized_masks/g1020/image_2687.png,data/external/kaggle/glaucoma_fundus_imaging_bundle/G1020/Images/image_2687.jpg,data/processed/standardized_masks/g1020/image_2687.png,image_2687.jpg,image_2687.png,multiclass_values_0_1_2,0,1,2,G1020_image_2687,True,paired_standardized_and_visual_sample_reviewed,"G1020 image/mask pair matched by file ID; mask standardized to project {0,1,2} convention."
glaucoma_fundus_imaging_bundle,G1020,image_2688,data/external/kaggle/glaucoma_fundus_imaging_bundle/G1020/Images/image_2688.jpg,data/processed/standardized_masks/g1020/image_2688.png,data/external/kaggle/glaucoma_fundus_imaging_bundle/G1020/Images/image_2688.jpg,data/processed/standardized_masks/g1020/image_2688.png,image_2688.jpg,image_2688.png,multiclass_values_0_1_2,0,1,2,G1020_image_2688,True,paired_standardized_and_visual_sample_reviewed,"G1020 image/mask pair matched by file ID; mask standardized to project {0,1,2} convention."
glaucoma_fundus_imaging_bundle,G1020,image_2689,data/external/kaggle/glaucoma_fundus_imaging_bundle/G1020/Images/image_2689.jpg,data/processed/standardized_masks/g1020/image_2689.png,data/external/kaggle/glaucoma_fundus_imaging_bundle/G1020/Images/image_2689.jpg,data/processed/standardized_masks/g1020/image_2689.png,image_2689.jpg,image_2689.png,multiclass_values_0_1_2,0,1,2,G1020_image_2689,True,paired_standardized_and_visual_sample_reviewed,"G1020 image/mask pair matched by file ID; mask standardized to project {0,1,2} convention."
glaucoma_fundus_imaging_bundle,G1020,image_2690,data/external/kaggle/glaucoma_fundus_imaging_bundle/G1020/Images/image_2690.jpg,data/processed/standardized_masks/g1020/image_2690.png,data/external/kaggle/glaucoma_fundus_imaging_bundle/G1020/Images/image_2690.jpg,data/processed/standardized_masks/g1020/image_2690.png,image_2690.jpg,image_2690.png,multiclass_values_0_1_2,0,1,2,G1020_image_2690,True,paired_standardized_and_visual_sample_reviewed,"G1020 image/mask pair matched by file ID; mask standardized to project {0,1,2} convention."
glaucoma_fundus_imaging_bundle,G1020,image_2691,data/external/kaggle/glaucoma_fundus_imaging_bundle/G1020/Images/image_2691.jpg,data/processed/standardized_masks/g1020/image_2691.png,data/external/kaggle/glaucoma_fundus_imaging_bundle/G1020/Images/image_2691.jpg,data/processed/standardized_masks/g1020/image_2691.png,image_2691.jpg,image_2691.png,multiclass_values_0_1_2,0,1,2,G1020_image_2691,True,paired_standardized_and_visual_sample_reviewed,"G1020 image/mask pair matched by file ID; mask standardized to project {0,1,2} convention."
glaucoma_fundus_imaging_bundle,G1020,image_2692,data/external/kaggle/glaucoma_fundus_imaging_bundle/G1020/Images/image_2692.jpg,data/processed/standardized_masks/g1020/image_2692.png,data/external/kaggle/glaucoma_fundus_imaging_bundle/G1020/Images/image_2692.jpg,data/processed/standardized_masks/g1020/image_2692.png,image_2692.jpg,image_2692.png,multiclass_values_0_1_2,0,1,2,G1020_image_2692,True,paired_standardized_and_visual_sample_reviewed,"G1020 image/mask pair matched by file ID; mask standardized to project {0,1,2} convention."
glaucoma_fundus_imaging_bundle,G1020,image_2693,data/external/kaggle/glaucoma_fundus_imaging_bundle/G1020/Images/image_2693.jpg,data/processed/standardized_masks/g1020/image_2693.png,data/external/kaggle/glaucoma_fundus_imaging_bundle/G1020/Images/image_2693.jpg,data/processed/standardized_masks/g1020/image_2693.png,image_2693.jpg,image_2693.png,multiclass_values_0_1_2,0,1,2,G1020_image_2693,True,paired_standardized_and_visual_sample_reviewed,"G1020 image/mask pair matched by file ID; mask standardized to project {0,1,2} convention."
glaucoma_fundus_imaging_bundle,G1020,image_2694,data/external/kaggle/glaucoma_fundus_imaging_bundle/G1020/Images/image_2694.jpg,data/processed/standardized_masks/g1020/image_2694.png,data/external/kaggle/glaucoma_fundus_imaging_bundle/G1020/Images/image_2694.jpg,data/processed/standardized_masks/g1020/image_2694.png,image_2694.jpg,image_2694.png,multiclass_values_0_1_2,0,1,2,G1020_image_2694,True,paired_standardized_and_visual_sample_reviewed,"G1020 image/mask pair matched by file ID; mask standardized to project {0,1,2} convention."
glaucoma_fundus_imaging_bundle,G1020,image_2695,data/external/kaggle/glaucoma_fundus_imaging_bundle/G1020/Images/image_2695.jpg,data/processed/standardized_masks/g1020/image_2695.png,data/external/kaggle/glaucoma_fundus_imaging_bundle/G1020/Images/image_2695.jpg,data/processed/standardized_masks/g1020/image_2695.png,image_2695.jpg,image_2695.png,multiclass_values_0_1_2,0,1,2,G1020_image_2695,True,paired_standardized_and_visual_sample_reviewed,"G1020 image/mask pair matched by file ID; mask standardized to project {0,1,2} convention."
glaucoma_fundus_imaging_bundle,G1020,image_2698,data/external/kaggle/glaucoma_fundus_imaging_bundle/G1020/Images/image_2698.jpg,data/processed/standardized_masks/g1020/image_2698.png,data/external/kaggle/glaucoma_fundus_imaging_bundle/G1020/Images/image_2698.jpg,data/processed/standardized_masks/g1020/image_2698.png,image_2698.jpg,image_2698.png,multiclass_values_0_1_2,0,1,2,G1020_image_2698,True,paired_standardized_and_visual_sample_reviewed,"G1020 image/mask pair matched by file ID; mask standardized to project {0,1,2} convention."
glaucoma_fundus_imaging_bundle,G1020,image_2699,data/external/kaggle/glaucoma_fundus_imaging_bundle/G1020/Images/image_2699.jpg,data/processed/standardized_masks/g1020/image_2699.png,data/external/kaggle/glaucoma_fundus_imaging_bundle/G1020/Images/image_2699.jpg,data/processed/standardized_masks/g1020/image_2699.png,image_2699.jpg,image_2699.png,multiclass_values_0_1_2,0,1,2,G1020_image_2699,True,paired_standardized_and_visual_sample_reviewed,"G1020 image/mask pair matched by file ID; mask standardized to project {0,1,2} convention."
glaucoma_fundus_imaging_bundle,G1020,image_2700,data/external/kaggle/glaucoma_fundus_imaging_bundle/G1020/Images/image_2700.jpg,data/processed/standardized_masks/g1020/image_2700.png,data/external/kaggle/glaucoma_fundus_imaging_bundle/G1020/Images/image_2700.jpg,data/processed/standardized_masks/g1020/image_2700.png,image_2700.jpg,image_2700.png,multiclass_values_0_1_2,0,1,2,G1020_image_2700,True,paired_standardized_and_visual_sample_reviewed,"G1020 image/mask pair matched by file ID; mask standardized to project {0,1,2} convention."
glaucoma_fundus_imaging_bundle,G1020,image_2701,data/external/kaggle/glaucoma_fundus_imaging_bundle/G1020/Images/image_2701.jpg,data/processed/standardized_masks/g1020/image_2701.png,data/external/kaggle/glaucoma_fundus_imaging_bundle/G1020/Images/image_2701.jpg,data/processed/standardized_masks/g1020/image_2701.png,image_2701.jpg,image_2701.png,multiclass_values_0_1_2,0,1,2,G1020_image_2701,True,paired_standardized_and_visual_sample_reviewed,"G1020 image/mask pair matched by file ID; mask standardized to project {0,1,2} convention."
glaucoma_fundus_imaging_bundle,G1020,image_2702,data/external/kaggle/glaucoma_fundus_imaging_bundle/G1020/Images/image_2702.jpg,data/processed/standardized_masks/g1020/image_2702.png,data/external/kaggle/glaucoma_fundus_imaging_bundle/G1020/Images/image_2702.jpg,data/processed/standardized_masks/g1020/image_2702.png,image_2702.jpg,image_2702.png,multiclass_values_0_1_2,0,1,2,G1020_image_2702,True,paired_standardized_and_visual_sample_reviewed,"G1020 image/mask pair matched by file ID; mask standardized to project {0,1,2} convention."
glaucoma_fundus_imaging_bundle,G1020,image_2703,data/external/kaggle/glaucoma_fundus_imaging_bundle/G1020/Images/image_2703.jpg,data/processed/standardized_masks/g1020/image_2703.png,data/external/kaggle/glaucoma_fundus_imaging_bundle/G1020/Images/image_2703.jpg,data/processed/standardized_masks/g1020/image_2703.png,image_2703.jpg,image_2703.png,multiclass_values_0_1_2,0,1,2,G1020_image_2703,True,paired_standardized_and_visual_sample_reviewed,"G1020 image/mask pair matched by file ID; mask standardized to project {0,1,2} convention."
glaucoma_fundus_imaging_bundle,G1020,image_2707,data/external/kaggle/glaucoma_fundus_imaging_bundle/G1020/Images/image_2707.jpg,data/processed/standardized_masks/g1020/image_2707.png,data/external/kaggle/glaucoma_fundus_imaging_bundle/G1020/Images/image_2707.jpg,data/processed/standardized_masks/g1020/image_2707.png,image_2707.jpg,image_2707.png,multiclass_values_0_1_2,0,1,2,G1020_image_2707,True,paired_standardized_and_visual_sample_reviewed,"G1020 image/mask pair matched by file ID; mask standardized to project {0,1,2} convention."
glaucoma_fundus_imaging_bundle,G1020,image_2708,data/external/kaggle/glaucoma_fundus_imaging_bundle/G1020/Images/image_2708.jpg,data/processed/standardized_masks/g1020/image_2708.png,data/external/kaggle/glaucoma_fundus_imaging_bundle/G1020/Images/image_2708.jpg,data/processed/standardized_masks/g1020/image_2708.png,image_2708.jpg,image_2708.png,multiclass_values_0_1_2,0,1,2,G1020_image_2708,True,paired_standardized_and_visual_sample_reviewed,"G1020 image/mask pair matched by file ID; mask standardized to project {0,1,2} convention."
glaucoma_fundus_imaging_bundle,G1020,image_2709,data/external/kaggle/glaucoma_fundus_imaging_bundle/G1020/Images/image_2709.jpg,data/processed/standardized_masks/g1020/image_2709.png,data/external/kaggle/glaucoma_fundus_imaging_bundle/G1020/Images/image_2709.jpg,data/processed/standardized_masks/g1020/image_2709.png,image_2709.jpg,image_2709.png,multiclass_values_0_1_2,0,1,2,G1020_image_2709,True,paired_standardized_and_visual_sample_reviewed,"G1020 image/mask pair matched by file ID; mask standardized to project {0,1,2} convention."
glaucoma_fundus_imaging_bundle,G1020,image_2710,data/external/kaggle/glaucoma_fundus_imaging_bundle/G1020/Images/image_2710.jpg,data/processed/standardized_masks/g1020/image_2710.png,data/external/kaggle/glaucoma_fundus_imaging_bundle/G1020/Images/image_2710.jpg,data/processed/standardized_masks/g1020/image_2710.png,image_2710.jpg,image_2710.png,multiclass_values_0_1_2,0,1,2,G1020_image_2710,True,paired_standardized_and_visual_sample_reviewed,"G1020 image/mask pair matched by file ID; mask standardized to project {0,1,2} convention."
glaucoma_fundus_imaging_bundle,G1020,image_2711,data/external/kaggle/glaucoma_fundus_imaging_bundle/G1020/Images/image_2711.jpg,data/processed/standardized_masks/g1020/image_2711.png,data/external/kaggle/glaucoma_fundus_imaging_bundle/G1020/Images/image_2711.jpg,data/processed/standardized_masks/g1020/image_2711.png,image_2711.jpg,image_2711.png,multiclass_values_0_1_2,0,1,2,G1020_image_2711,True,paired_standardized_and_visual_sample_reviewed,"G1020 image/mask pair matched by file ID; mask standardized to project {0,1,2} convention."
glaucoma_fundus_imaging_bundle,G1020,image_2712,data/external/kaggle/glaucoma_fundus_imaging_bundle/G1020/Images/image_2712.jpg,data/processed/standardized_masks/g1020/image_2712.png,data/external/kaggle/glaucoma_fundus_imaging_bundle/G1020/Images/image_2712.jpg,data/processed/standardized_masks/g1020/image_2712.png,image_2712.jpg,image_2712.png,multiclass_values_0_1_2,0,1,2,G1020_image_2712,True,paired_standardized_and_visual_sample_reviewed,"G1020 image/mask pair matched by file ID; mask standardized to project {0,1,2} convention."
glaucoma_fundus_imaging_bundle,G1020,image_2713,data/external/kaggle/glaucoma_fundus_imaging_bundle/G1020/Images/image_2713.jpg,data/processed/standardized_masks/g1020/image_2713.png,data/external/kaggle/glaucoma_fundus_imaging_bundle/G1020/Images/image_2713.jpg,data/processed/standardized_masks/g1020/image_2713.png,image_2713.jpg,image_2713.png,multiclass_values_0_1_2,0,1,2,G1020_image_2713,True,paired_standardized_and_visual_sample_reviewed,"G1020 image/mask pair matched by file ID; mask standardized to project {0,1,2} convention."
glaucoma_fundus_imaging_bundle,G1020,image_2714,data/external/kaggle/glaucoma_fundus_imaging_bundle/G1020/Images/image_2714.jpg,data/processed/standardized_masks/g1020/image_2714.png,data/external/kaggle/glaucoma_fundus_imaging_bundle/G1020/Images/image_2714.jpg,data/processed/standardized_masks/g1020/image_2714.png,image_2714.jpg,image_2714.png,multiclass_values_0_1_2,0,1,2,G1020_image_2714,True,paired_standardized_and_visual_sample_reviewed,"G1020 image/mask pair matched by file ID; mask standardized to project {0,1,2} convention."
glaucoma_fundus_imaging_bundle,G1020,image_2728,data/external/kaggle/glaucoma_fundus_imaging_bundle/G1020/Images/image_2728.jpg,data/processed/standardized_masks/g1020/image_2728.png,data/external/kaggle/glaucoma_fundus_imaging_bundle/G1020/Images/image_2728.jpg,data/processed/standardized_masks/g1020/image_2728.png,image_2728.jpg,image_2728.png,multiclass_values_0_1_2,0,1,2,G1020_image_2728,True,paired_standardized_and_visual_sample_reviewed,"G1020 image/mask pair matched by file ID; mask standardized to project {0,1,2} convention."
glaucoma_fundus_imaging_bundle,G1020,image_2729,data/external/kaggle/glaucoma_fundus_imaging_bundle/G1020/Images/image_2729.jpg,data/processed/standardized_masks/g1020/image_2729.png,data/external/kaggle/glaucoma_fundus_imaging_bundle/G1020/Images/image_2729.jpg,data/processed/standardized_masks/g1020/image_2729.png,image_2729.jpg,image_2729.png,multiclass_values_0_1_2,0,1,2,G1020_image_2729,True,paired_standardized_and_visual_sample_reviewed,"G1020 image/mask pair matched by file ID; mask standardized to project {0,1,2} convention."
glaucoma_fundus_imaging_bundle,G1020,image_2730,data/external/kaggle/glaucoma_fundus_imaging_bundle/G1020/Images/image_2730.jpg,data/processed/standardized_masks/g1020/image_2730.png,data/external/kaggle/glaucoma_fundus_imaging_bundle/G1020/Images/image_2730.jpg,data/processed/standardized_masks/g1020/image_2730.png,image_2730.jpg,image_2730.png,multiclass_values_0_1_2,0,1,2,G1020_image_2730,True,paired_standardized_and_visual_sample_reviewed,"G1020 image/mask pair matched by file ID; mask standardized to project {0,1,2} convention."
glaucoma_fundus_imaging_bundle,G1020,image_2731,data/external/kaggle/glaucoma_fundus_imaging_bundle/G1020/Images/image_2731.jpg,data/processed/standardized_masks/g1020/image_2731.png,data/external/kaggle/glaucoma_fundus_imaging_bundle/G1020/Images/image_2731.jpg,data/processed/standardized_masks/g1020/image_2731.png,image_2731.jpg,image_2731.png,multiclass_values_0_1_2,0,1,2,G1020_image_2731,True,paired_standardized_and_visual_sample_reviewed,"G1020 image/mask pair matched by file ID; mask standardized to project {0,1,2} convention."
glaucoma_fundus_imaging_bundle,G1020,image_2732,data/external/kaggle/glaucoma_fundus_imaging_bundle/G1020/Images/image_2732.jpg,data/processed/standardized_masks/g1020/image_2732.png,data/external/kaggle/glaucoma_fundus_imaging_bundle/G1020/Images/image_2732.jpg,data/processed/standardized_masks/g1020/image_2732.png,image_2732.jpg,image_2732.png,multiclass_values_0_1_2,0,1,2,G1020_image_2732,True,paired_standardized_and_visual_sample_reviewed,"G1020 image/mask pair matched by file ID; mask standardized to project {0,1,2} convention."
glaucoma_fundus_imaging_bundle,G1020,image_2733,data/external/kaggle/glaucoma_fundus_imaging_bundle/G1020/Images/image_2733.jpg,data/processed/standardized_masks/g1020/image_2733.png,data/external/kaggle/glaucoma_fundus_imaging_bundle/G1020/Images/image_2733.jpg,data/processed/standardized_masks/g1020/image_2733.png,image_2733.jpg,image_2733.png,multiclass_values_0_1_2,0,1,2,G1020_image_2733,True,paired_standardized_and_visual_sample_reviewed,"G1020 image/mask pair matched by file ID; mask standardized to project {0,1,2} convention."
glaucoma_fundus_imaging_bundle,G1020,image_2734,data/external/kaggle/glaucoma_fundus_imaging_bundle/G1020/Images/image_2734.jpg,data/processed/standardized_masks/g1020/image_2734.png,data/external/kaggle/glaucoma_fundus_imaging_bundle/G1020/Images/image_2734.jpg,data/processed/standardized_masks/g1020/image_2734.png,image_2734.jpg,image_2734.png,multiclass_values_0_1_2,0,1,2,G1020_image_2734,True,paired_standardized_and_visual_sample_reviewed,"G1020 image/mask pair matched by file ID; mask standardized to project {0,1,2} convention."
glaucoma_fundus_imaging_bundle,G1020,image_2735,data/external/kaggle/glaucoma_fundus_imaging_bundle/G1020/Images/image_2735.jpg,data/processed/standardized_masks/g1020/image_2735.png,data/external/kaggle/glaucoma_fundus_imaging_bundle/G1020/Images/image_2735.jpg,data/processed/standardized_masks/g1020/image_2735.png,image_2735.jpg,image_2735.png,multiclass_values_0_1_2,0,1,2,G1020_image_2735,True,paired_standardized_and_visual_sample_reviewed,"G1020 image/mask pair matched by file ID; mask standardized to project {0,1,2} convention."
glaucoma_fundus_imaging_bundle,G1020,image_2736,data/external/kaggle/glaucoma_fundus_imaging_bundle/G1020/Images/image_2736.jpg,data/processed/standardized_masks/g1020/image_2736.png,data/external/kaggle/glaucoma_fundus_imaging_bundle/G1020/Images/image_2736.jpg,data/processed/standardized_masks/g1020/image_2736.png,image_2736.jpg,image_2736.png,multiclass_values_0_1_2,0,1,2,G1020_image_2736,True,paired_standardized_and_visual_sample_reviewed,"G1020 image/mask pair matched by file ID; mask standardized to project {0,1,2} convention."
glaucoma_fundus_imaging_bundle,G1020,image_2737,data/external/kaggle/glaucoma_fundus_imaging_bundle/G1020/Images/image_2737.jpg,data/processed/standardized_masks/g1020/image_2737.png,data/external/kaggle/glaucoma_fundus_imaging_bundle/G1020/Images/image_2737.jpg,data/processed/standardized_masks/g1020/image_2737.png,image_2737.jpg,image_2737.png,multiclass_values_0_1_2,0,1,2,G1020_image_2737,True,paired_standardized_and_visual_sample_reviewed,"G1020 image/mask pair matched by file ID; mask standardized to project {0,1,2} convention."
glaucoma_fundus_imaging_bundle,G1020,image_2738,data/external/kaggle/glaucoma_fundus_imaging_bundle/G1020/Images/image_2738.jpg,data/processed/standardized_masks/g1020/image_2738.png,data/external/kaggle/glaucoma_fundus_imaging_bundle/G1020/Images/image_2738.jpg,data/processed/standardized_masks/g1020/image_2738.png,image_2738.jpg,image_2738.png,multiclass_values_0_1_2,0,1,2,G1020_image_2738,True,paired_standardized_and_visual_sample_reviewed,"G1020 image/mask pair matched by file ID; mask standardized to project {0,1,2} convention."
glaucoma_fundus_imaging_bundle,G1020,image_2739,data/external/kaggle/glaucoma_fundus_imaging_bundle/G1020/Images/image_2739.jpg,data/processed/standardized_masks/g1020/image_2739.png,data/external/kaggle/glaucoma_fundus_imaging_bundle/G1020/Images/image_2739.jpg,data/processed/standardized_masks/g1020/image_2739.png,image_2739.jpg,image_2739.png,multiclass_values_0_1_2,0,1,2,G1020_image_2739,True,paired_standardized_and_visual_sample_reviewed,"G1020 image/mask pair matched by file ID; mask standardized to project {0,1,2} convention."
glaucoma_fundus_imaging_bundle,G1020,image_2765,data/external/kaggle/glaucoma_fundus_imaging_bundle/G1020/Images/image_2765.jpg,data/processed/standardized_masks/g1020/image_2765.png,data/external/kaggle/glaucoma_fundus_imaging_bundle/G1020/Images/image_2765.jpg,data/processed/standardized_masks/g1020/image_2765.png,image_2765.jpg,image_2765.png,multiclass_values_0_1_2,0,1,2,G1020_image_2765,True,paired_standardized_and_visual_sample_reviewed,"G1020 image/mask pair matched by file ID; mask standardized to project {0,1,2} convention."
glaucoma_fundus_imaging_bundle,G1020,image_2766,data/external/kaggle/glaucoma_fundus_imaging_bundle/G1020/Images/image_2766.jpg,data/processed/standardized_masks/g1020/image_2766.png,data/external/kaggle/glaucoma_fundus_imaging_bundle/G1020/Images/image_2766.jpg,data/processed/standardized_masks/g1020/image_2766.png,image_2766.jpg,image_2766.png,multiclass_values_0_1_2,0,1,2,G1020_image_2766,True,paired_standardized_and_visual_sample_reviewed,"G1020 image/mask pair matched by file ID; mask standardized to project {0,1,2} convention."
glaucoma_fundus_imaging_bundle,G1020,image_2767,data/external/kaggle/glaucoma_fundus_imaging_bundle/G1020/Images/image_2767.jpg,data/processed/standardized_masks/g1020/image_2767.png,data/external/kaggle/glaucoma_fundus_imaging_bundle/G1020/Images/image_2767.jpg,data/processed/standardized_masks/g1020/image_2767.png,image_2767.jpg,image_2767.png,multiclass_values_0_1_2,0,1,2,G1020_image_2767,True,paired_standardized_and_visual_sample_reviewed,"G1020 image/mask pair matched by file ID; mask standardized to project {0,1,2} convention."
glaucoma_fundus_imaging_bundle,G1020,image_2768,data/external/kaggle/glaucoma_fundus_imaging_bundle/G1020/Images/image_2768.jpg,data/processed/standardized_masks/g1020/image_2768.png,data/external/kaggle/glaucoma_fundus_imaging_bundle/G1020/Images/image_2768.jpg,data/processed/standardized_masks/g1020/image_2768.png,image_2768.jpg,image_2768.png,multiclass_values_0_1_2,0,1,2,G1020_image_2768,True,paired_standardized_and_visual_sample_reviewed,"G1020 image/mask pair matched by file ID; mask standardized to project {0,1,2} convention."
glaucoma_fundus_imaging_bundle,G1020,image_2781,data/external/kaggle/glaucoma_fundus_imaging_bundle/G1020/Images/image_2781.jpg,data/processed/standardized_masks/g1020/image_2781.png,data/external/kaggle/glaucoma_fundus_imaging_bundle/G1020/Images/image_2781.jpg,data/processed/standardized_masks/g1020/image_2781.png,image_2781.jpg,image_2781.png,multiclass_values_0_1_2,0,1,2,G1020_image_2781,True,paired_standardized_and_visual_sample_reviewed,"G1020 image/mask pair matched by file ID; mask standardized to project {0,1,2} convention."
glaucoma_fundus_imaging_bundle,G1020,image_2782,data/external/kaggle/glaucoma_fundus_imaging_bundle/G1020/Images/image_2782.jpg,data/processed/standardized_masks/g1020/image_2782.png,data/external/kaggle/glaucoma_fundus_imaging_bundle/G1020/Images/image_2782.jpg,data/processed/standardized_masks/g1020/image_2782.png,image_2782.jpg,image_2782.png,multiclass_values_0_1_2,0,1,2,G1020_image_2782,True,paired_standardized_and_visual_sample_reviewed,"G1020 image/mask pair matched by file ID; mask standardized to project {0,1,2} convention."
glaucoma_fundus_imaging_bundle,G1020,image_2783,data/external/kaggle/glaucoma_fundus_imaging_bundle/G1020/Images/image_2783.jpg,data/processed/standardized_masks/g1020/image_2783.png,data/external/kaggle/glaucoma_fundus_imaging_bundle/G1020/Images/image_2783.jpg,data/processed/standardized_masks/g1020/image_2783.png,image_2783.jpg,image_2783.png,multiclass_values_0_1_2,0,1,2,G1020_image_2783,True,paired_standardized_and_visual_sample_reviewed,"G1020 image/mask pair matched by file ID; mask standardized to project {0,1,2} convention."
glaucoma_fundus_imaging_bundle,G1020,image_2784,data/external/kaggle/glaucoma_fundus_imaging_bundle/G1020/Images/image_2784.jpg,data/processed/standardized_masks/g1020/image_2784.png,data/external/kaggle/glaucoma_fundus_imaging_bundle/G1020/Images/image_2784.jpg,data/processed/standardized_masks/g1020/image_2784.png,image_2784.jpg,image_2784.png,multiclass_values_0_1_2,0,1,2,G1020_image_2784,True,paired_standardized_and_visual_sample_reviewed,"G1020 image/mask pair matched by file ID; mask standardized to project {0,1,2} convention."
glaucoma_fundus_imaging_bundle,G1020,image_2785,data/external/kaggle/glaucoma_fundus_imaging_bundle/G1020/Images/image_2785.jpg,data/processed/standardized_masks/g1020/image_2785.png,data/external/kaggle/glaucoma_fundus_imaging_bundle/G1020/Images/image_2785.jpg,data/processed/standardized_masks/g1020/image_2785.png,image_2785.jpg,image_2785.png,multiclass_values_0_1_2,0,1,2,G1020_image_2785,True,paired_standardized_and_visual_sample_reviewed,"G1020 image/mask pair matched by file ID; mask standardized to project {0,1,2} convention."
glaucoma_fundus_imaging_bundle,G1020,image_2786,data/external/kaggle/glaucoma_fundus_imaging_bundle/G1020/Images/image_2786.jpg,data/processed/standardized_masks/g1020/image_2786.png,data/external/kaggle/glaucoma_fundus_imaging_bundle/G1020/Images/image_2786.jpg,data/processed/standardized_masks/g1020/image_2786.png,image_2786.jpg,image_2786.png,multiclass_values_0_1_2,0,1,2,G1020_image_2786,True,paired_standardized_and_visual_sample_reviewed,"G1020 image/mask pair matched by file ID; mask standardized to project {0,1,2} convention."
glaucoma_fundus_imaging_bundle,G1020,image_2787,data/external/kaggle/glaucoma_fundus_imaging_bundle/G1020/Images/image_2787.jpg,data/processed/standardized_masks/g1020/image_2787.png,data/external/kaggle/glaucoma_fundus_imaging_bundle/G1020/Images/image_2787.jpg,data/processed/standardized_masks/g1020/image_2787.png,image_2787.jpg,image_2787.png,multiclass_values_0_1_2,0,1,2,G1020_image_2787,True,paired_standardized_and_visual_sample_reviewed,"G1020 image/mask pair matched by file ID; mask standardized to project {0,1,2} convention."
glaucoma_fundus_imaging_bundle,G1020,image_2788,data/external/kaggle/glaucoma_fundus_imaging_bundle/G1020/Images/image_2788.jpg,data/processed/standardized_masks/g1020/image_2788.png,data/external/kaggle/glaucoma_fundus_imaging_bundle/G1020/Images/image_2788.jpg,data/processed/standardized_masks/g1020/image_2788.png,image_2788.jpg,image_2788.png,multiclass_values_0_1_2,0,1,2,G1020_image_2788,True,paired_standardized_and_visual_sample_reviewed,"G1020 image/mask pair matched by file ID; mask standardized to project {0,1,2} convention."
glaucoma_fundus_imaging_bundle,G1020,image_2795,data/external/kaggle/glaucoma_fundus_imaging_bundle/G1020/Images/image_2795.jpg,data/processed/standardized_masks/g1020/image_2795.png,data/external/kaggle/glaucoma_fundus_imaging_bundle/G1020/Images/image_2795.jpg,data/processed/standardized_masks/g1020/image_2795.png,image_2795.jpg,image_2795.png,multiclass_values_0_1_2,0,1,2,G1020_image_2795,True,paired_standardized_and_visual_sample_reviewed,"G1020 image/mask pair matched by file ID; mask standardized to project {0,1,2} convention."
glaucoma_fundus_imaging_bundle,G1020,image_2796,data/external/kaggle/glaucoma_fundus_imaging_bundle/G1020/Images/image_2796.jpg,data/processed/standardized_masks/g1020/image_2796.png,data/external/kaggle/glaucoma_fundus_imaging_bundle/G1020/Images/image_2796.jpg,data/processed/standardized_masks/g1020/image_2796.png,image_2796.jpg,image_2796.png,multiclass_values_0_1_2,0,1,2,G1020_image_2796,True,paired_standardized_and_visual_sample_reviewed,"G1020 image/mask pair matched by file ID; mask standardized to project {0,1,2} convention."
glaucoma_fundus_imaging_bundle,G1020,image_2805,data/external/kaggle/glaucoma_fundus_imaging_bundle/G1020/Images/image_2805.jpg,data/processed/standardized_masks/g1020/image_2805.png,data/external/kaggle/glaucoma_fundus_imaging_bundle/G1020/Images/image_2805.jpg,data/processed/standardized_masks/g1020/image_2805.png,image_2805.jpg,image_2805.png,multiclass_values_0_1_2,0,1,2,G1020_image_2805,True,paired_standardized_and_visual_sample_reviewed,"G1020 image/mask pair matched by file ID; mask standardized to project {0,1,2} convention."
glaucoma_fundus_imaging_bundle,G1020,image_2806,data/external/kaggle/glaucoma_fundus_imaging_bundle/G1020/Images/image_2806.jpg,data/processed/standardized_masks/g1020/image_2806.png,data/external/kaggle/glaucoma_fundus_imaging_bundle/G1020/Images/image_2806.jpg,data/processed/standardized_masks/g1020/image_2806.png,image_2806.jpg,image_2806.png,multiclass_values_0_1_2,0,1,2,G1020_image_2806,True,paired_standardized_and_visual_sample_reviewed,"G1020 image/mask pair matched by file ID; mask standardized to project {0,1,2} convention."
glaucoma_fundus_imaging_bundle,G1020,image_2807,data/external/kaggle/glaucoma_fundus_imaging_bundle/G1020/Images/image_2807.jpg,data/processed/standardized_masks/g1020/image_2807.png,data/external/kaggle/glaucoma_fundus_imaging_bundle/G1020/Images/image_2807.jpg,data/processed/standardized_masks/g1020/image_2807.png,image_2807.jpg,image_2807.png,multiclass_values_0_1_2,0,1,2,G1020_image_2807,True,paired_standardized_and_visual_sample_reviewed,"G1020 image/mask pair matched by file ID; mask standardized to project {0,1,2} convention."
glaucoma_fundus_imaging_bundle,G1020,image_2808,data/external/kaggle/glaucoma_fundus_imaging_bundle/G1020/Images/image_2808.jpg,data/processed/standardized_masks/g1020/image_2808.png,data/external/kaggle/glaucoma_fundus_imaging_bundle/G1020/Images/image_2808.jpg,data/processed/standardized_masks/g1020/image_2808.png,image_2808.jpg,image_2808.png,multiclass_values_0_1_2,0,1,2,G1020_image_2808,True,paired_standardized_and_visual_sample_reviewed,"G1020 image/mask pair matched by file ID; mask standardized to project {0,1,2} convention."
glaucoma_fundus_imaging_bundle,G1020,image_2809,data/external/kaggle/glaucoma_fundus_imaging_bundle/G1020/Images/image_2809.jpg,data/processed/standardized_masks/g1020/image_2809.png,data/external/kaggle/glaucoma_fundus_imaging_bundle/G1020/Images/image_2809.jpg,data/processed/standardized_masks/g1020/image_2809.png,image_2809.jpg,image_2809.png,multiclass_values_0_1_2,0,1,2,G1020_image_2809,True,paired_standardized_and_visual_sample_reviewed,"G1020 image/mask pair matched by file ID; mask standardized to project {0,1,2} convention."
glaucoma_fundus_imaging_bundle,G1020,image_2810,data/external/kaggle/glaucoma_fundus_imaging_bundle/G1020/Images/image_2810.jpg,data/processed/standardized_masks/g1020/image_2810.png,data/external/kaggle/glaucoma_fundus_imaging_bundle/G1020/Images/image_2810.jpg,data/processed/standardized_masks/g1020/image_2810.png,image_2810.jpg,image_2810.png,multiclass_values_0_1_2,0,1,2,G1020_image_2810,True,paired_standardized_and_visual_sample_reviewed,"G1020 image/mask pair matched by file ID; mask standardized to project {0,1,2} convention."
glaucoma_fundus_imaging_bundle,G1020,image_2823,data/external/kaggle/glaucoma_fundus_imaging_bundle/G1020/Images/image_2823.jpg,data/processed/standardized_masks/g1020/image_2823.png,data/external/kaggle/glaucoma_fundus_imaging_bundle/G1020/Images/image_2823.jpg,data/processed/standardized_masks/g1020/image_2823.png,image_2823.jpg,image_2823.png,multiclass_values_0_1_2,0,1,2,G1020_image_2823,True,paired_standardized_and_visual_sample_reviewed,"G1020 image/mask pair matched by file ID; mask standardized to project {0,1,2} convention."
glaucoma_fundus_imaging_bundle,G1020,image_2824,data/external/kaggle/glaucoma_fundus_imaging_bundle/G1020/Images/image_2824.jpg,data/processed/standardized_masks/g1020/image_2824.png,data/external/kaggle/glaucoma_fundus_imaging_bundle/G1020/Images/image_2824.jpg,data/processed/standardized_masks/g1020/image_2824.png,image_2824.jpg,image_2824.png,multiclass_values_0_1_2,0,1,2,G1020_image_2824,True,paired_standardized_and_visual_sample_reviewed,"G1020 image/mask pair matched by file ID; mask standardized to project {0,1,2} convention."
glaucoma_fundus_imaging_bundle,G1020,image_2825,data/external/kaggle/glaucoma_fundus_imaging_bundle/G1020/Images/image_2825.jpg,data/processed/standardized_masks/g1020/image_2825.png,data/external/kaggle/glaucoma_fundus_imaging_bundle/G1020/Images/image_2825.jpg,data/processed/standardized_masks/g1020/image_2825.png,image_2825.jpg,image_2825.png,multiclass_values_0_1_2,0,1,2,G1020_image_2825,True,paired_standardized_and_visual_sample_reviewed,"G1020 image/mask pair matched by file ID; mask standardized to project {0,1,2} convention."
glaucoma_fundus_imaging_bundle,G1020,image_2826,data/external/kaggle/glaucoma_fundus_imaging_bundle/G1020/Images/image_2826.jpg,data/processed/standardized_masks/g1020/image_2826.png,data/external/kaggle/glaucoma_fundus_imaging_bundle/G1020/Images/image_2826.jpg,data/processed/standardized_masks/g1020/image_2826.png,image_2826.jpg,image_2826.png,multiclass_values_0_1_2,0,1,2,G1020_image_2826,True,paired_standardized_and_visual_sample_reviewed,"G1020 image/mask pair matched by file ID; mask standardized to project {0,1,2} convention."
glaucoma_fundus_imaging_bundle,G1020,image_2827,data/external/kaggle/glaucoma_fundus_imaging_bundle/G1020/Images/image_2827.jpg,data/processed/standardized_masks/g1020/image_2827.png,data/external/kaggle/glaucoma_fundus_imaging_bundle/G1020/Images/image_2827.jpg,data/processed/standardized_masks/g1020/image_2827.png,image_2827.jpg,image_2827.png,multiclass_values_0_1_2,0,1,2,G1020_image_2827,True,paired_standardized_and_visual_sample_reviewed,"G1020 image/mask pair matched by file ID; mask standardized to project {0,1,2} convention."
glaucoma_fundus_imaging_bundle,G1020,image_2828,data/external/kaggle/glaucoma_fundus_imaging_bundle/G1020/Images/image_2828.jpg,data/processed/standardized_masks/g1020/image_2828.png,data/external/kaggle/glaucoma_fundus_imaging_bundle/G1020/Images/image_2828.jpg,data/processed/standardized_masks/g1020/image_2828.png,image_2828.jpg,image_2828.png,multiclass_values_0_1_2,0,1,2,G1020_image_2828,True,paired_standardized_and_visual_sample_reviewed,"G1020 image/mask pair matched by file ID; mask standardized to project {0,1,2} convention."
glaucoma_fundus_imaging_bundle,G1020,image_2839,data/external/kaggle/glaucoma_fundus_imaging_bundle/G1020/Images/image_2839.jpg,data/processed/standardized_masks/g1020/image_2839.png,data/external/kaggle/glaucoma_fundus_imaging_bundle/G1020/Images/image_2839.jpg,data/processed/standardized_masks/g1020/image_2839.png,image_2839.jpg,image_2839.png,multiclass_values_0_1_2,0,1,2,G1020_image_2839,True,paired_standardized_and_visual_sample_reviewed,"G1020 image/mask pair matched by file ID; mask standardized to project {0,1,2} convention."
glaucoma_fundus_imaging_bundle,G1020,image_2840,data/external/kaggle/glaucoma_fundus_imaging_bundle/G1020/Images/image_2840.jpg,data/processed/standardized_masks/g1020/image_2840.png,data/external/kaggle/glaucoma_fundus_imaging_bundle/G1020/Images/image_2840.jpg,data/processed/standardized_masks/g1020/image_2840.png,image_2840.jpg,image_2840.png,multiclass_values_0_1_2,0,1,2,G1020_image_2840,True,paired_standardized_and_visual_sample_reviewed,"G1020 image/mask pair matched by file ID; mask standardized to project {0,1,2} convention."
glaucoma_fundus_imaging_bundle,G1020,image_2856,data/external/kaggle/glaucoma_fundus_imaging_bundle/G1020/Images/image_2856.jpg,data/processed/standardized_masks/g1020/image_2856.png,data/external/kaggle/glaucoma_fundus_imaging_bundle/G1020/Images/image_2856.jpg,data/processed/standardized_masks/g1020/image_2856.png,image_2856.jpg,image_2856.png,multiclass_values_0_1_2,0,1,2,G1020_image_2856,True,paired_standardized_and_visual_sample_reviewed,"G1020 image/mask pair matched by file ID; mask standardized to project {0,1,2} convention."
glaucoma_fundus_imaging_bundle,G1020,image_2857,data/external/kaggle/glaucoma_fundus_imaging_bundle/G1020/Images/image_2857.jpg,data/processed/standardized_masks/g1020/image_2857.png,data/external/kaggle/glaucoma_fundus_imaging_bundle/G1020/Images/image_2857.jpg,data/processed/standardized_masks/g1020/image_2857.png,image_2857.jpg,image_2857.png,multiclass_values_0_1_2,0,1,2,G1020_image_2857,True,paired_standardized_and_visual_sample_reviewed,"G1020 image/mask pair matched by file ID; mask standardized to project {0,1,2} convention."
glaucoma_fundus_imaging_bundle,G1020,image_2860,data/external/kaggle/glaucoma_fundus_imaging_bundle/G1020/Images/image_2860.jpg,data/processed/standardized_masks/g1020/image_2860.png,data/external/kaggle/glaucoma_fundus_imaging_bundle/G1020/Images/image_2860.jpg,data/processed/standardized_masks/g1020/image_2860.png,image_2860.jpg,image_2860.png,multiclass_values_0_1_2,0,1,2,G1020_image_2860,True,paired_standardized_and_visual_sample_reviewed,"G1020 image/mask pair matched by file ID; mask standardized to project {0,1,2} convention."
glaucoma_fundus_imaging_bundle,G1020,image_2861,data/external/kaggle/glaucoma_fundus_imaging_bundle/G1020/Images/image_2861.jpg,data/processed/standardized_masks/g1020/image_2861.png,data/external/kaggle/glaucoma_fundus_imaging_bundle/G1020/Images/image_2861.jpg,data/processed/standardized_masks/g1020/image_2861.png,image_2861.jpg,image_2861.png,multiclass_values_0_1_2,0,1,2,G1020_image_2861,True,paired_standardized_and_visual_sample_reviewed,"G1020 image/mask pair matched by file ID; mask standardized to project {0,1,2} convention."
glaucoma_fundus_imaging_bundle,G1020,image_2880,data/external/kaggle/glaucoma_fundus_imaging_bundle/G1020/Images/image_2880.jpg,data/processed/standardized_masks/g1020/image_2880.png,data/external/kaggle/glaucoma_fundus_imaging_bundle/G1020/Images/image_2880.jpg,data/processed/standardized_masks/g1020/image_2880.png,image_2880.jpg,image_2880.png,multiclass_values_0_1_2,0,1,2,G1020_image_2880,True,paired_standardized_and_visual_sample_reviewed,"G1020 image/mask pair matched by file ID; mask standardized to project {0,1,2} convention."
glaucoma_fundus_imaging_bundle,G1020,image_2881,data/external/kaggle/glaucoma_fundus_imaging_bundle/G1020/Images/image_2881.jpg,data/processed/standardized_masks/g1020/image_2881.png,data/external/kaggle/glaucoma_fundus_imaging_bundle/G1020/Images/image_2881.jpg,data/processed/standardized_masks/g1020/image_2881.png,image_2881.jpg,image_2881.png,multiclass_values_0_1_2,0,1,2,G1020_image_2881,True,paired_standardized_and_visual_sample_reviewed,"G1020 image/mask pair matched by file ID; mask standardized to project {0,1,2} convention."
glaucoma_fundus_imaging_bundle,G1020,image_2885,data/external/kaggle/glaucoma_fundus_imaging_bundle/G1020/Images/image_2885.jpg,data/processed/standardized_masks/g1020/image_2885.png,data/external/kaggle/glaucoma_fundus_imaging_bundle/G1020/Images/image_2885.jpg,data/processed/standardized_masks/g1020/image_2885.png,image_2885.jpg,image_2885.png,multiclass_values_0_1_2,0,1,2,G1020_image_2885,True,paired_standardized_and_visual_sample_reviewed,"G1020 image/mask pair matched by file ID; mask standardized to project {0,1,2} convention."
glaucoma_fundus_imaging_bundle,G1020,image_2886,data/external/kaggle/glaucoma_fundus_imaging_bundle/G1020/Images/image_2886.jpg,data/processed/standardized_masks/g1020/image_2886.png,data/external/kaggle/glaucoma_fundus_imaging_bundle/G1020/Images/image_2886.jpg,data/processed/standardized_masks/g1020/image_2886.png,image_2886.jpg,image_2886.png,multiclass_values_0_1_2,0,1,2,G1020_image_2886,True,paired_standardized_and_visual_sample_reviewed,"G1020 image/mask pair matched by file ID; mask standardized to project {0,1,2} convention."
glaucoma_fundus_imaging_bundle,G1020,image_2887,data/external/kaggle/glaucoma_fundus_imaging_bundle/G1020/Images/image_2887.jpg,data/processed/standardized_masks/g1020/image_2887.png,data/external/kaggle/glaucoma_fundus_imaging_bundle/G1020/Images/image_2887.jpg,data/processed/standardized_masks/g1020/image_2887.png,image_2887.jpg,image_2887.png,multiclass_values_0_1_2,0,1,2,G1020_image_2887,True,paired_standardized_and_visual_sample_reviewed,"G1020 image/mask pair matched by file ID; mask standardized to project {0,1,2} convention."
glaucoma_fundus_imaging_bundle,G1020,image_2888,data/external/kaggle/glaucoma_fundus_imaging_bundle/G1020/Images/image_2888.jpg,data/processed/standardized_masks/g1020/image_2888.png,data/external/kaggle/glaucoma_fundus_imaging_bundle/G1020/Images/image_2888.jpg,data/processed/standardized_masks/g1020/image_2888.png,image_2888.jpg,image_2888.png,multiclass_values_0_1_2,0,1,2,G1020_image_2888,True,paired_standardized_and_visual_sample_reviewed,"G1020 image/mask pair matched by file ID; mask standardized to project {0,1,2} convention."
glaucoma_fundus_imaging_bundle,G1020,image_2891,data/external/kaggle/glaucoma_fundus_imaging_bundle/G1020/Images/image_2891.jpg,data/processed/standardized_masks/g1020/image_2891.png,data/external/kaggle/glaucoma_fundus_imaging_bundle/G1020/Images/image_2891.jpg,data/processed/standardized_masks/g1020/image_2891.png,image_2891.jpg,image_2891.png,multiclass_values_0_1_2,0,1,2,G1020_image_2891,True,paired_standardized_and_visual_sample_reviewed,"G1020 image/mask pair matched by file ID; mask standardized to project {0,1,2} convention."
glaucoma_fundus_imaging_bundle,G1020,image_2892,data/external/kaggle/glaucoma_fundus_imaging_bundle/G1020/Images/image_2892.jpg,data/processed/standardized_masks/g1020/image_2892.png,data/external/kaggle/glaucoma_fundus_imaging_bundle/G1020/Images/image_2892.jpg,data/processed/standardized_masks/g1020/image_2892.png,image_2892.jpg,image_2892.png,multiclass_values_0_1_2,0,1,2,G1020_image_2892,True,paired_standardized_and_visual_sample_reviewed,"G1020 image/mask pair matched by file ID; mask standardized to project {0,1,2} convention."
glaucoma_fundus_imaging_bundle,G1020,image_2897,data/external/kaggle/glaucoma_fundus_imaging_bundle/G1020/Images/image_2897.jpg,data/processed/standardized_masks/g1020/image_2897.png,data/external/kaggle/glaucoma_fundus_imaging_bundle/G1020/Images/image_2897.jpg,data/processed/standardized_masks/g1020/image_2897.png,image_2897.jpg,image_2897.png,multiclass_values_0_1_2,0,1,2,G1020_image_2897,True,paired_standardized_and_visual_sample_reviewed,"G1020 image/mask pair matched by file ID; mask standardized to project {0,1,2} convention."
glaucoma_fundus_imaging_bundle,G1020,image_2898,data/external/kaggle/glaucoma_fundus_imaging_bundle/G1020/Images/image_2898.jpg,data/processed/standardized_masks/g1020/image_2898.png,data/external/kaggle/glaucoma_fundus_imaging_bundle/G1020/Images/image_2898.jpg,data/processed/standardized_masks/g1020/image_2898.png,image_2898.jpg,image_2898.png,multiclass_values_0_1_2,0,1,2,G1020_image_2898,True,paired_standardized_and_visual_sample_reviewed,"G1020 image/mask pair matched by file ID; mask standardized to project {0,1,2} convention."
glaucoma_fundus_imaging_bundle,G1020,image_2899,data/external/kaggle/glaucoma_fundus_imaging_bundle/G1020/Images/image_2899.jpg,data/processed/standardized_masks/g1020/image_2899.png,data/external/kaggle/glaucoma_fundus_imaging_bundle/G1020/Images/image_2899.jpg,data/processed/standardized_masks/g1020/image_2899.png,image_2899.jpg,image_2899.png,multiclass_values_0_1_2,0,1,2,G1020_image_2899,True,paired_standardized_and_visual_sample_reviewed,"G1020 image/mask pair matched by file ID; mask standardized to project {0,1,2} convention."
glaucoma_fundus_imaging_bundle,G1020,image_2900,data/external/kaggle/glaucoma_fundus_imaging_bundle/G1020/Images/image_2900.jpg,data/processed/standardized_masks/g1020/image_2900.png,data/external/kaggle/glaucoma_fundus_imaging_bundle/G1020/Images/image_2900.jpg,data/processed/standardized_masks/g1020/image_2900.png,image_2900.jpg,image_2900.png,multiclass_values_0_1_2,0,1,2,G1020_image_2900,True,paired_standardized_and_visual_sample_reviewed,"G1020 image/mask pair matched by file ID; mask standardized to project {0,1,2} convention."
glaucoma_fundus_imaging_bundle,G1020,image_2901,data/external/kaggle/glaucoma_fundus_imaging_bundle/G1020/Images/image_2901.jpg,data/processed/standardized_masks/g1020/image_2901.png,data/external/kaggle/glaucoma_fundus_imaging_bundle/G1020/Images/image_2901.jpg,data/processed/standardized_masks/g1020/image_2901.png,image_2901.jpg,image_2901.png,multiclass_values_0_1_2,0,1,2,G1020_image_2901,True,paired_standardized_and_visual_sample_reviewed,"G1020 image/mask pair matched by file ID; mask standardized to project {0,1,2} convention."
glaucoma_fundus_imaging_bundle,G1020,image_2902,data/external/kaggle/glaucoma_fundus_imaging_bundle/G1020/Images/image_2902.jpg,data/processed/standardized_masks/g1020/image_2902.png,data/external/kaggle/glaucoma_fundus_imaging_bundle/G1020/Images/image_2902.jpg,data/processed/standardized_masks/g1020/image_2902.png,image_2902.jpg,image_2902.png,multiclass_values_0_1_2,0,1,2,G1020_image_2902,True,paired_standardized_and_visual_sample_reviewed,"G1020 image/mask pair matched by file ID; mask standardized to project {0,1,2} convention."
glaucoma_fundus_imaging_bundle,G1020,image_2906,data/external/kaggle/glaucoma_fundus_imaging_bundle/G1020/Images/image_2906.jpg,data/processed/standardized_masks/g1020/image_2906.png,data/external/kaggle/glaucoma_fundus_imaging_bundle/G1020/Images/image_2906.jpg,data/processed/standardized_masks/g1020/image_2906.png,image_2906.jpg,image_2906.png,multiclass_values_0_1_2,0,1,2,G1020_image_2906,True,paired_standardized_and_visual_sample_reviewed,"G1020 image/mask pair matched by file ID; mask standardized to project {0,1,2} convention."
glaucoma_fundus_imaging_bundle,G1020,image_2912,data/external/kaggle/glaucoma_fundus_imaging_bundle/G1020/Images/image_2912.jpg,data/processed/standardized_masks/g1020/image_2912.png,data/external/kaggle/glaucoma_fundus_imaging_bundle/G1020/Images/image_2912.jpg,data/processed/standardized_masks/g1020/image_2912.png,image_2912.jpg,image_2912.png,multiclass_values_0_1_2,0,1,2,G1020_image_2912,True,paired_standardized_and_visual_sample_reviewed,"G1020 image/mask pair matched by file ID; mask standardized to project {0,1,2} convention."
glaucoma_fundus_imaging_bundle,G1020,image_2913,data/external/kaggle/glaucoma_fundus_imaging_bundle/G1020/Images/image_2913.jpg,data/processed/standardized_masks/g1020/image_2913.png,data/external/kaggle/glaucoma_fundus_imaging_bundle/G1020/Images/image_2913.jpg,data/processed/standardized_masks/g1020/image_2913.png,image_2913.jpg,image_2913.png,multiclass_values_0_1_2,0,1,2,G1020_image_2913,True,paired_standardized_and_visual_sample_reviewed,"G1020 image/mask pair matched by file ID; mask standardized to project {0,1,2} convention."
glaucoma_fundus_imaging_bundle,G1020,image_2914,data/external/kaggle/glaucoma_fundus_imaging_bundle/G1020/Images/image_2914.jpg,data/processed/standardized_masks/g1020/image_2914.png,data/external/kaggle/glaucoma_fundus_imaging_bundle/G1020/Images/image_2914.jpg,data/processed/standardized_masks/g1020/image_2914.png,image_2914.jpg,image_2914.png,multiclass_values_0_1_2,0,1,2,G1020_image_2914,True,paired_standardized_and_visual_sample_reviewed,"G1020 image/mask pair matched by file ID; mask standardized to project {0,1,2} convention."
glaucoma_fundus_imaging_bundle,G1020,image_2915,data/external/kaggle/glaucoma_fundus_imaging_bundle/G1020/Images/image_2915.jpg,data/processed/standardized_masks/g1020/image_2915.png,data/external/kaggle/glaucoma_fundus_imaging_bundle/G1020/Images/image_2915.jpg,data/processed/standardized_masks/g1020/image_2915.png,image_2915.jpg,image_2915.png,multiclass_values_0_1_2,0,1,2,G1020_image_2915,True,paired_standardized_and_visual_sample_reviewed,"G1020 image/mask pair matched by file ID; mask standardized to project {0,1,2} convention."
glaucoma_fundus_imaging_bundle,G1020,image_2916,data/external/kaggle/glaucoma_fundus_imaging_bundle/G1020/Images/image_2916.jpg,data/processed/standardized_masks/g1020/image_2916.png,data/external/kaggle/glaucoma_fundus_imaging_bundle/G1020/Images/image_2916.jpg,data/processed/standardized_masks/g1020/image_2916.png,image_2916.jpg,image_2916.png,multiclass_values_0_1_2,0,1,2,G1020_image_2916,True,paired_standardized_and_visual_sample_reviewed,"G1020 image/mask pair matched by file ID; mask standardized to project {0,1,2} convention."
glaucoma_fundus_imaging_bundle,G1020,image_2917,data/external/kaggle/glaucoma_fundus_imaging_bundle/G1020/Images/image_2917.jpg,data/processed/standardized_masks/g1020/image_2917.png,data/external/kaggle/glaucoma_fundus_imaging_bundle/G1020/Images/image_2917.jpg,data/processed/standardized_masks/g1020/image_2917.png,image_2917.jpg,image_2917.png,multiclass_values_0_1_2,0,1,2,G1020_image_2917,True,paired_standardized_and_visual_sample_reviewed,"G1020 image/mask pair matched by file ID; mask standardized to project {0,1,2} convention."
glaucoma_fundus_imaging_bundle,G1020,image_292,data/external/kaggle/glaucoma_fundus_imaging_bundle/G1020/Images/image_292.jpg,data/processed/standardized_masks/g1020/image_292.png,data/external/kaggle/glaucoma_fundus_imaging_bundle/G1020/Images/image_292.jpg,data/processed/standardized_masks/g1020/image_292.png,image_292.jpg,image_292.png,multiclass_values_0_1_2,0,1,2,G1020_image_292,True,paired_standardized_and_visual_sample_reviewed,"G1020 image/mask pair matched by file ID; mask standardized to project {0,1,2} convention."
glaucoma_fundus_imaging_bundle,G1020,image_293,data/external/kaggle/glaucoma_fundus_imaging_bundle/G1020/Images/image_293.jpg,data/processed/standardized_masks/g1020/image_293.png,data/external/kaggle/glaucoma_fundus_imaging_bundle/G1020/Images/image_293.jpg,data/processed/standardized_masks/g1020/image_293.png,image_293.jpg,image_293.png,multiclass_values_0_1_2,0,1,2,G1020_image_293,True,paired_standardized_and_visual_sample_reviewed,"G1020 image/mask pair matched by file ID; mask standardized to project {0,1,2} convention."
glaucoma_fundus_imaging_bundle,G1020,image_2935,data/external/kaggle/glaucoma_fundus_imaging_bundle/G1020/Images/image_2935.jpg,data/processed/standardized_masks/g1020/image_2935.png,data/external/kaggle/glaucoma_fundus_imaging_bundle/G1020/Images/image_2935.jpg,data/processed/standardized_masks/g1020/image_2935.png,image_2935.jpg,image_2935.png,multiclass_values_0_1_2,0,1,2,G1020_image_2935,True,paired_standardized_and_visual_sample_reviewed,"G1020 image/mask pair matched by file ID; mask standardized to project {0,1,2} convention."
glaucoma_fundus_imaging_bundle,G1020,image_2936,data/external/kaggle/glaucoma_fundus_imaging_bundle/G1020/Images/image_2936.jpg,data/processed/standardized_masks/g1020/image_2936.png,data/external/kaggle/glaucoma_fundus_imaging_bundle/G1020/Images/image_2936.jpg,data/processed/standardized_masks/g1020/image_2936.png,image_2936.jpg,image_2936.png,multiclass_values_0_1_2,0,1,2,G1020_image_2936,True,paired_standardized_and_visual_sample_reviewed,"G1020 image/mask pair matched by file ID; mask standardized to project {0,1,2} convention."
glaucoma_fundus_imaging_bundle,G1020,image_2941,data/external/kaggle/glaucoma_fundus_imaging_bundle/G1020/Images/image_2941.jpg,data/processed/standardized_masks/g1020/image_2941.png,data/external/kaggle/glaucoma_fundus_imaging_bundle/G1020/Images/image_2941.jpg,data/processed/standardized_masks/g1020/image_2941.png,image_2941.jpg,image_2941.png,multiclass_values_0_1_2,0,1,2,G1020_image_2941,True,paired_standardized_and_visual_sample_reviewed,"G1020 image/mask pair matched by file ID; mask standardized to project {0,1,2} convention."
glaucoma_fundus_imaging_bundle,G1020,image_2942,data/external/kaggle/glaucoma_fundus_imaging_bundle/G1020/Images/image_2942.jpg,data/processed/standardized_masks/g1020/image_2942.png,data/external/kaggle/glaucoma_fundus_imaging_bundle/G1020/Images/image_2942.jpg,data/processed/standardized_masks/g1020/image_2942.png,image_2942.jpg,image_2942.png,multiclass_values_0_1_2,0,1,2,G1020_image_2942,True,paired_standardized_and_visual_sample_reviewed,"G1020 image/mask pair matched by file ID; mask standardized to project {0,1,2} convention."
glaucoma_fundus_imaging_bundle,G1020,image_2945,data/external/kaggle/glaucoma_fundus_imaging_bundle/G1020/Images/image_2945.jpg,data/processed/standardized_masks/g1020/image_2945.png,data/external/kaggle/glaucoma_fundus_imaging_bundle/G1020/Images/image_2945.jpg,data/processed/standardized_masks/g1020/image_2945.png,image_2945.jpg,image_2945.png,multiclass_values_0_1_2,0,1,2,G1020_image_2945,True,paired_standardized_and_visual_sample_reviewed,"G1020 image/mask pair matched by file ID; mask standardized to project {0,1,2} convention."
glaucoma_fundus_imaging_bundle,G1020,image_2946,data/external/kaggle/glaucoma_fundus_imaging_bundle/G1020/Images/image_2946.jpg,data/processed/standardized_masks/g1020/image_2946.png,data/external/kaggle/glaucoma_fundus_imaging_bundle/G1020/Images/image_2946.jpg,data/processed/standardized_masks/g1020/image_2946.png,image_2946.jpg,image_2946.png,multiclass_values_0_1_2,0,1,2,G1020_image_2946,True,paired_standardized_and_visual_sample_reviewed,"G1020 image/mask pair matched by file ID; mask standardized to project {0,1,2} convention."
glaucoma_fundus_imaging_bundle,G1020,image_2947,data/external/kaggle/glaucoma_fundus_imaging_bundle/G1020/Images/image_2947.jpg,data/processed/standardized_masks/g1020/image_2947.png,data/external/kaggle/glaucoma_fundus_imaging_bundle/G1020/Images/image_2947.jpg,data/processed/standardized_masks/g1020/image_2947.png,image_2947.jpg,image_2947.png,multiclass_values_0_1_2,0,1,2,G1020_image_2947,True,paired_standardized_and_visual_sample_reviewed,"G1020 image/mask pair matched by file ID; mask standardized to project {0,1,2} convention."
glaucoma_fundus_imaging_bundle,G1020,image_2949,data/external/kaggle/glaucoma_fundus_imaging_bundle/G1020/Images/image_2949.jpg,data/processed/standardized_masks/g1020/image_2949.png,data/external/kaggle/glaucoma_fundus_imaging_bundle/G1020/Images/image_2949.jpg,data/processed/standardized_masks/g1020/image_2949.png,image_2949.jpg,image_2949.png,multiclass_values_0_1_2,0,1,2,G1020_image_2949,True,paired_standardized_and_visual_sample_reviewed,"G1020 image/mask pair matched by file ID; mask standardized to project {0,1,2} convention."
glaucoma_fundus_imaging_bundle,G1020,image_295,data/external/kaggle/glaucoma_fundus_imaging_bundle/G1020/Images/image_295.jpg,data/processed/standardized_masks/g1020/image_295.png,data/external/kaggle/glaucoma_fundus_imaging_bundle/G1020/Images/image_295.jpg,data/processed/standardized_masks/g1020/image_295.png,image_295.jpg,image_295.png,multiclass_values_0_1_2,0,1,2,G1020_image_295,True,paired_standardized_and_visual_sample_reviewed,"G1020 image/mask pair matched by file ID; mask standardized to project {0,1,2} convention."
glaucoma_fundus_imaging_bundle,G1020,image_2950,data/external/kaggle/glaucoma_fundus_imaging_bundle/G1020/Images/image_2950.jpg,data/processed/standardized_masks/g1020/image_2950.png,data/external/kaggle/glaucoma_fundus_imaging_bundle/G1020/Images/image_2950.jpg,data/processed/standardized_masks/g1020/image_2950.png,image_2950.jpg,image_2950.png,multiclass_values_0_1_2,0,1,2,G1020_image_2950,True,paired_standardized_and_visual_sample_reviewed,"G1020 image/mask pair matched by file ID; mask standardized to project {0,1,2} convention."
glaucoma_fundus_imaging_bundle,G1020,image_2956,data/external/kaggle/glaucoma_fundus_imaging_bundle/G1020/Images/image_2956.jpg,data/processed/standardized_masks/g1020/image_2956.png,data/external/kaggle/glaucoma_fundus_imaging_bundle/G1020/Images/image_2956.jpg,data/processed/standardized_masks/g1020/image_2956.png,image_2956.jpg,image_2956.png,multiclass_values_0_1_2,0,1,2,G1020_image_2956,True,paired_standardized_and_visual_sample_reviewed,"G1020 image/mask pair matched by file ID; mask standardized to project {0,1,2} convention."
glaucoma_fundus_imaging_bundle,G1020,image_2957,data/external/kaggle/glaucoma_fundus_imaging_bundle/G1020/Images/image_2957.jpg,data/processed/standardized_masks/g1020/image_2957.png,data/external/kaggle/glaucoma_fundus_imaging_bundle/G1020/Images/image_2957.jpg,data/processed/standardized_masks/g1020/image_2957.png,image_2957.jpg,image_2957.png,multiclass_values_0_1_2,0,1,2,G1020_image_2957,True,paired_standardized_and_visual_sample_reviewed,"G1020 image/mask pair matched by file ID; mask standardized to project {0,1,2} convention."
glaucoma_fundus_imaging_bundle,G1020,image_2970,data/external/kaggle/glaucoma_fundus_imaging_bundle/G1020/Images/image_2970.jpg,data/processed/standardized_masks/g1020/image_2970.png,data/external/kaggle/glaucoma_fundus_imaging_bundle/G1020/Images/image_2970.jpg,data/processed/standardized_masks/g1020/image_2970.png,image_2970.jpg,image_2970.png,multiclass_values_0_1_2,0,1,2,G1020_image_2970,True,paired_standardized_and_visual_sample_reviewed,"G1020 image/mask pair matched by file ID; mask standardized to project {0,1,2} convention."
glaucoma_fundus_imaging_bundle,G1020,image_2971,data/external/kaggle/glaucoma_fundus_imaging_bundle/G1020/Images/image_2971.jpg,data/processed/standardized_masks/g1020/image_2971.png,data/external/kaggle/glaucoma_fundus_imaging_bundle/G1020/Images/image_2971.jpg,data/processed/standardized_masks/g1020/image_2971.png,image_2971.jpg,image_2971.png,multiclass_values_0_1_2,0,1,2,G1020_image_2971,True,paired_standardized_and_visual_sample_reviewed,"G1020 image/mask pair matched by file ID; mask standardized to project {0,1,2} convention."
glaucoma_fundus_imaging_bundle,G1020,image_2972,data/external/kaggle/glaucoma_fundus_imaging_bundle/G1020/Images/image_2972.jpg,data/processed/standardized_masks/g1020/image_2972.png,data/external/kaggle/glaucoma_fundus_imaging_bundle/G1020/Images/image_2972.jpg,data/processed/standardized_masks/g1020/image_2972.png,image_2972.jpg,image_2972.png,multiclass_values_0_1_2,0,1,2,G1020_image_2972,True,paired_standardized_and_visual_sample_reviewed,"G1020 image/mask pair matched by file ID; mask standardized to project {0,1,2} convention."
glaucoma_fundus_imaging_bundle,G1020,image_2973,data/external/kaggle/glaucoma_fundus_imaging_bundle/G1020/Images/image_2973.jpg,data/processed/standardized_masks/g1020/image_2973.png,data/external/kaggle/glaucoma_fundus_imaging_bundle/G1020/Images/image_2973.jpg,data/processed/standardized_masks/g1020/image_2973.png,image_2973.jpg,image_2973.png,multiclass_values_0_1_2,0,1,2,G1020_image_2973,True,paired_standardized_and_visual_sample_reviewed,"G1020 image/mask pair matched by file ID; mask standardized to project {0,1,2} convention."
glaucoma_fundus_imaging_bundle,G1020,image_2974,data/external/kaggle/glaucoma_fundus_imaging_bundle/G1020/Images/image_2974.jpg,data/processed/standardized_masks/g1020/image_2974.png,data/external/kaggle/glaucoma_fundus_imaging_bundle/G1020/Images/image_2974.jpg,data/processed/standardized_masks/g1020/image_2974.png,image_2974.jpg,image_2974.png,multiclass_values_0_1_2,0,1,2,G1020_image_2974,True,paired_standardized_and_visual_sample_reviewed,"G1020 image/mask pair matched by file ID; mask standardized to project {0,1,2} convention."
glaucoma_fundus_imaging_bundle,G1020,image_2975,data/external/kaggle/glaucoma_fundus_imaging_bundle/G1020/Images/image_2975.jpg,data/processed/standardized_masks/g1020/image_2975.png,data/external/kaggle/glaucoma_fundus_imaging_bundle/G1020/Images/image_2975.jpg,data/processed/standardized_masks/g1020/image_2975.png,image_2975.jpg,image_2975.png,multiclass_values_0_1_2,0,1,2,G1020_image_2975,True,paired_standardized_and_visual_sample_reviewed,"G1020 image/mask pair matched by file ID; mask standardized to project {0,1,2} convention."
glaucoma_fundus_imaging_bundle,G1020,image_2980,data/external/kaggle/glaucoma_fundus_imaging_bundle/G1020/Images/image_2980.jpg,data/processed/standardized_masks/g1020/image_2980.png,data/external/kaggle/glaucoma_fundus_imaging_bundle/G1020/Images/image_2980.jpg,data/processed/standardized_masks/g1020/image_2980.png,image_2980.jpg,image_2980.png,multiclass_values_0_1_2,0,1,2,G1020_image_2980,True,paired_standardized_and_visual_sample_reviewed,"G1020 image/mask pair matched by file ID; mask standardized to project {0,1,2} convention."
glaucoma_fundus_imaging_bundle,G1020,image_2981,data/external/kaggle/glaucoma_fundus_imaging_bundle/G1020/Images/image_2981.jpg,data/processed/standardized_masks/g1020/image_2981.png,data/external/kaggle/glaucoma_fundus_imaging_bundle/G1020/Images/image_2981.jpg,data/processed/standardized_masks/g1020/image_2981.png,image_2981.jpg,image_2981.png,multiclass_values_0_1_2,0,1,2,G1020_image_2981,True,paired_standardized_and_visual_sample_reviewed,"G1020 image/mask pair matched by file ID; mask standardized to project {0,1,2} convention."
glaucoma_fundus_imaging_bundle,G1020,image_2984,data/external/kaggle/glaucoma_fundus_imaging_bundle/G1020/Images/image_2984.jpg,data/processed/standardized_masks/g1020/image_2984.png,data/external/kaggle/glaucoma_fundus_imaging_bundle/G1020/Images/image_2984.jpg,data/processed/standardized_masks/g1020/image_2984.png,image_2984.jpg,image_2984.png,multiclass_values_0_1_2,0,1,2,G1020_image_2984,True,paired_standardized_and_visual_sample_reviewed,"G1020 image/mask pair matched by file ID; mask standardized to project {0,1,2} convention."
glaucoma_fundus_imaging_bundle,G1020,image_2985,data/external/kaggle/glaucoma_fundus_imaging_bundle/G1020/Images/image_2985.jpg,data/processed/standardized_masks/g1020/image_2985.png,data/external/kaggle/glaucoma_fundus_imaging_bundle/G1020/Images/image_2985.jpg,data/processed/standardized_masks/g1020/image_2985.png,image_2985.jpg,image_2985.png,multiclass_values_0_1_2,0,1,2,G1020_image_2985,True,paired_standardized_and_visual_sample_reviewed,"G1020 image/mask pair matched by file ID; mask standardized to project {0,1,2} convention."
glaucoma_fundus_imaging_bundle,G1020,image_2991,data/external/kaggle/glaucoma_fundus_imaging_bundle/G1020/Images/image_2991.jpg,data/processed/standardized_masks/g1020/image_2991.png,data/external/kaggle/glaucoma_fundus_imaging_bundle/G1020/Images/image_2991.jpg,data/processed/standardized_masks/g1020/image_2991.png,image_2991.jpg,image_2991.png,multiclass_values_0_1_2,0,1,2,G1020_image_2991,True,paired_standardized_and_visual_sample_reviewed,"G1020 image/mask pair matched by file ID; mask standardized to project {0,1,2} convention."
glaucoma_fundus_imaging_bundle,G1020,image_2992,data/external/kaggle/glaucoma_fundus_imaging_bundle/G1020/Images/image_2992.jpg,data/processed/standardized_masks/g1020/image_2992.png,data/external/kaggle/glaucoma_fundus_imaging_bundle/G1020/Images/image_2992.jpg,data/processed/standardized_masks/g1020/image_2992.png,image_2992.jpg,image_2992.png,multiclass_values_0_1_2,0,1,2,G1020_image_2992,True,paired_standardized_and_visual_sample_reviewed,"G1020 image/mask pair matched by file ID; mask standardized to project {0,1,2} convention."
glaucoma_fundus_imaging_bundle,G1020,image_2998,data/external/kaggle/glaucoma_fundus_imaging_bundle/G1020/Images/image_2998.jpg,data/processed/standardized_masks/g1020/image_2998.png,data/external/kaggle/glaucoma_fundus_imaging_bundle/G1020/Images/image_2998.jpg,data/processed/standardized_masks/g1020/image_2998.png,image_2998.jpg,image_2998.png,multiclass_values_0_1_2,0,1,2,G1020_image_2998,True,paired_standardized_and_visual_sample_reviewed,"G1020 image/mask pair matched by file ID; mask standardized to project {0,1,2} convention."
glaucoma_fundus_imaging_bundle,G1020,image_2999,data/external/kaggle/glaucoma_fundus_imaging_bundle/G1020/Images/image_2999.jpg,data/processed/standardized_masks/g1020/image_2999.png,data/external/kaggle/glaucoma_fundus_imaging_bundle/G1020/Images/image_2999.jpg,data/processed/standardized_masks/g1020/image_2999.png,image_2999.jpg,image_2999.png,multiclass_values_0_1_2,0,1,2,G1020_image_2999,True,paired_standardized_and_visual_sample_reviewed,"G1020 image/mask pair matched by file ID; mask standardized to project {0,1,2} convention."
glaucoma_fundus_imaging_bundle,G1020,image_3,data/external/kaggle/glaucoma_fundus_imaging_bundle/G1020/Images/image_3.jpg,data/processed/standardized_masks/g1020/image_3.png,data/external/kaggle/glaucoma_fundus_imaging_bundle/G1020/Images/image_3.jpg,data/processed/standardized_masks/g1020/image_3.png,image_3.jpg,image_3.png,multiclass_values_0_1_2,0,1,2,G1020_image_3,True,paired_standardized_and_visual_sample_reviewed,"G1020 image/mask pair matched by file ID; mask standardized to project {0,1,2} convention."
glaucoma_fundus_imaging_bundle,G1020,image_3000,data/external/kaggle/glaucoma_fundus_imaging_bundle/G1020/Images/image_3000.jpg,data/processed/standardized_masks/g1020/image_3000.png,data/external/kaggle/glaucoma_fundus_imaging_bundle/G1020/Images/image_3000.jpg,data/processed/standardized_masks/g1020/image_3000.png,image_3000.jpg,image_3000.png,multiclass_values_0_1_2,0,1,2,G1020_image_3000,True,paired_standardized_and_visual_sample_reviewed,"G1020 image/mask pair matched by file ID; mask standardized to project {0,1,2} convention."
glaucoma_fundus_imaging_bundle,G1020,image_3017,data/external/kaggle/glaucoma_fundus_imaging_bundle/G1020/Images/image_3017.jpg,data/processed/standardized_masks/g1020/image_3017.png,data/external/kaggle/glaucoma_fundus_imaging_bundle/G1020/Images/image_3017.jpg,data/processed/standardized_masks/g1020/image_3017.png,image_3017.jpg,image_3017.png,multiclass_values_0_1_2,0,1,2,G1020_image_3017,True,paired_standardized_and_visual_sample_reviewed,"G1020 image/mask pair matched by file ID; mask standardized to project {0,1,2} convention."
glaucoma_fundus_imaging_bundle,G1020,image_3018,data/external/kaggle/glaucoma_fundus_imaging_bundle/G1020/Images/image_3018.jpg,data/processed/standardized_masks/g1020/image_3018.png,data/external/kaggle/glaucoma_fundus_imaging_bundle/G1020/Images/image_3018.jpg,data/processed/standardized_masks/g1020/image_3018.png,image_3018.jpg,image_3018.png,multiclass_values_0_1_2,0,1,2,G1020_image_3018,True,paired_standardized_and_visual_sample_reviewed,"G1020 image/mask pair matched by file ID; mask standardized to project {0,1,2} convention."
glaucoma_fundus_imaging_bundle,G1020,image_3019,data/external/kaggle/glaucoma_fundus_imaging_bundle/G1020/Images/image_3019.jpg,data/processed/standardized_masks/g1020/image_3019.png,data/external/kaggle/glaucoma_fundus_imaging_bundle/G1020/Images/image_3019.jpg,data/processed/standardized_masks/g1020/image_3019.png,image_3019.jpg,image_3019.png,multiclass_values_0_1_2,0,1,2,G1020_image_3019,True,paired_standardized_and_visual_sample_reviewed,"G1020 image/mask pair matched by file ID; mask standardized to project {0,1,2} convention."
glaucoma_fundus_imaging_bundle,G1020,image_3020,data/external/kaggle/glaucoma_fundus_imaging_bundle/G1020/Images/image_3020.jpg,data/processed/standardized_masks/g1020/image_3020.png,data/external/kaggle/glaucoma_fundus_imaging_bundle/G1020/Images/image_3020.jpg,data/processed/standardized_masks/g1020/image_3020.png,image_3020.jpg,image_3020.png,multiclass_values_0_1_2,0,1,2,G1020_image_3020,True,paired_standardized_and_visual_sample_reviewed,"G1020 image/mask pair matched by file ID; mask standardized to project {0,1,2} convention."
glaucoma_fundus_imaging_bundle,G1020,image_3021,data/external/kaggle/glaucoma_fundus_imaging_bundle/G1020/Images/image_3021.jpg,data/processed/standardized_masks/g1020/image_3021.png,data/external/kaggle/glaucoma_fundus_imaging_bundle/G1020/Images/image_3021.jpg,data/processed/standardized_masks/g1020/image_3021.png,image_3021.jpg,image_3021.png,multiclass_values_0_1_2,0,1,2,G1020_image_3021,True,paired_standardized_and_visual_sample_reviewed,"G1020 image/mask pair matched by file ID; mask standardized to project {0,1,2} convention."
glaucoma_fundus_imaging_bundle,G1020,image_3022,data/external/kaggle/glaucoma_fundus_imaging_bundle/G1020/Images/image_3022.jpg,data/processed/standardized_masks/g1020/image_3022.png,data/external/kaggle/glaucoma_fundus_imaging_bundle/G1020/Images/image_3022.jpg,data/processed/standardized_masks/g1020/image_3022.png,image_3022.jpg,image_3022.png,multiclass_values_0_1_2,0,1,2,G1020_image_3022,True,paired_standardized_and_visual_sample_reviewed,"G1020 image/mask pair matched by file ID; mask standardized to project {0,1,2} convention."
glaucoma_fundus_imaging_bundle,G1020,image_3023,data/external/kaggle/glaucoma_fundus_imaging_bundle/G1020/Images/image_3023.jpg,data/processed/standardized_masks/g1020/image_3023.png,data/external/kaggle/glaucoma_fundus_imaging_bundle/G1020/Images/image_3023.jpg,data/processed/standardized_masks/g1020/image_3023.png,image_3023.jpg,image_3023.png,multiclass_values_0_1_2,0,1,2,G1020_image_3023,True,paired_standardized_and_visual_sample_reviewed,"G1020 image/mask pair matched by file ID; mask standardized to project {0,1,2} convention."
glaucoma_fundus_imaging_bundle,G1020,image_3024,data/external/kaggle/glaucoma_fundus_imaging_bundle/G1020/Images/image_3024.jpg,data/processed/standardized_masks/g1020/image_3024.png,data/external/kaggle/glaucoma_fundus_imaging_bundle/G1020/Images/image_3024.jpg,data/processed/standardized_masks/g1020/image_3024.png,image_3024.jpg,image_3024.png,multiclass_values_0_1_2,0,1,2,G1020_image_3024,True,paired_standardized_and_visual_sample_reviewed,"G1020 image/mask pair matched by file ID; mask standardized to project {0,1,2} convention."
glaucoma_fundus_imaging_bundle,G1020,image_3025,data/external/kaggle/glaucoma_fundus_imaging_bundle/G1020/Images/image_3025.jpg,data/processed/standardized_masks/g1020/image_3025.png,data/external/kaggle/glaucoma_fundus_imaging_bundle/G1020/Images/image_3025.jpg,data/processed/standardized_masks/g1020/image_3025.png,image_3025.jpg,image_3025.png,multiclass_values_0_1_2,0,1,2,G1020_image_3025,True,paired_standardized_and_visual_sample_reviewed,"G1020 image/mask pair matched by file ID; mask standardized to project {0,1,2} convention."
glaucoma_fundus_imaging_bundle,G1020,image_3026,data/external/kaggle/glaucoma_fundus_imaging_bundle/G1020/Images/image_3026.jpg,data/processed/standardized_masks/g1020/image_3026.png,data/external/kaggle/glaucoma_fundus_imaging_bundle/G1020/Images/image_3026.jpg,data/processed/standardized_masks/g1020/image_3026.png,image_3026.jpg,image_3026.png,multiclass_values_0_1_2,0,1,2,G1020_image_3026,True,paired_standardized_and_visual_sample_reviewed,"G1020 image/mask pair matched by file ID; mask standardized to project {0,1,2} convention."
glaucoma_fundus_imaging_bundle,G1020,image_3029,data/external/kaggle/glaucoma_fundus_imaging_bundle/G1020/Images/image_3029.jpg,data/processed/standardized_masks/g1020/image_3029.png,data/external/kaggle/glaucoma_fundus_imaging_bundle/G1020/Images/image_3029.jpg,data/processed/standardized_masks/g1020/image_3029.png,image_3029.jpg,image_3029.png,multiclass_values_0_1_2,0,1,2,G1020_image_3029,True,paired_standardized_and_visual_sample_reviewed,"G1020 image/mask pair matched by file ID; mask standardized to project {0,1,2} convention."
glaucoma_fundus_imaging_bundle,G1020,image_3038,data/external/kaggle/glaucoma_fundus_imaging_bundle/G1020/Images/image_3038.jpg,data/processed/standardized_masks/g1020/image_3038.png,data/external/kaggle/glaucoma_fundus_imaging_bundle/G1020/Images/image_3038.jpg,data/processed/standardized_masks/g1020/image_3038.png,image_3038.jpg,image_3038.png,multiclass_values_0_1_2,0,1,2,G1020_image_3038,True,paired_standardized_and_visual_sample_reviewed,"G1020 image/mask pair matched by file ID; mask standardized to project {0,1,2} convention."
glaucoma_fundus_imaging_bundle,G1020,image_3039,data/external/kaggle/glaucoma_fundus_imaging_bundle/G1020/Images/image_3039.jpg,data/processed/standardized_masks/g1020/image_3039.png,data/external/kaggle/glaucoma_fundus_imaging_bundle/G1020/Images/image_3039.jpg,data/processed/standardized_masks/g1020/image_3039.png,image_3039.jpg,image_3039.png,multiclass_values_0_1_2,0,1,2,G1020_image_3039,True,paired_standardized_and_visual_sample_reviewed,"G1020 image/mask pair matched by file ID; mask standardized to project {0,1,2} convention."
glaucoma_fundus_imaging_bundle,G1020,image_304,data/external/kaggle/glaucoma_fundus_imaging_bundle/G1020/Images/image_304.jpg,data/processed/standardized_masks/g1020/image_304.png,data/external/kaggle/glaucoma_fundus_imaging_bundle/G1020/Images/image_304.jpg,data/processed/standardized_masks/g1020/image_304.png,image_304.jpg,image_304.png,multiclass_values_0_1_2,0,1,2,G1020_image_304,True,paired_standardized_and_visual_sample_reviewed,"G1020 image/mask pair matched by file ID; mask standardized to project {0,1,2} convention."
glaucoma_fundus_imaging_bundle,G1020,image_3040,data/external/kaggle/glaucoma_fundus_imaging_bundle/G1020/Images/image_3040.jpg,data/processed/standardized_masks/g1020/image_3040.png,data/external/kaggle/glaucoma_fundus_imaging_bundle/G1020/Images/image_3040.jpg,data/processed/standardized_masks/g1020/image_3040.png,image_3040.jpg,image_3040.png,multiclass_values_0_1_2,0,1,2,G1020_image_3040,True,paired_standardized_and_visual_sample_reviewed,"G1020 image/mask pair matched by file ID; mask standardized to project {0,1,2} convention."
glaucoma_fundus_imaging_bundle,G1020,image_3041,data/external/kaggle/glaucoma_fundus_imaging_bundle/G1020/Images/image_3041.jpg,data/processed/standardized_masks/g1020/image_3041.png,data/external/kaggle/glaucoma_fundus_imaging_bundle/G1020/Images/image_3041.jpg,data/processed/standardized_masks/g1020/image_3041.png,image_3041.jpg,image_3041.png,multiclass_values_0_1_2,0,1,2,G1020_image_3041,True,paired_standardized_and_visual_sample_reviewed,"G1020 image/mask pair matched by file ID; mask standardized to project {0,1,2} convention."
glaucoma_fundus_imaging_bundle,G1020,image_3044,data/external/kaggle/glaucoma_fundus_imaging_bundle/G1020/Images/image_3044.jpg,data/processed/standardized_masks/g1020/image_3044.png,data/external/kaggle/glaucoma_fundus_imaging_bundle/G1020/Images/image_3044.jpg,data/processed/standardized_masks/g1020/image_3044.png,image_3044.jpg,image_3044.png,multiclass_values_0_1_2,0,1,2,G1020_image_3044,True,paired_standardized_and_visual_sample_reviewed,"G1020 image/mask pair matched by file ID; mask standardized to project {0,1,2} convention."
glaucoma_fundus_imaging_bundle,G1020,image_3045,data/external/kaggle/glaucoma_fundus_imaging_bundle/G1020/Images/image_3045.jpg,data/processed/standardized_masks/g1020/image_3045.png,data/external/kaggle/glaucoma_fundus_imaging_bundle/G1020/Images/image_3045.jpg,data/processed/standardized_masks/g1020/image_3045.png,image_3045.jpg,image_3045.png,multiclass_values_0_1_2,0,1,2,G1020_image_3045,True,paired_standardized_and_visual_sample_reviewed,"G1020 image/mask pair matched by file ID; mask standardized to project {0,1,2} convention."
glaucoma_fundus_imaging_bundle,G1020,image_305,data/external/kaggle/glaucoma_fundus_imaging_bundle/G1020/Images/image_305.jpg,data/processed/standardized_masks/g1020/image_305.png,data/external/kaggle/glaucoma_fundus_imaging_bundle/G1020/Images/image_305.jpg,data/processed/standardized_masks/g1020/image_305.png,image_305.jpg,image_305.png,multiclass_values_0_1_2,0,1,2,G1020_image_305,True,paired_standardized_and_visual_sample_reviewed,"G1020 image/mask pair matched by file ID; mask standardized to project {0,1,2} convention."
glaucoma_fundus_imaging_bundle,G1020,image_3058,data/external/kaggle/glaucoma_fundus_imaging_bundle/G1020/Images/image_3058.jpg,data/processed/standardized_masks/g1020/image_3058.png,data/external/kaggle/glaucoma_fundus_imaging_bundle/G1020/Images/image_3058.jpg,data/processed/standardized_masks/g1020/image_3058.png,image_3058.jpg,image_3058.png,multiclass_values_0_1_2,0,1,2,G1020_image_3058,True,paired_standardized_and_visual_sample_reviewed,"G1020 image/mask pair matched by file ID; mask standardized to project {0,1,2} convention."
glaucoma_fundus_imaging_bundle,G1020,image_3059,data/external/kaggle/glaucoma_fundus_imaging_bundle/G1020/Images/image_3059.jpg,data/processed/standardized_masks/g1020/image_3059.png,data/external/kaggle/glaucoma_fundus_imaging_bundle/G1020/Images/image_3059.jpg,data/processed/standardized_masks/g1020/image_3059.png,image_3059.jpg,image_3059.png,multiclass_values_0_1_2,0,1,2,G1020_image_3059,True,paired_standardized_and_visual_sample_reviewed,"G1020 image/mask pair matched by file ID; mask standardized to project {0,1,2} convention."
glaucoma_fundus_imaging_bundle,G1020,image_3064,data/external/kaggle/glaucoma_fundus_imaging_bundle/G1020/Images/image_3064.jpg,data/processed/standardized_masks/g1020/image_3064.png,data/external/kaggle/glaucoma_fundus_imaging_bundle/G1020/Images/image_3064.jpg,data/processed/standardized_masks/g1020/image_3064.png,image_3064.jpg,image_3064.png,multiclass_values_0_1_2,0,1,2,G1020_image_3064,True,paired_standardized_and_visual_sample_reviewed,"G1020 image/mask pair matched by file ID; mask standardized to project {0,1,2} convention."
glaucoma_fundus_imaging_bundle,G1020,image_3065,data/external/kaggle/glaucoma_fundus_imaging_bundle/G1020/Images/image_3065.jpg,data/processed/standardized_masks/g1020/image_3065.png,data/external/kaggle/glaucoma_fundus_imaging_bundle/G1020/Images/image_3065.jpg,data/processed/standardized_masks/g1020/image_3065.png,image_3065.jpg,image_3065.png,multiclass_values_0_1_2,0,1,2,G1020_image_3065,True,paired_standardized_and_visual_sample_reviewed,"G1020 image/mask pair matched by file ID; mask standardized to project {0,1,2} convention."
glaucoma_fundus_imaging_bundle,G1020,image_3066,data/external/kaggle/glaucoma_fundus_imaging_bundle/G1020/Images/image_3066.jpg,data/processed/standardized_masks/g1020/image_3066.png,data/external/kaggle/glaucoma_fundus_imaging_bundle/G1020/Images/image_3066.jpg,data/processed/standardized_masks/g1020/image_3066.png,image_3066.jpg,image_3066.png,multiclass_values_0_1_2,0,1,2,G1020_image_3066,True,paired_standardized_and_visual_sample_reviewed,"G1020 image/mask pair matched by file ID; mask standardized to project {0,1,2} convention."
glaucoma_fundus_imaging_bundle,G1020,image_3067,data/external/kaggle/glaucoma_fundus_imaging_bundle/G1020/Images/image_3067.jpg,data/processed/standardized_masks/g1020/image_3067.png,data/external/kaggle/glaucoma_fundus_imaging_bundle/G1020/Images/image_3067.jpg,data/processed/standardized_masks/g1020/image_3067.png,image_3067.jpg,image_3067.png,multiclass_values_0_1_2,0,1,2,G1020_image_3067,True,paired_standardized_and_visual_sample_reviewed,"G1020 image/mask pair matched by file ID; mask standardized to project {0,1,2} convention."
glaucoma_fundus_imaging_bundle,G1020,image_3076,data/external/kaggle/glaucoma_fundus_imaging_bundle/G1020/Images/image_3076.jpg,data/processed/standardized_masks/g1020/image_3076.png,data/external/kaggle/glaucoma_fundus_imaging_bundle/G1020/Images/image_3076.jpg,data/processed/standardized_masks/g1020/image_3076.png,image_3076.jpg,image_3076.png,multiclass_values_0_1_2,0,1,2,G1020_image_3076,True,paired_standardized_and_visual_sample_reviewed,"G1020 image/mask pair matched by file ID; mask standardized to project {0,1,2} convention."
glaucoma_fundus_imaging_bundle,G1020,image_3080,data/external/kaggle/glaucoma_fundus_imaging_bundle/G1020/Images/image_3080.jpg,data/processed/standardized_masks/g1020/image_3080.png,data/external/kaggle/glaucoma_fundus_imaging_bundle/G1020/Images/image_3080.jpg,data/processed/standardized_masks/g1020/image_3080.png,image_3080.jpg,image_3080.png,multiclass_values_0_1_2,0,1,2,G1020_image_3080,True,paired_standardized_and_visual_sample_reviewed,"G1020 image/mask pair matched by file ID; mask standardized to project {0,1,2} convention."
glaucoma_fundus_imaging_bundle,G1020,image_3081,data/external/kaggle/glaucoma_fundus_imaging_bundle/G1020/Images/image_3081.jpg,data/processed/standardized_masks/g1020/image_3081.png,data/external/kaggle/glaucoma_fundus_imaging_bundle/G1020/Images/image_3081.jpg,data/processed/standardized_masks/g1020/image_3081.png,image_3081.jpg,image_3081.png,multiclass_values_0_1_2,0,1,2,G1020_image_3081,True,paired_standardized_and_visual_sample_reviewed,"G1020 image/mask pair matched by file ID; mask standardized to project {0,1,2} convention."
glaucoma_fundus_imaging_bundle,G1020,image_3082,data/external/kaggle/glaucoma_fundus_imaging_bundle/G1020/Images/image_3082.jpg,data/processed/standardized_masks/g1020/image_3082.png,data/external/kaggle/glaucoma_fundus_imaging_bundle/G1020/Images/image_3082.jpg,data/processed/standardized_masks/g1020/image_3082.png,image_3082.jpg,image_3082.png,multiclass_values_0_1_2,0,1,2,G1020_image_3082,True,paired_standardized_and_visual_sample_reviewed,"G1020 image/mask pair matched by file ID; mask standardized to project {0,1,2} convention."
glaucoma_fundus_imaging_bundle,G1020,image_3084,data/external/kaggle/glaucoma_fundus_imaging_bundle/G1020/Images/image_3084.jpg,data/processed/standardized_masks/g1020/image_3084.png,data/external/kaggle/glaucoma_fundus_imaging_bundle/G1020/Images/image_3084.jpg,data/processed/standardized_masks/g1020/image_3084.png,image_3084.jpg,image_3084.png,multiclass_values_0_1_2,0,1,2,G1020_image_3084,True,paired_standardized_and_visual_sample_reviewed,"G1020 image/mask pair matched by file ID; mask standardized to project {0,1,2} convention."
glaucoma_fundus_imaging_bundle,G1020,image_3085,data/external/kaggle/glaucoma_fundus_imaging_bundle/G1020/Images/image_3085.jpg,data/processed/standardized_masks/g1020/image_3085.png,data/external/kaggle/glaucoma_fundus_imaging_bundle/G1020/Images/image_3085.jpg,data/processed/standardized_masks/g1020/image_3085.png,image_3085.jpg,image_3085.png,multiclass_values_0_1_2,0,1,2,G1020_image_3085,True,paired_standardized_and_visual_sample_reviewed,"G1020 image/mask pair matched by file ID; mask standardized to project {0,1,2} convention."
glaucoma_fundus_imaging_bundle,G1020,image_3090,data/external/kaggle/glaucoma_fundus_imaging_bundle/G1020/Images/image_3090.jpg,data/processed/standardized_masks/g1020/image_3090.png,data/external/kaggle/glaucoma_fundus_imaging_bundle/G1020/Images/image_3090.jpg,data/processed/standardized_masks/g1020/image_3090.png,image_3090.jpg,image_3090.png,multiclass_values_0_1_2,0,1,2,G1020_image_3090,True,paired_standardized_and_visual_sample_reviewed,"G1020 image/mask pair matched by file ID; mask standardized to project {0,1,2} convention."
glaucoma_fundus_imaging_bundle,G1020,image_3091,data/external/kaggle/glaucoma_fundus_imaging_bundle/G1020/Images/image_3091.jpg,data/processed/standardized_masks/g1020/image_3091.png,data/external/kaggle/glaucoma_fundus_imaging_bundle/G1020/Images/image_3091.jpg,data/processed/standardized_masks/g1020/image_3091.png,image_3091.jpg,image_3091.png,multiclass_values_0_1_2,0,1,2,G1020_image_3091,True,paired_standardized_and_visual_sample_reviewed,"G1020 image/mask pair matched by file ID; mask standardized to project {0,1,2} convention."
glaucoma_fundus_imaging_bundle,G1020,image_31,data/external/kaggle/glaucoma_fundus_imaging_bundle/G1020/Images/image_31.jpg,data/processed/standardized_masks/g1020/image_31.png,data/external/kaggle/glaucoma_fundus_imaging_bundle/G1020/Images/image_31.jpg,data/processed/standardized_masks/g1020/image_31.png,image_31.jpg,image_31.png,multiclass_values_0_1_2,0,1,2,G1020_image_31,True,paired_standardized_and_visual_sample_reviewed,"G1020 image/mask pair matched by file ID; mask standardized to project {0,1,2} convention."
glaucoma_fundus_imaging_bundle,G1020,image_3116,data/external/kaggle/glaucoma_fundus_imaging_bundle/G1020/Images/image_3116.jpg,data/processed/standardized_masks/g1020/image_3116.png,data/external/kaggle/glaucoma_fundus_imaging_bundle/G1020/Images/image_3116.jpg,data/processed/standardized_masks/g1020/image_3116.png,image_3116.jpg,image_3116.png,multiclass_values_0_1_2,0,1,2,G1020_image_3116,True,paired_standardized_and_visual_sample_reviewed,"G1020 image/mask pair matched by file ID; mask standardized to project {0,1,2} convention."
glaucoma_fundus_imaging_bundle,G1020,image_3117,data/external/kaggle/glaucoma_fundus_imaging_bundle/G1020/Images/image_3117.jpg,data/processed/standardized_masks/g1020/image_3117.png,data/external/kaggle/glaucoma_fundus_imaging_bundle/G1020/Images/image_3117.jpg,data/processed/standardized_masks/g1020/image_3117.png,image_3117.jpg,image_3117.png,multiclass_values_0_1_2,0,1,2,G1020_image_3117,True,paired_standardized_and_visual_sample_reviewed,"G1020 image/mask pair matched by file ID; mask standardized to project {0,1,2} convention."
glaucoma_fundus_imaging_bundle,G1020,image_3120,data/external/kaggle/glaucoma_fundus_imaging_bundle/G1020/Images/image_3120.jpg,data/processed/standardized_masks/g1020/image_3120.png,data/external/kaggle/glaucoma_fundus_imaging_bundle/G1020/Images/image_3120.jpg,data/processed/standardized_masks/g1020/image_3120.png,image_3120.jpg,image_3120.png,multiclass_values_0_1_2,0,1,2,G1020_image_3120,True,paired_standardized_and_visual_sample_reviewed,"G1020 image/mask pair matched by file ID; mask standardized to project {0,1,2} convention."
glaucoma_fundus_imaging_bundle,G1020,image_3121,data/external/kaggle/glaucoma_fundus_imaging_bundle/G1020/Images/image_3121.jpg,data/processed/standardized_masks/g1020/image_3121.png,data/external/kaggle/glaucoma_fundus_imaging_bundle/G1020/Images/image_3121.jpg,data/processed/standardized_masks/g1020/image_3121.png,image_3121.jpg,image_3121.png,multiclass_values_0_1_2,0,1,2,G1020_image_3121,True,paired_standardized_and_visual_sample_reviewed,"G1020 image/mask pair matched by file ID; mask standardized to project {0,1,2} convention."
glaucoma_fundus_imaging_bundle,G1020,image_3122,data/external/kaggle/glaucoma_fundus_imaging_bundle/G1020/Images/image_3122.jpg,data/processed/standardized_masks/g1020/image_3122.png,data/external/kaggle/glaucoma_fundus_imaging_bundle/G1020/Images/image_3122.jpg,data/processed/standardized_masks/g1020/image_3122.png,image_3122.jpg,image_3122.png,multiclass_values_0_1_2,0,1,2,G1020_image_3122,True,paired_standardized_and_visual_sample_reviewed,"G1020 image/mask pair matched by file ID; mask standardized to project {0,1,2} convention."
glaucoma_fundus_imaging_bundle,G1020,image_3123,data/external/kaggle/glaucoma_fundus_imaging_bundle/G1020/Images/image_3123.jpg,data/processed/standardized_masks/g1020/image_3123.png,data/external/kaggle/glaucoma_fundus_imaging_bundle/G1020/Images/image_3123.jpg,data/processed/standardized_masks/g1020/image_3123.png,image_3123.jpg,image_3123.png,multiclass_values_0_1_2,0,1,2,G1020_image_3123,True,paired_standardized_and_visual_sample_reviewed,"G1020 image/mask pair matched by file ID; mask standardized to project {0,1,2} convention."
glaucoma_fundus_imaging_bundle,G1020,image_3124,data/external/kaggle/glaucoma_fundus_imaging_bundle/G1020/Images/image_3124.jpg,data/processed/standardized_masks/g1020/image_3124.png,data/external/kaggle/glaucoma_fundus_imaging_bundle/G1020/Images/image_3124.jpg,data/processed/standardized_masks/g1020/image_3124.png,image_3124.jpg,image_3124.png,multiclass_values_0_1_2,0,1,2,G1020_image_3124,True,paired_standardized_and_visual_sample_reviewed,"G1020 image/mask pair matched by file ID; mask standardized to project {0,1,2} convention."
glaucoma_fundus_imaging_bundle,G1020,image_3129,data/external/kaggle/glaucoma_fundus_imaging_bundle/G1020/Images/image_3129.jpg,data/processed/standardized_masks/g1020/image_3129.png,data/external/kaggle/glaucoma_fundus_imaging_bundle/G1020/Images/image_3129.jpg,data/processed/standardized_masks/g1020/image_3129.png,image_3129.jpg,image_3129.png,multiclass_values_0_1_2,0,1,2,G1020_image_3129,True,paired_standardized_and_visual_sample_reviewed,"G1020 image/mask pair matched by file ID; mask standardized to project {0,1,2} convention."
glaucoma_fundus_imaging_bundle,G1020,image_3130,data/external/kaggle/glaucoma_fundus_imaging_bundle/G1020/Images/image_3130.jpg,data/processed/standardized_masks/g1020/image_3130.png,data/external/kaggle/glaucoma_fundus_imaging_bundle/G1020/Images/image_3130.jpg,data/processed/standardized_masks/g1020/image_3130.png,image_3130.jpg,image_3130.png,multiclass_values_0_1_2,0,1,2,G1020_image_3130,True,paired_standardized_and_visual_sample_reviewed,"G1020 image/mask pair matched by file ID; mask standardized to project {0,1,2} convention."
glaucoma_fundus_imaging_bundle,G1020,image_3131,data/external/kaggle/glaucoma_fundus_imaging_bundle/G1020/Images/image_3131.jpg,data/processed/standardized_masks/g1020/image_3131.png,data/external/kaggle/glaucoma_fundus_imaging_bundle/G1020/Images/image_3131.jpg,data/processed/standardized_masks/g1020/image_3131.png,image_3131.jpg,image_3131.png,multiclass_values_0_1_2,0,1,2,G1020_image_3131,True,paired_standardized_and_visual_sample_reviewed,"G1020 image/mask pair matched by file ID; mask standardized to project {0,1,2} convention."
glaucoma_fundus_imaging_bundle,G1020,image_3132,data/external/kaggle/glaucoma_fundus_imaging_bundle/G1020/Images/image_3132.jpg,data/processed/standardized_masks/g1020/image_3132.png,data/external/kaggle/glaucoma_fundus_imaging_bundle/G1020/Images/image_3132.jpg,data/processed/standardized_masks/g1020/image_3132.png,image_3132.jpg,image_3132.png,multiclass_values_0_1_2,0,1,2,G1020_image_3132,True,paired_standardized_and_visual_sample_reviewed,"G1020 image/mask pair matched by file ID; mask standardized to project {0,1,2} convention."
glaucoma_fundus_imaging_bundle,G1020,image_3137,data/external/kaggle/glaucoma_fundus_imaging_bundle/G1020/Images/image_3137.jpg,data/processed/standardized_masks/g1020/image_3137.png,data/external/kaggle/glaucoma_fundus_imaging_bundle/G1020/Images/image_3137.jpg,data/processed/standardized_masks/g1020/image_3137.png,image_3137.jpg,image_3137.png,multiclass_values_0_1_2,0,1,2,G1020_image_3137,True,paired_standardized_and_visual_sample_reviewed,"G1020 image/mask pair matched by file ID; mask standardized to project {0,1,2} convention."
glaucoma_fundus_imaging_bundle,G1020,image_3138,data/external/kaggle/glaucoma_fundus_imaging_bundle/G1020/Images/image_3138.jpg,data/processed/standardized_masks/g1020/image_3138.png,data/external/kaggle/glaucoma_fundus_imaging_bundle/G1020/Images/image_3138.jpg,data/processed/standardized_masks/g1020/image_3138.png,image_3138.jpg,image_3138.png,multiclass_values_0_1_2,0,1,2,G1020_image_3138,True,paired_standardized_and_visual_sample_reviewed,"G1020 image/mask pair matched by file ID; mask standardized to project {0,1,2} convention."
glaucoma_fundus_imaging_bundle,G1020,image_3143,data/external/kaggle/glaucoma_fundus_imaging_bundle/G1020/Images/image_3143.jpg,data/processed/standardized_masks/g1020/image_3143.png,data/external/kaggle/glaucoma_fundus_imaging_bundle/G1020/Images/image_3143.jpg,data/processed/standardized_masks/g1020/image_3143.png,image_3143.jpg,image_3143.png,multiclass_values_0_1_2,0,1,2,G1020_image_3143,True,paired_standardized_and_visual_sample_reviewed,"G1020 image/mask pair matched by file ID; mask standardized to project {0,1,2} convention."
glaucoma_fundus_imaging_bundle,G1020,image_3144,data/external/kaggle/glaucoma_fundus_imaging_bundle/G1020/Images/image_3144.jpg,data/processed/standardized_masks/g1020/image_3144.png,data/external/kaggle/glaucoma_fundus_imaging_bundle/G1020/Images/image_3144.jpg,data/processed/standardized_masks/g1020/image_3144.png,image_3144.jpg,image_3144.png,multiclass_values_0_1_2,0,1,2,G1020_image_3144,True,paired_standardized_and_visual_sample_reviewed,"G1020 image/mask pair matched by file ID; mask standardized to project {0,1,2} convention."
glaucoma_fundus_imaging_bundle,G1020,image_315,data/external/kaggle/glaucoma_fundus_imaging_bundle/G1020/Images/image_315.jpg,data/processed/standardized_masks/g1020/image_315.png,data/external/kaggle/glaucoma_fundus_imaging_bundle/G1020/Images/image_315.jpg,data/processed/standardized_masks/g1020/image_315.png,image_315.jpg,image_315.png,multiclass_values_0_1_2,0,1,2,G1020_image_315,True,paired_standardized_and_visual_sample_reviewed,"G1020 image/mask pair matched by file ID; mask standardized to project {0,1,2} convention."
glaucoma_fundus_imaging_bundle,G1020,image_3159,data/external/kaggle/glaucoma_fundus_imaging_bundle/G1020/Images/image_3159.jpg,data/processed/standardized_masks/g1020/image_3159.png,data/external/kaggle/glaucoma_fundus_imaging_bundle/G1020/Images/image_3159.jpg,data/processed/standardized_masks/g1020/image_3159.png,image_3159.jpg,image_3159.png,multiclass_values_0_1_2,0,1,2,G1020_image_3159,True,paired_standardized_and_visual_sample_reviewed,"G1020 image/mask pair matched by file ID; mask standardized to project {0,1,2} convention."
glaucoma_fundus_imaging_bundle,G1020,image_316,data/external/kaggle/glaucoma_fundus_imaging_bundle/G1020/Images/image_316.jpg,data/processed/standardized_masks/g1020/image_316.png,data/external/kaggle/glaucoma_fundus_imaging_bundle/G1020/Images/image_316.jpg,data/processed/standardized_masks/g1020/image_316.png,image_316.jpg,image_316.png,multiclass_values_0_1_2,0,1,2,G1020_image_316,True,paired_standardized_and_visual_sample_reviewed,"G1020 image/mask pair matched by file ID; mask standardized to project {0,1,2} convention."
glaucoma_fundus_imaging_bundle,G1020,image_3160,data/external/kaggle/glaucoma_fundus_imaging_bundle/G1020/Images/image_3160.jpg,data/processed/standardized_masks/g1020/image_3160.png,data/external/kaggle/glaucoma_fundus_imaging_bundle/G1020/Images/image_3160.jpg,data/processed/standardized_masks/g1020/image_3160.png,image_3160.jpg,image_3160.png,multiclass_values_0_1_2,0,1,2,G1020_image_3160,True,paired_standardized_and_visual_sample_reviewed,"G1020 image/mask pair matched by file ID; mask standardized to project {0,1,2} convention."
glaucoma_fundus_imaging_bundle,G1020,image_3163,data/external/kaggle/glaucoma_fundus_imaging_bundle/G1020/Images/image_3163.jpg,data/processed/standardized_masks/g1020/image_3163.png,data/external/kaggle/glaucoma_fundus_imaging_bundle/G1020/Images/image_3163.jpg,data/processed/standardized_masks/g1020/image_3163.png,image_3163.jpg,image_3163.png,multiclass_values_0_1_2,0,1,2,G1020_image_3163,True,paired_standardized_and_visual_sample_reviewed,"G1020 image/mask pair matched by file ID; mask standardized to project {0,1,2} convention."
glaucoma_fundus_imaging_bundle,G1020,image_3164,data/external/kaggle/glaucoma_fundus_imaging_bundle/G1020/Images/image_3164.jpg,data/processed/standardized_masks/g1020/image_3164.png,data/external/kaggle/glaucoma_fundus_imaging_bundle/G1020/Images/image_3164.jpg,data/processed/standardized_masks/g1020/image_3164.png,image_3164.jpg,image_3164.png,multiclass_values_0_1_2,0,1,2,G1020_image_3164,True,paired_standardized_and_visual_sample_reviewed,"G1020 image/mask pair matched by file ID; mask standardized to project {0,1,2} convention."
glaucoma_fundus_imaging_bundle,G1020,image_3165,data/external/kaggle/glaucoma_fundus_imaging_bundle/G1020/Images/image_3165.jpg,data/processed/standardized_masks/g1020/image_3165.png,data/external/kaggle/glaucoma_fundus_imaging_bundle/G1020/Images/image_3165.jpg,data/processed/standardized_masks/g1020/image_3165.png,image_3165.jpg,image_3165.png,multiclass_values_0_1_2,0,1,2,G1020_image_3165,True,paired_standardized_and_visual_sample_reviewed,"G1020 image/mask pair matched by file ID; mask standardized to project {0,1,2} convention."
glaucoma_fundus_imaging_bundle,G1020,image_3166,data/external/kaggle/glaucoma_fundus_imaging_bundle/G1020/Images/image_3166.jpg,data/processed/standardized_masks/g1020/image_3166.png,data/external/kaggle/glaucoma_fundus_imaging_bundle/G1020/Images/image_3166.jpg,data/processed/standardized_masks/g1020/image_3166.png,image_3166.jpg,image_3166.png,multiclass_values_0_1_2,0,1,2,G1020_image_3166,True,paired_standardized_and_visual_sample_reviewed,"G1020 image/mask pair matched by file ID; mask standardized to project {0,1,2} convention."
glaucoma_fundus_imaging_bundle,G1020,image_3167,data/external/kaggle/glaucoma_fundus_imaging_bundle/G1020/Images/image_3167.jpg,data/processed/standardized_masks/g1020/image_3167.png,data/external/kaggle/glaucoma_fundus_imaging_bundle/G1020/Images/image_3167.jpg,data/processed/standardized_masks/g1020/image_3167.png,image_3167.jpg,image_3167.png,multiclass_values_0_1_2,0,1,2,G1020_image_3167,True,paired_standardized_and_visual_sample_reviewed,"G1020 image/mask pair matched by file ID; mask standardized to project {0,1,2} convention."
glaucoma_fundus_imaging_bundle,G1020,image_3168,data/external/kaggle/glaucoma_fundus_imaging_bundle/G1020/Images/image_3168.jpg,data/processed/standardized_masks/g1020/image_3168.png,data/external/kaggle/glaucoma_fundus_imaging_bundle/G1020/Images/image_3168.jpg,data/processed/standardized_masks/g1020/image_3168.png,image_3168.jpg,image_3168.png,multiclass_values_0_1_2,0,1,2,G1020_image_3168,True,paired_standardized_and_visual_sample_reviewed,"G1020 image/mask pair matched by file ID; mask standardized to project {0,1,2} convention."
glaucoma_fundus_imaging_bundle,G1020,image_3169,data/external/kaggle/glaucoma_fundus_imaging_bundle/G1020/Images/image_3169.jpg,data/processed/standardized_masks/g1020/image_3169.png,data/external/kaggle/glaucoma_fundus_imaging_bundle/G1020/Images/image_3169.jpg,data/processed/standardized_masks/g1020/image_3169.png,image_3169.jpg,image_3169.png,multiclass_values_0_1_2,0,1,2,G1020_image_3169,True,paired_standardized_and_visual_sample_reviewed,"G1020 image/mask pair matched by file ID; mask standardized to project {0,1,2} convention."
glaucoma_fundus_imaging_bundle,G1020,image_3170,data/external/kaggle/glaucoma_fundus_imaging_bundle/G1020/Images/image_3170.jpg,data/processed/standardized_masks/g1020/image_3170.png,data/external/kaggle/glaucoma_fundus_imaging_bundle/G1020/Images/image_3170.jpg,data/processed/standardized_masks/g1020/image_3170.png,image_3170.jpg,image_3170.png,multiclass_values_0_1_2,0,1,2,G1020_image_3170,True,paired_standardized_and_visual_sample_reviewed,"G1020 image/mask pair matched by file ID; mask standardized to project {0,1,2} convention."
glaucoma_fundus_imaging_bundle,G1020,image_3182,data/external/kaggle/glaucoma_fundus_imaging_bundle/G1020/Images/image_3182.jpg,data/processed/standardized_masks/g1020/image_3182.png,data/external/kaggle/glaucoma_fundus_imaging_bundle/G1020/Images/image_3182.jpg,data/processed/standardized_masks/g1020/image_3182.png,image_3182.jpg,image_3182.png,multiclass_values_0_1_2,0,1,2,G1020_image_3182,True,paired_standardized_and_visual_sample_reviewed,"G1020 image/mask pair matched by file ID; mask standardized to project {0,1,2} convention."
glaucoma_fundus_imaging_bundle,G1020,image_3183,data/external/kaggle/glaucoma_fundus_imaging_bundle/G1020/Images/image_3183.jpg,data/processed/standardized_masks/g1020/image_3183.png,data/external/kaggle/glaucoma_fundus_imaging_bundle/G1020/Images/image_3183.jpg,data/processed/standardized_masks/g1020/image_3183.png,image_3183.jpg,image_3183.png,multiclass_values_0_1_2,0,1,2,G1020_image_3183,True,paired_standardized_and_visual_sample_reviewed,"G1020 image/mask pair matched by file ID; mask standardized to project {0,1,2} convention."
glaucoma_fundus_imaging_bundle,G1020,image_3184,data/external/kaggle/glaucoma_fundus_imaging_bundle/G1020/Images/image_3184.jpg,data/processed/standardized_masks/g1020/image_3184.png,data/external/kaggle/glaucoma_fundus_imaging_bundle/G1020/Images/image_3184.jpg,data/processed/standardized_masks/g1020/image_3184.png,image_3184.jpg,image_3184.png,multiclass_values_0_1_2,0,1,2,G1020_image_3184,True,paired_standardized_and_visual_sample_reviewed,"G1020 image/mask pair matched by file ID; mask standardized to project {0,1,2} convention."
glaucoma_fundus_imaging_bundle,G1020,image_3185,data/external/kaggle/glaucoma_fundus_imaging_bundle/G1020/Images/image_3185.jpg,data/processed/standardized_masks/g1020/image_3185.png,data/external/kaggle/glaucoma_fundus_imaging_bundle/G1020/Images/image_3185.jpg,data/processed/standardized_masks/g1020/image_3185.png,image_3185.jpg,image_3185.png,multiclass_values_0_1_2,0,1,2,G1020_image_3185,True,paired_standardized_and_visual_sample_reviewed,"G1020 image/mask pair matched by file ID; mask standardized to project {0,1,2} convention."
glaucoma_fundus_imaging_bundle,G1020,image_3198,data/external/kaggle/glaucoma_fundus_imaging_bundle/G1020/Images/image_3198.jpg,data/processed/standardized_masks/g1020/image_3198.png,data/external/kaggle/glaucoma_fundus_imaging_bundle/G1020/Images/image_3198.jpg,data/processed/standardized_masks/g1020/image_3198.png,image_3198.jpg,image_3198.png,multiclass_values_0_1_2,0,1,2,G1020_image_3198,True,paired_standardized_and_visual_sample_reviewed,"G1020 image/mask pair matched by file ID; mask standardized to project {0,1,2} convention."
glaucoma_fundus_imaging_bundle,G1020,image_3199,data/external/kaggle/glaucoma_fundus_imaging_bundle/G1020/Images/image_3199.jpg,data/processed/standardized_masks/g1020/image_3199.png,data/external/kaggle/glaucoma_fundus_imaging_bundle/G1020/Images/image_3199.jpg,data/processed/standardized_masks/g1020/image_3199.png,image_3199.jpg,image_3199.png,multiclass_values_0_1_2,0,1,2,G1020_image_3199,True,paired_standardized_and_visual_sample_reviewed,"G1020 image/mask pair matched by file ID; mask standardized to project {0,1,2} convention."
glaucoma_fundus_imaging_bundle,G1020,image_32,data/external/kaggle/glaucoma_fundus_imaging_bundle/G1020/Images/image_32.jpg,data/processed/standardized_masks/g1020/image_32.png,data/external/kaggle/glaucoma_fundus_imaging_bundle/G1020/Images/image_32.jpg,data/processed/standardized_masks/g1020/image_32.png,image_32.jpg,image_32.png,multiclass_values_0_1_2,0,1,2,G1020_image_32,True,paired_standardized_and_visual_sample_reviewed,"G1020 image/mask pair matched by file ID; mask standardized to project {0,1,2} convention."
glaucoma_fundus_imaging_bundle,G1020,image_3201,data/external/kaggle/glaucoma_fundus_imaging_bundle/G1020/Images/image_3201.jpg,data/processed/standardized_masks/g1020/image_3201.png,data/external/kaggle/glaucoma_fundus_imaging_bundle/G1020/Images/image_3201.jpg,data/processed/standardized_masks/g1020/image_3201.png,image_3201.jpg,image_3201.png,multiclass_values_0_1_2,0,1,2,G1020_image_3201,True,paired_standardized_and_visual_sample_reviewed,"G1020 image/mask pair matched by file ID; mask standardized to project {0,1,2} convention."
glaucoma_fundus_imaging_bundle,G1020,image_3202,data/external/kaggle/glaucoma_fundus_imaging_bundle/G1020/Images/image_3202.jpg,data/processed/standardized_masks/g1020/image_3202.png,data/external/kaggle/glaucoma_fundus_imaging_bundle/G1020/Images/image_3202.jpg,data/processed/standardized_masks/g1020/image_3202.png,image_3202.jpg,image_3202.png,multiclass_values_0_1_2,0,1,2,G1020_image_3202,True,paired_standardized_and_visual_sample_reviewed,"G1020 image/mask pair matched by file ID; mask standardized to project {0,1,2} convention."
glaucoma_fundus_imaging_bundle,G1020,image_327,data/external/kaggle/glaucoma_fundus_imaging_bundle/G1020/Images/image_327.jpg,data/processed/standardized_masks/g1020/image_327.png,data/external/kaggle/glaucoma_fundus_imaging_bundle/G1020/Images/image_327.jpg,data/processed/standardized_masks/g1020/image_327.png,image_327.jpg,image_327.png,multiclass_values_0_1_2,0,1,2,G1020_image_327,True,paired_standardized_and_visual_sample_reviewed,"G1020 image/mask pair matched by file ID; mask standardized to project {0,1,2} convention."
glaucoma_fundus_imaging_bundle,G1020,image_328,data/external/kaggle/glaucoma_fundus_imaging_bundle/G1020/Images/image_328.jpg,data/processed/standardized_masks/g1020/image_328.png,data/external/kaggle/glaucoma_fundus_imaging_bundle/G1020/Images/image_328.jpg,data/processed/standardized_masks/g1020/image_328.png,image_328.jpg,image_328.png,multiclass_values_0_1_2,0,1,2,G1020_image_328,True,paired_standardized_and_visual_sample_reviewed,"G1020 image/mask pair matched by file ID; mask standardized to project {0,1,2} convention."
glaucoma_fundus_imaging_bundle,G1020,image_334,data/external/kaggle/glaucoma_fundus_imaging_bundle/G1020/Images/image_334.jpg,data/processed/standardized_masks/g1020/image_334.png,data/external/kaggle/glaucoma_fundus_imaging_bundle/G1020/Images/image_334.jpg,data/processed/standardized_masks/g1020/image_334.png,image_334.jpg,image_334.png,multiclass_values_0_1_2,0,1,2,G1020_image_334,True,paired_standardized_and_visual_sample_reviewed,"G1020 image/mask pair matched by file ID; mask standardized to project {0,1,2} convention."
glaucoma_fundus_imaging_bundle,G1020,image_335,data/external/kaggle/glaucoma_fundus_imaging_bundle/G1020/Images/image_335.jpg,data/processed/standardized_masks/g1020/image_335.png,data/external/kaggle/glaucoma_fundus_imaging_bundle/G1020/Images/image_335.jpg,data/processed/standardized_masks/g1020/image_335.png,image_335.jpg,image_335.png,multiclass_values_0_1_2,0,1,2,G1020_image_335,True,paired_standardized_and_visual_sample_reviewed,"G1020 image/mask pair matched by file ID; mask standardized to project {0,1,2} convention."
glaucoma_fundus_imaging_bundle,G1020,image_336,data/external/kaggle/glaucoma_fundus_imaging_bundle/G1020/Images/image_336.jpg,data/processed/standardized_masks/g1020/image_336.png,data/external/kaggle/glaucoma_fundus_imaging_bundle/G1020/Images/image_336.jpg,data/processed/standardized_masks/g1020/image_336.png,image_336.jpg,image_336.png,multiclass_values_0_1_2,0,1,2,G1020_image_336,True,paired_standardized_and_visual_sample_reviewed,"G1020 image/mask pair matched by file ID; mask standardized to project {0,1,2} convention."
glaucoma_fundus_imaging_bundle,G1020,image_337,data/external/kaggle/glaucoma_fundus_imaging_bundle/G1020/Images/image_337.jpg,data/processed/standardized_masks/g1020/image_337.png,data/external/kaggle/glaucoma_fundus_imaging_bundle/G1020/Images/image_337.jpg,data/processed/standardized_masks/g1020/image_337.png,image_337.jpg,image_337.png,multiclass_values_0_1_2,0,1,2,G1020_image_337,True,paired_standardized_and_visual_sample_reviewed,"G1020 image/mask pair matched by file ID; mask standardized to project {0,1,2} convention."
glaucoma_fundus_imaging_bundle,G1020,image_338,data/external/kaggle/glaucoma_fundus_imaging_bundle/G1020/Images/image_338.jpg,data/processed/standardized_masks/g1020/image_338.png,data/external/kaggle/glaucoma_fundus_imaging_bundle/G1020/Images/image_338.jpg,data/processed/standardized_masks/g1020/image_338.png,image_338.jpg,image_338.png,multiclass_values_0_1_2,0,1,2,G1020_image_338,True,paired_standardized_and_visual_sample_reviewed,"G1020 image/mask pair matched by file ID; mask standardized to project {0,1,2} convention."
glaucoma_fundus_imaging_bundle,G1020,image_339,data/external/kaggle/glaucoma_fundus_imaging_bundle/G1020/Images/image_339.jpg,data/processed/standardized_masks/g1020/image_339.png,data/external/kaggle/glaucoma_fundus_imaging_bundle/G1020/Images/image_339.jpg,data/processed/standardized_masks/g1020/image_339.png,image_339.jpg,image_339.png,multiclass_values_0_1_2,0,1,2,G1020_image_339,True,paired_standardized_and_visual_sample_reviewed,"G1020 image/mask pair matched by file ID; mask standardized to project {0,1,2} convention."
glaucoma_fundus_imaging_bundle,G1020,image_353,data/external/kaggle/glaucoma_fundus_imaging_bundle/G1020/Images/image_353.jpg,data/processed/standardized_masks/g1020/image_353.png,data/external/kaggle/glaucoma_fundus_imaging_bundle/G1020/Images/image_353.jpg,data/processed/standardized_masks/g1020/image_353.png,image_353.jpg,image_353.png,multiclass_values_0_1_2,0,1,2,G1020_image_353,True,paired_standardized_and_visual_sample_reviewed,"G1020 image/mask pair matched by file ID; mask standardized to project {0,1,2} convention."
glaucoma_fundus_imaging_bundle,G1020,image_354,data/external/kaggle/glaucoma_fundus_imaging_bundle/G1020/Images/image_354.jpg,data/processed/standardized_masks/g1020/image_354.png,data/external/kaggle/glaucoma_fundus_imaging_bundle/G1020/Images/image_354.jpg,data/processed/standardized_masks/g1020/image_354.png,image_354.jpg,image_354.png,multiclass_values_0_1_2,0,1,2,G1020_image_354,True,paired_standardized_and_visual_sample_reviewed,"G1020 image/mask pair matched by file ID; mask standardized to project {0,1,2} convention."
glaucoma_fundus_imaging_bundle,G1020,image_356,data/external/kaggle/glaucoma_fundus_imaging_bundle/G1020/Images/image_356.jpg,data/processed/standardized_masks/g1020/image_356.png,data/external/kaggle/glaucoma_fundus_imaging_bundle/G1020/Images/image_356.jpg,data/processed/standardized_masks/g1020/image_356.png,image_356.jpg,image_356.png,multiclass_values_0_1_2,0,1,2,G1020_image_356,True,paired_standardized_and_visual_sample_reviewed,"G1020 image/mask pair matched by file ID; mask standardized to project {0,1,2} convention."
glaucoma_fundus_imaging_bundle,G1020,image_360,data/external/kaggle/glaucoma_fundus_imaging_bundle/G1020/Images/image_360.jpg,data/processed/standardized_masks/g1020/image_360.png,data/external/kaggle/glaucoma_fundus_imaging_bundle/G1020/Images/image_360.jpg,data/processed/standardized_masks/g1020/image_360.png,image_360.jpg,image_360.png,multiclass_values_0_1_2,0,1,2,G1020_image_360,True,paired_standardized_and_visual_sample_reviewed,"G1020 image/mask pair matched by file ID; mask standardized to project {0,1,2} convention."
glaucoma_fundus_imaging_bundle,G1020,image_361,data/external/kaggle/glaucoma_fundus_imaging_bundle/G1020/Images/image_361.jpg,data/processed/standardized_masks/g1020/image_361.png,data/external/kaggle/glaucoma_fundus_imaging_bundle/G1020/Images/image_361.jpg,data/processed/standardized_masks/g1020/image_361.png,image_361.jpg,image_361.png,multiclass_values_0_1_2,0,1,2,G1020_image_361,True,paired_standardized_and_visual_sample_reviewed,"G1020 image/mask pair matched by file ID; mask standardized to project {0,1,2} convention."
glaucoma_fundus_imaging_bundle,G1020,image_363,data/external/kaggle/glaucoma_fundus_imaging_bundle/G1020/Images/image_363.jpg,data/processed/standardized_masks/g1020/image_363.png,data/external/kaggle/glaucoma_fundus_imaging_bundle/G1020/Images/image_363.jpg,data/processed/standardized_masks/g1020/image_363.png,image_363.jpg,image_363.png,multiclass_values_0_1_2,0,1,2,G1020_image_363,True,paired_standardized_and_visual_sample_reviewed,"G1020 image/mask pair matched by file ID; mask standardized to project {0,1,2} convention."
glaucoma_fundus_imaging_bundle,G1020,image_366,data/external/kaggle/glaucoma_fundus_imaging_bundle/G1020/Images/image_366.jpg,data/processed/standardized_masks/g1020/image_366.png,data/external/kaggle/glaucoma_fundus_imaging_bundle/G1020/Images/image_366.jpg,data/processed/standardized_masks/g1020/image_366.png,image_366.jpg,image_366.png,multiclass_values_0_1_2,0,1,2,G1020_image_366,True,paired_standardized_and_visual_sample_reviewed,"G1020 image/mask pair matched by file ID; mask standardized to project {0,1,2} convention."
glaucoma_fundus_imaging_bundle,G1020,image_367,data/external/kaggle/glaucoma_fundus_imaging_bundle/G1020/Images/image_367.jpg,data/processed/standardized_masks/g1020/image_367.png,data/external/kaggle/glaucoma_fundus_imaging_bundle/G1020/Images/image_367.jpg,data/processed/standardized_masks/g1020/image_367.png,image_367.jpg,image_367.png,multiclass_values_0_1_2,0,1,2,G1020_image_367,True,paired_standardized_and_visual_sample_reviewed,"G1020 image/mask pair matched by file ID; mask standardized to project {0,1,2} convention."
glaucoma_fundus_imaging_bundle,G1020,image_372,data/external/kaggle/glaucoma_fundus_imaging_bundle/G1020/Images/image_372.jpg,data/processed/standardized_masks/g1020/image_372.png,data/external/kaggle/glaucoma_fundus_imaging_bundle/G1020/Images/image_372.jpg,data/processed/standardized_masks/g1020/image_372.png,image_372.jpg,image_372.png,multiclass_values_0_1_2,0,1,2,G1020_image_372,True,paired_standardized_and_visual_sample_reviewed,"G1020 image/mask pair matched by file ID; mask standardized to project {0,1,2} convention."
glaucoma_fundus_imaging_bundle,G1020,image_373,data/external/kaggle/glaucoma_fundus_imaging_bundle/G1020/Images/image_373.jpg,data/processed/standardized_masks/g1020/image_373.png,data/external/kaggle/glaucoma_fundus_imaging_bundle/G1020/Images/image_373.jpg,data/processed/standardized_masks/g1020/image_373.png,image_373.jpg,image_373.png,multiclass_values_0_1_2,0,1,2,G1020_image_373,True,paired_standardized_and_visual_sample_reviewed,"G1020 image/mask pair matched by file ID; mask standardized to project {0,1,2} convention."
glaucoma_fundus_imaging_bundle,G1020,image_384,data/external/kaggle/glaucoma_fundus_imaging_bundle/G1020/Images/image_384.jpg,data/processed/standardized_masks/g1020/image_384.png,data/external/kaggle/glaucoma_fundus_imaging_bundle/G1020/Images/image_384.jpg,data/processed/standardized_masks/g1020/image_384.png,image_384.jpg,image_384.png,multiclass_values_0_1_2,0,1,2,G1020_image_384,True,paired_standardized_and_visual_sample_reviewed,"G1020 image/mask pair matched by file ID; mask standardized to project {0,1,2} convention."
glaucoma_fundus_imaging_bundle,G1020,image_385,data/external/kaggle/glaucoma_fundus_imaging_bundle/G1020/Images/image_385.jpg,data/processed/standardized_masks/g1020/image_385.png,data/external/kaggle/glaucoma_fundus_imaging_bundle/G1020/Images/image_385.jpg,data/processed/standardized_masks/g1020/image_385.png,image_385.jpg,image_385.png,multiclass_values_0_1_2,0,1,2,G1020_image_385,True,paired_standardized_and_visual_sample_reviewed,"G1020 image/mask pair matched by file ID; mask standardized to project {0,1,2} convention."
glaucoma_fundus_imaging_bundle,G1020,image_386,data/external/kaggle/glaucoma_fundus_imaging_bundle/G1020/Images/image_386.jpg,data/processed/standardized_masks/g1020/image_386.png,data/external/kaggle/glaucoma_fundus_imaging_bundle/G1020/Images/image_386.jpg,data/processed/standardized_masks/g1020/image_386.png,image_386.jpg,image_386.png,multiclass_values_0_1_2,0,1,2,G1020_image_386,True,paired_standardized_and_visual_sample_reviewed,"G1020 image/mask pair matched by file ID; mask standardized to project {0,1,2} convention."
glaucoma_fundus_imaging_bundle,G1020,image_387,data/external/kaggle/glaucoma_fundus_imaging_bundle/G1020/Images/image_387.jpg,data/processed/standardized_masks/g1020/image_387.png,data/external/kaggle/glaucoma_fundus_imaging_bundle/G1020/Images/image_387.jpg,data/processed/standardized_masks/g1020/image_387.png,image_387.jpg,image_387.png,multiclass_values_0_1_2,0,1,2,G1020_image_387,True,paired_standardized_and_visual_sample_reviewed,"G1020 image/mask pair matched by file ID; mask standardized to project {0,1,2} convention."
glaucoma_fundus_imaging_bundle,G1020,image_4,data/external/kaggle/glaucoma_fundus_imaging_bundle/G1020/Images/image_4.jpg,data/processed/standardized_masks/g1020/image_4.png,data/external/kaggle/glaucoma_fundus_imaging_bundle/G1020/Images/image_4.jpg,data/processed/standardized_masks/g1020/image_4.png,image_4.jpg,image_4.png,multiclass_values_0_1_2,0,1,2,G1020_image_4,True,paired_standardized_and_visual_sample_reviewed,"G1020 image/mask pair matched by file ID; mask standardized to project {0,1,2} convention."
glaucoma_fundus_imaging_bundle,G1020,image_420,data/external/kaggle/glaucoma_fundus_imaging_bundle/G1020/Images/image_420.jpg,data/processed/standardized_masks/g1020/image_420.png,data/external/kaggle/glaucoma_fundus_imaging_bundle/G1020/Images/image_420.jpg,data/processed/standardized_masks/g1020/image_420.png,image_420.jpg,image_420.png,multiclass_values_0_1_2,0,1,2,G1020_image_420,True,paired_standardized_and_visual_sample_reviewed,"G1020 image/mask pair matched by file ID; mask standardized to project {0,1,2} convention."
glaucoma_fundus_imaging_bundle,G1020,image_421,data/external/kaggle/glaucoma_fundus_imaging_bundle/G1020/Images/image_421.jpg,data/processed/standardized_masks/g1020/image_421.png,data/external/kaggle/glaucoma_fundus_imaging_bundle/G1020/Images/image_421.jpg,data/processed/standardized_masks/g1020/image_421.png,image_421.jpg,image_421.png,multiclass_values_0_1_2,0,1,2,G1020_image_421,True,paired_standardized_and_visual_sample_reviewed,"G1020 image/mask pair matched by file ID; mask standardized to project {0,1,2} convention."
glaucoma_fundus_imaging_bundle,G1020,image_436,data/external/kaggle/glaucoma_fundus_imaging_bundle/G1020/Images/image_436.jpg,data/processed/standardized_masks/g1020/image_436.png,data/external/kaggle/glaucoma_fundus_imaging_bundle/G1020/Images/image_436.jpg,data/processed/standardized_masks/g1020/image_436.png,image_436.jpg,image_436.png,multiclass_values_0_1_2,0,1,2,G1020_image_436,True,paired_standardized_and_visual_sample_reviewed,"G1020 image/mask pair matched by file ID; mask standardized to project {0,1,2} convention."
glaucoma_fundus_imaging_bundle,G1020,image_437,data/external/kaggle/glaucoma_fundus_imaging_bundle/G1020/Images/image_437.jpg,data/processed/standardized_masks/g1020/image_437.png,data/external/kaggle/glaucoma_fundus_imaging_bundle/G1020/Images/image_437.jpg,data/processed/standardized_masks/g1020/image_437.png,image_437.jpg,image_437.png,multiclass_values_0_1_2,0,1,2,G1020_image_437,True,paired_standardized_and_visual_sample_reviewed,"G1020 image/mask pair matched by file ID; mask standardized to project {0,1,2} convention."
glaucoma_fundus_imaging_bundle,G1020,image_444,data/external/kaggle/glaucoma_fundus_imaging_bundle/G1020/Images/image_444.jpg,data/processed/standardized_masks/g1020/image_444.png,data/external/kaggle/glaucoma_fundus_imaging_bundle/G1020/Images/image_444.jpg,data/processed/standardized_masks/g1020/image_444.png,image_444.jpg,image_444.png,multiclass_values_0_1_2,0,1,2,G1020_image_444,True,paired_standardized_and_visual_sample_reviewed,"G1020 image/mask pair matched by file ID; mask standardized to project {0,1,2} convention."
glaucoma_fundus_imaging_bundle,G1020,image_445,data/external/kaggle/glaucoma_fundus_imaging_bundle/G1020/Images/image_445.jpg,data/processed/standardized_masks/g1020/image_445.png,data/external/kaggle/glaucoma_fundus_imaging_bundle/G1020/Images/image_445.jpg,data/processed/standardized_masks/g1020/image_445.png,image_445.jpg,image_445.png,multiclass_values_0_1_2,0,1,2,G1020_image_445,True,paired_standardized_and_visual_sample_reviewed,"G1020 image/mask pair matched by file ID; mask standardized to project {0,1,2} convention."
glaucoma_fundus_imaging_bundle,G1020,image_446,data/external/kaggle/glaucoma_fundus_imaging_bundle/G1020/Images/image_446.jpg,data/processed/standardized_masks/g1020/image_446.png,data/external/kaggle/glaucoma_fundus_imaging_bundle/G1020/Images/image_446.jpg,data/processed/standardized_masks/g1020/image_446.png,image_446.jpg,image_446.png,multiclass_values_0_1_2,0,1,2,G1020_image_446,True,paired_standardized_and_visual_sample_reviewed,"G1020 image/mask pair matched by file ID; mask standardized to project {0,1,2} convention."
glaucoma_fundus_imaging_bundle,G1020,image_453,data/external/kaggle/glaucoma_fundus_imaging_bundle/G1020/Images/image_453.jpg,data/processed/standardized_masks/g1020/image_453.png,data/external/kaggle/glaucoma_fundus_imaging_bundle/G1020/Images/image_453.jpg,data/processed/standardized_masks/g1020/image_453.png,image_453.jpg,image_453.png,multiclass_values_0_1_2,0,1,2,G1020_image_453,True,paired_standardized_and_visual_sample_reviewed,"G1020 image/mask pair matched by file ID; mask standardized to project {0,1,2} convention."
glaucoma_fundus_imaging_bundle,G1020,image_454,data/external/kaggle/glaucoma_fundus_imaging_bundle/G1020/Images/image_454.jpg,data/processed/standardized_masks/g1020/image_454.png,data/external/kaggle/glaucoma_fundus_imaging_bundle/G1020/Images/image_454.jpg,data/processed/standardized_masks/g1020/image_454.png,image_454.jpg,image_454.png,multiclass_values_0_1_2,0,1,2,G1020_image_454,True,paired_standardized_and_visual_sample_reviewed,"G1020 image/mask pair matched by file ID; mask standardized to project {0,1,2} convention."
glaucoma_fundus_imaging_bundle,G1020,image_457,data/external/kaggle/glaucoma_fundus_imaging_bundle/G1020/Images/image_457.jpg,data/processed/standardized_masks/g1020/image_457.png,data/external/kaggle/glaucoma_fundus_imaging_bundle/G1020/Images/image_457.jpg,data/processed/standardized_masks/g1020/image_457.png,image_457.jpg,image_457.png,multiclass_values_0_1_2,0,1,2,G1020_image_457,True,paired_standardized_and_visual_sample_reviewed,"G1020 image/mask pair matched by file ID; mask standardized to project {0,1,2} convention."
glaucoma_fundus_imaging_bundle,G1020,image_458,data/external/kaggle/glaucoma_fundus_imaging_bundle/G1020/Images/image_458.jpg,data/processed/standardized_masks/g1020/image_458.png,data/external/kaggle/glaucoma_fundus_imaging_bundle/G1020/Images/image_458.jpg,data/processed/standardized_masks/g1020/image_458.png,image_458.jpg,image_458.png,multiclass_values_0_1_2,0,1,2,G1020_image_458,True,paired_standardized_and_visual_sample_reviewed,"G1020 image/mask pair matched by file ID; mask standardized to project {0,1,2} convention."
glaucoma_fundus_imaging_bundle,G1020,image_459,data/external/kaggle/glaucoma_fundus_imaging_bundle/G1020/Images/image_459.jpg,data/processed/standardized_masks/g1020/image_459.png,data/external/kaggle/glaucoma_fundus_imaging_bundle/G1020/Images/image_459.jpg,data/processed/standardized_masks/g1020/image_459.png,image_459.jpg,image_459.png,multiclass_values_0_1_2,0,1,2,G1020_image_459,True,paired_standardized_and_visual_sample_reviewed,"G1020 image/mask pair matched by file ID; mask standardized to project {0,1,2} convention."
glaucoma_fundus_imaging_bundle,G1020,image_46,data/external/kaggle/glaucoma_fundus_imaging_bundle/G1020/Images/image_46.jpg,data/processed/standardized_masks/g1020/image_46.png,data/external/kaggle/glaucoma_fundus_imaging_bundle/G1020/Images/image_46.jpg,data/processed/standardized_masks/g1020/image_46.png,image_46.jpg,image_46.png,multiclass_values_0_1_2,0,1,2,G1020_image_46,True,paired_standardized_and_visual_sample_reviewed,"G1020 image/mask pair matched by file ID; mask standardized to project {0,1,2} convention."
glaucoma_fundus_imaging_bundle,G1020,image_460,data/external/kaggle/glaucoma_fundus_imaging_bundle/G1020/Images/image_460.jpg,data/processed/standardized_masks/g1020/image_460.png,data/external/kaggle/glaucoma_fundus_imaging_bundle/G1020/Images/image_460.jpg,data/processed/standardized_masks/g1020/image_460.png,image_460.jpg,image_460.png,multiclass_values_0_1_2,0,1,2,G1020_image_460,True,paired_standardized_and_visual_sample_reviewed,"G1020 image/mask pair matched by file ID; mask standardized to project {0,1,2} convention."
glaucoma_fundus_imaging_bundle,G1020,image_467,data/external/kaggle/glaucoma_fundus_imaging_bundle/G1020/Images/image_467.jpg,data/processed/standardized_masks/g1020/image_467.png,data/external/kaggle/glaucoma_fundus_imaging_bundle/G1020/Images/image_467.jpg,data/processed/standardized_masks/g1020/image_467.png,image_467.jpg,image_467.png,multiclass_values_0_1_2,0,1,2,G1020_image_467,True,paired_standardized_and_visual_sample_reviewed,"G1020 image/mask pair matched by file ID; mask standardized to project {0,1,2} convention."
glaucoma_fundus_imaging_bundle,G1020,image_468,data/external/kaggle/glaucoma_fundus_imaging_bundle/G1020/Images/image_468.jpg,data/processed/standardized_masks/g1020/image_468.png,data/external/kaggle/glaucoma_fundus_imaging_bundle/G1020/Images/image_468.jpg,data/processed/standardized_masks/g1020/image_468.png,image_468.jpg,image_468.png,multiclass_values_0_1_2,0,1,2,G1020_image_468,True,paired_standardized_and_visual_sample_reviewed,"G1020 image/mask pair matched by file ID; mask standardized to project {0,1,2} convention."
glaucoma_fundus_imaging_bundle,G1020,image_469,data/external/kaggle/glaucoma_fundus_imaging_bundle/G1020/Images/image_469.jpg,data/processed/standardized_masks/g1020/image_469.png,data/external/kaggle/glaucoma_fundus_imaging_bundle/G1020/Images/image_469.jpg,data/processed/standardized_masks/g1020/image_469.png,image_469.jpg,image_469.png,multiclass_values_0_1_2,0,1,2,G1020_image_469,True,paired_standardized_and_visual_sample_reviewed,"G1020 image/mask pair matched by file ID; mask standardized to project {0,1,2} convention."
glaucoma_fundus_imaging_bundle,G1020,image_47,data/external/kaggle/glaucoma_fundus_imaging_bundle/G1020/Images/image_47.jpg,data/processed/standardized_masks/g1020/image_47.png,data/external/kaggle/glaucoma_fundus_imaging_bundle/G1020/Images/image_47.jpg,data/processed/standardized_masks/g1020/image_47.png,image_47.jpg,image_47.png,multiclass_values_0_1_2,0,1,2,G1020_image_47,True,paired_standardized_and_visual_sample_reviewed,"G1020 image/mask pair matched by file ID; mask standardized to project {0,1,2} convention."
glaucoma_fundus_imaging_bundle,G1020,image_470,data/external/kaggle/glaucoma_fundus_imaging_bundle/G1020/Images/image_470.jpg,data/processed/standardized_masks/g1020/image_470.png,data/external/kaggle/glaucoma_fundus_imaging_bundle/G1020/Images/image_470.jpg,data/processed/standardized_masks/g1020/image_470.png,image_470.jpg,image_470.png,multiclass_values_0_1_2,0,1,2,G1020_image_470,True,paired_standardized_and_visual_sample_reviewed,"G1020 image/mask pair matched by file ID; mask standardized to project {0,1,2} convention."
glaucoma_fundus_imaging_bundle,G1020,image_48,data/external/kaggle/glaucoma_fundus_imaging_bundle/G1020/Images/image_48.jpg,data/processed/standardized_masks/g1020/image_48.png,data/external/kaggle/glaucoma_fundus_imaging_bundle/G1020/Images/image_48.jpg,data/processed/standardized_masks/g1020/image_48.png,image_48.jpg,image_48.png,multiclass_values_0_1_2,0,1,2,G1020_image_48,True,paired_standardized_and_visual_sample_reviewed,"G1020 image/mask pair matched by file ID; mask standardized to project {0,1,2} convention."
glaucoma_fundus_imaging_bundle,G1020,image_482,data/external/kaggle/glaucoma_fundus_imaging_bundle/G1020/Images/image_482.jpg,data/processed/standardized_masks/g1020/image_482.png,data/external/kaggle/glaucoma_fundus_imaging_bundle/G1020/Images/image_482.jpg,data/processed/standardized_masks/g1020/image_482.png,image_482.jpg,image_482.png,multiclass_values_0_1_2,0,1,2,G1020_image_482,True,paired_standardized_and_visual_sample_reviewed,"G1020 image/mask pair matched by file ID; mask standardized to project {0,1,2} convention."
glaucoma_fundus_imaging_bundle,G1020,image_483,data/external/kaggle/glaucoma_fundus_imaging_bundle/G1020/Images/image_483.jpg,data/processed/standardized_masks/g1020/image_483.png,data/external/kaggle/glaucoma_fundus_imaging_bundle/G1020/Images/image_483.jpg,data/processed/standardized_masks/g1020/image_483.png,image_483.jpg,image_483.png,multiclass_values_0_1_2,0,1,2,G1020_image_483,True,paired_standardized_and_visual_sample_reviewed,"G1020 image/mask pair matched by file ID; mask standardized to project {0,1,2} convention."
glaucoma_fundus_imaging_bundle,G1020,image_484,data/external/kaggle/glaucoma_fundus_imaging_bundle/G1020/Images/image_484.jpg,data/processed/standardized_masks/g1020/image_484.png,data/external/kaggle/glaucoma_fundus_imaging_bundle/G1020/Images/image_484.jpg,data/processed/standardized_masks/g1020/image_484.png,image_484.jpg,image_484.png,multiclass_values_0_1_2,0,1,2,G1020_image_484,True,paired_standardized_and_visual_sample_reviewed,"G1020 image/mask pair matched by file ID; mask standardized to project {0,1,2} convention."
glaucoma_fundus_imaging_bundle,G1020,image_485,data/external/kaggle/glaucoma_fundus_imaging_bundle/G1020/Images/image_485.jpg,data/processed/standardized_masks/g1020/image_485.png,data/external/kaggle/glaucoma_fundus_imaging_bundle/G1020/Images/image_485.jpg,data/processed/standardized_masks/g1020/image_485.png,image_485.jpg,image_485.png,multiclass_values_0_1_2,0,1,2,G1020_image_485,True,paired_standardized_and_visual_sample_reviewed,"G1020 image/mask pair matched by file ID; mask standardized to project {0,1,2} convention."
glaucoma_fundus_imaging_bundle,G1020,image_486,data/external/kaggle/glaucoma_fundus_imaging_bundle/G1020/Images/image_486.jpg,data/processed/standardized_masks/g1020/image_486.png,data/external/kaggle/glaucoma_fundus_imaging_bundle/G1020/Images/image_486.jpg,data/processed/standardized_masks/g1020/image_486.png,image_486.jpg,image_486.png,multiclass_values_0_1_2,0,1,2,G1020_image_486,True,paired_standardized_and_visual_sample_reviewed,"G1020 image/mask pair matched by file ID; mask standardized to project {0,1,2} convention."
glaucoma_fundus_imaging_bundle,G1020,image_487,data/external/kaggle/glaucoma_fundus_imaging_bundle/G1020/Images/image_487.jpg,data/processed/standardized_masks/g1020/image_487.png,data/external/kaggle/glaucoma_fundus_imaging_bundle/G1020/Images/image_487.jpg,data/processed/standardized_masks/g1020/image_487.png,image_487.jpg,image_487.png,multiclass_values_0_1_2,0,1,2,G1020_image_487,True,paired_standardized_and_visual_sample_reviewed,"G1020 image/mask pair matched by file ID; mask standardized to project {0,1,2} convention."
glaucoma_fundus_imaging_bundle,G1020,image_488,data/external/kaggle/glaucoma_fundus_imaging_bundle/G1020/Images/image_488.jpg,data/processed/standardized_masks/g1020/image_488.png,data/external/kaggle/glaucoma_fundus_imaging_bundle/G1020/Images/image_488.jpg,data/processed/standardized_masks/g1020/image_488.png,image_488.jpg,image_488.png,multiclass_values_0_1_2,0,1,2,G1020_image_488,True,paired_standardized_and_visual_sample_reviewed,"G1020 image/mask pair matched by file ID; mask standardized to project {0,1,2} convention."
glaucoma_fundus_imaging_bundle,G1020,image_489,data/external/kaggle/glaucoma_fundus_imaging_bundle/G1020/Images/image_489.jpg,data/processed/standardized_masks/g1020/image_489.png,data/external/kaggle/glaucoma_fundus_imaging_bundle/G1020/Images/image_489.jpg,data/processed/standardized_masks/g1020/image_489.png,image_489.jpg,image_489.png,multiclass_values_0_1_2,0,1,2,G1020_image_489,True,paired_standardized_and_visual_sample_reviewed,"G1020 image/mask pair matched by file ID; mask standardized to project {0,1,2} convention."
glaucoma_fundus_imaging_bundle,G1020,image_49,data/external/kaggle/glaucoma_fundus_imaging_bundle/G1020/Images/image_49.jpg,data/processed/standardized_masks/g1020/image_49.png,data/external/kaggle/glaucoma_fundus_imaging_bundle/G1020/Images/image_49.jpg,data/processed/standardized_masks/g1020/image_49.png,image_49.jpg,image_49.png,multiclass_values_0_1_2,0,1,2,G1020_image_49,True,paired_standardized_and_visual_sample_reviewed,"G1020 image/mask pair matched by file ID; mask standardized to project {0,1,2} convention."
glaucoma_fundus_imaging_bundle,G1020,image_490,data/external/kaggle/glaucoma_fundus_imaging_bundle/G1020/Images/image_490.jpg,data/processed/standardized_masks/g1020/image_490.png,data/external/kaggle/glaucoma_fundus_imaging_bundle/G1020/Images/image_490.jpg,data/processed/standardized_masks/g1020/image_490.png,image_490.jpg,image_490.png,multiclass_values_0_1_2,0,1,2,G1020_image_490,True,paired_standardized_and_visual_sample_reviewed,"G1020 image/mask pair matched by file ID; mask standardized to project {0,1,2} convention."
glaucoma_fundus_imaging_bundle,G1020,image_491,data/external/kaggle/glaucoma_fundus_imaging_bundle/G1020/Images/image_491.jpg,data/processed/standardized_masks/g1020/image_491.png,data/external/kaggle/glaucoma_fundus_imaging_bundle/G1020/Images/image_491.jpg,data/processed/standardized_masks/g1020/image_491.png,image_491.jpg,image_491.png,multiclass_values_0_1_2,0,1,2,G1020_image_491,True,paired_standardized_and_visual_sample_reviewed,"G1020 image/mask pair matched by file ID; mask standardized to project {0,1,2} convention."
glaucoma_fundus_imaging_bundle,G1020,image_492,data/external/kaggle/glaucoma_fundus_imaging_bundle/G1020/Images/image_492.jpg,data/processed/standardized_masks/g1020/image_492.png,data/external/kaggle/glaucoma_fundus_imaging_bundle/G1020/Images/image_492.jpg,data/processed/standardized_masks/g1020/image_492.png,image_492.jpg,image_492.png,multiclass_values_0_1_2,0,1,2,G1020_image_492,True,paired_standardized_and_visual_sample_reviewed,"G1020 image/mask pair matched by file ID; mask standardized to project {0,1,2} convention."
glaucoma_fundus_imaging_bundle,G1020,image_493,data/external/kaggle/glaucoma_fundus_imaging_bundle/G1020/Images/image_493.jpg,data/processed/standardized_masks/g1020/image_493.png,data/external/kaggle/glaucoma_fundus_imaging_bundle/G1020/Images/image_493.jpg,data/processed/standardized_masks/g1020/image_493.png,image_493.jpg,image_493.png,multiclass_values_0_1_2,0,1,2,G1020_image_493,True,paired_standardized_and_visual_sample_reviewed,"G1020 image/mask pair matched by file ID; mask standardized to project {0,1,2} convention."
glaucoma_fundus_imaging_bundle,G1020,image_494,data/external/kaggle/glaucoma_fundus_imaging_bundle/G1020/Images/image_494.jpg,data/processed/standardized_masks/g1020/image_494.png,data/external/kaggle/glaucoma_fundus_imaging_bundle/G1020/Images/image_494.jpg,data/processed/standardized_masks/g1020/image_494.png,image_494.jpg,image_494.png,multiclass_values_0_1_2,0,1,2,G1020_image_494,True,paired_standardized_and_visual_sample_reviewed,"G1020 image/mask pair matched by file ID; mask standardized to project {0,1,2} convention."
glaucoma_fundus_imaging_bundle,G1020,image_496,data/external/kaggle/glaucoma_fundus_imaging_bundle/G1020/Images/image_496.jpg,data/processed/standardized_masks/g1020/image_496.png,data/external/kaggle/glaucoma_fundus_imaging_bundle/G1020/Images/image_496.jpg,data/processed/standardized_masks/g1020/image_496.png,image_496.jpg,image_496.png,multiclass_values_0_1_2,0,1,2,G1020_image_496,True,paired_standardized_and_visual_sample_reviewed,"G1020 image/mask pair matched by file ID; mask standardized to project {0,1,2} convention."
glaucoma_fundus_imaging_bundle,G1020,image_498,data/external/kaggle/glaucoma_fundus_imaging_bundle/G1020/Images/image_498.jpg,data/processed/standardized_masks/g1020/image_498.png,data/external/kaggle/glaucoma_fundus_imaging_bundle/G1020/Images/image_498.jpg,data/processed/standardized_masks/g1020/image_498.png,image_498.jpg,image_498.png,multiclass_values_0_1_2,0,1,2,G1020_image_498,True,paired_standardized_and_visual_sample_reviewed,"G1020 image/mask pair matched by file ID; mask standardized to project {0,1,2} convention."
glaucoma_fundus_imaging_bundle,G1020,image_5,data/external/kaggle/glaucoma_fundus_imaging_bundle/G1020/Images/image_5.jpg,data/processed/standardized_masks/g1020/image_5.png,data/external/kaggle/glaucoma_fundus_imaging_bundle/G1020/Images/image_5.jpg,data/processed/standardized_masks/g1020/image_5.png,image_5.jpg,image_5.png,multiclass_values_0_1_2,0,1,2,G1020_image_5,True,paired_standardized_and_visual_sample_reviewed,"G1020 image/mask pair matched by file ID; mask standardized to project {0,1,2} convention."
glaucoma_fundus_imaging_bundle,G1020,image_50,data/external/kaggle/glaucoma_fundus_imaging_bundle/G1020/Images/image_50.jpg,data/processed/standardized_masks/g1020/image_50.png,data/external/kaggle/glaucoma_fundus_imaging_bundle/G1020/Images/image_50.jpg,data/processed/standardized_masks/g1020/image_50.png,image_50.jpg,image_50.png,multiclass_values_0_1_2,0,1,2,G1020_image_50,True,paired_standardized_and_visual_sample_reviewed,"G1020 image/mask pair matched by file ID; mask standardized to project {0,1,2} convention."
glaucoma_fundus_imaging_bundle,G1020,image_505,data/external/kaggle/glaucoma_fundus_imaging_bundle/G1020/Images/image_505.jpg,data/processed/standardized_masks/g1020/image_505.png,data/external/kaggle/glaucoma_fundus_imaging_bundle/G1020/Images/image_505.jpg,data/processed/standardized_masks/g1020/image_505.png,image_505.jpg,image_505.png,multiclass_values_0_1_2,0,1,2,G1020_image_505,True,paired_standardized_and_visual_sample_reviewed,"G1020 image/mask pair matched by file ID; mask standardized to project {0,1,2} convention."
glaucoma_fundus_imaging_bundle,G1020,image_512,data/external/kaggle/glaucoma_fundus_imaging_bundle/G1020/Images/image_512.jpg,data/processed/standardized_masks/g1020/image_512.png,data/external/kaggle/glaucoma_fundus_imaging_bundle/G1020/Images/image_512.jpg,data/processed/standardized_masks/g1020/image_512.png,image_512.jpg,image_512.png,multiclass_values_0_1_2,0,1,2,G1020_image_512,True,paired_standardized_and_visual_sample_reviewed,"G1020 image/mask pair matched by file ID; mask standardized to project {0,1,2} convention."
glaucoma_fundus_imaging_bundle,G1020,image_513,data/external/kaggle/glaucoma_fundus_imaging_bundle/G1020/Images/image_513.jpg,data/processed/standardized_masks/g1020/image_513.png,data/external/kaggle/glaucoma_fundus_imaging_bundle/G1020/Images/image_513.jpg,data/processed/standardized_masks/g1020/image_513.png,image_513.jpg,image_513.png,multiclass_values_0_1_2,0,1,2,G1020_image_513,True,paired_standardized_and_visual_sample_reviewed,"G1020 image/mask pair matched by file ID; mask standardized to project {0,1,2} convention."
glaucoma_fundus_imaging_bundle,G1020,image_518,data/external/kaggle/glaucoma_fundus_imaging_bundle/G1020/Images/image_518.jpg,data/processed/standardized_masks/g1020/image_518.png,data/external/kaggle/glaucoma_fundus_imaging_bundle/G1020/Images/image_518.jpg,data/processed/standardized_masks/g1020/image_518.png,image_518.jpg,image_518.png,multiclass_values_0_1_2,0,1,2,G1020_image_518,True,paired_standardized_and_visual_sample_reviewed,"G1020 image/mask pair matched by file ID; mask standardized to project {0,1,2} convention."
glaucoma_fundus_imaging_bundle,G1020,image_519,data/external/kaggle/glaucoma_fundus_imaging_bundle/G1020/Images/image_519.jpg,data/processed/standardized_masks/g1020/image_519.png,data/external/kaggle/glaucoma_fundus_imaging_bundle/G1020/Images/image_519.jpg,data/processed/standardized_masks/g1020/image_519.png,image_519.jpg,image_519.png,multiclass_values_0_1_2,0,1,2,G1020_image_519,True,paired_standardized_and_visual_sample_reviewed,"G1020 image/mask pair matched by file ID; mask standardized to project {0,1,2} convention."
glaucoma_fundus_imaging_bundle,G1020,image_526,data/external/kaggle/glaucoma_fundus_imaging_bundle/G1020/Images/image_526.jpg,data/processed/standardized_masks/g1020/image_526.png,data/external/kaggle/glaucoma_fundus_imaging_bundle/G1020/Images/image_526.jpg,data/processed/standardized_masks/g1020/image_526.png,image_526.jpg,image_526.png,multiclass_values_0_1_2,0,1,2,G1020_image_526,True,paired_standardized_and_visual_sample_reviewed,"G1020 image/mask pair matched by file ID; mask standardized to project {0,1,2} convention."
glaucoma_fundus_imaging_bundle,G1020,image_527,data/external/kaggle/glaucoma_fundus_imaging_bundle/G1020/Images/image_527.jpg,data/processed/standardized_masks/g1020/image_527.png,data/external/kaggle/glaucoma_fundus_imaging_bundle/G1020/Images/image_527.jpg,data/processed/standardized_masks/g1020/image_527.png,image_527.jpg,image_527.png,multiclass_values_0_1_2,0,1,2,G1020_image_527,True,paired_standardized_and_visual_sample_reviewed,"G1020 image/mask pair matched by file ID; mask standardized to project {0,1,2} convention."
glaucoma_fundus_imaging_bundle,G1020,image_53,data/external/kaggle/glaucoma_fundus_imaging_bundle/G1020/Images/image_53.jpg,data/processed/standardized_masks/g1020/image_53.png,data/external/kaggle/glaucoma_fundus_imaging_bundle/G1020/Images/image_53.jpg,data/processed/standardized_masks/g1020/image_53.png,image_53.jpg,image_53.png,multiclass_values_0_1_2,0,1,2,G1020_image_53,True,paired_standardized_and_visual_sample_reviewed,"G1020 image/mask pair matched by file ID; mask standardized to project {0,1,2} convention."
glaucoma_fundus_imaging_bundle,G1020,image_532,data/external/kaggle/glaucoma_fundus_imaging_bundle/G1020/Images/image_532.jpg,data/processed/standardized_masks/g1020/image_532.png,data/external/kaggle/glaucoma_fundus_imaging_bundle/G1020/Images/image_532.jpg,data/processed/standardized_masks/g1020/image_532.png,image_532.jpg,image_532.png,multiclass_values_0_1_2,0,1,2,G1020_image_532,True,paired_standardized_and_visual_sample_reviewed,"G1020 image/mask pair matched by file ID; mask standardized to project {0,1,2} convention."
glaucoma_fundus_imaging_bundle,G1020,image_533,data/external/kaggle/glaucoma_fundus_imaging_bundle/G1020/Images/image_533.jpg,data/processed/standardized_masks/g1020/image_533.png,data/external/kaggle/glaucoma_fundus_imaging_bundle/G1020/Images/image_533.jpg,data/processed/standardized_masks/g1020/image_533.png,image_533.jpg,image_533.png,multiclass_values_0_1_2,0,1,2,G1020_image_533,True,paired_standardized_and_visual_sample_reviewed,"G1020 image/mask pair matched by file ID; mask standardized to project {0,1,2} convention."
glaucoma_fundus_imaging_bundle,G1020,image_534,data/external/kaggle/glaucoma_fundus_imaging_bundle/G1020/Images/image_534.jpg,data/processed/standardized_masks/g1020/image_534.png,data/external/kaggle/glaucoma_fundus_imaging_bundle/G1020/Images/image_534.jpg,data/processed/standardized_masks/g1020/image_534.png,image_534.jpg,image_534.png,multiclass_values_0_1_2,0,1,2,G1020_image_534,True,paired_standardized_and_visual_sample_reviewed,"G1020 image/mask pair matched by file ID; mask standardized to project {0,1,2} convention."
glaucoma_fundus_imaging_bundle,G1020,image_535,data/external/kaggle/glaucoma_fundus_imaging_bundle/G1020/Images/image_535.jpg,data/processed/standardized_masks/g1020/image_535.png,data/external/kaggle/glaucoma_fundus_imaging_bundle/G1020/Images/image_535.jpg,data/processed/standardized_masks/g1020/image_535.png,image_535.jpg,image_535.png,multiclass_values_0_1_2,0,1,2,G1020_image_535,True,paired_standardized_and_visual_sample_reviewed,"G1020 image/mask pair matched by file ID; mask standardized to project {0,1,2} convention."
glaucoma_fundus_imaging_bundle,G1020,image_536,data/external/kaggle/glaucoma_fundus_imaging_bundle/G1020/Images/image_536.jpg,data/processed/standardized_masks/g1020/image_536.png,data/external/kaggle/glaucoma_fundus_imaging_bundle/G1020/Images/image_536.jpg,data/processed/standardized_masks/g1020/image_536.png,image_536.jpg,image_536.png,multiclass_values_0_1_2,0,1,2,G1020_image_536,True,paired_standardized_and_visual_sample_reviewed,"G1020 image/mask pair matched by file ID; mask standardized to project {0,1,2} convention."
glaucoma_fundus_imaging_bundle,G1020,image_537,data/external/kaggle/glaucoma_fundus_imaging_bundle/G1020/Images/image_537.jpg,data/processed/standardized_masks/g1020/image_537.png,data/external/kaggle/glaucoma_fundus_imaging_bundle/G1020/Images/image_537.jpg,data/processed/standardized_masks/g1020/image_537.png,image_537.jpg,image_537.png,multiclass_values_0_1_2,0,1,2,G1020_image_537,True,paired_standardized_and_visual_sample_reviewed,"G1020 image/mask pair matched by file ID; mask standardized to project {0,1,2} convention."
glaucoma_fundus_imaging_bundle,G1020,image_54,data/external/kaggle/glaucoma_fundus_imaging_bundle/G1020/Images/image_54.jpg,data/processed/standardized_masks/g1020/image_54.png,data/external/kaggle/glaucoma_fundus_imaging_bundle/G1020/Images/image_54.jpg,data/processed/standardized_masks/g1020/image_54.png,image_54.jpg,image_54.png,multiclass_values_0_1_2,0,1,2,G1020_image_54,True,paired_standardized_and_visual_sample_reviewed,"G1020 image/mask pair matched by file ID; mask standardized to project {0,1,2} convention."
glaucoma_fundus_imaging_bundle,G1020,image_542,data/external/kaggle/glaucoma_fundus_imaging_bundle/G1020/Images/image_542.jpg,data/processed/standardized_masks/g1020/image_542.png,data/external/kaggle/glaucoma_fundus_imaging_bundle/G1020/Images/image_542.jpg,data/processed/standardized_masks/g1020/image_542.png,image_542.jpg,image_542.png,multiclass_values_0_1_2,0,1,2,G1020_image_542,True,paired_standardized_and_visual_sample_reviewed,"G1020 image/mask pair matched by file ID; mask standardized to project {0,1,2} convention."
glaucoma_fundus_imaging_bundle,G1020,image_543,data/external/kaggle/glaucoma_fundus_imaging_bundle/G1020/Images/image_543.jpg,data/processed/standardized_masks/g1020/image_543.png,data/external/kaggle/glaucoma_fundus_imaging_bundle/G1020/Images/image_543.jpg,data/processed/standardized_masks/g1020/image_543.png,image_543.jpg,image_543.png,multiclass_values_0_1_2,0,1,2,G1020_image_543,True,paired_standardized_and_visual_sample_reviewed,"G1020 image/mask pair matched by file ID; mask standardized to project {0,1,2} convention."
glaucoma_fundus_imaging_bundle,G1020,image_545,data/external/kaggle/glaucoma_fundus_imaging_bundle/G1020/Images/image_545.jpg,data/processed/standardized_masks/g1020/image_545.png,data/external/kaggle/glaucoma_fundus_imaging_bundle/G1020/Images/image_545.jpg,data/processed/standardized_masks/g1020/image_545.png,image_545.jpg,image_545.png,multiclass_values_0_1_2,0,1,2,G1020_image_545,True,paired_standardized_and_visual_sample_reviewed,"G1020 image/mask pair matched by file ID; mask standardized to project {0,1,2} convention."
glaucoma_fundus_imaging_bundle,G1020,image_55,data/external/kaggle/glaucoma_fundus_imaging_bundle/G1020/Images/image_55.jpg,data/processed/standardized_masks/g1020/image_55.png,data/external/kaggle/glaucoma_fundus_imaging_bundle/G1020/Images/image_55.jpg,data/processed/standardized_masks/g1020/image_55.png,image_55.jpg,image_55.png,multiclass_values_0_1_2,0,1,2,G1020_image_55,True,paired_standardized_and_visual_sample_reviewed,"G1020 image/mask pair matched by file ID; mask standardized to project {0,1,2} convention."
glaucoma_fundus_imaging_bundle,G1020,image_550,data/external/kaggle/glaucoma_fundus_imaging_bundle/G1020/Images/image_550.jpg,data/processed/standardized_masks/g1020/image_550.png,data/external/kaggle/glaucoma_fundus_imaging_bundle/G1020/Images/image_550.jpg,data/processed/standardized_masks/g1020/image_550.png,image_550.jpg,image_550.png,multiclass_values_0_1_2,0,1,2,G1020_image_550,True,paired_standardized_and_visual_sample_reviewed,"G1020 image/mask pair matched by file ID; mask standardized to project {0,1,2} convention."
glaucoma_fundus_imaging_bundle,G1020,image_551,data/external/kaggle/glaucoma_fundus_imaging_bundle/G1020/Images/image_551.jpg,data/processed/standardized_masks/g1020/image_551.png,data/external/kaggle/glaucoma_fundus_imaging_bundle/G1020/Images/image_551.jpg,data/processed/standardized_masks/g1020/image_551.png,image_551.jpg,image_551.png,multiclass_values_0_1_2,0,1,2,G1020_image_551,True,paired_standardized_and_visual_sample_reviewed,"G1020 image/mask pair matched by file ID; mask standardized to project {0,1,2} convention."
glaucoma_fundus_imaging_bundle,G1020,image_56,data/external/kaggle/glaucoma_fundus_imaging_bundle/G1020/Images/image_56.jpg,data/processed/standardized_masks/g1020/image_56.png,data/external/kaggle/glaucoma_fundus_imaging_bundle/G1020/Images/image_56.jpg,data/processed/standardized_masks/g1020/image_56.png,image_56.jpg,image_56.png,multiclass_values_0_1_2,0,1,2,G1020_image_56,True,paired_standardized_and_visual_sample_reviewed,"G1020 image/mask pair matched by file ID; mask standardized to project {0,1,2} convention."
glaucoma_fundus_imaging_bundle,G1020,image_560,data/external/kaggle/glaucoma_fundus_imaging_bundle/G1020/Images/image_560.jpg,data/processed/standardized_masks/g1020/image_560.png,data/external/kaggle/glaucoma_fundus_imaging_bundle/G1020/Images/image_560.jpg,data/processed/standardized_masks/g1020/image_560.png,image_560.jpg,image_560.png,multiclass_values_0_1_2,0,1,2,G1020_image_560,True,paired_standardized_and_visual_sample_reviewed,"G1020 image/mask pair matched by file ID; mask standardized to project {0,1,2} convention."
glaucoma_fundus_imaging_bundle,G1020,image_561,data/external/kaggle/glaucoma_fundus_imaging_bundle/G1020/Images/image_561.jpg,data/processed/standardized_masks/g1020/image_561.png,data/external/kaggle/glaucoma_fundus_imaging_bundle/G1020/Images/image_561.jpg,data/processed/standardized_masks/g1020/image_561.png,image_561.jpg,image_561.png,multiclass_values_0_1_2,0,1,2,G1020_image_561,True,paired_standardized_and_visual_sample_reviewed,"G1020 image/mask pair matched by file ID; mask standardized to project {0,1,2} convention."
glaucoma_fundus_imaging_bundle,G1020,image_562,data/external/kaggle/glaucoma_fundus_imaging_bundle/G1020/Images/image_562.jpg,data/processed/standardized_masks/g1020/image_562.png,data/external/kaggle/glaucoma_fundus_imaging_bundle/G1020/Images/image_562.jpg,data/processed/standardized_masks/g1020/image_562.png,image_562.jpg,image_562.png,multiclass_values_0_1_2,0,1,2,G1020_image_562,True,paired_standardized_and_visual_sample_reviewed,"G1020 image/mask pair matched by file ID; mask standardized to project {0,1,2} convention."
glaucoma_fundus_imaging_bundle,G1020,image_563,data/external/kaggle/glaucoma_fundus_imaging_bundle/G1020/Images/image_563.jpg,data/processed/standardized_masks/g1020/image_563.png,data/external/kaggle/glaucoma_fundus_imaging_bundle/G1020/Images/image_563.jpg,data/processed/standardized_masks/g1020/image_563.png,image_563.jpg,image_563.png,multiclass_values_0_1_2,0,1,2,G1020_image_563,True,paired_standardized_and_visual_sample_reviewed,"G1020 image/mask pair matched by file ID; mask standardized to project {0,1,2} convention."
glaucoma_fundus_imaging_bundle,G1020,image_566,data/external/kaggle/glaucoma_fundus_imaging_bundle/G1020/Images/image_566.jpg,data/processed/standardized_masks/g1020/image_566.png,data/external/kaggle/glaucoma_fundus_imaging_bundle/G1020/Images/image_566.jpg,data/processed/standardized_masks/g1020/image_566.png,image_566.jpg,image_566.png,multiclass_values_0_1_2,0,1,2,G1020_image_566,True,paired_standardized_and_visual_sample_reviewed,"G1020 image/mask pair matched by file ID; mask standardized to project {0,1,2} convention."
glaucoma_fundus_imaging_bundle,G1020,image_567,data/external/kaggle/glaucoma_fundus_imaging_bundle/G1020/Images/image_567.jpg,data/processed/standardized_masks/g1020/image_567.png,data/external/kaggle/glaucoma_fundus_imaging_bundle/G1020/Images/image_567.jpg,data/processed/standardized_masks/g1020/image_567.png,image_567.jpg,image_567.png,multiclass_values_0_1_2,0,1,2,G1020_image_567,True,paired_standardized_and_visual_sample_reviewed,"G1020 image/mask pair matched by file ID; mask standardized to project {0,1,2} convention."
glaucoma_fundus_imaging_bundle,G1020,image_570,data/external/kaggle/glaucoma_fundus_imaging_bundle/G1020/Images/image_570.jpg,data/processed/standardized_masks/g1020/image_570.png,data/external/kaggle/glaucoma_fundus_imaging_bundle/G1020/Images/image_570.jpg,data/processed/standardized_masks/g1020/image_570.png,image_570.jpg,image_570.png,multiclass_values_0_1_2,0,1,2,G1020_image_570,True,paired_standardized_and_visual_sample_reviewed,"G1020 image/mask pair matched by file ID; mask standardized to project {0,1,2} convention."
glaucoma_fundus_imaging_bundle,G1020,image_571,data/external/kaggle/glaucoma_fundus_imaging_bundle/G1020/Images/image_571.jpg,data/processed/standardized_masks/g1020/image_571.png,data/external/kaggle/glaucoma_fundus_imaging_bundle/G1020/Images/image_571.jpg,data/processed/standardized_masks/g1020/image_571.png,image_571.jpg,image_571.png,multiclass_values_0_1_2,0,1,2,G1020_image_571,True,paired_standardized_and_visual_sample_reviewed,"G1020 image/mask pair matched by file ID; mask standardized to project {0,1,2} convention."
glaucoma_fundus_imaging_bundle,G1020,image_580,data/external/kaggle/glaucoma_fundus_imaging_bundle/G1020/Images/image_580.jpg,data/processed/standardized_masks/g1020/image_580.png,data/external/kaggle/glaucoma_fundus_imaging_bundle/G1020/Images/image_580.jpg,data/processed/standardized_masks/g1020/image_580.png,image_580.jpg,image_580.png,multiclass_values_0_1_2,0,1,2,G1020_image_580,True,paired_standardized_and_visual_sample_reviewed,"G1020 image/mask pair matched by file ID; mask standardized to project {0,1,2} convention."
glaucoma_fundus_imaging_bundle,G1020,image_581,data/external/kaggle/glaucoma_fundus_imaging_bundle/G1020/Images/image_581.jpg,data/processed/standardized_masks/g1020/image_581.png,data/external/kaggle/glaucoma_fundus_imaging_bundle/G1020/Images/image_581.jpg,data/processed/standardized_masks/g1020/image_581.png,image_581.jpg,image_581.png,multiclass_values_0_1_2,0,1,2,G1020_image_581,True,paired_standardized_and_visual_sample_reviewed,"G1020 image/mask pair matched by file ID; mask standardized to project {0,1,2} convention."
glaucoma_fundus_imaging_bundle,G1020,image_583,data/external/kaggle/glaucoma_fundus_imaging_bundle/G1020/Images/image_583.jpg,data/processed/standardized_masks/g1020/image_583.png,data/external/kaggle/glaucoma_fundus_imaging_bundle/G1020/Images/image_583.jpg,data/processed/standardized_masks/g1020/image_583.png,image_583.jpg,image_583.png,multiclass_values_0_1_2,0,1,2,G1020_image_583,True,paired_standardized_and_visual_sample_reviewed,"G1020 image/mask pair matched by file ID; mask standardized to project {0,1,2} convention."
glaucoma_fundus_imaging_bundle,G1020,image_584,data/external/kaggle/glaucoma_fundus_imaging_bundle/G1020/Images/image_584.jpg,data/processed/standardized_masks/g1020/image_584.png,data/external/kaggle/glaucoma_fundus_imaging_bundle/G1020/Images/image_584.jpg,data/processed/standardized_masks/g1020/image_584.png,image_584.jpg,image_584.png,multiclass_values_0_1_2,0,1,2,G1020_image_584,True,paired_standardized_and_visual_sample_reviewed,"G1020 image/mask pair matched by file ID; mask standardized to project {0,1,2} convention."
glaucoma_fundus_imaging_bundle,G1020,image_585,data/external/kaggle/glaucoma_fundus_imaging_bundle/G1020/Images/image_585.jpg,data/processed/standardized_masks/g1020/image_585.png,data/external/kaggle/glaucoma_fundus_imaging_bundle/G1020/Images/image_585.jpg,data/processed/standardized_masks/g1020/image_585.png,image_585.jpg,image_585.png,multiclass_values_0_1_2,0,1,2,G1020_image_585,True,paired_standardized_and_visual_sample_reviewed,"G1020 image/mask pair matched by file ID; mask standardized to project {0,1,2} convention."
glaucoma_fundus_imaging_bundle,G1020,image_595,data/external/kaggle/glaucoma_fundus_imaging_bundle/G1020/Images/image_595.jpg,data/processed/standardized_masks/g1020/image_595.png,data/external/kaggle/glaucoma_fundus_imaging_bundle/G1020/Images/image_595.jpg,data/processed/standardized_masks/g1020/image_595.png,image_595.jpg,image_595.png,multiclass_values_0_1_2,0,1,2,G1020_image_595,True,paired_standardized_and_visual_sample_reviewed,"G1020 image/mask pair matched by file ID; mask standardized to project {0,1,2} convention."
glaucoma_fundus_imaging_bundle,G1020,image_596,data/external/kaggle/glaucoma_fundus_imaging_bundle/G1020/Images/image_596.jpg,data/processed/standardized_masks/g1020/image_596.png,data/external/kaggle/glaucoma_fundus_imaging_bundle/G1020/Images/image_596.jpg,data/processed/standardized_masks/g1020/image_596.png,image_596.jpg,image_596.png,multiclass_values_0_1_2,0,1,2,G1020_image_596,True,paired_standardized_and_visual_sample_reviewed,"G1020 image/mask pair matched by file ID; mask standardized to project {0,1,2} convention."
glaucoma_fundus_imaging_bundle,G1020,image_597,data/external/kaggle/glaucoma_fundus_imaging_bundle/G1020/Images/image_597.jpg,data/processed/standardized_masks/g1020/image_597.png,data/external/kaggle/glaucoma_fundus_imaging_bundle/G1020/Images/image_597.jpg,data/processed/standardized_masks/g1020/image_597.png,image_597.jpg,image_597.png,multiclass_values_0_1_2,0,1,2,G1020_image_597,True,paired_standardized_and_visual_sample_reviewed,"G1020 image/mask pair matched by file ID; mask standardized to project {0,1,2} convention."
glaucoma_fundus_imaging_bundle,G1020,image_598,data/external/kaggle/glaucoma_fundus_imaging_bundle/G1020/Images/image_598.jpg,data/processed/standardized_masks/g1020/image_598.png,data/external/kaggle/glaucoma_fundus_imaging_bundle/G1020/Images/image_598.jpg,data/processed/standardized_masks/g1020/image_598.png,image_598.jpg,image_598.png,multiclass_values_0_1_2,0,1,2,G1020_image_598,True,paired_standardized_and_visual_sample_reviewed,"G1020 image/mask pair matched by file ID; mask standardized to project {0,1,2} convention."
glaucoma_fundus_imaging_bundle,G1020,image_599,data/external/kaggle/glaucoma_fundus_imaging_bundle/G1020/Images/image_599.jpg,data/processed/standardized_masks/g1020/image_599.png,data/external/kaggle/glaucoma_fundus_imaging_bundle/G1020/Images/image_599.jpg,data/processed/standardized_masks/g1020/image_599.png,image_599.jpg,image_599.png,multiclass_values_0_1_2,0,1,2,G1020_image_599,True,paired_standardized_and_visual_sample_reviewed,"G1020 image/mask pair matched by file ID; mask standardized to project {0,1,2} convention."
glaucoma_fundus_imaging_bundle,G1020,image_6,data/external/kaggle/glaucoma_fundus_imaging_bundle/G1020/Images/image_6.jpg,data/processed/standardized_masks/g1020/image_6.png,data/external/kaggle/glaucoma_fundus_imaging_bundle/G1020/Images/image_6.jpg,data/processed/standardized_masks/g1020/image_6.png,image_6.jpg,image_6.png,multiclass_values_0_1_2,0,1,2,G1020_image_6,True,paired_standardized_and_visual_sample_reviewed,"G1020 image/mask pair matched by file ID; mask standardized to project {0,1,2} convention."
glaucoma_fundus_imaging_bundle,G1020,image_600,data/external/kaggle/glaucoma_fundus_imaging_bundle/G1020/Images/image_600.jpg,data/processed/standardized_masks/g1020/image_600.png,data/external/kaggle/glaucoma_fundus_imaging_bundle/G1020/Images/image_600.jpg,data/processed/standardized_masks/g1020/image_600.png,image_600.jpg,image_600.png,multiclass_values_0_1_2,0,1,2,G1020_image_600,True,paired_standardized_and_visual_sample_reviewed,"G1020 image/mask pair matched by file ID; mask standardized to project {0,1,2} convention."
glaucoma_fundus_imaging_bundle,G1020,image_601,data/external/kaggle/glaucoma_fundus_imaging_bundle/G1020/Images/image_601.jpg,data/processed/standardized_masks/g1020/image_601.png,data/external/kaggle/glaucoma_fundus_imaging_bundle/G1020/Images/image_601.jpg,data/processed/standardized_masks/g1020/image_601.png,image_601.jpg,image_601.png,multiclass_values_0_1_2,0,1,2,G1020_image_601,True,paired_standardized_and_visual_sample_reviewed,"G1020 image/mask pair matched by file ID; mask standardized to project {0,1,2} convention."
glaucoma_fundus_imaging_bundle,G1020,image_602,data/external/kaggle/glaucoma_fundus_imaging_bundle/G1020/Images/image_602.jpg,data/processed/standardized_masks/g1020/image_602.png,data/external/kaggle/glaucoma_fundus_imaging_bundle/G1020/Images/image_602.jpg,data/processed/standardized_masks/g1020/image_602.png,image_602.jpg,image_602.png,multiclass_values_0_1_2,0,1,2,G1020_image_602,True,paired_standardized_and_visual_sample_reviewed,"G1020 image/mask pair matched by file ID; mask standardized to project {0,1,2} convention."
glaucoma_fundus_imaging_bundle,G1020,image_607,data/external/kaggle/glaucoma_fundus_imaging_bundle/G1020/Images/image_607.jpg,data/processed/standardized_masks/g1020/image_607.png,data/external/kaggle/glaucoma_fundus_imaging_bundle/G1020/Images/image_607.jpg,data/processed/standardized_masks/g1020/image_607.png,image_607.jpg,image_607.png,multiclass_values_0_1_2,0,1,2,G1020_image_607,True,paired_standardized_and_visual_sample_reviewed,"G1020 image/mask pair matched by file ID; mask standardized to project {0,1,2} convention."
glaucoma_fundus_imaging_bundle,G1020,image_608,data/external/kaggle/glaucoma_fundus_imaging_bundle/G1020/Images/image_608.jpg,data/processed/standardized_masks/g1020/image_608.png,data/external/kaggle/glaucoma_fundus_imaging_bundle/G1020/Images/image_608.jpg,data/processed/standardized_masks/g1020/image_608.png,image_608.jpg,image_608.png,multiclass_values_0_1_2,0,1,2,G1020_image_608,True,paired_standardized_and_visual_sample_reviewed,"G1020 image/mask pair matched by file ID; mask standardized to project {0,1,2} convention."
glaucoma_fundus_imaging_bundle,G1020,image_609,data/external/kaggle/glaucoma_fundus_imaging_bundle/G1020/Images/image_609.jpg,data/processed/standardized_masks/g1020/image_609.png,data/external/kaggle/glaucoma_fundus_imaging_bundle/G1020/Images/image_609.jpg,data/processed/standardized_masks/g1020/image_609.png,image_609.jpg,image_609.png,multiclass_values_0_1_2,0,1,2,G1020_image_609,True,paired_standardized_and_visual_sample_reviewed,"G1020 image/mask pair matched by file ID; mask standardized to project {0,1,2} convention."
glaucoma_fundus_imaging_bundle,G1020,image_610,data/external/kaggle/glaucoma_fundus_imaging_bundle/G1020/Images/image_610.jpg,data/processed/standardized_masks/g1020/image_610.png,data/external/kaggle/glaucoma_fundus_imaging_bundle/G1020/Images/image_610.jpg,data/processed/standardized_masks/g1020/image_610.png,image_610.jpg,image_610.png,multiclass_values_0_1_2,0,1,2,G1020_image_610,True,paired_standardized_and_visual_sample_reviewed,"G1020 image/mask pair matched by file ID; mask standardized to project {0,1,2} convention."
glaucoma_fundus_imaging_bundle,G1020,image_613,data/external/kaggle/glaucoma_fundus_imaging_bundle/G1020/Images/image_613.jpg,data/processed/standardized_masks/g1020/image_613.png,data/external/kaggle/glaucoma_fundus_imaging_bundle/G1020/Images/image_613.jpg,data/processed/standardized_masks/g1020/image_613.png,image_613.jpg,image_613.png,multiclass_values_0_1_2,0,1,2,G1020_image_613,True,paired_standardized_and_visual_sample_reviewed,"G1020 image/mask pair matched by file ID; mask standardized to project {0,1,2} convention."
glaucoma_fundus_imaging_bundle,G1020,image_614,data/external/kaggle/glaucoma_fundus_imaging_bundle/G1020/Images/image_614.jpg,data/processed/standardized_masks/g1020/image_614.png,data/external/kaggle/glaucoma_fundus_imaging_bundle/G1020/Images/image_614.jpg,data/processed/standardized_masks/g1020/image_614.png,image_614.jpg,image_614.png,multiclass_values_0_1_2,0,1,2,G1020_image_614,True,paired_standardized_and_visual_sample_reviewed,"G1020 image/mask pair matched by file ID; mask standardized to project {0,1,2} convention."
glaucoma_fundus_imaging_bundle,G1020,image_626,data/external/kaggle/glaucoma_fundus_imaging_bundle/G1020/Images/image_626.jpg,data/processed/standardized_masks/g1020/image_626.png,data/external/kaggle/glaucoma_fundus_imaging_bundle/G1020/Images/image_626.jpg,data/processed/standardized_masks/g1020/image_626.png,image_626.jpg,image_626.png,multiclass_values_0_1_2,0,1,2,G1020_image_626,True,paired_standardized_and_visual_sample_reviewed,"G1020 image/mask pair matched by file ID; mask standardized to project {0,1,2} convention."
glaucoma_fundus_imaging_bundle,G1020,image_627,data/external/kaggle/glaucoma_fundus_imaging_bundle/G1020/Images/image_627.jpg,data/processed/standardized_masks/g1020/image_627.png,data/external/kaggle/glaucoma_fundus_imaging_bundle/G1020/Images/image_627.jpg,data/processed/standardized_masks/g1020/image_627.png,image_627.jpg,image_627.png,multiclass_values_0_1_2,0,1,2,G1020_image_627,True,paired_standardized_and_visual_sample_reviewed,"G1020 image/mask pair matched by file ID; mask standardized to project {0,1,2} convention."
glaucoma_fundus_imaging_bundle,G1020,image_628,data/external/kaggle/glaucoma_fundus_imaging_bundle/G1020/Images/image_628.jpg,data/processed/standardized_masks/g1020/image_628.png,data/external/kaggle/glaucoma_fundus_imaging_bundle/G1020/Images/image_628.jpg,data/processed/standardized_masks/g1020/image_628.png,image_628.jpg,image_628.png,multiclass_values_0_1_2,0,1,2,G1020_image_628,True,paired_standardized_and_visual_sample_reviewed,"G1020 image/mask pair matched by file ID; mask standardized to project {0,1,2} convention."
glaucoma_fundus_imaging_bundle,G1020,image_63,data/external/kaggle/glaucoma_fundus_imaging_bundle/G1020/Images/image_63.jpg,data/processed/standardized_masks/g1020/image_63.png,data/external/kaggle/glaucoma_fundus_imaging_bundle/G1020/Images/image_63.jpg,data/processed/standardized_masks/g1020/image_63.png,image_63.jpg,image_63.png,multiclass_values_0_1_2,0,1,2,G1020_image_63,True,paired_standardized_and_visual_sample_reviewed,"G1020 image/mask pair matched by file ID; mask standardized to project {0,1,2} convention."
glaucoma_fundus_imaging_bundle,G1020,image_630,data/external/kaggle/glaucoma_fundus_imaging_bundle/G1020/Images/image_630.jpg,data/processed/standardized_masks/g1020/image_630.png,data/external/kaggle/glaucoma_fundus_imaging_bundle/G1020/Images/image_630.jpg,data/processed/standardized_masks/g1020/image_630.png,image_630.jpg,image_630.png,multiclass_values_0_1_2,0,1,2,G1020_image_630,True,paired_standardized_and_visual_sample_reviewed,"G1020 image/mask pair matched by file ID; mask standardized to project {0,1,2} convention."
glaucoma_fundus_imaging_bundle,G1020,image_631,data/external/kaggle/glaucoma_fundus_imaging_bundle/G1020/Images/image_631.jpg,data/processed/standardized_masks/g1020/image_631.png,data/external/kaggle/glaucoma_fundus_imaging_bundle/G1020/Images/image_631.jpg,data/processed/standardized_masks/g1020/image_631.png,image_631.jpg,image_631.png,multiclass_values_0_1_2,0,1,2,G1020_image_631,True,paired_standardized_and_visual_sample_reviewed,"G1020 image/mask pair matched by file ID; mask standardized to project {0,1,2} convention."
glaucoma_fundus_imaging_bundle,G1020,image_64,data/external/kaggle/glaucoma_fundus_imaging_bundle/G1020/Images/image_64.jpg,data/processed/standardized_masks/g1020/image_64.png,data/external/kaggle/glaucoma_fundus_imaging_bundle/G1020/Images/image_64.jpg,data/processed/standardized_masks/g1020/image_64.png,image_64.jpg,image_64.png,multiclass_values_0_1_2,0,1,2,G1020_image_64,True,paired_standardized_and_visual_sample_reviewed,"G1020 image/mask pair matched by file ID; mask standardized to project {0,1,2} convention."
glaucoma_fundus_imaging_bundle,G1020,image_642,data/external/kaggle/glaucoma_fundus_imaging_bundle/G1020/Images/image_642.jpg,data/processed/standardized_masks/g1020/image_642.png,data/external/kaggle/glaucoma_fundus_imaging_bundle/G1020/Images/image_642.jpg,data/processed/standardized_masks/g1020/image_642.png,image_642.jpg,image_642.png,multiclass_values_0_1_2,0,1,2,G1020_image_642,True,paired_standardized_and_visual_sample_reviewed,"G1020 image/mask pair matched by file ID; mask standardized to project {0,1,2} convention."
glaucoma_fundus_imaging_bundle,G1020,image_643,data/external/kaggle/glaucoma_fundus_imaging_bundle/G1020/Images/image_643.jpg,data/processed/standardized_masks/g1020/image_643.png,data/external/kaggle/glaucoma_fundus_imaging_bundle/G1020/Images/image_643.jpg,data/processed/standardized_masks/g1020/image_643.png,image_643.jpg,image_643.png,multiclass_values_0_1_2,0,1,2,G1020_image_643,True,paired_standardized_and_visual_sample_reviewed,"G1020 image/mask pair matched by file ID; mask standardized to project {0,1,2} convention."
glaucoma_fundus_imaging_bundle,G1020,image_646,data/external/kaggle/glaucoma_fundus_imaging_bundle/G1020/Images/image_646.jpg,data/processed/standardized_masks/g1020/image_646.png,data/external/kaggle/glaucoma_fundus_imaging_bundle/G1020/Images/image_646.jpg,data/processed/standardized_masks/g1020/image_646.png,image_646.jpg,image_646.png,multiclass_values_0_1_2,0,1,2,G1020_image_646,True,paired_standardized_and_visual_sample_reviewed,"G1020 image/mask pair matched by file ID; mask standardized to project {0,1,2} convention."
glaucoma_fundus_imaging_bundle,G1020,image_647,data/external/kaggle/glaucoma_fundus_imaging_bundle/G1020/Images/image_647.jpg,data/processed/standardized_masks/g1020/image_647.png,data/external/kaggle/glaucoma_fundus_imaging_bundle/G1020/Images/image_647.jpg,data/processed/standardized_masks/g1020/image_647.png,image_647.jpg,image_647.png,multiclass_values_0_1_2,0,1,2,G1020_image_647,True,paired_standardized_and_visual_sample_reviewed,"G1020 image/mask pair matched by file ID; mask standardized to project {0,1,2} convention."
glaucoma_fundus_imaging_bundle,G1020,image_65,data/external/kaggle/glaucoma_fundus_imaging_bundle/G1020/Images/image_65.jpg,data/processed/standardized_masks/g1020/image_65.png,data/external/kaggle/glaucoma_fundus_imaging_bundle/G1020/Images/image_65.jpg,data/processed/standardized_masks/g1020/image_65.png,image_65.jpg,image_65.png,multiclass_values_0_1_2,0,1,2,G1020_image_65,True,paired_standardized_and_visual_sample_reviewed,"G1020 image/mask pair matched by file ID; mask standardized to project {0,1,2} convention."
glaucoma_fundus_imaging_bundle,G1020,image_654,data/external/kaggle/glaucoma_fundus_imaging_bundle/G1020/Images/image_654.jpg,data/processed/standardized_masks/g1020/image_654.png,data/external/kaggle/glaucoma_fundus_imaging_bundle/G1020/Images/image_654.jpg,data/processed/standardized_masks/g1020/image_654.png,image_654.jpg,image_654.png,multiclass_values_0_1_2,0,1,2,G1020_image_654,True,paired_standardized_and_visual_sample_reviewed,"G1020 image/mask pair matched by file ID; mask standardized to project {0,1,2} convention."
glaucoma_fundus_imaging_bundle,G1020,image_655,data/external/kaggle/glaucoma_fundus_imaging_bundle/G1020/Images/image_655.jpg,data/processed/standardized_masks/g1020/image_655.png,data/external/kaggle/glaucoma_fundus_imaging_bundle/G1020/Images/image_655.jpg,data/processed/standardized_masks/g1020/image_655.png,image_655.jpg,image_655.png,multiclass_values_0_1_2,0,1,2,G1020_image_655,True,paired_standardized_and_visual_sample_reviewed,"G1020 image/mask pair matched by file ID; mask standardized to project {0,1,2} convention."
glaucoma_fundus_imaging_bundle,G1020,image_657,data/external/kaggle/glaucoma_fundus_imaging_bundle/G1020/Images/image_657.jpg,data/processed/standardized_masks/g1020/image_657.png,data/external/kaggle/glaucoma_fundus_imaging_bundle/G1020/Images/image_657.jpg,data/processed/standardized_masks/g1020/image_657.png,image_657.jpg,image_657.png,multiclass_values_0_1_2,0,1,2,G1020_image_657,True,paired_standardized_and_visual_sample_reviewed,"G1020 image/mask pair matched by file ID; mask standardized to project {0,1,2} convention."
glaucoma_fundus_imaging_bundle,G1020,image_658,data/external/kaggle/glaucoma_fundus_imaging_bundle/G1020/Images/image_658.jpg,data/processed/standardized_masks/g1020/image_658.png,data/external/kaggle/glaucoma_fundus_imaging_bundle/G1020/Images/image_658.jpg,data/processed/standardized_masks/g1020/image_658.png,image_658.jpg,image_658.png,multiclass_values_0_1_2,0,1,2,G1020_image_658,True,paired_standardized_and_visual_sample_reviewed,"G1020 image/mask pair matched by file ID; mask standardized to project {0,1,2} convention."
glaucoma_fundus_imaging_bundle,G1020,image_659,data/external/kaggle/glaucoma_fundus_imaging_bundle/G1020/Images/image_659.jpg,data/processed/standardized_masks/g1020/image_659.png,data/external/kaggle/glaucoma_fundus_imaging_bundle/G1020/Images/image_659.jpg,data/processed/standardized_masks/g1020/image_659.png,image_659.jpg,image_659.png,multiclass_values_0_1_2,0,1,2,G1020_image_659,True,paired_standardized_and_visual_sample_reviewed,"G1020 image/mask pair matched by file ID; mask standardized to project {0,1,2} convention."
glaucoma_fundus_imaging_bundle,G1020,image_66,data/external/kaggle/glaucoma_fundus_imaging_bundle/G1020/Images/image_66.jpg,data/processed/standardized_masks/g1020/image_66.png,data/external/kaggle/glaucoma_fundus_imaging_bundle/G1020/Images/image_66.jpg,data/processed/standardized_masks/g1020/image_66.png,image_66.jpg,image_66.png,multiclass_values_0_1_2,0,1,2,G1020_image_66,True,paired_standardized_and_visual_sample_reviewed,"G1020 image/mask pair matched by file ID; mask standardized to project {0,1,2} convention."
glaucoma_fundus_imaging_bundle,G1020,image_698,data/external/kaggle/glaucoma_fundus_imaging_bundle/G1020/Images/image_698.jpg,data/processed/standardized_masks/g1020/image_698.png,data/external/kaggle/glaucoma_fundus_imaging_bundle/G1020/Images/image_698.jpg,data/processed/standardized_masks/g1020/image_698.png,image_698.jpg,image_698.png,multiclass_values_0_1_2,0,1,2,G1020_image_698,True,paired_standardized_and_visual_sample_reviewed,"G1020 image/mask pair matched by file ID; mask standardized to project {0,1,2} convention."
glaucoma_fundus_imaging_bundle,G1020,image_699,data/external/kaggle/glaucoma_fundus_imaging_bundle/G1020/Images/image_699.jpg,data/processed/standardized_masks/g1020/image_699.png,data/external/kaggle/glaucoma_fundus_imaging_bundle/G1020/Images/image_699.jpg,data/processed/standardized_masks/g1020/image_699.png,image_699.jpg,image_699.png,multiclass_values_0_1_2,0,1,2,G1020_image_699,True,paired_standardized_and_visual_sample_reviewed,"G1020 image/mask pair matched by file ID; mask standardized to project {0,1,2} convention."
glaucoma_fundus_imaging_bundle,G1020,image_700,data/external/kaggle/glaucoma_fundus_imaging_bundle/G1020/Images/image_700.jpg,data/processed/standardized_masks/g1020/image_700.png,data/external/kaggle/glaucoma_fundus_imaging_bundle/G1020/Images/image_700.jpg,data/processed/standardized_masks/g1020/image_700.png,image_700.jpg,image_700.png,multiclass_values_0_1_2,0,1,2,G1020_image_700,True,paired_standardized_and_visual_sample_reviewed,"G1020 image/mask pair matched by file ID; mask standardized to project {0,1,2} convention."
glaucoma_fundus_imaging_bundle,G1020,image_703,data/external/kaggle/glaucoma_fundus_imaging_bundle/G1020/Images/image_703.jpg,data/processed/standardized_masks/g1020/image_703.png,data/external/kaggle/glaucoma_fundus_imaging_bundle/G1020/Images/image_703.jpg,data/processed/standardized_masks/g1020/image_703.png,image_703.jpg,image_703.png,multiclass_values_0_1_2,0,1,2,G1020_image_703,True,paired_standardized_and_visual_sample_reviewed,"G1020 image/mask pair matched by file ID; mask standardized to project {0,1,2} convention."
glaucoma_fundus_imaging_bundle,G1020,image_704,data/external/kaggle/glaucoma_fundus_imaging_bundle/G1020/Images/image_704.jpg,data/processed/standardized_masks/g1020/image_704.png,data/external/kaggle/glaucoma_fundus_imaging_bundle/G1020/Images/image_704.jpg,data/processed/standardized_masks/g1020/image_704.png,image_704.jpg,image_704.png,multiclass_values_0_1_2,0,1,2,G1020_image_704,True,paired_standardized_and_visual_sample_reviewed,"G1020 image/mask pair matched by file ID; mask standardized to project {0,1,2} convention."
glaucoma_fundus_imaging_bundle,G1020,image_708,data/external/kaggle/glaucoma_fundus_imaging_bundle/G1020/Images/image_708.jpg,data/processed/standardized_masks/g1020/image_708.png,data/external/kaggle/glaucoma_fundus_imaging_bundle/G1020/Images/image_708.jpg,data/processed/standardized_masks/g1020/image_708.png,image_708.jpg,image_708.png,multiclass_values_0_1_2,0,1,2,G1020_image_708,True,paired_standardized_and_visual_sample_reviewed,"G1020 image/mask pair matched by file ID; mask standardized to project {0,1,2} convention."
glaucoma_fundus_imaging_bundle,G1020,image_709,data/external/kaggle/glaucoma_fundus_imaging_bundle/G1020/Images/image_709.jpg,data/processed/standardized_masks/g1020/image_709.png,data/external/kaggle/glaucoma_fundus_imaging_bundle/G1020/Images/image_709.jpg,data/processed/standardized_masks/g1020/image_709.png,image_709.jpg,image_709.png,multiclass_values_0_1_2,0,1,2,G1020_image_709,True,paired_standardized_and_visual_sample_reviewed,"G1020 image/mask pair matched by file ID; mask standardized to project {0,1,2} convention."
glaucoma_fundus_imaging_bundle,G1020,image_726,data/external/kaggle/glaucoma_fundus_imaging_bundle/G1020/Images/image_726.jpg,data/processed/standardized_masks/g1020/image_726.png,data/external/kaggle/glaucoma_fundus_imaging_bundle/G1020/Images/image_726.jpg,data/processed/standardized_masks/g1020/image_726.png,image_726.jpg,image_726.png,multiclass_values_0_1_2,0,1,2,G1020_image_726,True,paired_standardized_and_visual_sample_reviewed,"G1020 image/mask pair matched by file ID; mask standardized to project {0,1,2} convention."
glaucoma_fundus_imaging_bundle,G1020,image_727,data/external/kaggle/glaucoma_fundus_imaging_bundle/G1020/Images/image_727.jpg,data/processed/standardized_masks/g1020/image_727.png,data/external/kaggle/glaucoma_fundus_imaging_bundle/G1020/Images/image_727.jpg,data/processed/standardized_masks/g1020/image_727.png,image_727.jpg,image_727.png,multiclass_values_0_1_2,0,1,2,G1020_image_727,True,paired_standardized_and_visual_sample_reviewed,"G1020 image/mask pair matched by file ID; mask standardized to project {0,1,2} convention."
glaucoma_fundus_imaging_bundle,G1020,image_745,data/external/kaggle/glaucoma_fundus_imaging_bundle/G1020/Images/image_745.jpg,data/processed/standardized_masks/g1020/image_745.png,data/external/kaggle/glaucoma_fundus_imaging_bundle/G1020/Images/image_745.jpg,data/processed/standardized_masks/g1020/image_745.png,image_745.jpg,image_745.png,multiclass_values_0_1_2,0,1,2,G1020_image_745,True,paired_standardized_and_visual_sample_reviewed,"G1020 image/mask pair matched by file ID; mask standardized to project {0,1,2} convention."
glaucoma_fundus_imaging_bundle,G1020,image_746,data/external/kaggle/glaucoma_fundus_imaging_bundle/G1020/Images/image_746.jpg,data/processed/standardized_masks/g1020/image_746.png,data/external/kaggle/glaucoma_fundus_imaging_bundle/G1020/Images/image_746.jpg,data/processed/standardized_masks/g1020/image_746.png,image_746.jpg,image_746.png,multiclass_values_0_1_2,0,1,2,G1020_image_746,True,paired_standardized_and_visual_sample_reviewed,"G1020 image/mask pair matched by file ID; mask standardized to project {0,1,2} convention."
glaucoma_fundus_imaging_bundle,G1020,image_747,data/external/kaggle/glaucoma_fundus_imaging_bundle/G1020/Images/image_747.jpg,data/processed/standardized_masks/g1020/image_747.png,data/external/kaggle/glaucoma_fundus_imaging_bundle/G1020/Images/image_747.jpg,data/processed/standardized_masks/g1020/image_747.png,image_747.jpg,image_747.png,multiclass_values_0_1_2,0,1,2,G1020_image_747,True,paired_standardized_and_visual_sample_reviewed,"G1020 image/mask pair matched by file ID; mask standardized to project {0,1,2} convention."
glaucoma_fundus_imaging_bundle,G1020,image_748,data/external/kaggle/glaucoma_fundus_imaging_bundle/G1020/Images/image_748.jpg,data/processed/standardized_masks/g1020/image_748.png,data/external/kaggle/glaucoma_fundus_imaging_bundle/G1020/Images/image_748.jpg,data/processed/standardized_masks/g1020/image_748.png,image_748.jpg,image_748.png,multiclass_values_0_1_2,0,1,2,G1020_image_748,True,paired_standardized_and_visual_sample_reviewed,"G1020 image/mask pair matched by file ID; mask standardized to project {0,1,2} convention."
glaucoma_fundus_imaging_bundle,G1020,image_756,data/external/kaggle/glaucoma_fundus_imaging_bundle/G1020/Images/image_756.jpg,data/processed/standardized_masks/g1020/image_756.png,data/external/kaggle/glaucoma_fundus_imaging_bundle/G1020/Images/image_756.jpg,data/processed/standardized_masks/g1020/image_756.png,image_756.jpg,image_756.png,multiclass_values_0_1_2,0,1,2,G1020_image_756,True,paired_standardized_and_visual_sample_reviewed,"G1020 image/mask pair matched by file ID; mask standardized to project {0,1,2} convention."
glaucoma_fundus_imaging_bundle,G1020,image_757,data/external/kaggle/glaucoma_fundus_imaging_bundle/G1020/Images/image_757.jpg,data/processed/standardized_masks/g1020/image_757.png,data/external/kaggle/glaucoma_fundus_imaging_bundle/G1020/Images/image_757.jpg,data/processed/standardized_masks/g1020/image_757.png,image_757.jpg,image_757.png,multiclass_values_0_1_2,0,1,2,G1020_image_757,True,paired_standardized_and_visual_sample_reviewed,"G1020 image/mask pair matched by file ID; mask standardized to project {0,1,2} convention."
glaucoma_fundus_imaging_bundle,G1020,image_764,data/external/kaggle/glaucoma_fundus_imaging_bundle/G1020/Images/image_764.jpg,data/processed/standardized_masks/g1020/image_764.png,data/external/kaggle/glaucoma_fundus_imaging_bundle/G1020/Images/image_764.jpg,data/processed/standardized_masks/g1020/image_764.png,image_764.jpg,image_764.png,multiclass_values_0_1_2,0,1,2,G1020_image_764,True,paired_standardized_and_visual_sample_reviewed,"G1020 image/mask pair matched by file ID; mask standardized to project {0,1,2} convention."
glaucoma_fundus_imaging_bundle,G1020,image_765,data/external/kaggle/glaucoma_fundus_imaging_bundle/G1020/Images/image_765.jpg,data/processed/standardized_masks/g1020/image_765.png,data/external/kaggle/glaucoma_fundus_imaging_bundle/G1020/Images/image_765.jpg,data/processed/standardized_masks/g1020/image_765.png,image_765.jpg,image_765.png,multiclass_values_0_1_2,0,1,2,G1020_image_765,True,paired_standardized_and_visual_sample_reviewed,"G1020 image/mask pair matched by file ID; mask standardized to project {0,1,2} convention."
glaucoma_fundus_imaging_bundle,G1020,image_768,data/external/kaggle/glaucoma_fundus_imaging_bundle/G1020/Images/image_768.jpg,data/processed/standardized_masks/g1020/image_768.png,data/external/kaggle/glaucoma_fundus_imaging_bundle/G1020/Images/image_768.jpg,data/processed/standardized_masks/g1020/image_768.png,image_768.jpg,image_768.png,multiclass_values_0_1_2,0,1,2,G1020_image_768,True,paired_standardized_and_visual_sample_reviewed,"G1020 image/mask pair matched by file ID; mask standardized to project {0,1,2} convention."
glaucoma_fundus_imaging_bundle,G1020,image_769,data/external/kaggle/glaucoma_fundus_imaging_bundle/G1020/Images/image_769.jpg,data/processed/standardized_masks/g1020/image_769.png,data/external/kaggle/glaucoma_fundus_imaging_bundle/G1020/Images/image_769.jpg,data/processed/standardized_masks/g1020/image_769.png,image_769.jpg,image_769.png,multiclass_values_0_1_2,0,1,2,G1020_image_769,True,paired_standardized_and_visual_sample_reviewed,"G1020 image/mask pair matched by file ID; mask standardized to project {0,1,2} convention."
glaucoma_fundus_imaging_bundle,G1020,image_77,data/external/kaggle/glaucoma_fundus_imaging_bundle/G1020/Images/image_77.jpg,data/processed/standardized_masks/g1020/image_77.png,data/external/kaggle/glaucoma_fundus_imaging_bundle/G1020/Images/image_77.jpg,data/processed/standardized_masks/g1020/image_77.png,image_77.jpg,image_77.png,multiclass_values_0_1_2,0,1,2,G1020_image_77,True,paired_standardized_and_visual_sample_reviewed,"G1020 image/mask pair matched by file ID; mask standardized to project {0,1,2} convention."
glaucoma_fundus_imaging_bundle,G1020,image_772,data/external/kaggle/glaucoma_fundus_imaging_bundle/G1020/Images/image_772.jpg,data/processed/standardized_masks/g1020/image_772.png,data/external/kaggle/glaucoma_fundus_imaging_bundle/G1020/Images/image_772.jpg,data/processed/standardized_masks/g1020/image_772.png,image_772.jpg,image_772.png,multiclass_values_0_1_2,0,1,2,G1020_image_772,True,paired_standardized_and_visual_sample_reviewed,"G1020 image/mask pair matched by file ID; mask standardized to project {0,1,2} convention."
glaucoma_fundus_imaging_bundle,G1020,image_773,data/external/kaggle/glaucoma_fundus_imaging_bundle/G1020/Images/image_773.jpg,data/processed/standardized_masks/g1020/image_773.png,data/external/kaggle/glaucoma_fundus_imaging_bundle/G1020/Images/image_773.jpg,data/processed/standardized_masks/g1020/image_773.png,image_773.jpg,image_773.png,multiclass_values_0_1_2,0,1,2,G1020_image_773,True,paired_standardized_and_visual_sample_reviewed,"G1020 image/mask pair matched by file ID; mask standardized to project {0,1,2} convention."
glaucoma_fundus_imaging_bundle,G1020,image_774,data/external/kaggle/glaucoma_fundus_imaging_bundle/G1020/Images/image_774.jpg,data/processed/standardized_masks/g1020/image_774.png,data/external/kaggle/glaucoma_fundus_imaging_bundle/G1020/Images/image_774.jpg,data/processed/standardized_masks/g1020/image_774.png,image_774.jpg,image_774.png,multiclass_values_0_1_2,0,1,2,G1020_image_774,True,paired_standardized_and_visual_sample_reviewed,"G1020 image/mask pair matched by file ID; mask standardized to project {0,1,2} convention."
glaucoma_fundus_imaging_bundle,G1020,image_775,data/external/kaggle/glaucoma_fundus_imaging_bundle/G1020/Images/image_775.jpg,data/processed/standardized_masks/g1020/image_775.png,data/external/kaggle/glaucoma_fundus_imaging_bundle/G1020/Images/image_775.jpg,data/processed/standardized_masks/g1020/image_775.png,image_775.jpg,image_775.png,multiclass_values_0_1_2,0,1,2,G1020_image_775,True,paired_standardized_and_visual_sample_reviewed,"G1020 image/mask pair matched by file ID; mask standardized to project {0,1,2} convention."
glaucoma_fundus_imaging_bundle,G1020,image_776,data/external/kaggle/glaucoma_fundus_imaging_bundle/G1020/Images/image_776.jpg,data/processed/standardized_masks/g1020/image_776.png,data/external/kaggle/glaucoma_fundus_imaging_bundle/G1020/Images/image_776.jpg,data/processed/standardized_masks/g1020/image_776.png,image_776.jpg,image_776.png,multiclass_values_0_1_2,0,1,2,G1020_image_776,True,paired_standardized_and_visual_sample_reviewed,"G1020 image/mask pair matched by file ID; mask standardized to project {0,1,2} convention."
glaucoma_fundus_imaging_bundle,G1020,image_777,data/external/kaggle/glaucoma_fundus_imaging_bundle/G1020/Images/image_777.jpg,data/processed/standardized_masks/g1020/image_777.png,data/external/kaggle/glaucoma_fundus_imaging_bundle/G1020/Images/image_777.jpg,data/processed/standardized_masks/g1020/image_777.png,image_777.jpg,image_777.png,multiclass_values_0_1_2,0,1,2,G1020_image_777,True,paired_standardized_and_visual_sample_reviewed,"G1020 image/mask pair matched by file ID; mask standardized to project {0,1,2} convention."
glaucoma_fundus_imaging_bundle,G1020,image_778,data/external/kaggle/glaucoma_fundus_imaging_bundle/G1020/Images/image_778.jpg,data/processed/standardized_masks/g1020/image_778.png,data/external/kaggle/glaucoma_fundus_imaging_bundle/G1020/Images/image_778.jpg,data/processed/standardized_masks/g1020/image_778.png,image_778.jpg,image_778.png,multiclass_values_0_1_2,0,1,2,G1020_image_778,True,paired_standardized_and_visual_sample_reviewed,"G1020 image/mask pair matched by file ID; mask standardized to project {0,1,2} convention."
glaucoma_fundus_imaging_bundle,G1020,image_779,data/external/kaggle/glaucoma_fundus_imaging_bundle/G1020/Images/image_779.jpg,data/processed/standardized_masks/g1020/image_779.png,data/external/kaggle/glaucoma_fundus_imaging_bundle/G1020/Images/image_779.jpg,data/processed/standardized_masks/g1020/image_779.png,image_779.jpg,image_779.png,multiclass_values_0_1_2,0,1,2,G1020_image_779,True,paired_standardized_and_visual_sample_reviewed,"G1020 image/mask pair matched by file ID; mask standardized to project {0,1,2} convention."
glaucoma_fundus_imaging_bundle,G1020,image_78,data/external/kaggle/glaucoma_fundus_imaging_bundle/G1020/Images/image_78.jpg,data/processed/standardized_masks/g1020/image_78.png,data/external/kaggle/glaucoma_fundus_imaging_bundle/G1020/Images/image_78.jpg,data/processed/standardized_masks/g1020/image_78.png,image_78.jpg,image_78.png,multiclass_values_0_1_2,0,1,2,G1020_image_78,True,paired_standardized_and_visual_sample_reviewed,"G1020 image/mask pair matched by file ID; mask standardized to project {0,1,2} convention."
glaucoma_fundus_imaging_bundle,G1020,image_780,data/external/kaggle/glaucoma_fundus_imaging_bundle/G1020/Images/image_780.jpg,data/processed/standardized_masks/g1020/image_780.png,data/external/kaggle/glaucoma_fundus_imaging_bundle/G1020/Images/image_780.jpg,data/processed/standardized_masks/g1020/image_780.png,image_780.jpg,image_780.png,multiclass_values_0_1_2,0,1,2,G1020_image_780,True,paired_standardized_and_visual_sample_reviewed,"G1020 image/mask pair matched by file ID; mask standardized to project {0,1,2} convention."
glaucoma_fundus_imaging_bundle,G1020,image_781,data/external/kaggle/glaucoma_fundus_imaging_bundle/G1020/Images/image_781.jpg,data/processed/standardized_masks/g1020/image_781.png,data/external/kaggle/glaucoma_fundus_imaging_bundle/G1020/Images/image_781.jpg,data/processed/standardized_masks/g1020/image_781.png,image_781.jpg,image_781.png,multiclass_values_0_1_2,0,1,2,G1020_image_781,True,paired_standardized_and_visual_sample_reviewed,"G1020 image/mask pair matched by file ID; mask standardized to project {0,1,2} convention."
glaucoma_fundus_imaging_bundle,G1020,image_791,data/external/kaggle/glaucoma_fundus_imaging_bundle/G1020/Images/image_791.jpg,data/processed/standardized_masks/g1020/image_791.png,data/external/kaggle/glaucoma_fundus_imaging_bundle/G1020/Images/image_791.jpg,data/processed/standardized_masks/g1020/image_791.png,image_791.jpg,image_791.png,multiclass_values_0_1_2,0,1,2,G1020_image_791,True,paired_standardized_and_visual_sample_reviewed,"G1020 image/mask pair matched by file ID; mask standardized to project {0,1,2} convention."
glaucoma_fundus_imaging_bundle,G1020,image_805,data/external/kaggle/glaucoma_fundus_imaging_bundle/G1020/Images/image_805.jpg,data/processed/standardized_masks/g1020/image_805.png,data/external/kaggle/glaucoma_fundus_imaging_bundle/G1020/Images/image_805.jpg,data/processed/standardized_masks/g1020/image_805.png,image_805.jpg,image_805.png,multiclass_values_0_1_2,0,1,2,G1020_image_805,True,paired_standardized_and_visual_sample_reviewed,"G1020 image/mask pair matched by file ID; mask standardized to project {0,1,2} convention."
glaucoma_fundus_imaging_bundle,G1020,image_806,data/external/kaggle/glaucoma_fundus_imaging_bundle/G1020/Images/image_806.jpg,data/processed/standardized_masks/g1020/image_806.png,data/external/kaggle/glaucoma_fundus_imaging_bundle/G1020/Images/image_806.jpg,data/processed/standardized_masks/g1020/image_806.png,image_806.jpg,image_806.png,multiclass_values_0_1_2,0,1,2,G1020_image_806,True,paired_standardized_and_visual_sample_reviewed,"G1020 image/mask pair matched by file ID; mask standardized to project {0,1,2} convention."
glaucoma_fundus_imaging_bundle,G1020,image_807,data/external/kaggle/glaucoma_fundus_imaging_bundle/G1020/Images/image_807.jpg,data/processed/standardized_masks/g1020/image_807.png,data/external/kaggle/glaucoma_fundus_imaging_bundle/G1020/Images/image_807.jpg,data/processed/standardized_masks/g1020/image_807.png,image_807.jpg,image_807.png,multiclass_values_0_1_2,0,1,2,G1020_image_807,True,paired_standardized_and_visual_sample_reviewed,"G1020 image/mask pair matched by file ID; mask standardized to project {0,1,2} convention."
glaucoma_fundus_imaging_bundle,G1020,image_808,data/external/kaggle/glaucoma_fundus_imaging_bundle/G1020/Images/image_808.jpg,data/processed/standardized_masks/g1020/image_808.png,data/external/kaggle/glaucoma_fundus_imaging_bundle/G1020/Images/image_808.jpg,data/processed/standardized_masks/g1020/image_808.png,image_808.jpg,image_808.png,multiclass_values_0_1_2,0,1,2,G1020_image_808,True,paired_standardized_and_visual_sample_reviewed,"G1020 image/mask pair matched by file ID; mask standardized to project {0,1,2} convention."
glaucoma_fundus_imaging_bundle,G1020,image_815,data/external/kaggle/glaucoma_fundus_imaging_bundle/G1020/Images/image_815.jpg,data/processed/standardized_masks/g1020/image_815.png,data/external/kaggle/glaucoma_fundus_imaging_bundle/G1020/Images/image_815.jpg,data/processed/standardized_masks/g1020/image_815.png,image_815.jpg,image_815.png,multiclass_values_0_1_2,0,1,2,G1020_image_815,True,paired_standardized_and_visual_sample_reviewed,"G1020 image/mask pair matched by file ID; mask standardized to project {0,1,2} convention."
glaucoma_fundus_imaging_bundle,G1020,image_816,data/external/kaggle/glaucoma_fundus_imaging_bundle/G1020/Images/image_816.jpg,data/processed/standardized_masks/g1020/image_816.png,data/external/kaggle/glaucoma_fundus_imaging_bundle/G1020/Images/image_816.jpg,data/processed/standardized_masks/g1020/image_816.png,image_816.jpg,image_816.png,multiclass_values_0_1_2,0,1,2,G1020_image_816,True,paired_standardized_and_visual_sample_reviewed,"G1020 image/mask pair matched by file ID; mask standardized to project {0,1,2} convention."
glaucoma_fundus_imaging_bundle,G1020,image_819,data/external/kaggle/glaucoma_fundus_imaging_bundle/G1020/Images/image_819.jpg,data/processed/standardized_masks/g1020/image_819.png,data/external/kaggle/glaucoma_fundus_imaging_bundle/G1020/Images/image_819.jpg,data/processed/standardized_masks/g1020/image_819.png,image_819.jpg,image_819.png,multiclass_values_0_1_2,0,1,2,G1020_image_819,True,paired_standardized_and_visual_sample_reviewed,"G1020 image/mask pair matched by file ID; mask standardized to project {0,1,2} convention."
glaucoma_fundus_imaging_bundle,G1020,image_820,data/external/kaggle/glaucoma_fundus_imaging_bundle/G1020/Images/image_820.jpg,data/processed/standardized_masks/g1020/image_820.png,data/external/kaggle/glaucoma_fundus_imaging_bundle/G1020/Images/image_820.jpg,data/processed/standardized_masks/g1020/image_820.png,image_820.jpg,image_820.png,multiclass_values_0_1_2,0,1,2,G1020_image_820,True,paired_standardized_and_visual_sample_reviewed,"G1020 image/mask pair matched by file ID; mask standardized to project {0,1,2} convention."
glaucoma_fundus_imaging_bundle,G1020,image_821,data/external/kaggle/glaucoma_fundus_imaging_bundle/G1020/Images/image_821.jpg,data/processed/standardized_masks/g1020/image_821.png,data/external/kaggle/glaucoma_fundus_imaging_bundle/G1020/Images/image_821.jpg,data/processed/standardized_masks/g1020/image_821.png,image_821.jpg,image_821.png,multiclass_values_0_1_2,0,1,2,G1020_image_821,True,paired_standardized_and_visual_sample_reviewed,"G1020 image/mask pair matched by file ID; mask standardized to project {0,1,2} convention."
glaucoma_fundus_imaging_bundle,G1020,image_840,data/external/kaggle/glaucoma_fundus_imaging_bundle/G1020/Images/image_840.jpg,data/processed/standardized_masks/g1020/image_840.png,data/external/kaggle/glaucoma_fundus_imaging_bundle/G1020/Images/image_840.jpg,data/processed/standardized_masks/g1020/image_840.png,image_840.jpg,image_840.png,multiclass_values_0_1_2,0,1,2,G1020_image_840,True,paired_standardized_and_visual_sample_reviewed,"G1020 image/mask pair matched by file ID; mask standardized to project {0,1,2} convention."
glaucoma_fundus_imaging_bundle,G1020,image_841,data/external/kaggle/glaucoma_fundus_imaging_bundle/G1020/Images/image_841.jpg,data/processed/standardized_masks/g1020/image_841.png,data/external/kaggle/glaucoma_fundus_imaging_bundle/G1020/Images/image_841.jpg,data/processed/standardized_masks/g1020/image_841.png,image_841.jpg,image_841.png,multiclass_values_0_1_2,0,1,2,G1020_image_841,True,paired_standardized_and_visual_sample_reviewed,"G1020 image/mask pair matched by file ID; mask standardized to project {0,1,2} convention."
glaucoma_fundus_imaging_bundle,G1020,image_856,data/external/kaggle/glaucoma_fundus_imaging_bundle/G1020/Images/image_856.jpg,data/processed/standardized_masks/g1020/image_856.png,data/external/kaggle/glaucoma_fundus_imaging_bundle/G1020/Images/image_856.jpg,data/processed/standardized_masks/g1020/image_856.png,image_856.jpg,image_856.png,multiclass_values_0_1_2,0,1,2,G1020_image_856,True,paired_standardized_and_visual_sample_reviewed,"G1020 image/mask pair matched by file ID; mask standardized to project {0,1,2} convention."
glaucoma_fundus_imaging_bundle,G1020,image_857,data/external/kaggle/glaucoma_fundus_imaging_bundle/G1020/Images/image_857.jpg,data/processed/standardized_masks/g1020/image_857.png,data/external/kaggle/glaucoma_fundus_imaging_bundle/G1020/Images/image_857.jpg,data/processed/standardized_masks/g1020/image_857.png,image_857.jpg,image_857.png,multiclass_values_0_1_2,0,1,2,G1020_image_857,True,paired_standardized_and_visual_sample_reviewed,"G1020 image/mask pair matched by file ID; mask standardized to project {0,1,2} convention."
glaucoma_fundus_imaging_bundle,G1020,image_860,data/external/kaggle/glaucoma_fundus_imaging_bundle/G1020/Images/image_860.jpg,data/processed/standardized_masks/g1020/image_860.png,data/external/kaggle/glaucoma_fundus_imaging_bundle/G1020/Images/image_860.jpg,data/processed/standardized_masks/g1020/image_860.png,image_860.jpg,image_860.png,multiclass_values_0_1_2,0,1,2,G1020_image_860,True,paired_standardized_and_visual_sample_reviewed,"G1020 image/mask pair matched by file ID; mask standardized to project {0,1,2} convention."
glaucoma_fundus_imaging_bundle,G1020,image_861,data/external/kaggle/glaucoma_fundus_imaging_bundle/G1020/Images/image_861.jpg,data/processed/standardized_masks/g1020/image_861.png,data/external/kaggle/glaucoma_fundus_imaging_bundle/G1020/Images/image_861.jpg,data/processed/standardized_masks/g1020/image_861.png,image_861.jpg,image_861.png,multiclass_values_0_1_2,0,1,2,G1020_image_861,True,paired_standardized_and_visual_sample_reviewed,"G1020 image/mask pair matched by file ID; mask standardized to project {0,1,2} convention."
glaucoma_fundus_imaging_bundle,G1020,image_868,data/external/kaggle/glaucoma_fundus_imaging_bundle/G1020/Images/image_868.jpg,data/processed/standardized_masks/g1020/image_868.png,data/external/kaggle/glaucoma_fundus_imaging_bundle/G1020/Images/image_868.jpg,data/processed/standardized_masks/g1020/image_868.png,image_868.jpg,image_868.png,multiclass_values_0_1_2,0,1,2,G1020_image_868,True,paired_standardized_and_visual_sample_reviewed,"G1020 image/mask pair matched by file ID; mask standardized to project {0,1,2} convention."
glaucoma_fundus_imaging_bundle,G1020,image_869,data/external/kaggle/glaucoma_fundus_imaging_bundle/G1020/Images/image_869.jpg,data/processed/standardized_masks/g1020/image_869.png,data/external/kaggle/glaucoma_fundus_imaging_bundle/G1020/Images/image_869.jpg,data/processed/standardized_masks/g1020/image_869.png,image_869.jpg,image_869.png,multiclass_values_0_1_2,0,1,2,G1020_image_869,True,paired_standardized_and_visual_sample_reviewed,"G1020 image/mask pair matched by file ID; mask standardized to project {0,1,2} convention."
glaucoma_fundus_imaging_bundle,G1020,image_874,data/external/kaggle/glaucoma_fundus_imaging_bundle/G1020/Images/image_874.jpg,data/processed/standardized_masks/g1020/image_874.png,data/external/kaggle/glaucoma_fundus_imaging_bundle/G1020/Images/image_874.jpg,data/processed/standardized_masks/g1020/image_874.png,image_874.jpg,image_874.png,multiclass_values_0_1_2,0,1,2,G1020_image_874,True,paired_standardized_and_visual_sample_reviewed,"G1020 image/mask pair matched by file ID; mask standardized to project {0,1,2} convention."
glaucoma_fundus_imaging_bundle,G1020,image_875,data/external/kaggle/glaucoma_fundus_imaging_bundle/G1020/Images/image_875.jpg,data/processed/standardized_masks/g1020/image_875.png,data/external/kaggle/glaucoma_fundus_imaging_bundle/G1020/Images/image_875.jpg,data/processed/standardized_masks/g1020/image_875.png,image_875.jpg,image_875.png,multiclass_values_0_1_2,0,1,2,G1020_image_875,True,paired_standardized_and_visual_sample_reviewed,"G1020 image/mask pair matched by file ID; mask standardized to project {0,1,2} convention."
glaucoma_fundus_imaging_bundle,G1020,image_878,data/external/kaggle/glaucoma_fundus_imaging_bundle/G1020/Images/image_878.jpg,data/processed/standardized_masks/g1020/image_878.png,data/external/kaggle/glaucoma_fundus_imaging_bundle/G1020/Images/image_878.jpg,data/processed/standardized_masks/g1020/image_878.png,image_878.jpg,image_878.png,multiclass_values_0_1_2,0,1,2,G1020_image_878,True,paired_standardized_and_visual_sample_reviewed,"G1020 image/mask pair matched by file ID; mask standardized to project {0,1,2} convention."
glaucoma_fundus_imaging_bundle,G1020,image_879,data/external/kaggle/glaucoma_fundus_imaging_bundle/G1020/Images/image_879.jpg,data/processed/standardized_masks/g1020/image_879.png,data/external/kaggle/glaucoma_fundus_imaging_bundle/G1020/Images/image_879.jpg,data/processed/standardized_masks/g1020/image_879.png,image_879.jpg,image_879.png,multiclass_values_0_1_2,0,1,2,G1020_image_879,True,paired_standardized_and_visual_sample_reviewed,"G1020 image/mask pair matched by file ID; mask standardized to project {0,1,2} convention."
glaucoma_fundus_imaging_bundle,G1020,image_880,data/external/kaggle/glaucoma_fundus_imaging_bundle/G1020/Images/image_880.jpg,data/processed/standardized_masks/g1020/image_880.png,data/external/kaggle/glaucoma_fundus_imaging_bundle/G1020/Images/image_880.jpg,data/processed/standardized_masks/g1020/image_880.png,image_880.jpg,image_880.png,multiclass_values_0_1_2,0,1,2,G1020_image_880,True,paired_standardized_and_visual_sample_reviewed,"G1020 image/mask pair matched by file ID; mask standardized to project {0,1,2} convention."
glaucoma_fundus_imaging_bundle,G1020,image_881,data/external/kaggle/glaucoma_fundus_imaging_bundle/G1020/Images/image_881.jpg,data/processed/standardized_masks/g1020/image_881.png,data/external/kaggle/glaucoma_fundus_imaging_bundle/G1020/Images/image_881.jpg,data/processed/standardized_masks/g1020/image_881.png,image_881.jpg,image_881.png,multiclass_values_0_1_2,0,1,2,G1020_image_881,True,paired_standardized_and_visual_sample_reviewed,"G1020 image/mask pair matched by file ID; mask standardized to project {0,1,2} convention."
glaucoma_fundus_imaging_bundle,G1020,image_882,data/external/kaggle/glaucoma_fundus_imaging_bundle/G1020/Images/image_882.jpg,data/processed/standardized_masks/g1020/image_882.png,data/external/kaggle/glaucoma_fundus_imaging_bundle/G1020/Images/image_882.jpg,data/processed/standardized_masks/g1020/image_882.png,image_882.jpg,image_882.png,multiclass_values_0_1_2,0,1,2,G1020_image_882,True,paired_standardized_and_visual_sample_reviewed,"G1020 image/mask pair matched by file ID; mask standardized to project {0,1,2} convention."
glaucoma_fundus_imaging_bundle,G1020,image_883,data/external/kaggle/glaucoma_fundus_imaging_bundle/G1020/Images/image_883.jpg,data/processed/standardized_masks/g1020/image_883.png,data/external/kaggle/glaucoma_fundus_imaging_bundle/G1020/Images/image_883.jpg,data/processed/standardized_masks/g1020/image_883.png,image_883.jpg,image_883.png,multiclass_values_0_1_2,0,1,2,G1020_image_883,True,paired_standardized_and_visual_sample_reviewed,"G1020 image/mask pair matched by file ID; mask standardized to project {0,1,2} convention."
glaucoma_fundus_imaging_bundle,G1020,image_896,data/external/kaggle/glaucoma_fundus_imaging_bundle/G1020/Images/image_896.jpg,data/processed/standardized_masks/g1020/image_896.png,data/external/kaggle/glaucoma_fundus_imaging_bundle/G1020/Images/image_896.jpg,data/processed/standardized_masks/g1020/image_896.png,image_896.jpg,image_896.png,multiclass_values_0_1_2,0,1,2,G1020_image_896,True,paired_standardized_and_visual_sample_reviewed,"G1020 image/mask pair matched by file ID; mask standardized to project {0,1,2} convention."
glaucoma_fundus_imaging_bundle,G1020,image_897,data/external/kaggle/glaucoma_fundus_imaging_bundle/G1020/Images/image_897.jpg,data/processed/standardized_masks/g1020/image_897.png,data/external/kaggle/glaucoma_fundus_imaging_bundle/G1020/Images/image_897.jpg,data/processed/standardized_masks/g1020/image_897.png,image_897.jpg,image_897.png,multiclass_values_0_1_2,0,1,2,G1020_image_897,True,paired_standardized_and_visual_sample_reviewed,"G1020 image/mask pair matched by file ID; mask standardized to project {0,1,2} convention."
glaucoma_fundus_imaging_bundle,G1020,image_9,data/external/kaggle/glaucoma_fundus_imaging_bundle/G1020/Images/image_9.jpg,data/processed/standardized_masks/g1020/image_9.png,data/external/kaggle/glaucoma_fundus_imaging_bundle/G1020/Images/image_9.jpg,data/processed/standardized_masks/g1020/image_9.png,image_9.jpg,image_9.png,multiclass_values_0_1_2,0,1,2,G1020_image_9,True,paired_standardized_and_visual_sample_reviewed,"G1020 image/mask pair matched by file ID; mask standardized to project {0,1,2} convention."
glaucoma_fundus_imaging_bundle,G1020,image_903,data/external/kaggle/glaucoma_fundus_imaging_bundle/G1020/Images/image_903.jpg,data/processed/standardized_masks/g1020/image_903.png,data/external/kaggle/glaucoma_fundus_imaging_bundle/G1020/Images/image_903.jpg,data/processed/standardized_masks/g1020/image_903.png,image_903.jpg,image_903.png,multiclass_values_0_1_2,0,1,2,G1020_image_903,True,paired_standardized_and_visual_sample_reviewed,"G1020 image/mask pair matched by file ID; mask standardized to project {0,1,2} convention."
glaucoma_fundus_imaging_bundle,G1020,image_904,data/external/kaggle/glaucoma_fundus_imaging_bundle/G1020/Images/image_904.jpg,data/processed/standardized_masks/g1020/image_904.png,data/external/kaggle/glaucoma_fundus_imaging_bundle/G1020/Images/image_904.jpg,data/processed/standardized_masks/g1020/image_904.png,image_904.jpg,image_904.png,multiclass_values_0_1_2,0,1,2,G1020_image_904,True,paired_standardized_and_visual_sample_reviewed,"G1020 image/mask pair matched by file ID; mask standardized to project {0,1,2} convention."
glaucoma_fundus_imaging_bundle,G1020,image_910,data/external/kaggle/glaucoma_fundus_imaging_bundle/G1020/Images/image_910.jpg,data/processed/standardized_masks/g1020/image_910.png,data/external/kaggle/glaucoma_fundus_imaging_bundle/G1020/Images/image_910.jpg,data/processed/standardized_masks/g1020/image_910.png,image_910.jpg,image_910.png,multiclass_values_0_1_2,0,1,2,G1020_image_910,True,paired_standardized_and_visual_sample_reviewed,"G1020 image/mask pair matched by file ID; mask standardized to project {0,1,2} convention."
glaucoma_fundus_imaging_bundle,G1020,image_911,data/external/kaggle/glaucoma_fundus_imaging_bundle/G1020/Images/image_911.jpg,data/processed/standardized_masks/g1020/image_911.png,data/external/kaggle/glaucoma_fundus_imaging_bundle/G1020/Images/image_911.jpg,data/processed/standardized_masks/g1020/image_911.png,image_911.jpg,image_911.png,multiclass_values_0_1_2,0,1,2,G1020_image_911,True,paired_standardized_and_visual_sample_reviewed,"G1020 image/mask pair matched by file ID; mask standardized to project {0,1,2} convention."
glaucoma_fundus_imaging_bundle,G1020,image_912,data/external/kaggle/glaucoma_fundus_imaging_bundle/G1020/Images/image_912.jpg,data/processed/standardized_masks/g1020/image_912.png,data/external/kaggle/glaucoma_fundus_imaging_bundle/G1020/Images/image_912.jpg,data/processed/standardized_masks/g1020/image_912.png,image_912.jpg,image_912.png,multiclass_values_0_1_2,0,1,2,G1020_image_912,True,paired_standardized_and_visual_sample_reviewed,"G1020 image/mask pair matched by file ID; mask standardized to project {0,1,2} convention."
glaucoma_fundus_imaging_bundle,G1020,image_915,data/external/kaggle/glaucoma_fundus_imaging_bundle/G1020/Images/image_915.jpg,data/processed/standardized_masks/g1020/image_915.png,data/external/kaggle/glaucoma_fundus_imaging_bundle/G1020/Images/image_915.jpg,data/processed/standardized_masks/g1020/image_915.png,image_915.jpg,image_915.png,multiclass_values_0_1_2,0,1,2,G1020_image_915,True,paired_standardized_and_visual_sample_reviewed,"G1020 image/mask pair matched by file ID; mask standardized to project {0,1,2} convention."
glaucoma_fundus_imaging_bundle,G1020,image_916,data/external/kaggle/glaucoma_fundus_imaging_bundle/G1020/Images/image_916.jpg,data/processed/standardized_masks/g1020/image_916.png,data/external/kaggle/glaucoma_fundus_imaging_bundle/G1020/Images/image_916.jpg,data/processed/standardized_masks/g1020/image_916.png,image_916.jpg,image_916.png,multiclass_values_0_1_2,0,1,2,G1020_image_916,True,paired_standardized_and_visual_sample_reviewed,"G1020 image/mask pair matched by file ID; mask standardized to project {0,1,2} convention."
glaucoma_fundus_imaging_bundle,G1020,image_924,data/external/kaggle/glaucoma_fundus_imaging_bundle/G1020/Images/image_924.jpg,data/processed/standardized_masks/g1020/image_924.png,data/external/kaggle/glaucoma_fundus_imaging_bundle/G1020/Images/image_924.jpg,data/processed/standardized_masks/g1020/image_924.png,image_924.jpg,image_924.png,multiclass_values_0_1_2,0,1,2,G1020_image_924,True,paired_standardized_and_visual_sample_reviewed,"G1020 image/mask pair matched by file ID; mask standardized to project {0,1,2} convention."
glaucoma_fundus_imaging_bundle,G1020,image_930,data/external/kaggle/glaucoma_fundus_imaging_bundle/G1020/Images/image_930.jpg,data/processed/standardized_masks/g1020/image_930.png,data/external/kaggle/glaucoma_fundus_imaging_bundle/G1020/Images/image_930.jpg,data/processed/standardized_masks/g1020/image_930.png,image_930.jpg,image_930.png,multiclass_values_0_1_2,0,1,2,G1020_image_930,True,paired_standardized_and_visual_sample_reviewed,"G1020 image/mask pair matched by file ID; mask standardized to project {0,1,2} convention."
glaucoma_fundus_imaging_bundle,G1020,image_931,data/external/kaggle/glaucoma_fundus_imaging_bundle/G1020/Images/image_931.jpg,data/processed/standardized_masks/g1020/image_931.png,data/external/kaggle/glaucoma_fundus_imaging_bundle/G1020/Images/image_931.jpg,data/processed/standardized_masks/g1020/image_931.png,image_931.jpg,image_931.png,multiclass_values_0_1_2,0,1,2,G1020_image_931,True,paired_standardized_and_visual_sample_reviewed,"G1020 image/mask pair matched by file ID; mask standardized to project {0,1,2} convention."
glaucoma_fundus_imaging_bundle,G1020,image_936,data/external/kaggle/glaucoma_fundus_imaging_bundle/G1020/Images/image_936.jpg,data/processed/standardized_masks/g1020/image_936.png,data/external/kaggle/glaucoma_fundus_imaging_bundle/G1020/Images/image_936.jpg,data/processed/standardized_masks/g1020/image_936.png,image_936.jpg,image_936.png,multiclass_values_0_1_2,0,1,2,G1020_image_936,True,paired_standardized_and_visual_sample_reviewed,"G1020 image/mask pair matched by file ID; mask standardized to project {0,1,2} convention."
glaucoma_fundus_imaging_bundle,G1020,image_940,data/external/kaggle/glaucoma_fundus_imaging_bundle/G1020/Images/image_940.jpg,data/processed/standardized_masks/g1020/image_940.png,data/external/kaggle/glaucoma_fundus_imaging_bundle/G1020/Images/image_940.jpg,data/processed/standardized_masks/g1020/image_940.png,image_940.jpg,image_940.png,multiclass_values_0_1_2,0,1,2,G1020_image_940,True,paired_standardized_and_visual_sample_reviewed,"G1020 image/mask pair matched by file ID; mask standardized to project {0,1,2} convention."
glaucoma_fundus_imaging_bundle,G1020,image_941,data/external/kaggle/glaucoma_fundus_imaging_bundle/G1020/Images/image_941.jpg,data/processed/standardized_masks/g1020/image_941.png,data/external/kaggle/glaucoma_fundus_imaging_bundle/G1020/Images/image_941.jpg,data/processed/standardized_masks/g1020/image_941.png,image_941.jpg,image_941.png,multiclass_values_0_1_2,0,1,2,G1020_image_941,True,paired_standardized_and_visual_sample_reviewed,"G1020 image/mask pair matched by file ID; mask standardized to project {0,1,2} convention."
glaucoma_fundus_imaging_bundle,G1020,image_942,data/external/kaggle/glaucoma_fundus_imaging_bundle/G1020/Images/image_942.jpg,data/processed/standardized_masks/g1020/image_942.png,data/external/kaggle/glaucoma_fundus_imaging_bundle/G1020/Images/image_942.jpg,data/processed/standardized_masks/g1020/image_942.png,image_942.jpg,image_942.png,multiclass_values_0_1_2,0,1,2,G1020_image_942,True,paired_standardized_and_visual_sample_reviewed,"G1020 image/mask pair matched by file ID; mask standardized to project {0,1,2} convention."
glaucoma_fundus_imaging_bundle,G1020,image_943,data/external/kaggle/glaucoma_fundus_imaging_bundle/G1020/Images/image_943.jpg,data/processed/standardized_masks/g1020/image_943.png,data/external/kaggle/glaucoma_fundus_imaging_bundle/G1020/Images/image_943.jpg,data/processed/standardized_masks/g1020/image_943.png,image_943.jpg,image_943.png,multiclass_values_0_1_2,0,1,2,G1020_image_943,True,paired_standardized_and_visual_sample_reviewed,"G1020 image/mask pair matched by file ID; mask standardized to project {0,1,2} convention."
glaucoma_fundus_imaging_bundle,G1020,image_944,data/external/kaggle/glaucoma_fundus_imaging_bundle/G1020/Images/image_944.jpg,data/processed/standardized_masks/g1020/image_944.png,data/external/kaggle/glaucoma_fundus_imaging_bundle/G1020/Images/image_944.jpg,data/processed/standardized_masks/g1020/image_944.png,image_944.jpg,image_944.png,multiclass_values_0_1_2,0,1,2,G1020_image_944,True,paired_standardized_and_visual_sample_reviewed,"G1020 image/mask pair matched by file ID; mask standardized to project {0,1,2} convention."
glaucoma_fundus_imaging_bundle,G1020,image_945,data/external/kaggle/glaucoma_fundus_imaging_bundle/G1020/Images/image_945.jpg,data/processed/standardized_masks/g1020/image_945.png,data/external/kaggle/glaucoma_fundus_imaging_bundle/G1020/Images/image_945.jpg,data/processed/standardized_masks/g1020/image_945.png,image_945.jpg,image_945.png,multiclass_values_0_1_2,0,1,2,G1020_image_945,True,paired_standardized_and_visual_sample_reviewed,"G1020 image/mask pair matched by file ID; mask standardized to project {0,1,2} convention."
glaucoma_fundus_imaging_bundle,G1020,image_952,data/external/kaggle/glaucoma_fundus_imaging_bundle/G1020/Images/image_952.jpg,data/processed/standardized_masks/g1020/image_952.png,data/external/kaggle/glaucoma_fundus_imaging_bundle/G1020/Images/image_952.jpg,data/processed/standardized_masks/g1020/image_952.png,image_952.jpg,image_952.png,multiclass_values_0_1_2,0,1,2,G1020_image_952,True,paired_standardized_and_visual_sample_reviewed,"G1020 image/mask pair matched by file ID; mask standardized to project {0,1,2} convention."
glaucoma_fundus_imaging_bundle,G1020,image_953,data/external/kaggle/glaucoma_fundus_imaging_bundle/G1020/Images/image_953.jpg,data/processed/standardized_masks/g1020/image_953.png,data/external/kaggle/glaucoma_fundus_imaging_bundle/G1020/Images/image_953.jpg,data/processed/standardized_masks/g1020/image_953.png,image_953.jpg,image_953.png,multiclass_values_0_1_2,0,1,2,G1020_image_953,True,paired_standardized_and_visual_sample_reviewed,"G1020 image/mask pair matched by file ID; mask standardized to project {0,1,2} convention."
glaucoma_fundus_imaging_bundle,G1020,image_954,data/external/kaggle/glaucoma_fundus_imaging_bundle/G1020/Images/image_954.jpg,data/processed/standardized_masks/g1020/image_954.png,data/external/kaggle/glaucoma_fundus_imaging_bundle/G1020/Images/image_954.jpg,data/processed/standardized_masks/g1020/image_954.png,image_954.jpg,image_954.png,multiclass_values_0_1_2,0,1,2,G1020_image_954,True,paired_standardized_and_visual_sample_reviewed,"G1020 image/mask pair matched by file ID; mask standardized to project {0,1,2} convention."
glaucoma_fundus_imaging_bundle,G1020,image_955,data/external/kaggle/glaucoma_fundus_imaging_bundle/G1020/Images/image_955.jpg,data/processed/standardized_masks/g1020/image_955.png,data/external/kaggle/glaucoma_fundus_imaging_bundle/G1020/Images/image_955.jpg,data/processed/standardized_masks/g1020/image_955.png,image_955.jpg,image_955.png,multiclass_values_0_1_2,0,1,2,G1020_image_955,True,paired_standardized_and_visual_sample_reviewed,"G1020 image/mask pair matched by file ID; mask standardized to project {0,1,2} convention."
glaucoma_fundus_imaging_bundle,G1020,image_956,data/external/kaggle/glaucoma_fundus_imaging_bundle/G1020/Images/image_956.jpg,data/processed/standardized_masks/g1020/image_956.png,data/external/kaggle/glaucoma_fundus_imaging_bundle/G1020/Images/image_956.jpg,data/processed/standardized_masks/g1020/image_956.png,image_956.jpg,image_956.png,multiclass_values_0_1_2,0,1,2,G1020_image_956,True,paired_standardized_and_visual_sample_reviewed,"G1020 image/mask pair matched by file ID; mask standardized to project {0,1,2} convention."
glaucoma_fundus_imaging_bundle,G1020,image_957,data/external/kaggle/glaucoma_fundus_imaging_bundle/G1020/Images/image_957.jpg,data/processed/standardized_masks/g1020/image_957.png,data/external/kaggle/glaucoma_fundus_imaging_bundle/G1020/Images/image_957.jpg,data/processed/standardized_masks/g1020/image_957.png,image_957.jpg,image_957.png,multiclass_values_0_1_2,0,1,2,G1020_image_957,True,paired_standardized_and_visual_sample_reviewed,"G1020 image/mask pair matched by file ID; mask standardized to project {0,1,2} convention."
glaucoma_fundus_imaging_bundle,G1020,image_958,data/external/kaggle/glaucoma_fundus_imaging_bundle/G1020/Images/image_958.jpg,data/processed/standardized_masks/g1020/image_958.png,data/external/kaggle/glaucoma_fundus_imaging_bundle/G1020/Images/image_958.jpg,data/processed/standardized_masks/g1020/image_958.png,image_958.jpg,image_958.png,multiclass_values_0_1_2,0,1,2,G1020_image_958,True,paired_standardized_and_visual_sample_reviewed,"G1020 image/mask pair matched by file ID; mask standardized to project {0,1,2} convention."
glaucoma_fundus_imaging_bundle,G1020,image_959,data/external/kaggle/glaucoma_fundus_imaging_bundle/G1020/Images/image_959.jpg,data/processed/standardized_masks/g1020/image_959.png,data/external/kaggle/glaucoma_fundus_imaging_bundle/G1020/Images/image_959.jpg,data/processed/standardized_masks/g1020/image_959.png,image_959.jpg,image_959.png,multiclass_values_0_1_2,0,1,2,G1020_image_959,True,paired_standardized_and_visual_sample_reviewed,"G1020 image/mask pair matched by file ID; mask standardized to project {0,1,2} convention."
glaucoma_fundus_imaging_bundle,G1020,image_964,data/external/kaggle/glaucoma_fundus_imaging_bundle/G1020/Images/image_964.jpg,data/processed/standardized_masks/g1020/image_964.png,data/external/kaggle/glaucoma_fundus_imaging_bundle/G1020/Images/image_964.jpg,data/processed/standardized_masks/g1020/image_964.png,image_964.jpg,image_964.png,multiclass_values_0_1_2,0,1,2,G1020_image_964,True,paired_standardized_and_visual_sample_reviewed,"G1020 image/mask pair matched by file ID; mask standardized to project {0,1,2} convention."
glaucoma_fundus_imaging_bundle,G1020,image_965,data/external/kaggle/glaucoma_fundus_imaging_bundle/G1020/Images/image_965.jpg,data/processed/standardized_masks/g1020/image_965.png,data/external/kaggle/glaucoma_fundus_imaging_bundle/G1020/Images/image_965.jpg,data/processed/standardized_masks/g1020/image_965.png,image_965.jpg,image_965.png,multiclass_values_0_1_2,0,1,2,G1020_image_965,True,paired_standardized_and_visual_sample_reviewed,"G1020 image/mask pair matched by file ID; mask standardized to project {0,1,2} convention."
glaucoma_fundus_imaging_bundle,G1020,image_980,data/external/kaggle/glaucoma_fundus_imaging_bundle/G1020/Images/image_980.jpg,data/processed/standardized_masks/g1020/image_980.png,data/external/kaggle/glaucoma_fundus_imaging_bundle/G1020/Images/image_980.jpg,data/processed/standardized_masks/g1020/image_980.png,image_980.jpg,image_980.png,multiclass_values_0_1_2,0,1,2,G1020_image_980,True,paired_standardized_and_visual_sample_reviewed,"G1020 image/mask pair matched by file ID; mask standardized to project {0,1,2} convention."
glaucoma_fundus_imaging_bundle,G1020,image_981,data/external/kaggle/glaucoma_fundus_imaging_bundle/G1020/Images/image_981.jpg,data/processed/standardized_masks/g1020/image_981.png,data/external/kaggle/glaucoma_fundus_imaging_bundle/G1020/Images/image_981.jpg,data/processed/standardized_masks/g1020/image_981.png,image_981.jpg,image_981.png,multiclass_values_0_1_2,0,1,2,G1020_image_981,True,paired_standardized_and_visual_sample_reviewed,"G1020 image/mask pair matched by file ID; mask standardized to project {0,1,2} convention."
