dataset_key,source_dataset,file_id,image_path,mask_path,image_relative_path,mask_relative_path,image_file_name,mask_file_name,mask_encoding,background_value,structure_value_1,structure_value_2,split_group_id,include_in_first_pass,qa_status,notes,refuge_official_split
glaucoma_fundus_imaging_bundle,REFUGE,g0001,data/external/kaggle/glaucoma_fundus_imaging_bundle/REFUGE/train/Images/g0001.jpg,data/processed/standardized_masks/refuge/train_g0001.png,data/external/kaggle/glaucoma_fundus_imaging_bundle/REFUGE/train/Images/g0001.jpg,data/processed/standardized_masks/refuge/train_g0001.png,g0001.jpg,train_g0001.png,multiclass_values_0_1_2,0,1,2,REFUGE_train_g0001,True,paired_standardized_and_visual_sample_reviewed,"REFUGE image/mask pair matched by file ID within official split; mask standardized to project {0,1,2} convention.",train
glaucoma_fundus_imaging_bundle,REFUGE,g0002,data/external/kaggle/glaucoma_fundus_imaging_bundle/REFUGE/train/Images/g0002.jpg,data/processed/standardized_masks/refuge/train_g0002.png,data/external/kaggle/glaucoma_fundus_imaging_bundle/REFUGE/train/Images/g0002.jpg,data/processed/standardized_masks/refuge/train_g0002.png,g0002.jpg,train_g0002.png,multiclass_values_0_1_2,0,1,2,REFUGE_train_g0002,True,paired_standardized_and_visual_sample_reviewed,"REFUGE image/mask pair matched by file ID within official split; mask standardized to project {0,1,2} convention.",train
glaucoma_fundus_imaging_bundle,REFUGE,g0003,data/external/kaggle/glaucoma_fundus_imaging_bundle/REFUGE/train/Images/g0003.jpg,data/processed/standardized_masks/refuge/train_g0003.png,data/external/kaggle/glaucoma_fundus_imaging_bundle/REFUGE/train/Images/g0003.jpg,data/processed/standardized_masks/refuge/train_g0003.png,g0003.jpg,train_g0003.png,multiclass_values_0_1_2,0,1,2,REFUGE_train_g0003,True,paired_standardized_and_visual_sample_reviewed,"REFUGE image/mask pair matched by file ID within official split; mask standardized to project {0,1,2} convention.",train
glaucoma_fundus_imaging_bundle,REFUGE,g0004,data/external/kaggle/glaucoma_fundus_imaging_bundle/REFUGE/train/Images/g0004.jpg,data/processed/standardized_masks/refuge/train_g0004.png,data/external/kaggle/glaucoma_fundus_imaging_bundle/REFUGE/train/Images/g0004.jpg,data/processed/standardized_masks/refuge/train_g0004.png,g0004.jpg,train_g0004.png,multiclass_values_0_1_2,0,1,2,REFUGE_train_g0004,True,paired_standardized_and_visual_sample_reviewed,"REFUGE image/mask pair matched by file ID within official split; mask standardized to project {0,1,2} convention.",train
glaucoma_fundus_imaging_bundle,REFUGE,g0005,data/external/kaggle/glaucoma_fundus_imaging_bundle/REFUGE/train/Images/g0005.jpg,data/processed/standardized_masks/refuge/train_g0005.png,data/external/kaggle/glaucoma_fundus_imaging_bundle/REFUGE/train/Images/g0005.jpg,data/processed/standardized_masks/refuge/train_g0005.png,g0005.jpg,train_g0005.png,multiclass_values_0_1_2,0,1,2,REFUGE_train_g0005,True,paired_standardized_and_visual_sample_reviewed,"REFUGE image/mask pair matched by file ID within official split; mask standardized to project {0,1,2} convention.",train
glaucoma_fundus_imaging_bundle,REFUGE,g0006,data/external/kaggle/glaucoma_fundus_imaging_bundle/REFUGE/train/Images/g0006.jpg,data/processed/standardized_masks/refuge/train_g0006.png,data/external/kaggle/glaucoma_fundus_imaging_bundle/REFUGE/train/Images/g0006.jpg,data/processed/standardized_masks/refuge/train_g0006.png,g0006.jpg,train_g0006.png,multiclass_values_0_1_2,0,1,2,REFUGE_train_g0006,True,paired_standardized_and_visual_sample_reviewed,"REFUGE image/mask pair matched by file ID within official split; mask standardized to project {0,1,2} convention.",train
glaucoma_fundus_imaging_bundle,REFUGE,g0007,data/external/kaggle/glaucoma_fundus_imaging_bundle/REFUGE/train/Images/g0007.jpg,data/processed/standardized_masks/refuge/train_g0007.png,data/external/kaggle/glaucoma_fundus_imaging_bundle/REFUGE/train/Images/g0007.jpg,data/processed/standardized_masks/refuge/train_g0007.png,g0007.jpg,train_g0007.png,multiclass_values_0_1_2,0,1,2,REFUGE_train_g0007,True,paired_standardized_and_visual_sample_reviewed,"REFUGE image/mask pair matched by file ID within official split; mask standardized to project {0,1,2} convention.",train
glaucoma_fundus_imaging_bundle,REFUGE,g0008,data/external/kaggle/glaucoma_fundus_imaging_bundle/REFUGE/train/Images/g0008.jpg,data/processed/standardized_masks/refuge/train_g0008.png,data/external/kaggle/glaucoma_fundus_imaging_bundle/REFUGE/train/Images/g0008.jpg,data/processed/standardized_masks/refuge/train_g0008.png,g0008.jpg,train_g0008.png,multiclass_values_0_1_2,0,1,2,REFUGE_train_g0008,True,paired_standardized_and_visual_sample_reviewed,"REFUGE image/mask pair matched by file ID within official split; mask standardized to project {0,1,2} convention.",train
glaucoma_fundus_imaging_bundle,REFUGE,g0009,data/external/kaggle/glaucoma_fundus_imaging_bundle/REFUGE/train/Images/g0009.jpg,data/processed/standardized_masks/refuge/train_g0009.png,data/external/kaggle/glaucoma_fundus_imaging_bundle/REFUGE/train/Images/g0009.jpg,data/processed/standardized_masks/refuge/train_g0009.png,g0009.jpg,train_g0009.png,multiclass_values_0_1_2,0,1,2,REFUGE_train_g0009,True,paired_standardized_and_visual_sample_reviewed,"REFUGE image/mask pair matched by file ID within official split; mask standardized to project {0,1,2} convention.",train
glaucoma_fundus_imaging_bundle,REFUGE,g0010,data/external/kaggle/glaucoma_fundus_imaging_bundle/REFUGE/train/Images/g0010.jpg,data/processed/standardized_masks/refuge/train_g0010.png,data/external/kaggle/glaucoma_fundus_imaging_bundle/REFUGE/train/Images/g0010.jpg,data/processed/standardized_masks/refuge/train_g0010.png,g0010.jpg,train_g0010.png,multiclass_values_0_1_2,0,1,2,REFUGE_train_g0010,True,paired_standardized_and_visual_sample_reviewed,"REFUGE image/mask pair matched by file ID within official split; mask standardized to project {0,1,2} convention.",train
glaucoma_fundus_imaging_bundle,REFUGE,g0011,data/external/kaggle/glaucoma_fundus_imaging_bundle/REFUGE/train/Images/g0011.jpg,data/processed/standardized_masks/refuge/train_g0011.png,data/external/kaggle/glaucoma_fundus_imaging_bundle/REFUGE/train/Images/g0011.jpg,data/processed/standardized_masks/refuge/train_g0011.png,g0011.jpg,train_g0011.png,multiclass_values_0_1_2,0,1,2,REFUGE_train_g0011,True,paired_standardized_and_visual_sample_reviewed,"REFUGE image/mask pair matched by file ID within official split; mask standardized to project {0,1,2} convention.",train
glaucoma_fundus_imaging_bundle,REFUGE,g0012,data/external/kaggle/glaucoma_fundus_imaging_bundle/REFUGE/train/Images/g0012.jpg,data/processed/standardized_masks/refuge/train_g0012.png,data/external/kaggle/glaucoma_fundus_imaging_bundle/REFUGE/train/Images/g0012.jpg,data/processed/standardized_masks/refuge/train_g0012.png,g0012.jpg,train_g0012.png,multiclass_values_0_1_2,0,1,2,REFUGE_train_g0012,True,paired_standardized_and_visual_sample_reviewed,"REFUGE image/mask pair matched by file ID within official split; mask standardized to project {0,1,2} convention.",train
glaucoma_fundus_imaging_bundle,REFUGE,g0013,data/external/kaggle/glaucoma_fundus_imaging_bundle/REFUGE/train/Images/g0013.jpg,data/processed/standardized_masks/refuge/train_g0013.png,data/external/kaggle/glaucoma_fundus_imaging_bundle/REFUGE/train/Images/g0013.jpg,data/processed/standardized_masks/refuge/train_g0013.png,g0013.jpg,train_g0013.png,multiclass_values_0_1_2,0,1,2,REFUGE_train_g0013,True,paired_standardized_and_visual_sample_reviewed,"REFUGE image/mask pair matched by file ID within official split; mask standardized to project {0,1,2} convention.",train
glaucoma_fundus_imaging_bundle,REFUGE,g0014,data/external/kaggle/glaucoma_fundus_imaging_bundle/REFUGE/train/Images/g0014.jpg,data/processed/standardized_masks/refuge/train_g0014.png,data/external/kaggle/glaucoma_fundus_imaging_bundle/REFUGE/train/Images/g0014.jpg,data/processed/standardized_masks/refuge/train_g0014.png,g0014.jpg,train_g0014.png,multiclass_values_0_1_2,0,1,2,REFUGE_train_g0014,True,paired_standardized_and_visual_sample_reviewed,"REFUGE image/mask pair matched by file ID within official split; mask standardized to project {0,1,2} convention.",train
glaucoma_fundus_imaging_bundle,REFUGE,g0015,data/external/kaggle/glaucoma_fundus_imaging_bundle/REFUGE/train/Images/g0015.jpg,data/processed/standardized_masks/refuge/train_g0015.png,data/external/kaggle/glaucoma_fundus_imaging_bundle/REFUGE/train/Images/g0015.jpg,data/processed/standardized_masks/refuge/train_g0015.png,g0015.jpg,train_g0015.png,multiclass_values_0_1_2,0,1,2,REFUGE_train_g0015,True,paired_standardized_and_visual_sample_reviewed,"REFUGE image/mask pair matched by file ID within official split; mask standardized to project {0,1,2} convention.",train
glaucoma_fundus_imaging_bundle,REFUGE,g0016,data/external/kaggle/glaucoma_fundus_imaging_bundle/REFUGE/train/Images/g0016.jpg,data/processed/standardized_masks/refuge/train_g0016.png,data/external/kaggle/glaucoma_fundus_imaging_bundle/REFUGE/train/Images/g0016.jpg,data/processed/standardized_masks/refuge/train_g0016.png,g0016.jpg,train_g0016.png,multiclass_values_0_1_2,0,1,2,REFUGE_train_g0016,True,paired_standardized_and_visual_sample_reviewed,"REFUGE image/mask pair matched by file ID within official split; mask standardized to project {0,1,2} convention.",train
glaucoma_fundus_imaging_bundle,REFUGE,g0017,data/external/kaggle/glaucoma_fundus_imaging_bundle/REFUGE/train/Images/g0017.jpg,data/processed/standardized_masks/refuge/train_g0017.png,data/external/kaggle/glaucoma_fundus_imaging_bundle/REFUGE/train/Images/g0017.jpg,data/processed/standardized_masks/refuge/train_g0017.png,g0017.jpg,train_g0017.png,multiclass_values_0_1_2,0,1,2,REFUGE_train_g0017,True,paired_standardized_and_visual_sample_reviewed,"REFUGE image/mask pair matched by file ID within official split; mask standardized to project {0,1,2} convention.",train
glaucoma_fundus_imaging_bundle,REFUGE,g0018,data/external/kaggle/glaucoma_fundus_imaging_bundle/REFUGE/train/Images/g0018.jpg,data/processed/standardized_masks/refuge/train_g0018.png,data/external/kaggle/glaucoma_fundus_imaging_bundle/REFUGE/train/Images/g0018.jpg,data/processed/standardized_masks/refuge/train_g0018.png,g0018.jpg,train_g0018.png,multiclass_values_0_1_2,0,1,2,REFUGE_train_g0018,True,paired_standardized_and_visual_sample_reviewed,"REFUGE image/mask pair matched by file ID within official split; mask standardized to project {0,1,2} convention.",train
glaucoma_fundus_imaging_bundle,REFUGE,g0019,data/external/kaggle/glaucoma_fundus_imaging_bundle/REFUGE/train/Images/g0019.jpg,data/processed/standardized_masks/refuge/train_g0019.png,data/external/kaggle/glaucoma_fundus_imaging_bundle/REFUGE/train/Images/g0019.jpg,data/processed/standardized_masks/refuge/train_g0019.png,g0019.jpg,train_g0019.png,multiclass_values_0_1_2,0,1,2,REFUGE_train_g0019,True,paired_standardized_and_visual_sample_reviewed,"REFUGE image/mask pair matched by file ID within official split; mask standardized to project {0,1,2} convention.",train
glaucoma_fundus_imaging_bundle,REFUGE,g0020,data/external/kaggle/glaucoma_fundus_imaging_bundle/REFUGE/train/Images/g0020.jpg,data/processed/standardized_masks/refuge/train_g0020.png,data/external/kaggle/glaucoma_fundus_imaging_bundle/REFUGE/train/Images/g0020.jpg,data/processed/standardized_masks/refuge/train_g0020.png,g0020.jpg,train_g0020.png,multiclass_values_0_1_2,0,1,2,REFUGE_train_g0020,True,paired_standardized_and_visual_sample_reviewed,"REFUGE image/mask pair matched by file ID within official split; mask standardized to project {0,1,2} convention.",train
glaucoma_fundus_imaging_bundle,REFUGE,g0021,data/external/kaggle/glaucoma_fundus_imaging_bundle/REFUGE/train/Images/g0021.jpg,data/processed/standardized_masks/refuge/train_g0021.png,data/external/kaggle/glaucoma_fundus_imaging_bundle/REFUGE/train/Images/g0021.jpg,data/processed/standardized_masks/refuge/train_g0021.png,g0021.jpg,train_g0021.png,multiclass_values_0_1_2,0,1,2,REFUGE_train_g0021,True,paired_standardized_and_visual_sample_reviewed,"REFUGE image/mask pair matched by file ID within official split; mask standardized to project {0,1,2} convention.",train
glaucoma_fundus_imaging_bundle,REFUGE,g0022,data/external/kaggle/glaucoma_fundus_imaging_bundle/REFUGE/train/Images/g0022.jpg,data/processed/standardized_masks/refuge/train_g0022.png,data/external/kaggle/glaucoma_fundus_imaging_bundle/REFUGE/train/Images/g0022.jpg,data/processed/standardized_masks/refuge/train_g0022.png,g0022.jpg,train_g0022.png,multiclass_values_0_1_2,0,1,2,REFUGE_train_g0022,True,paired_standardized_and_visual_sample_reviewed,"REFUGE image/mask pair matched by file ID within official split; mask standardized to project {0,1,2} convention.",train
glaucoma_fundus_imaging_bundle,REFUGE,g0023,data/external/kaggle/glaucoma_fundus_imaging_bundle/REFUGE/train/Images/g0023.jpg,data/processed/standardized_masks/refuge/train_g0023.png,data/external/kaggle/glaucoma_fundus_imaging_bundle/REFUGE/train/Images/g0023.jpg,data/processed/standardized_masks/refuge/train_g0023.png,g0023.jpg,train_g0023.png,multiclass_values_0_1_2,0,1,2,REFUGE_train_g0023,True,paired_standardized_and_visual_sample_reviewed,"REFUGE image/mask pair matched by file ID within official split; mask standardized to project {0,1,2} convention.",train
glaucoma_fundus_imaging_bundle,REFUGE,g0024,data/external/kaggle/glaucoma_fundus_imaging_bundle/REFUGE/train/Images/g0024.jpg,data/processed/standardized_masks/refuge/train_g0024.png,data/external/kaggle/glaucoma_fundus_imaging_bundle/REFUGE/train/Images/g0024.jpg,data/processed/standardized_masks/refuge/train_g0024.png,g0024.jpg,train_g0024.png,multiclass_values_0_1_2,0,1,2,REFUGE_train_g0024,True,paired_standardized_and_visual_sample_reviewed,"REFUGE image/mask pair matched by file ID within official split; mask standardized to project {0,1,2} convention.",train
glaucoma_fundus_imaging_bundle,REFUGE,g0025,data/external/kaggle/glaucoma_fundus_imaging_bundle/REFUGE/train/Images/g0025.jpg,data/processed/standardized_masks/refuge/train_g0025.png,data/external/kaggle/glaucoma_fundus_imaging_bundle/REFUGE/train/Images/g0025.jpg,data/processed/standardized_masks/refuge/train_g0025.png,g0025.jpg,train_g0025.png,multiclass_values_0_1_2,0,1,2,REFUGE_train_g0025,True,paired_standardized_and_visual_sample_reviewed,"REFUGE image/mask pair matched by file ID within official split; mask standardized to project {0,1,2} convention.",train
glaucoma_fundus_imaging_bundle,REFUGE,g0026,data/external/kaggle/glaucoma_fundus_imaging_bundle/REFUGE/train/Images/g0026.jpg,data/processed/standardized_masks/refuge/train_g0026.png,data/external/kaggle/glaucoma_fundus_imaging_bundle/REFUGE/train/Images/g0026.jpg,data/processed/standardized_masks/refuge/train_g0026.png,g0026.jpg,train_g0026.png,multiclass_values_0_1_2,0,1,2,REFUGE_train_g0026,True,paired_standardized_and_visual_sample_reviewed,"REFUGE image/mask pair matched by file ID within official split; mask standardized to project {0,1,2} convention.",train
glaucoma_fundus_imaging_bundle,REFUGE,g0027,data/external/kaggle/glaucoma_fundus_imaging_bundle/REFUGE/train/Images/g0027.jpg,data/processed/standardized_masks/refuge/train_g0027.png,data/external/kaggle/glaucoma_fundus_imaging_bundle/REFUGE/train/Images/g0027.jpg,data/processed/standardized_masks/refuge/train_g0027.png,g0027.jpg,train_g0027.png,multiclass_values_0_1_2,0,1,2,REFUGE_train_g0027,True,paired_standardized_and_visual_sample_reviewed,"REFUGE image/mask pair matched by file ID within official split; mask standardized to project {0,1,2} convention.",train
glaucoma_fundus_imaging_bundle,REFUGE,g0028,data/external/kaggle/glaucoma_fundus_imaging_bundle/REFUGE/train/Images/g0028.jpg,data/processed/standardized_masks/refuge/train_g0028.png,data/external/kaggle/glaucoma_fundus_imaging_bundle/REFUGE/train/Images/g0028.jpg,data/processed/standardized_masks/refuge/train_g0028.png,g0028.jpg,train_g0028.png,multiclass_values_0_1_2,0,1,2,REFUGE_train_g0028,True,paired_standardized_and_visual_sample_reviewed,"REFUGE image/mask pair matched by file ID within official split; mask standardized to project {0,1,2} convention.",train
glaucoma_fundus_imaging_bundle,REFUGE,g0029,data/external/kaggle/glaucoma_fundus_imaging_bundle/REFUGE/train/Images/g0029.jpg,data/processed/standardized_masks/refuge/train_g0029.png,data/external/kaggle/glaucoma_fundus_imaging_bundle/REFUGE/train/Images/g0029.jpg,data/processed/standardized_masks/refuge/train_g0029.png,g0029.jpg,train_g0029.png,multiclass_values_0_1_2,0,1,2,REFUGE_train_g0029,True,paired_standardized_and_visual_sample_reviewed,"REFUGE image/mask pair matched by file ID within official split; mask standardized to project {0,1,2} convention.",train
glaucoma_fundus_imaging_bundle,REFUGE,g0030,data/external/kaggle/glaucoma_fundus_imaging_bundle/REFUGE/train/Images/g0030.jpg,data/processed/standardized_masks/refuge/train_g0030.png,data/external/kaggle/glaucoma_fundus_imaging_bundle/REFUGE/train/Images/g0030.jpg,data/processed/standardized_masks/refuge/train_g0030.png,g0030.jpg,train_g0030.png,multiclass_values_0_1_2,0,1,2,REFUGE_train_g0030,True,paired_standardized_and_visual_sample_reviewed,"REFUGE image/mask pair matched by file ID within official split; mask standardized to project {0,1,2} convention.",train
glaucoma_fundus_imaging_bundle,REFUGE,g0031,data/external/kaggle/glaucoma_fundus_imaging_bundle/REFUGE/train/Images/g0031.jpg,data/processed/standardized_masks/refuge/train_g0031.png,data/external/kaggle/glaucoma_fundus_imaging_bundle/REFUGE/train/Images/g0031.jpg,data/processed/standardized_masks/refuge/train_g0031.png,g0031.jpg,train_g0031.png,multiclass_values_0_1_2,0,1,2,REFUGE_train_g0031,True,paired_standardized_and_visual_sample_reviewed,"REFUGE image/mask pair matched by file ID within official split; mask standardized to project {0,1,2} convention.",train
glaucoma_fundus_imaging_bundle,REFUGE,g0032,data/external/kaggle/glaucoma_fundus_imaging_bundle/REFUGE/train/Images/g0032.jpg,data/processed/standardized_masks/refuge/train_g0032.png,data/external/kaggle/glaucoma_fundus_imaging_bundle/REFUGE/train/Images/g0032.jpg,data/processed/standardized_masks/refuge/train_g0032.png,g0032.jpg,train_g0032.png,multiclass_values_0_1_2,0,1,2,REFUGE_train_g0032,True,paired_standardized_and_visual_sample_reviewed,"REFUGE image/mask pair matched by file ID within official split; mask standardized to project {0,1,2} convention.",train
glaucoma_fundus_imaging_bundle,REFUGE,g0033,data/external/kaggle/glaucoma_fundus_imaging_bundle/REFUGE/train/Images/g0033.jpg,data/processed/standardized_masks/refuge/train_g0033.png,data/external/kaggle/glaucoma_fundus_imaging_bundle/REFUGE/train/Images/g0033.jpg,data/processed/standardized_masks/refuge/train_g0033.png,g0033.jpg,train_g0033.png,multiclass_values_0_1_2,0,1,2,REFUGE_train_g0033,True,paired_standardized_and_visual_sample_reviewed,"REFUGE image/mask pair matched by file ID within official split; mask standardized to project {0,1,2} convention.",train
glaucoma_fundus_imaging_bundle,REFUGE,g0034,data/external/kaggle/glaucoma_fundus_imaging_bundle/REFUGE/train/Images/g0034.jpg,data/processed/standardized_masks/refuge/train_g0034.png,data/external/kaggle/glaucoma_fundus_imaging_bundle/REFUGE/train/Images/g0034.jpg,data/processed/standardized_masks/refuge/train_g0034.png,g0034.jpg,train_g0034.png,multiclass_values_0_1_2,0,1,2,REFUGE_train_g0034,True,paired_standardized_and_visual_sample_reviewed,"REFUGE image/mask pair matched by file ID within official split; mask standardized to project {0,1,2} convention.",train
glaucoma_fundus_imaging_bundle,REFUGE,g0035,data/external/kaggle/glaucoma_fundus_imaging_bundle/REFUGE/train/Images/g0035.jpg,data/processed/standardized_masks/refuge/train_g0035.png,data/external/kaggle/glaucoma_fundus_imaging_bundle/REFUGE/train/Images/g0035.jpg,data/processed/standardized_masks/refuge/train_g0035.png,g0035.jpg,train_g0035.png,multiclass_values_0_1_2,0,1,2,REFUGE_train_g0035,True,paired_standardized_and_visual_sample_reviewed,"REFUGE image/mask pair matched by file ID within official split; mask standardized to project {0,1,2} convention.",train
glaucoma_fundus_imaging_bundle,REFUGE,g0036,data/external/kaggle/glaucoma_fundus_imaging_bundle/REFUGE/train/Images/g0036.jpg,data/processed/standardized_masks/refuge/train_g0036.png,data/external/kaggle/glaucoma_fundus_imaging_bundle/REFUGE/train/Images/g0036.jpg,data/processed/standardized_masks/refuge/train_g0036.png,g0036.jpg,train_g0036.png,multiclass_values_0_1_2,0,1,2,REFUGE_train_g0036,True,paired_standardized_and_visual_sample_reviewed,"REFUGE image/mask pair matched by file ID within official split; mask standardized to project {0,1,2} convention.",train
glaucoma_fundus_imaging_bundle,REFUGE,g0037,data/external/kaggle/glaucoma_fundus_imaging_bundle/REFUGE/train/Images/g0037.jpg,data/processed/standardized_masks/refuge/train_g0037.png,data/external/kaggle/glaucoma_fundus_imaging_bundle/REFUGE/train/Images/g0037.jpg,data/processed/standardized_masks/refuge/train_g0037.png,g0037.jpg,train_g0037.png,multiclass_values_0_1_2,0,1,2,REFUGE_train_g0037,True,paired_standardized_and_visual_sample_reviewed,"REFUGE image/mask pair matched by file ID within official split; mask standardized to project {0,1,2} convention.",train
glaucoma_fundus_imaging_bundle,REFUGE,g0038,data/external/kaggle/glaucoma_fundus_imaging_bundle/REFUGE/train/Images/g0038.jpg,data/processed/standardized_masks/refuge/train_g0038.png,data/external/kaggle/glaucoma_fundus_imaging_bundle/REFUGE/train/Images/g0038.jpg,data/processed/standardized_masks/refuge/train_g0038.png,g0038.jpg,train_g0038.png,multiclass_values_0_1_2,0,1,2,REFUGE_train_g0038,True,paired_standardized_and_visual_sample_reviewed,"REFUGE image/mask pair matched by file ID within official split; mask standardized to project {0,1,2} convention.",train
glaucoma_fundus_imaging_bundle,REFUGE,g0039,data/external/kaggle/glaucoma_fundus_imaging_bundle/REFUGE/train/Images/g0039.jpg,data/processed/standardized_masks/refuge/train_g0039.png,data/external/kaggle/glaucoma_fundus_imaging_bundle/REFUGE/train/Images/g0039.jpg,data/processed/standardized_masks/refuge/train_g0039.png,g0039.jpg,train_g0039.png,multiclass_values_0_1_2,0,1,2,REFUGE_train_g0039,True,paired_standardized_and_visual_sample_reviewed,"REFUGE image/mask pair matched by file ID within official split; mask standardized to project {0,1,2} convention.",train
glaucoma_fundus_imaging_bundle,REFUGE,g0040,data/external/kaggle/glaucoma_fundus_imaging_bundle/REFUGE/train/Images/g0040.jpg,data/processed/standardized_masks/refuge/train_g0040.png,data/external/kaggle/glaucoma_fundus_imaging_bundle/REFUGE/train/Images/g0040.jpg,data/processed/standardized_masks/refuge/train_g0040.png,g0040.jpg,train_g0040.png,multiclass_values_0_1_2,0,1,2,REFUGE_train_g0040,True,paired_standardized_and_visual_sample_reviewed,"REFUGE image/mask pair matched by file ID within official split; mask standardized to project {0,1,2} convention.",train
glaucoma_fundus_imaging_bundle,REFUGE,n0001,data/external/kaggle/glaucoma_fundus_imaging_bundle/REFUGE/train/Images/n0001.jpg,data/processed/standardized_masks/refuge/train_n0001.png,data/external/kaggle/glaucoma_fundus_imaging_bundle/REFUGE/train/Images/n0001.jpg,data/processed/standardized_masks/refuge/train_n0001.png,n0001.jpg,train_n0001.png,multiclass_values_0_1_2,0,1,2,REFUGE_train_n0001,True,paired_standardized_and_visual_sample_reviewed,"REFUGE image/mask pair matched by file ID within official split; mask standardized to project {0,1,2} convention.",train
glaucoma_fundus_imaging_bundle,REFUGE,n0002,data/external/kaggle/glaucoma_fundus_imaging_bundle/REFUGE/train/Images/n0002.jpg,data/processed/standardized_masks/refuge/train_n0002.png,data/external/kaggle/glaucoma_fundus_imaging_bundle/REFUGE/train/Images/n0002.jpg,data/processed/standardized_masks/refuge/train_n0002.png,n0002.jpg,train_n0002.png,multiclass_values_0_1_2,0,1,2,REFUGE_train_n0002,True,paired_standardized_and_visual_sample_reviewed,"REFUGE image/mask pair matched by file ID within official split; mask standardized to project {0,1,2} convention.",train
glaucoma_fundus_imaging_bundle,REFUGE,n0003,data/external/kaggle/glaucoma_fundus_imaging_bundle/REFUGE/train/Images/n0003.jpg,data/processed/standardized_masks/refuge/train_n0003.png,data/external/kaggle/glaucoma_fundus_imaging_bundle/REFUGE/train/Images/n0003.jpg,data/processed/standardized_masks/refuge/train_n0003.png,n0003.jpg,train_n0003.png,multiclass_values_0_1_2,0,1,2,REFUGE_train_n0003,True,paired_standardized_and_visual_sample_reviewed,"REFUGE image/mask pair matched by file ID within official split; mask standardized to project {0,1,2} convention.",train
glaucoma_fundus_imaging_bundle,REFUGE,n0004,data/external/kaggle/glaucoma_fundus_imaging_bundle/REFUGE/train/Images/n0004.jpg,data/processed/standardized_masks/refuge/train_n0004.png,data/external/kaggle/glaucoma_fundus_imaging_bundle/REFUGE/train/Images/n0004.jpg,data/processed/standardized_masks/refuge/train_n0004.png,n0004.jpg,train_n0004.png,multiclass_values_0_1_2,0,1,2,REFUGE_train_n0004,True,paired_standardized_and_visual_sample_reviewed,"REFUGE image/mask pair matched by file ID within official split; mask standardized to project {0,1,2} convention.",train
glaucoma_fundus_imaging_bundle,REFUGE,n0005,data/external/kaggle/glaucoma_fundus_imaging_bundle/REFUGE/train/Images/n0005.jpg,data/processed/standardized_masks/refuge/train_n0005.png,data/external/kaggle/glaucoma_fundus_imaging_bundle/REFUGE/train/Images/n0005.jpg,data/processed/standardized_masks/refuge/train_n0005.png,n0005.jpg,train_n0005.png,multiclass_values_0_1_2,0,1,2,REFUGE_train_n0005,True,paired_standardized_and_visual_sample_reviewed,"REFUGE image/mask pair matched by file ID within official split; mask standardized to project {0,1,2} convention.",train
glaucoma_fundus_imaging_bundle,REFUGE,n0006,data/external/kaggle/glaucoma_fundus_imaging_bundle/REFUGE/train/Images/n0006.jpg,data/processed/standardized_masks/refuge/train_n0006.png,data/external/kaggle/glaucoma_fundus_imaging_bundle/REFUGE/train/Images/n0006.jpg,data/processed/standardized_masks/refuge/train_n0006.png,n0006.jpg,train_n0006.png,multiclass_values_0_1_2,0,1,2,REFUGE_train_n0006,True,paired_standardized_and_visual_sample_reviewed,"REFUGE image/mask pair matched by file ID within official split; mask standardized to project {0,1,2} convention.",train
glaucoma_fundus_imaging_bundle,REFUGE,n0007,data/external/kaggle/glaucoma_fundus_imaging_bundle/REFUGE/train/Images/n0007.jpg,data/processed/standardized_masks/refuge/train_n0007.png,data/external/kaggle/glaucoma_fundus_imaging_bundle/REFUGE/train/Images/n0007.jpg,data/processed/standardized_masks/refuge/train_n0007.png,n0007.jpg,train_n0007.png,multiclass_values_0_1_2,0,1,2,REFUGE_train_n0007,True,paired_standardized_and_visual_sample_reviewed,"REFUGE image/mask pair matched by file ID within official split; mask standardized to project {0,1,2} convention.",train
glaucoma_fundus_imaging_bundle,REFUGE,n0008,data/external/kaggle/glaucoma_fundus_imaging_bundle/REFUGE/train/Images/n0008.jpg,data/processed/standardized_masks/refuge/train_n0008.png,data/external/kaggle/glaucoma_fundus_imaging_bundle/REFUGE/train/Images/n0008.jpg,data/processed/standardized_masks/refuge/train_n0008.png,n0008.jpg,train_n0008.png,multiclass_values_0_1_2,0,1,2,REFUGE_train_n0008,True,paired_standardized_and_visual_sample_reviewed,"REFUGE image/mask pair matched by file ID within official split; mask standardized to project {0,1,2} convention.",train
glaucoma_fundus_imaging_bundle,REFUGE,n0009,data/external/kaggle/glaucoma_fundus_imaging_bundle/REFUGE/train/Images/n0009.jpg,data/processed/standardized_masks/refuge/train_n0009.png,data/external/kaggle/glaucoma_fundus_imaging_bundle/REFUGE/train/Images/n0009.jpg,data/processed/standardized_masks/refuge/train_n0009.png,n0009.jpg,train_n0009.png,multiclass_values_0_1_2,0,1,2,REFUGE_train_n0009,True,paired_standardized_and_visual_sample_reviewed,"REFUGE image/mask pair matched by file ID within official split; mask standardized to project {0,1,2} convention.",train
glaucoma_fundus_imaging_bundle,REFUGE,n0010,data/external/kaggle/glaucoma_fundus_imaging_bundle/REFUGE/train/Images/n0010.jpg,data/processed/standardized_masks/refuge/train_n0010.png,data/external/kaggle/glaucoma_fundus_imaging_bundle/REFUGE/train/Images/n0010.jpg,data/processed/standardized_masks/refuge/train_n0010.png,n0010.jpg,train_n0010.png,multiclass_values_0_1_2,0,1,2,REFUGE_train_n0010,True,paired_standardized_and_visual_sample_reviewed,"REFUGE image/mask pair matched by file ID within official split; mask standardized to project {0,1,2} convention.",train
glaucoma_fundus_imaging_bundle,REFUGE,n0011,data/external/kaggle/glaucoma_fundus_imaging_bundle/REFUGE/train/Images/n0011.jpg,data/processed/standardized_masks/refuge/train_n0011.png,data/external/kaggle/glaucoma_fundus_imaging_bundle/REFUGE/train/Images/n0011.jpg,data/processed/standardized_masks/refuge/train_n0011.png,n0011.jpg,train_n0011.png,multiclass_values_0_1_2,0,1,2,REFUGE_train_n0011,True,paired_standardized_and_visual_sample_reviewed,"REFUGE image/mask pair matched by file ID within official split; mask standardized to project {0,1,2} convention.",train
glaucoma_fundus_imaging_bundle,REFUGE,n0012,data/external/kaggle/glaucoma_fundus_imaging_bundle/REFUGE/train/Images/n0012.jpg,data/processed/standardized_masks/refuge/train_n0012.png,data/external/kaggle/glaucoma_fundus_imaging_bundle/REFUGE/train/Images/n0012.jpg,data/processed/standardized_masks/refuge/train_n0012.png,n0012.jpg,train_n0012.png,multiclass_values_0_1_2,0,1,2,REFUGE_train_n0012,True,paired_standardized_and_visual_sample_reviewed,"REFUGE image/mask pair matched by file ID within official split; mask standardized to project {0,1,2} convention.",train
glaucoma_fundus_imaging_bundle,REFUGE,n0013,data/external/kaggle/glaucoma_fundus_imaging_bundle/REFUGE/train/Images/n0013.jpg,data/processed/standardized_masks/refuge/train_n0013.png,data/external/kaggle/glaucoma_fundus_imaging_bundle/REFUGE/train/Images/n0013.jpg,data/processed/standardized_masks/refuge/train_n0013.png,n0013.jpg,train_n0013.png,multiclass_values_0_1_2,0,1,2,REFUGE_train_n0013,True,paired_standardized_and_visual_sample_reviewed,"REFUGE image/mask pair matched by file ID within official split; mask standardized to project {0,1,2} convention.",train
glaucoma_fundus_imaging_bundle,REFUGE,n0014,data/external/kaggle/glaucoma_fundus_imaging_bundle/REFUGE/train/Images/n0014.jpg,data/processed/standardized_masks/refuge/train_n0014.png,data/external/kaggle/glaucoma_fundus_imaging_bundle/REFUGE/train/Images/n0014.jpg,data/processed/standardized_masks/refuge/train_n0014.png,n0014.jpg,train_n0014.png,multiclass_values_0_1_2,0,1,2,REFUGE_train_n0014,True,paired_standardized_and_visual_sample_reviewed,"REFUGE image/mask pair matched by file ID within official split; mask standardized to project {0,1,2} convention.",train
glaucoma_fundus_imaging_bundle,REFUGE,n0015,data/external/kaggle/glaucoma_fundus_imaging_bundle/REFUGE/train/Images/n0015.jpg,data/processed/standardized_masks/refuge/train_n0015.png,data/external/kaggle/glaucoma_fundus_imaging_bundle/REFUGE/train/Images/n0015.jpg,data/processed/standardized_masks/refuge/train_n0015.png,n0015.jpg,train_n0015.png,multiclass_values_0_1_2,0,1,2,REFUGE_train_n0015,True,paired_standardized_and_visual_sample_reviewed,"REFUGE image/mask pair matched by file ID within official split; mask standardized to project {0,1,2} convention.",train
glaucoma_fundus_imaging_bundle,REFUGE,n0016,data/external/kaggle/glaucoma_fundus_imaging_bundle/REFUGE/train/Images/n0016.jpg,data/processed/standardized_masks/refuge/train_n0016.png,data/external/kaggle/glaucoma_fundus_imaging_bundle/REFUGE/train/Images/n0016.jpg,data/processed/standardized_masks/refuge/train_n0016.png,n0016.jpg,train_n0016.png,multiclass_values_0_1_2,0,1,2,REFUGE_train_n0016,True,paired_standardized_and_visual_sample_reviewed,"REFUGE image/mask pair matched by file ID within official split; mask standardized to project {0,1,2} convention.",train
glaucoma_fundus_imaging_bundle,REFUGE,n0017,data/external/kaggle/glaucoma_fundus_imaging_bundle/REFUGE/train/Images/n0017.jpg,data/processed/standardized_masks/refuge/train_n0017.png,data/external/kaggle/glaucoma_fundus_imaging_bundle/REFUGE/train/Images/n0017.jpg,data/processed/standardized_masks/refuge/train_n0017.png,n0017.jpg,train_n0017.png,multiclass_values_0_1_2,0,1,2,REFUGE_train_n0017,True,paired_standardized_and_visual_sample_reviewed,"REFUGE image/mask pair matched by file ID within official split; mask standardized to project {0,1,2} convention.",train
glaucoma_fundus_imaging_bundle,REFUGE,n0018,data/external/kaggle/glaucoma_fundus_imaging_bundle/REFUGE/train/Images/n0018.jpg,data/processed/standardized_masks/refuge/train_n0018.png,data/external/kaggle/glaucoma_fundus_imaging_bundle/REFUGE/train/Images/n0018.jpg,data/processed/standardized_masks/refuge/train_n0018.png,n0018.jpg,train_n0018.png,multiclass_values_0_1_2,0,1,2,REFUGE_train_n0018,True,paired_standardized_and_visual_sample_reviewed,"REFUGE image/mask pair matched by file ID within official split; mask standardized to project {0,1,2} convention.",train
glaucoma_fundus_imaging_bundle,REFUGE,n0019,data/external/kaggle/glaucoma_fundus_imaging_bundle/REFUGE/train/Images/n0019.jpg,data/processed/standardized_masks/refuge/train_n0019.png,data/external/kaggle/glaucoma_fundus_imaging_bundle/REFUGE/train/Images/n0019.jpg,data/processed/standardized_masks/refuge/train_n0019.png,n0019.jpg,train_n0019.png,multiclass_values_0_1_2,0,1,2,REFUGE_train_n0019,True,paired_standardized_and_visual_sample_reviewed,"REFUGE image/mask pair matched by file ID within official split; mask standardized to project {0,1,2} convention.",train
glaucoma_fundus_imaging_bundle,REFUGE,n0020,data/external/kaggle/glaucoma_fundus_imaging_bundle/REFUGE/train/Images/n0020.jpg,data/processed/standardized_masks/refuge/train_n0020.png,data/external/kaggle/glaucoma_fundus_imaging_bundle/REFUGE/train/Images/n0020.jpg,data/processed/standardized_masks/refuge/train_n0020.png,n0020.jpg,train_n0020.png,multiclass_values_0_1_2,0,1,2,REFUGE_train_n0020,True,paired_standardized_and_visual_sample_reviewed,"REFUGE image/mask pair matched by file ID within official split; mask standardized to project {0,1,2} convention.",train
glaucoma_fundus_imaging_bundle,REFUGE,n0021,data/external/kaggle/glaucoma_fundus_imaging_bundle/REFUGE/train/Images/n0021.jpg,data/processed/standardized_masks/refuge/train_n0021.png,data/external/kaggle/glaucoma_fundus_imaging_bundle/REFUGE/train/Images/n0021.jpg,data/processed/standardized_masks/refuge/train_n0021.png,n0021.jpg,train_n0021.png,multiclass_values_0_1_2,0,1,2,REFUGE_train_n0021,True,paired_standardized_and_visual_sample_reviewed,"REFUGE image/mask pair matched by file ID within official split; mask standardized to project {0,1,2} convention.",train
glaucoma_fundus_imaging_bundle,REFUGE,n0022,data/external/kaggle/glaucoma_fundus_imaging_bundle/REFUGE/train/Images/n0022.jpg,data/processed/standardized_masks/refuge/train_n0022.png,data/external/kaggle/glaucoma_fundus_imaging_bundle/REFUGE/train/Images/n0022.jpg,data/processed/standardized_masks/refuge/train_n0022.png,n0022.jpg,train_n0022.png,multiclass_values_0_1_2,0,1,2,REFUGE_train_n0022,True,paired_standardized_and_visual_sample_reviewed,"REFUGE image/mask pair matched by file ID within official split; mask standardized to project {0,1,2} convention.",train
glaucoma_fundus_imaging_bundle,REFUGE,n0023,data/external/kaggle/glaucoma_fundus_imaging_bundle/REFUGE/train/Images/n0023.jpg,data/processed/standardized_masks/refuge/train_n0023.png,data/external/kaggle/glaucoma_fundus_imaging_bundle/REFUGE/train/Images/n0023.jpg,data/processed/standardized_masks/refuge/train_n0023.png,n0023.jpg,train_n0023.png,multiclass_values_0_1_2,0,1,2,REFUGE_train_n0023,True,paired_standardized_and_visual_sample_reviewed,"REFUGE image/mask pair matched by file ID within official split; mask standardized to project {0,1,2} convention.",train
glaucoma_fundus_imaging_bundle,REFUGE,n0024,data/external/kaggle/glaucoma_fundus_imaging_bundle/REFUGE/train/Images/n0024.jpg,data/processed/standardized_masks/refuge/train_n0024.png,data/external/kaggle/glaucoma_fundus_imaging_bundle/REFUGE/train/Images/n0024.jpg,data/processed/standardized_masks/refuge/train_n0024.png,n0024.jpg,train_n0024.png,multiclass_values_0_1_2,0,1,2,REFUGE_train_n0024,True,paired_standardized_and_visual_sample_reviewed,"REFUGE image/mask pair matched by file ID within official split; mask standardized to project {0,1,2} convention.",train
glaucoma_fundus_imaging_bundle,REFUGE,n0025,data/external/kaggle/glaucoma_fundus_imaging_bundle/REFUGE/train/Images/n0025.jpg,data/processed/standardized_masks/refuge/train_n0025.png,data/external/kaggle/glaucoma_fundus_imaging_bundle/REFUGE/train/Images/n0025.jpg,data/processed/standardized_masks/refuge/train_n0025.png,n0025.jpg,train_n0025.png,multiclass_values_0_1_2,0,1,2,REFUGE_train_n0025,True,paired_standardized_and_visual_sample_reviewed,"REFUGE image/mask pair matched by file ID within official split; mask standardized to project {0,1,2} convention.",train
glaucoma_fundus_imaging_bundle,REFUGE,n0026,data/external/kaggle/glaucoma_fundus_imaging_bundle/REFUGE/train/Images/n0026.jpg,data/processed/standardized_masks/refuge/train_n0026.png,data/external/kaggle/glaucoma_fundus_imaging_bundle/REFUGE/train/Images/n0026.jpg,data/processed/standardized_masks/refuge/train_n0026.png,n0026.jpg,train_n0026.png,multiclass_values_0_1_2,0,1,2,REFUGE_train_n0026,True,paired_standardized_and_visual_sample_reviewed,"REFUGE image/mask pair matched by file ID within official split; mask standardized to project {0,1,2} convention.",train
glaucoma_fundus_imaging_bundle,REFUGE,n0027,data/external/kaggle/glaucoma_fundus_imaging_bundle/REFUGE/train/Images/n0027.jpg,data/processed/standardized_masks/refuge/train_n0027.png,data/external/kaggle/glaucoma_fundus_imaging_bundle/REFUGE/train/Images/n0027.jpg,data/processed/standardized_masks/refuge/train_n0027.png,n0027.jpg,train_n0027.png,multiclass_values_0_1_2,0,1,2,REFUGE_train_n0027,True,paired_standardized_and_visual_sample_reviewed,"REFUGE image/mask pair matched by file ID within official split; mask standardized to project {0,1,2} convention.",train
glaucoma_fundus_imaging_bundle,REFUGE,n0028,data/external/kaggle/glaucoma_fundus_imaging_bundle/REFUGE/train/Images/n0028.jpg,data/processed/standardized_masks/refuge/train_n0028.png,data/external/kaggle/glaucoma_fundus_imaging_bundle/REFUGE/train/Images/n0028.jpg,data/processed/standardized_masks/refuge/train_n0028.png,n0028.jpg,train_n0028.png,multiclass_values_0_1_2,0,1,2,REFUGE_train_n0028,True,paired_standardized_and_visual_sample_reviewed,"REFUGE image/mask pair matched by file ID within official split; mask standardized to project {0,1,2} convention.",train
glaucoma_fundus_imaging_bundle,REFUGE,n0029,data/external/kaggle/glaucoma_fundus_imaging_bundle/REFUGE/train/Images/n0029.jpg,data/processed/standardized_masks/refuge/train_n0029.png,data/external/kaggle/glaucoma_fundus_imaging_bundle/REFUGE/train/Images/n0029.jpg,data/processed/standardized_masks/refuge/train_n0029.png,n0029.jpg,train_n0029.png,multiclass_values_0_1_2,0,1,2,REFUGE_train_n0029,True,paired_standardized_and_visual_sample_reviewed,"REFUGE image/mask pair matched by file ID within official split; mask standardized to project {0,1,2} convention.",train
glaucoma_fundus_imaging_bundle,REFUGE,n0030,data/external/kaggle/glaucoma_fundus_imaging_bundle/REFUGE/train/Images/n0030.jpg,data/processed/standardized_masks/refuge/train_n0030.png,data/external/kaggle/glaucoma_fundus_imaging_bundle/REFUGE/train/Images/n0030.jpg,data/processed/standardized_masks/refuge/train_n0030.png,n0030.jpg,train_n0030.png,multiclass_values_0_1_2,0,1,2,REFUGE_train_n0030,True,paired_standardized_and_visual_sample_reviewed,"REFUGE image/mask pair matched by file ID within official split; mask standardized to project {0,1,2} convention.",train
glaucoma_fundus_imaging_bundle,REFUGE,n0031,data/external/kaggle/glaucoma_fundus_imaging_bundle/REFUGE/train/Images/n0031.jpg,data/processed/standardized_masks/refuge/train_n0031.png,data/external/kaggle/glaucoma_fundus_imaging_bundle/REFUGE/train/Images/n0031.jpg,data/processed/standardized_masks/refuge/train_n0031.png,n0031.jpg,train_n0031.png,multiclass_values_0_1_2,0,1,2,REFUGE_train_n0031,True,paired_standardized_and_visual_sample_reviewed,"REFUGE image/mask pair matched by file ID within official split; mask standardized to project {0,1,2} convention.",train
glaucoma_fundus_imaging_bundle,REFUGE,n0032,data/external/kaggle/glaucoma_fundus_imaging_bundle/REFUGE/train/Images/n0032.jpg,data/processed/standardized_masks/refuge/train_n0032.png,data/external/kaggle/glaucoma_fundus_imaging_bundle/REFUGE/train/Images/n0032.jpg,data/processed/standardized_masks/refuge/train_n0032.png,n0032.jpg,train_n0032.png,multiclass_values_0_1_2,0,1,2,REFUGE_train_n0032,True,paired_standardized_and_visual_sample_reviewed,"REFUGE image/mask pair matched by file ID within official split; mask standardized to project {0,1,2} convention.",train
glaucoma_fundus_imaging_bundle,REFUGE,n0033,data/external/kaggle/glaucoma_fundus_imaging_bundle/REFUGE/train/Images/n0033.jpg,data/processed/standardized_masks/refuge/train_n0033.png,data/external/kaggle/glaucoma_fundus_imaging_bundle/REFUGE/train/Images/n0033.jpg,data/processed/standardized_masks/refuge/train_n0033.png,n0033.jpg,train_n0033.png,multiclass_values_0_1_2,0,1,2,REFUGE_train_n0033,True,paired_standardized_and_visual_sample_reviewed,"REFUGE image/mask pair matched by file ID within official split; mask standardized to project {0,1,2} convention.",train
glaucoma_fundus_imaging_bundle,REFUGE,n0034,data/external/kaggle/glaucoma_fundus_imaging_bundle/REFUGE/train/Images/n0034.jpg,data/processed/standardized_masks/refuge/train_n0034.png,data/external/kaggle/glaucoma_fundus_imaging_bundle/REFUGE/train/Images/n0034.jpg,data/processed/standardized_masks/refuge/train_n0034.png,n0034.jpg,train_n0034.png,multiclass_values_0_1_2,0,1,2,REFUGE_train_n0034,True,paired_standardized_and_visual_sample_reviewed,"REFUGE image/mask pair matched by file ID within official split; mask standardized to project {0,1,2} convention.",train
glaucoma_fundus_imaging_bundle,REFUGE,n0035,data/external/kaggle/glaucoma_fundus_imaging_bundle/REFUGE/train/Images/n0035.jpg,data/processed/standardized_masks/refuge/train_n0035.png,data/external/kaggle/glaucoma_fundus_imaging_bundle/REFUGE/train/Images/n0035.jpg,data/processed/standardized_masks/refuge/train_n0035.png,n0035.jpg,train_n0035.png,multiclass_values_0_1_2,0,1,2,REFUGE_train_n0035,True,paired_standardized_and_visual_sample_reviewed,"REFUGE image/mask pair matched by file ID within official split; mask standardized to project {0,1,2} convention.",train
glaucoma_fundus_imaging_bundle,REFUGE,n0036,data/external/kaggle/glaucoma_fundus_imaging_bundle/REFUGE/train/Images/n0036.jpg,data/processed/standardized_masks/refuge/train_n0036.png,data/external/kaggle/glaucoma_fundus_imaging_bundle/REFUGE/train/Images/n0036.jpg,data/processed/standardized_masks/refuge/train_n0036.png,n0036.jpg,train_n0036.png,multiclass_values_0_1_2,0,1,2,REFUGE_train_n0036,True,paired_standardized_and_visual_sample_reviewed,"REFUGE image/mask pair matched by file ID within official split; mask standardized to project {0,1,2} convention.",train
glaucoma_fundus_imaging_bundle,REFUGE,n0037,data/external/kaggle/glaucoma_fundus_imaging_bundle/REFUGE/train/Images/n0037.jpg,data/processed/standardized_masks/refuge/train_n0037.png,data/external/kaggle/glaucoma_fundus_imaging_bundle/REFUGE/train/Images/n0037.jpg,data/processed/standardized_masks/refuge/train_n0037.png,n0037.jpg,train_n0037.png,multiclass_values_0_1_2,0,1,2,REFUGE_train_n0037,True,paired_standardized_and_visual_sample_reviewed,"REFUGE image/mask pair matched by file ID within official split; mask standardized to project {0,1,2} convention.",train
glaucoma_fundus_imaging_bundle,REFUGE,n0038,data/external/kaggle/glaucoma_fundus_imaging_bundle/REFUGE/train/Images/n0038.jpg,data/processed/standardized_masks/refuge/train_n0038.png,data/external/kaggle/glaucoma_fundus_imaging_bundle/REFUGE/train/Images/n0038.jpg,data/processed/standardized_masks/refuge/train_n0038.png,n0038.jpg,train_n0038.png,multiclass_values_0_1_2,0,1,2,REFUGE_train_n0038,True,paired_standardized_and_visual_sample_reviewed,"REFUGE image/mask pair matched by file ID within official split; mask standardized to project {0,1,2} convention.",train
glaucoma_fundus_imaging_bundle,REFUGE,n0039,data/external/kaggle/glaucoma_fundus_imaging_bundle/REFUGE/train/Images/n0039.jpg,data/processed/standardized_masks/refuge/train_n0039.png,data/external/kaggle/glaucoma_fundus_imaging_bundle/REFUGE/train/Images/n0039.jpg,data/processed/standardized_masks/refuge/train_n0039.png,n0039.jpg,train_n0039.png,multiclass_values_0_1_2,0,1,2,REFUGE_train_n0039,True,paired_standardized_and_visual_sample_reviewed,"REFUGE image/mask pair matched by file ID within official split; mask standardized to project {0,1,2} convention.",train
glaucoma_fundus_imaging_bundle,REFUGE,n0040,data/external/kaggle/glaucoma_fundus_imaging_bundle/REFUGE/train/Images/n0040.jpg,data/processed/standardized_masks/refuge/train_n0040.png,data/external/kaggle/glaucoma_fundus_imaging_bundle/REFUGE/train/Images/n0040.jpg,data/processed/standardized_masks/refuge/train_n0040.png,n0040.jpg,train_n0040.png,multiclass_values_0_1_2,0,1,2,REFUGE_train_n0040,True,paired_standardized_and_visual_sample_reviewed,"REFUGE image/mask pair matched by file ID within official split; mask standardized to project {0,1,2} convention.",train
glaucoma_fundus_imaging_bundle,REFUGE,n0041,data/external/kaggle/glaucoma_fundus_imaging_bundle/REFUGE/train/Images/n0041.jpg,data/processed/standardized_masks/refuge/train_n0041.png,data/external/kaggle/glaucoma_fundus_imaging_bundle/REFUGE/train/Images/n0041.jpg,data/processed/standardized_masks/refuge/train_n0041.png,n0041.jpg,train_n0041.png,multiclass_values_0_1_2,0,1,2,REFUGE_train_n0041,True,paired_standardized_and_visual_sample_reviewed,"REFUGE image/mask pair matched by file ID within official split; mask standardized to project {0,1,2} convention.",train
glaucoma_fundus_imaging_bundle,REFUGE,n0042,data/external/kaggle/glaucoma_fundus_imaging_bundle/REFUGE/train/Images/n0042.jpg,data/processed/standardized_masks/refuge/train_n0042.png,data/external/kaggle/glaucoma_fundus_imaging_bundle/REFUGE/train/Images/n0042.jpg,data/processed/standardized_masks/refuge/train_n0042.png,n0042.jpg,train_n0042.png,multiclass_values_0_1_2,0,1,2,REFUGE_train_n0042,True,paired_standardized_and_visual_sample_reviewed,"REFUGE image/mask pair matched by file ID within official split; mask standardized to project {0,1,2} convention.",train
glaucoma_fundus_imaging_bundle,REFUGE,n0043,data/external/kaggle/glaucoma_fundus_imaging_bundle/REFUGE/train/Images/n0043.jpg,data/processed/standardized_masks/refuge/train_n0043.png,data/external/kaggle/glaucoma_fundus_imaging_bundle/REFUGE/train/Images/n0043.jpg,data/processed/standardized_masks/refuge/train_n0043.png,n0043.jpg,train_n0043.png,multiclass_values_0_1_2,0,1,2,REFUGE_train_n0043,True,paired_standardized_and_visual_sample_reviewed,"REFUGE image/mask pair matched by file ID within official split; mask standardized to project {0,1,2} convention.",train
glaucoma_fundus_imaging_bundle,REFUGE,n0044,data/external/kaggle/glaucoma_fundus_imaging_bundle/REFUGE/train/Images/n0044.jpg,data/processed/standardized_masks/refuge/train_n0044.png,data/external/kaggle/glaucoma_fundus_imaging_bundle/REFUGE/train/Images/n0044.jpg,data/processed/standardized_masks/refuge/train_n0044.png,n0044.jpg,train_n0044.png,multiclass_values_0_1_2,0,1,2,REFUGE_train_n0044,True,paired_standardized_and_visual_sample_reviewed,"REFUGE image/mask pair matched by file ID within official split; mask standardized to project {0,1,2} convention.",train
glaucoma_fundus_imaging_bundle,REFUGE,n0045,data/external/kaggle/glaucoma_fundus_imaging_bundle/REFUGE/train/Images/n0045.jpg,data/processed/standardized_masks/refuge/train_n0045.png,data/external/kaggle/glaucoma_fundus_imaging_bundle/REFUGE/train/Images/n0045.jpg,data/processed/standardized_masks/refuge/train_n0045.png,n0045.jpg,train_n0045.png,multiclass_values_0_1_2,0,1,2,REFUGE_train_n0045,True,paired_standardized_and_visual_sample_reviewed,"REFUGE image/mask pair matched by file ID within official split; mask standardized to project {0,1,2} convention.",train
glaucoma_fundus_imaging_bundle,REFUGE,n0046,data/external/kaggle/glaucoma_fundus_imaging_bundle/REFUGE/train/Images/n0046.jpg,data/processed/standardized_masks/refuge/train_n0046.png,data/external/kaggle/glaucoma_fundus_imaging_bundle/REFUGE/train/Images/n0046.jpg,data/processed/standardized_masks/refuge/train_n0046.png,n0046.jpg,train_n0046.png,multiclass_values_0_1_2,0,1,2,REFUGE_train_n0046,True,paired_standardized_and_visual_sample_reviewed,"REFUGE image/mask pair matched by file ID within official split; mask standardized to project {0,1,2} convention.",train
glaucoma_fundus_imaging_bundle,REFUGE,n0047,data/external/kaggle/glaucoma_fundus_imaging_bundle/REFUGE/train/Images/n0047.jpg,data/processed/standardized_masks/refuge/train_n0047.png,data/external/kaggle/glaucoma_fundus_imaging_bundle/REFUGE/train/Images/n0047.jpg,data/processed/standardized_masks/refuge/train_n0047.png,n0047.jpg,train_n0047.png,multiclass_values_0_1_2,0,1,2,REFUGE_train_n0047,True,paired_standardized_and_visual_sample_reviewed,"REFUGE image/mask pair matched by file ID within official split; mask standardized to project {0,1,2} convention.",train
glaucoma_fundus_imaging_bundle,REFUGE,n0048,data/external/kaggle/glaucoma_fundus_imaging_bundle/REFUGE/train/Images/n0048.jpg,data/processed/standardized_masks/refuge/train_n0048.png,data/external/kaggle/glaucoma_fundus_imaging_bundle/REFUGE/train/Images/n0048.jpg,data/processed/standardized_masks/refuge/train_n0048.png,n0048.jpg,train_n0048.png,multiclass_values_0_1_2,0,1,2,REFUGE_train_n0048,True,paired_standardized_and_visual_sample_reviewed,"REFUGE image/mask pair matched by file ID within official split; mask standardized to project {0,1,2} convention.",train
glaucoma_fundus_imaging_bundle,REFUGE,n0049,data/external/kaggle/glaucoma_fundus_imaging_bundle/REFUGE/train/Images/n0049.jpg,data/processed/standardized_masks/refuge/train_n0049.png,data/external/kaggle/glaucoma_fundus_imaging_bundle/REFUGE/train/Images/n0049.jpg,data/processed/standardized_masks/refuge/train_n0049.png,n0049.jpg,train_n0049.png,multiclass_values_0_1_2,0,1,2,REFUGE_train_n0049,True,paired_standardized_and_visual_sample_reviewed,"REFUGE image/mask pair matched by file ID within official split; mask standardized to project {0,1,2} convention.",train
glaucoma_fundus_imaging_bundle,REFUGE,n0050,data/external/kaggle/glaucoma_fundus_imaging_bundle/REFUGE/train/Images/n0050.jpg,data/processed/standardized_masks/refuge/train_n0050.png,data/external/kaggle/glaucoma_fundus_imaging_bundle/REFUGE/train/Images/n0050.jpg,data/processed/standardized_masks/refuge/train_n0050.png,n0050.jpg,train_n0050.png,multiclass_values_0_1_2,0,1,2,REFUGE_train_n0050,True,paired_standardized_and_visual_sample_reviewed,"REFUGE image/mask pair matched by file ID within official split; mask standardized to project {0,1,2} convention.",train
glaucoma_fundus_imaging_bundle,REFUGE,n0051,data/external/kaggle/glaucoma_fundus_imaging_bundle/REFUGE/train/Images/n0051.jpg,data/processed/standardized_masks/refuge/train_n0051.png,data/external/kaggle/glaucoma_fundus_imaging_bundle/REFUGE/train/Images/n0051.jpg,data/processed/standardized_masks/refuge/train_n0051.png,n0051.jpg,train_n0051.png,multiclass_values_0_1_2,0,1,2,REFUGE_train_n0051,True,paired_standardized_and_visual_sample_reviewed,"REFUGE image/mask pair matched by file ID within official split; mask standardized to project {0,1,2} convention.",train
glaucoma_fundus_imaging_bundle,REFUGE,n0052,data/external/kaggle/glaucoma_fundus_imaging_bundle/REFUGE/train/Images/n0052.jpg,data/processed/standardized_masks/refuge/train_n0052.png,data/external/kaggle/glaucoma_fundus_imaging_bundle/REFUGE/train/Images/n0052.jpg,data/processed/standardized_masks/refuge/train_n0052.png,n0052.jpg,train_n0052.png,multiclass_values_0_1_2,0,1,2,REFUGE_train_n0052,True,paired_standardized_and_visual_sample_reviewed,"REFUGE image/mask pair matched by file ID within official split; mask standardized to project {0,1,2} convention.",train
glaucoma_fundus_imaging_bundle,REFUGE,n0053,data/external/kaggle/glaucoma_fundus_imaging_bundle/REFUGE/train/Images/n0053.jpg,data/processed/standardized_masks/refuge/train_n0053.png,data/external/kaggle/glaucoma_fundus_imaging_bundle/REFUGE/train/Images/n0053.jpg,data/processed/standardized_masks/refuge/train_n0053.png,n0053.jpg,train_n0053.png,multiclass_values_0_1_2,0,1,2,REFUGE_train_n0053,True,paired_standardized_and_visual_sample_reviewed,"REFUGE image/mask pair matched by file ID within official split; mask standardized to project {0,1,2} convention.",train
glaucoma_fundus_imaging_bundle,REFUGE,n0054,data/external/kaggle/glaucoma_fundus_imaging_bundle/REFUGE/train/Images/n0054.jpg,data/processed/standardized_masks/refuge/train_n0054.png,data/external/kaggle/glaucoma_fundus_imaging_bundle/REFUGE/train/Images/n0054.jpg,data/processed/standardized_masks/refuge/train_n0054.png,n0054.jpg,train_n0054.png,multiclass_values_0_1_2,0,1,2,REFUGE_train_n0054,True,paired_standardized_and_visual_sample_reviewed,"REFUGE image/mask pair matched by file ID within official split; mask standardized to project {0,1,2} convention.",train
glaucoma_fundus_imaging_bundle,REFUGE,n0055,data/external/kaggle/glaucoma_fundus_imaging_bundle/REFUGE/train/Images/n0055.jpg,data/processed/standardized_masks/refuge/train_n0055.png,data/external/kaggle/glaucoma_fundus_imaging_bundle/REFUGE/train/Images/n0055.jpg,data/processed/standardized_masks/refuge/train_n0055.png,n0055.jpg,train_n0055.png,multiclass_values_0_1_2,0,1,2,REFUGE_train_n0055,True,paired_standardized_and_visual_sample_reviewed,"REFUGE image/mask pair matched by file ID within official split; mask standardized to project {0,1,2} convention.",train
glaucoma_fundus_imaging_bundle,REFUGE,n0056,data/external/kaggle/glaucoma_fundus_imaging_bundle/REFUGE/train/Images/n0056.jpg,data/processed/standardized_masks/refuge/train_n0056.png,data/external/kaggle/glaucoma_fundus_imaging_bundle/REFUGE/train/Images/n0056.jpg,data/processed/standardized_masks/refuge/train_n0056.png,n0056.jpg,train_n0056.png,multiclass_values_0_1_2,0,1,2,REFUGE_train_n0056,True,paired_standardized_and_visual_sample_reviewed,"REFUGE image/mask pair matched by file ID within official split; mask standardized to project {0,1,2} convention.",train
glaucoma_fundus_imaging_bundle,REFUGE,n0057,data/external/kaggle/glaucoma_fundus_imaging_bundle/REFUGE/train/Images/n0057.jpg,data/processed/standardized_masks/refuge/train_n0057.png,data/external/kaggle/glaucoma_fundus_imaging_bundle/REFUGE/train/Images/n0057.jpg,data/processed/standardized_masks/refuge/train_n0057.png,n0057.jpg,train_n0057.png,multiclass_values_0_1_2,0,1,2,REFUGE_train_n0057,True,paired_standardized_and_visual_sample_reviewed,"REFUGE image/mask pair matched by file ID within official split; mask standardized to project {0,1,2} convention.",train
glaucoma_fundus_imaging_bundle,REFUGE,n0058,data/external/kaggle/glaucoma_fundus_imaging_bundle/REFUGE/train/Images/n0058.jpg,data/processed/standardized_masks/refuge/train_n0058.png,data/external/kaggle/glaucoma_fundus_imaging_bundle/REFUGE/train/Images/n0058.jpg,data/processed/standardized_masks/refuge/train_n0058.png,n0058.jpg,train_n0058.png,multiclass_values_0_1_2,0,1,2,REFUGE_train_n0058,True,paired_standardized_and_visual_sample_reviewed,"REFUGE image/mask pair matched by file ID within official split; mask standardized to project {0,1,2} convention.",train
glaucoma_fundus_imaging_bundle,REFUGE,n0059,data/external/kaggle/glaucoma_fundus_imaging_bundle/REFUGE/train/Images/n0059.jpg,data/processed/standardized_masks/refuge/train_n0059.png,data/external/kaggle/glaucoma_fundus_imaging_bundle/REFUGE/train/Images/n0059.jpg,data/processed/standardized_masks/refuge/train_n0059.png,n0059.jpg,train_n0059.png,multiclass_values_0_1_2,0,1,2,REFUGE_train_n0059,True,paired_standardized_and_visual_sample_reviewed,"REFUGE image/mask pair matched by file ID within official split; mask standardized to project {0,1,2} convention.",train
glaucoma_fundus_imaging_bundle,REFUGE,n0060,data/external/kaggle/glaucoma_fundus_imaging_bundle/REFUGE/train/Images/n0060.jpg,data/processed/standardized_masks/refuge/train_n0060.png,data/external/kaggle/glaucoma_fundus_imaging_bundle/REFUGE/train/Images/n0060.jpg,data/processed/standardized_masks/refuge/train_n0060.png,n0060.jpg,train_n0060.png,multiclass_values_0_1_2,0,1,2,REFUGE_train_n0060,True,paired_standardized_and_visual_sample_reviewed,"REFUGE image/mask pair matched by file ID within official split; mask standardized to project {0,1,2} convention.",train
glaucoma_fundus_imaging_bundle,REFUGE,n0061,data/external/kaggle/glaucoma_fundus_imaging_bundle/REFUGE/train/Images/n0061.jpg,data/processed/standardized_masks/refuge/train_n0061.png,data/external/kaggle/glaucoma_fundus_imaging_bundle/REFUGE/train/Images/n0061.jpg,data/processed/standardized_masks/refuge/train_n0061.png,n0061.jpg,train_n0061.png,multiclass_values_0_1_2,0,1,2,REFUGE_train_n0061,True,paired_standardized_and_visual_sample_reviewed,"REFUGE image/mask pair matched by file ID within official split; mask standardized to project {0,1,2} convention.",train
glaucoma_fundus_imaging_bundle,REFUGE,n0062,data/external/kaggle/glaucoma_fundus_imaging_bundle/REFUGE/train/Images/n0062.jpg,data/processed/standardized_masks/refuge/train_n0062.png,data/external/kaggle/glaucoma_fundus_imaging_bundle/REFUGE/train/Images/n0062.jpg,data/processed/standardized_masks/refuge/train_n0062.png,n0062.jpg,train_n0062.png,multiclass_values_0_1_2,0,1,2,REFUGE_train_n0062,True,paired_standardized_and_visual_sample_reviewed,"REFUGE image/mask pair matched by file ID within official split; mask standardized to project {0,1,2} convention.",train
glaucoma_fundus_imaging_bundle,REFUGE,n0063,data/external/kaggle/glaucoma_fundus_imaging_bundle/REFUGE/train/Images/n0063.jpg,data/processed/standardized_masks/refuge/train_n0063.png,data/external/kaggle/glaucoma_fundus_imaging_bundle/REFUGE/train/Images/n0063.jpg,data/processed/standardized_masks/refuge/train_n0063.png,n0063.jpg,train_n0063.png,multiclass_values_0_1_2,0,1,2,REFUGE_train_n0063,True,paired_standardized_and_visual_sample_reviewed,"REFUGE image/mask pair matched by file ID within official split; mask standardized to project {0,1,2} convention.",train
glaucoma_fundus_imaging_bundle,REFUGE,n0064,data/external/kaggle/glaucoma_fundus_imaging_bundle/REFUGE/train/Images/n0064.jpg,data/processed/standardized_masks/refuge/train_n0064.png,data/external/kaggle/glaucoma_fundus_imaging_bundle/REFUGE/train/Images/n0064.jpg,data/processed/standardized_masks/refuge/train_n0064.png,n0064.jpg,train_n0064.png,multiclass_values_0_1_2,0,1,2,REFUGE_train_n0064,True,paired_standardized_and_visual_sample_reviewed,"REFUGE image/mask pair matched by file ID within official split; mask standardized to project {0,1,2} convention.",train
glaucoma_fundus_imaging_bundle,REFUGE,n0065,data/external/kaggle/glaucoma_fundus_imaging_bundle/REFUGE/train/Images/n0065.jpg,data/processed/standardized_masks/refuge/train_n0065.png,data/external/kaggle/glaucoma_fundus_imaging_bundle/REFUGE/train/Images/n0065.jpg,data/processed/standardized_masks/refuge/train_n0065.png,n0065.jpg,train_n0065.png,multiclass_values_0_1_2,0,1,2,REFUGE_train_n0065,True,paired_standardized_and_visual_sample_reviewed,"REFUGE image/mask pair matched by file ID within official split; mask standardized to project {0,1,2} convention.",train
glaucoma_fundus_imaging_bundle,REFUGE,n0066,data/external/kaggle/glaucoma_fundus_imaging_bundle/REFUGE/train/Images/n0066.jpg,data/processed/standardized_masks/refuge/train_n0066.png,data/external/kaggle/glaucoma_fundus_imaging_bundle/REFUGE/train/Images/n0066.jpg,data/processed/standardized_masks/refuge/train_n0066.png,n0066.jpg,train_n0066.png,multiclass_values_0_1_2,0,1,2,REFUGE_train_n0066,True,paired_standardized_and_visual_sample_reviewed,"REFUGE image/mask pair matched by file ID within official split; mask standardized to project {0,1,2} convention.",train
glaucoma_fundus_imaging_bundle,REFUGE,n0067,data/external/kaggle/glaucoma_fundus_imaging_bundle/REFUGE/train/Images/n0067.jpg,data/processed/standardized_masks/refuge/train_n0067.png,data/external/kaggle/glaucoma_fundus_imaging_bundle/REFUGE/train/Images/n0067.jpg,data/processed/standardized_masks/refuge/train_n0067.png,n0067.jpg,train_n0067.png,multiclass_values_0_1_2,0,1,2,REFUGE_train_n0067,True,paired_standardized_and_visual_sample_reviewed,"REFUGE image/mask pair matched by file ID within official split; mask standardized to project {0,1,2} convention.",train
glaucoma_fundus_imaging_bundle,REFUGE,n0068,data/external/kaggle/glaucoma_fundus_imaging_bundle/REFUGE/train/Images/n0068.jpg,data/processed/standardized_masks/refuge/train_n0068.png,data/external/kaggle/glaucoma_fundus_imaging_bundle/REFUGE/train/Images/n0068.jpg,data/processed/standardized_masks/refuge/train_n0068.png,n0068.jpg,train_n0068.png,multiclass_values_0_1_2,0,1,2,REFUGE_train_n0068,True,paired_standardized_and_visual_sample_reviewed,"REFUGE image/mask pair matched by file ID within official split; mask standardized to project {0,1,2} convention.",train
glaucoma_fundus_imaging_bundle,REFUGE,n0069,data/external/kaggle/glaucoma_fundus_imaging_bundle/REFUGE/train/Images/n0069.jpg,data/processed/standardized_masks/refuge/train_n0069.png,data/external/kaggle/glaucoma_fundus_imaging_bundle/REFUGE/train/Images/n0069.jpg,data/processed/standardized_masks/refuge/train_n0069.png,n0069.jpg,train_n0069.png,multiclass_values_0_1_2,0,1,2,REFUGE_train_n0069,True,paired_standardized_and_visual_sample_reviewed,"REFUGE image/mask pair matched by file ID within official split; mask standardized to project {0,1,2} convention.",train
glaucoma_fundus_imaging_bundle,REFUGE,n0070,data/external/kaggle/glaucoma_fundus_imaging_bundle/REFUGE/train/Images/n0070.jpg,data/processed/standardized_masks/refuge/train_n0070.png,data/external/kaggle/glaucoma_fundus_imaging_bundle/REFUGE/train/Images/n0070.jpg,data/processed/standardized_masks/refuge/train_n0070.png,n0070.jpg,train_n0070.png,multiclass_values_0_1_2,0,1,2,REFUGE_train_n0070,True,paired_standardized_and_visual_sample_reviewed,"REFUGE image/mask pair matched by file ID within official split; mask standardized to project {0,1,2} convention.",train
glaucoma_fundus_imaging_bundle,REFUGE,n0071,data/external/kaggle/glaucoma_fundus_imaging_bundle/REFUGE/train/Images/n0071.jpg,data/processed/standardized_masks/refuge/train_n0071.png,data/external/kaggle/glaucoma_fundus_imaging_bundle/REFUGE/train/Images/n0071.jpg,data/processed/standardized_masks/refuge/train_n0071.png,n0071.jpg,train_n0071.png,multiclass_values_0_1_2,0,1,2,REFUGE_train_n0071,True,paired_standardized_and_visual_sample_reviewed,"REFUGE image/mask pair matched by file ID within official split; mask standardized to project {0,1,2} convention.",train
glaucoma_fundus_imaging_bundle,REFUGE,n0072,data/external/kaggle/glaucoma_fundus_imaging_bundle/REFUGE/train/Images/n0072.jpg,data/processed/standardized_masks/refuge/train_n0072.png,data/external/kaggle/glaucoma_fundus_imaging_bundle/REFUGE/train/Images/n0072.jpg,data/processed/standardized_masks/refuge/train_n0072.png,n0072.jpg,train_n0072.png,multiclass_values_0_1_2,0,1,2,REFUGE_train_n0072,True,paired_standardized_and_visual_sample_reviewed,"REFUGE image/mask pair matched by file ID within official split; mask standardized to project {0,1,2} convention.",train
glaucoma_fundus_imaging_bundle,REFUGE,n0073,data/external/kaggle/glaucoma_fundus_imaging_bundle/REFUGE/train/Images/n0073.jpg,data/processed/standardized_masks/refuge/train_n0073.png,data/external/kaggle/glaucoma_fundus_imaging_bundle/REFUGE/train/Images/n0073.jpg,data/processed/standardized_masks/refuge/train_n0073.png,n0073.jpg,train_n0073.png,multiclass_values_0_1_2,0,1,2,REFUGE_train_n0073,True,paired_standardized_and_visual_sample_reviewed,"REFUGE image/mask pair matched by file ID within official split; mask standardized to project {0,1,2} convention.",train
glaucoma_fundus_imaging_bundle,REFUGE,n0074,data/external/kaggle/glaucoma_fundus_imaging_bundle/REFUGE/train/Images/n0074.jpg,data/processed/standardized_masks/refuge/train_n0074.png,data/external/kaggle/glaucoma_fundus_imaging_bundle/REFUGE/train/Images/n0074.jpg,data/processed/standardized_masks/refuge/train_n0074.png,n0074.jpg,train_n0074.png,multiclass_values_0_1_2,0,1,2,REFUGE_train_n0074,True,paired_standardized_and_visual_sample_reviewed,"REFUGE image/mask pair matched by file ID within official split; mask standardized to project {0,1,2} convention.",train
glaucoma_fundus_imaging_bundle,REFUGE,n0075,data/external/kaggle/glaucoma_fundus_imaging_bundle/REFUGE/train/Images/n0075.jpg,data/processed/standardized_masks/refuge/train_n0075.png,data/external/kaggle/glaucoma_fundus_imaging_bundle/REFUGE/train/Images/n0075.jpg,data/processed/standardized_masks/refuge/train_n0075.png,n0075.jpg,train_n0075.png,multiclass_values_0_1_2,0,1,2,REFUGE_train_n0075,True,paired_standardized_and_visual_sample_reviewed,"REFUGE image/mask pair matched by file ID within official split; mask standardized to project {0,1,2} convention.",train
glaucoma_fundus_imaging_bundle,REFUGE,n0076,data/external/kaggle/glaucoma_fundus_imaging_bundle/REFUGE/train/Images/n0076.jpg,data/processed/standardized_masks/refuge/train_n0076.png,data/external/kaggle/glaucoma_fundus_imaging_bundle/REFUGE/train/Images/n0076.jpg,data/processed/standardized_masks/refuge/train_n0076.png,n0076.jpg,train_n0076.png,multiclass_values_0_1_2,0,1,2,REFUGE_train_n0076,True,paired_standardized_and_visual_sample_reviewed,"REFUGE image/mask pair matched by file ID within official split; mask standardized to project {0,1,2} convention.",train
glaucoma_fundus_imaging_bundle,REFUGE,n0077,data/external/kaggle/glaucoma_fundus_imaging_bundle/REFUGE/train/Images/n0077.jpg,data/processed/standardized_masks/refuge/train_n0077.png,data/external/kaggle/glaucoma_fundus_imaging_bundle/REFUGE/train/Images/n0077.jpg,data/processed/standardized_masks/refuge/train_n0077.png,n0077.jpg,train_n0077.png,multiclass_values_0_1_2,0,1,2,REFUGE_train_n0077,True,paired_standardized_and_visual_sample_reviewed,"REFUGE image/mask pair matched by file ID within official split; mask standardized to project {0,1,2} convention.",train
glaucoma_fundus_imaging_bundle,REFUGE,n0078,data/external/kaggle/glaucoma_fundus_imaging_bundle/REFUGE/train/Images/n0078.jpg,data/processed/standardized_masks/refuge/train_n0078.png,data/external/kaggle/glaucoma_fundus_imaging_bundle/REFUGE/train/Images/n0078.jpg,data/processed/standardized_masks/refuge/train_n0078.png,n0078.jpg,train_n0078.png,multiclass_values_0_1_2,0,1,2,REFUGE_train_n0078,True,paired_standardized_and_visual_sample_reviewed,"REFUGE image/mask pair matched by file ID within official split; mask standardized to project {0,1,2} convention.",train
glaucoma_fundus_imaging_bundle,REFUGE,n0079,data/external/kaggle/glaucoma_fundus_imaging_bundle/REFUGE/train/Images/n0079.jpg,data/processed/standardized_masks/refuge/train_n0079.png,data/external/kaggle/glaucoma_fundus_imaging_bundle/REFUGE/train/Images/n0079.jpg,data/processed/standardized_masks/refuge/train_n0079.png,n0079.jpg,train_n0079.png,multiclass_values_0_1_2,0,1,2,REFUGE_train_n0079,True,paired_standardized_and_visual_sample_reviewed,"REFUGE image/mask pair matched by file ID within official split; mask standardized to project {0,1,2} convention.",train
glaucoma_fundus_imaging_bundle,REFUGE,n0080,data/external/kaggle/glaucoma_fundus_imaging_bundle/REFUGE/train/Images/n0080.jpg,data/processed/standardized_masks/refuge/train_n0080.png,data/external/kaggle/glaucoma_fundus_imaging_bundle/REFUGE/train/Images/n0080.jpg,data/processed/standardized_masks/refuge/train_n0080.png,n0080.jpg,train_n0080.png,multiclass_values_0_1_2,0,1,2,REFUGE_train_n0080,True,paired_standardized_and_visual_sample_reviewed,"REFUGE image/mask pair matched by file ID within official split; mask standardized to project {0,1,2} convention.",train
glaucoma_fundus_imaging_bundle,REFUGE,n0081,data/external/kaggle/glaucoma_fundus_imaging_bundle/REFUGE/train/Images/n0081.jpg,data/processed/standardized_masks/refuge/train_n0081.png,data/external/kaggle/glaucoma_fundus_imaging_bundle/REFUGE/train/Images/n0081.jpg,data/processed/standardized_masks/refuge/train_n0081.png,n0081.jpg,train_n0081.png,multiclass_values_0_1_2,0,1,2,REFUGE_train_n0081,True,paired_standardized_and_visual_sample_reviewed,"REFUGE image/mask pair matched by file ID within official split; mask standardized to project {0,1,2} convention.",train
glaucoma_fundus_imaging_bundle,REFUGE,n0082,data/external/kaggle/glaucoma_fundus_imaging_bundle/REFUGE/train/Images/n0082.jpg,data/processed/standardized_masks/refuge/train_n0082.png,data/external/kaggle/glaucoma_fundus_imaging_bundle/REFUGE/train/Images/n0082.jpg,data/processed/standardized_masks/refuge/train_n0082.png,n0082.jpg,train_n0082.png,multiclass_values_0_1_2,0,1,2,REFUGE_train_n0082,True,paired_standardized_and_visual_sample_reviewed,"REFUGE image/mask pair matched by file ID within official split; mask standardized to project {0,1,2} convention.",train
glaucoma_fundus_imaging_bundle,REFUGE,n0083,data/external/kaggle/glaucoma_fundus_imaging_bundle/REFUGE/train/Images/n0083.jpg,data/processed/standardized_masks/refuge/train_n0083.png,data/external/kaggle/glaucoma_fundus_imaging_bundle/REFUGE/train/Images/n0083.jpg,data/processed/standardized_masks/refuge/train_n0083.png,n0083.jpg,train_n0083.png,multiclass_values_0_1_2,0,1,2,REFUGE_train_n0083,True,paired_standardized_and_visual_sample_reviewed,"REFUGE image/mask pair matched by file ID within official split; mask standardized to project {0,1,2} convention.",train
glaucoma_fundus_imaging_bundle,REFUGE,n0084,data/external/kaggle/glaucoma_fundus_imaging_bundle/REFUGE/train/Images/n0084.jpg,data/processed/standardized_masks/refuge/train_n0084.png,data/external/kaggle/glaucoma_fundus_imaging_bundle/REFUGE/train/Images/n0084.jpg,data/processed/standardized_masks/refuge/train_n0084.png,n0084.jpg,train_n0084.png,multiclass_values_0_1_2,0,1,2,REFUGE_train_n0084,True,paired_standardized_and_visual_sample_reviewed,"REFUGE image/mask pair matched by file ID within official split; mask standardized to project {0,1,2} convention.",train
glaucoma_fundus_imaging_bundle,REFUGE,n0085,data/external/kaggle/glaucoma_fundus_imaging_bundle/REFUGE/train/Images/n0085.jpg,data/processed/standardized_masks/refuge/train_n0085.png,data/external/kaggle/glaucoma_fundus_imaging_bundle/REFUGE/train/Images/n0085.jpg,data/processed/standardized_masks/refuge/train_n0085.png,n0085.jpg,train_n0085.png,multiclass_values_0_1_2,0,1,2,REFUGE_train_n0085,True,paired_standardized_and_visual_sample_reviewed,"REFUGE image/mask pair matched by file ID within official split; mask standardized to project {0,1,2} convention.",train
glaucoma_fundus_imaging_bundle,REFUGE,n0086,data/external/kaggle/glaucoma_fundus_imaging_bundle/REFUGE/train/Images/n0086.jpg,data/processed/standardized_masks/refuge/train_n0086.png,data/external/kaggle/glaucoma_fundus_imaging_bundle/REFUGE/train/Images/n0086.jpg,data/processed/standardized_masks/refuge/train_n0086.png,n0086.jpg,train_n0086.png,multiclass_values_0_1_2,0,1,2,REFUGE_train_n0086,True,paired_standardized_and_visual_sample_reviewed,"REFUGE image/mask pair matched by file ID within official split; mask standardized to project {0,1,2} convention.",train
glaucoma_fundus_imaging_bundle,REFUGE,n0087,data/external/kaggle/glaucoma_fundus_imaging_bundle/REFUGE/train/Images/n0087.jpg,data/processed/standardized_masks/refuge/train_n0087.png,data/external/kaggle/glaucoma_fundus_imaging_bundle/REFUGE/train/Images/n0087.jpg,data/processed/standardized_masks/refuge/train_n0087.png,n0087.jpg,train_n0087.png,multiclass_values_0_1_2,0,1,2,REFUGE_train_n0087,True,paired_standardized_and_visual_sample_reviewed,"REFUGE image/mask pair matched by file ID within official split; mask standardized to project {0,1,2} convention.",train
glaucoma_fundus_imaging_bundle,REFUGE,n0088,data/external/kaggle/glaucoma_fundus_imaging_bundle/REFUGE/train/Images/n0088.jpg,data/processed/standardized_masks/refuge/train_n0088.png,data/external/kaggle/glaucoma_fundus_imaging_bundle/REFUGE/train/Images/n0088.jpg,data/processed/standardized_masks/refuge/train_n0088.png,n0088.jpg,train_n0088.png,multiclass_values_0_1_2,0,1,2,REFUGE_train_n0088,True,paired_standardized_and_visual_sample_reviewed,"REFUGE image/mask pair matched by file ID within official split; mask standardized to project {0,1,2} convention.",train
glaucoma_fundus_imaging_bundle,REFUGE,n0089,data/external/kaggle/glaucoma_fundus_imaging_bundle/REFUGE/train/Images/n0089.jpg,data/processed/standardized_masks/refuge/train_n0089.png,data/external/kaggle/glaucoma_fundus_imaging_bundle/REFUGE/train/Images/n0089.jpg,data/processed/standardized_masks/refuge/train_n0089.png,n0089.jpg,train_n0089.png,multiclass_values_0_1_2,0,1,2,REFUGE_train_n0089,True,paired_standardized_and_visual_sample_reviewed,"REFUGE image/mask pair matched by file ID within official split; mask standardized to project {0,1,2} convention.",train
glaucoma_fundus_imaging_bundle,REFUGE,n0090,data/external/kaggle/glaucoma_fundus_imaging_bundle/REFUGE/train/Images/n0090.jpg,data/processed/standardized_masks/refuge/train_n0090.png,data/external/kaggle/glaucoma_fundus_imaging_bundle/REFUGE/train/Images/n0090.jpg,data/processed/standardized_masks/refuge/train_n0090.png,n0090.jpg,train_n0090.png,multiclass_values_0_1_2,0,1,2,REFUGE_train_n0090,True,paired_standardized_and_visual_sample_reviewed,"REFUGE image/mask pair matched by file ID within official split; mask standardized to project {0,1,2} convention.",train
glaucoma_fundus_imaging_bundle,REFUGE,n0091,data/external/kaggle/glaucoma_fundus_imaging_bundle/REFUGE/train/Images/n0091.jpg,data/processed/standardized_masks/refuge/train_n0091.png,data/external/kaggle/glaucoma_fundus_imaging_bundle/REFUGE/train/Images/n0091.jpg,data/processed/standardized_masks/refuge/train_n0091.png,n0091.jpg,train_n0091.png,multiclass_values_0_1_2,0,1,2,REFUGE_train_n0091,True,paired_standardized_and_visual_sample_reviewed,"REFUGE image/mask pair matched by file ID within official split; mask standardized to project {0,1,2} convention.",train
glaucoma_fundus_imaging_bundle,REFUGE,n0092,data/external/kaggle/glaucoma_fundus_imaging_bundle/REFUGE/train/Images/n0092.jpg,data/processed/standardized_masks/refuge/train_n0092.png,data/external/kaggle/glaucoma_fundus_imaging_bundle/REFUGE/train/Images/n0092.jpg,data/processed/standardized_masks/refuge/train_n0092.png,n0092.jpg,train_n0092.png,multiclass_values_0_1_2,0,1,2,REFUGE_train_n0092,True,paired_standardized_and_visual_sample_reviewed,"REFUGE image/mask pair matched by file ID within official split; mask standardized to project {0,1,2} convention.",train
glaucoma_fundus_imaging_bundle,REFUGE,n0093,data/external/kaggle/glaucoma_fundus_imaging_bundle/REFUGE/train/Images/n0093.jpg,data/processed/standardized_masks/refuge/train_n0093.png,data/external/kaggle/glaucoma_fundus_imaging_bundle/REFUGE/train/Images/n0093.jpg,data/processed/standardized_masks/refuge/train_n0093.png,n0093.jpg,train_n0093.png,multiclass_values_0_1_2,0,1,2,REFUGE_train_n0093,True,paired_standardized_and_visual_sample_reviewed,"REFUGE image/mask pair matched by file ID within official split; mask standardized to project {0,1,2} convention.",train
glaucoma_fundus_imaging_bundle,REFUGE,n0094,data/external/kaggle/glaucoma_fundus_imaging_bundle/REFUGE/train/Images/n0094.jpg,data/processed/standardized_masks/refuge/train_n0094.png,data/external/kaggle/glaucoma_fundus_imaging_bundle/REFUGE/train/Images/n0094.jpg,data/processed/standardized_masks/refuge/train_n0094.png,n0094.jpg,train_n0094.png,multiclass_values_0_1_2,0,1,2,REFUGE_train_n0094,True,paired_standardized_and_visual_sample_reviewed,"REFUGE image/mask pair matched by file ID within official split; mask standardized to project {0,1,2} convention.",train
glaucoma_fundus_imaging_bundle,REFUGE,n0095,data/external/kaggle/glaucoma_fundus_imaging_bundle/REFUGE/train/Images/n0095.jpg,data/processed/standardized_masks/refuge/train_n0095.png,data/external/kaggle/glaucoma_fundus_imaging_bundle/REFUGE/train/Images/n0095.jpg,data/processed/standardized_masks/refuge/train_n0095.png,n0095.jpg,train_n0095.png,multiclass_values_0_1_2,0,1,2,REFUGE_train_n0095,True,paired_standardized_and_visual_sample_reviewed,"REFUGE image/mask pair matched by file ID within official split; mask standardized to project {0,1,2} convention.",train
glaucoma_fundus_imaging_bundle,REFUGE,n0096,data/external/kaggle/glaucoma_fundus_imaging_bundle/REFUGE/train/Images/n0096.jpg,data/processed/standardized_masks/refuge/train_n0096.png,data/external/kaggle/glaucoma_fundus_imaging_bundle/REFUGE/train/Images/n0096.jpg,data/processed/standardized_masks/refuge/train_n0096.png,n0096.jpg,train_n0096.png,multiclass_values_0_1_2,0,1,2,REFUGE_train_n0096,True,paired_standardized_and_visual_sample_reviewed,"REFUGE image/mask pair matched by file ID within official split; mask standardized to project {0,1,2} convention.",train
glaucoma_fundus_imaging_bundle,REFUGE,n0097,data/external/kaggle/glaucoma_fundus_imaging_bundle/REFUGE/train/Images/n0097.jpg,data/processed/standardized_masks/refuge/train_n0097.png,data/external/kaggle/glaucoma_fundus_imaging_bundle/REFUGE/train/Images/n0097.jpg,data/processed/standardized_masks/refuge/train_n0097.png,n0097.jpg,train_n0097.png,multiclass_values_0_1_2,0,1,2,REFUGE_train_n0097,True,paired_standardized_and_visual_sample_reviewed,"REFUGE image/mask pair matched by file ID within official split; mask standardized to project {0,1,2} convention.",train
glaucoma_fundus_imaging_bundle,REFUGE,n0098,data/external/kaggle/glaucoma_fundus_imaging_bundle/REFUGE/train/Images/n0098.jpg,data/processed/standardized_masks/refuge/train_n0098.png,data/external/kaggle/glaucoma_fundus_imaging_bundle/REFUGE/train/Images/n0098.jpg,data/processed/standardized_masks/refuge/train_n0098.png,n0098.jpg,train_n0098.png,multiclass_values_0_1_2,0,1,2,REFUGE_train_n0098,True,paired_standardized_and_visual_sample_reviewed,"REFUGE image/mask pair matched by file ID within official split; mask standardized to project {0,1,2} convention.",train
glaucoma_fundus_imaging_bundle,REFUGE,n0099,data/external/kaggle/glaucoma_fundus_imaging_bundle/REFUGE/train/Images/n0099.jpg,data/processed/standardized_masks/refuge/train_n0099.png,data/external/kaggle/glaucoma_fundus_imaging_bundle/REFUGE/train/Images/n0099.jpg,data/processed/standardized_masks/refuge/train_n0099.png,n0099.jpg,train_n0099.png,multiclass_values_0_1_2,0,1,2,REFUGE_train_n0099,True,paired_standardized_and_visual_sample_reviewed,"REFUGE image/mask pair matched by file ID within official split; mask standardized to project {0,1,2} convention.",train
glaucoma_fundus_imaging_bundle,REFUGE,n0100,data/external/kaggle/glaucoma_fundus_imaging_bundle/REFUGE/train/Images/n0100.jpg,data/processed/standardized_masks/refuge/train_n0100.png,data/external/kaggle/glaucoma_fundus_imaging_bundle/REFUGE/train/Images/n0100.jpg,data/processed/standardized_masks/refuge/train_n0100.png,n0100.jpg,train_n0100.png,multiclass_values_0_1_2,0,1,2,REFUGE_train_n0100,True,paired_standardized_and_visual_sample_reviewed,"REFUGE image/mask pair matched by file ID within official split; mask standardized to project {0,1,2} convention.",train
glaucoma_fundus_imaging_bundle,REFUGE,n0101,data/external/kaggle/glaucoma_fundus_imaging_bundle/REFUGE/train/Images/n0101.jpg,data/processed/standardized_masks/refuge/train_n0101.png,data/external/kaggle/glaucoma_fundus_imaging_bundle/REFUGE/train/Images/n0101.jpg,data/processed/standardized_masks/refuge/train_n0101.png,n0101.jpg,train_n0101.png,multiclass_values_0_1_2,0,1,2,REFUGE_train_n0101,True,paired_standardized_and_visual_sample_reviewed,"REFUGE image/mask pair matched by file ID within official split; mask standardized to project {0,1,2} convention.",train
glaucoma_fundus_imaging_bundle,REFUGE,n0102,data/external/kaggle/glaucoma_fundus_imaging_bundle/REFUGE/train/Images/n0102.jpg,data/processed/standardized_masks/refuge/train_n0102.png,data/external/kaggle/glaucoma_fundus_imaging_bundle/REFUGE/train/Images/n0102.jpg,data/processed/standardized_masks/refuge/train_n0102.png,n0102.jpg,train_n0102.png,multiclass_values_0_1_2,0,1,2,REFUGE_train_n0102,True,paired_standardized_and_visual_sample_reviewed,"REFUGE image/mask pair matched by file ID within official split; mask standardized to project {0,1,2} convention.",train
glaucoma_fundus_imaging_bundle,REFUGE,n0103,data/external/kaggle/glaucoma_fundus_imaging_bundle/REFUGE/train/Images/n0103.jpg,data/processed/standardized_masks/refuge/train_n0103.png,data/external/kaggle/glaucoma_fundus_imaging_bundle/REFUGE/train/Images/n0103.jpg,data/processed/standardized_masks/refuge/train_n0103.png,n0103.jpg,train_n0103.png,multiclass_values_0_1_2,0,1,2,REFUGE_train_n0103,True,paired_standardized_and_visual_sample_reviewed,"REFUGE image/mask pair matched by file ID within official split; mask standardized to project {0,1,2} convention.",train
glaucoma_fundus_imaging_bundle,REFUGE,n0104,data/external/kaggle/glaucoma_fundus_imaging_bundle/REFUGE/train/Images/n0104.jpg,data/processed/standardized_masks/refuge/train_n0104.png,data/external/kaggle/glaucoma_fundus_imaging_bundle/REFUGE/train/Images/n0104.jpg,data/processed/standardized_masks/refuge/train_n0104.png,n0104.jpg,train_n0104.png,multiclass_values_0_1_2,0,1,2,REFUGE_train_n0104,True,paired_standardized_and_visual_sample_reviewed,"REFUGE image/mask pair matched by file ID within official split; mask standardized to project {0,1,2} convention.",train
glaucoma_fundus_imaging_bundle,REFUGE,n0105,data/external/kaggle/glaucoma_fundus_imaging_bundle/REFUGE/train/Images/n0105.jpg,data/processed/standardized_masks/refuge/train_n0105.png,data/external/kaggle/glaucoma_fundus_imaging_bundle/REFUGE/train/Images/n0105.jpg,data/processed/standardized_masks/refuge/train_n0105.png,n0105.jpg,train_n0105.png,multiclass_values_0_1_2,0,1,2,REFUGE_train_n0105,True,paired_standardized_and_visual_sample_reviewed,"REFUGE image/mask pair matched by file ID within official split; mask standardized to project {0,1,2} convention.",train
glaucoma_fundus_imaging_bundle,REFUGE,n0106,data/external/kaggle/glaucoma_fundus_imaging_bundle/REFUGE/train/Images/n0106.jpg,data/processed/standardized_masks/refuge/train_n0106.png,data/external/kaggle/glaucoma_fundus_imaging_bundle/REFUGE/train/Images/n0106.jpg,data/processed/standardized_masks/refuge/train_n0106.png,n0106.jpg,train_n0106.png,multiclass_values_0_1_2,0,1,2,REFUGE_train_n0106,True,paired_standardized_and_visual_sample_reviewed,"REFUGE image/mask pair matched by file ID within official split; mask standardized to project {0,1,2} convention.",train
glaucoma_fundus_imaging_bundle,REFUGE,n0107,data/external/kaggle/glaucoma_fundus_imaging_bundle/REFUGE/train/Images/n0107.jpg,data/processed/standardized_masks/refuge/train_n0107.png,data/external/kaggle/glaucoma_fundus_imaging_bundle/REFUGE/train/Images/n0107.jpg,data/processed/standardized_masks/refuge/train_n0107.png,n0107.jpg,train_n0107.png,multiclass_values_0_1_2,0,1,2,REFUGE_train_n0107,True,paired_standardized_and_visual_sample_reviewed,"REFUGE image/mask pair matched by file ID within official split; mask standardized to project {0,1,2} convention.",train
glaucoma_fundus_imaging_bundle,REFUGE,n0108,data/external/kaggle/glaucoma_fundus_imaging_bundle/REFUGE/train/Images/n0108.jpg,data/processed/standardized_masks/refuge/train_n0108.png,data/external/kaggle/glaucoma_fundus_imaging_bundle/REFUGE/train/Images/n0108.jpg,data/processed/standardized_masks/refuge/train_n0108.png,n0108.jpg,train_n0108.png,multiclass_values_0_1_2,0,1,2,REFUGE_train_n0108,True,paired_standardized_and_visual_sample_reviewed,"REFUGE image/mask pair matched by file ID within official split; mask standardized to project {0,1,2} convention.",train
glaucoma_fundus_imaging_bundle,REFUGE,n0109,data/external/kaggle/glaucoma_fundus_imaging_bundle/REFUGE/train/Images/n0109.jpg,data/processed/standardized_masks/refuge/train_n0109.png,data/external/kaggle/glaucoma_fundus_imaging_bundle/REFUGE/train/Images/n0109.jpg,data/processed/standardized_masks/refuge/train_n0109.png,n0109.jpg,train_n0109.png,multiclass_values_0_1_2,0,1,2,REFUGE_train_n0109,True,paired_standardized_and_visual_sample_reviewed,"REFUGE image/mask pair matched by file ID within official split; mask standardized to project {0,1,2} convention.",train
glaucoma_fundus_imaging_bundle,REFUGE,n0110,data/external/kaggle/glaucoma_fundus_imaging_bundle/REFUGE/train/Images/n0110.jpg,data/processed/standardized_masks/refuge/train_n0110.png,data/external/kaggle/glaucoma_fundus_imaging_bundle/REFUGE/train/Images/n0110.jpg,data/processed/standardized_masks/refuge/train_n0110.png,n0110.jpg,train_n0110.png,multiclass_values_0_1_2,0,1,2,REFUGE_train_n0110,True,paired_standardized_and_visual_sample_reviewed,"REFUGE image/mask pair matched by file ID within official split; mask standardized to project {0,1,2} convention.",train
glaucoma_fundus_imaging_bundle,REFUGE,n0111,data/external/kaggle/glaucoma_fundus_imaging_bundle/REFUGE/train/Images/n0111.jpg,data/processed/standardized_masks/refuge/train_n0111.png,data/external/kaggle/glaucoma_fundus_imaging_bundle/REFUGE/train/Images/n0111.jpg,data/processed/standardized_masks/refuge/train_n0111.png,n0111.jpg,train_n0111.png,multiclass_values_0_1_2,0,1,2,REFUGE_train_n0111,True,paired_standardized_and_visual_sample_reviewed,"REFUGE image/mask pair matched by file ID within official split; mask standardized to project {0,1,2} convention.",train
glaucoma_fundus_imaging_bundle,REFUGE,n0112,data/external/kaggle/glaucoma_fundus_imaging_bundle/REFUGE/train/Images/n0112.jpg,data/processed/standardized_masks/refuge/train_n0112.png,data/external/kaggle/glaucoma_fundus_imaging_bundle/REFUGE/train/Images/n0112.jpg,data/processed/standardized_masks/refuge/train_n0112.png,n0112.jpg,train_n0112.png,multiclass_values_0_1_2,0,1,2,REFUGE_train_n0112,True,paired_standardized_and_visual_sample_reviewed,"REFUGE image/mask pair matched by file ID within official split; mask standardized to project {0,1,2} convention.",train
glaucoma_fundus_imaging_bundle,REFUGE,n0113,data/external/kaggle/glaucoma_fundus_imaging_bundle/REFUGE/train/Images/n0113.jpg,data/processed/standardized_masks/refuge/train_n0113.png,data/external/kaggle/glaucoma_fundus_imaging_bundle/REFUGE/train/Images/n0113.jpg,data/processed/standardized_masks/refuge/train_n0113.png,n0113.jpg,train_n0113.png,multiclass_values_0_1_2,0,1,2,REFUGE_train_n0113,True,paired_standardized_and_visual_sample_reviewed,"REFUGE image/mask pair matched by file ID within official split; mask standardized to project {0,1,2} convention.",train
glaucoma_fundus_imaging_bundle,REFUGE,n0114,data/external/kaggle/glaucoma_fundus_imaging_bundle/REFUGE/train/Images/n0114.jpg,data/processed/standardized_masks/refuge/train_n0114.png,data/external/kaggle/glaucoma_fundus_imaging_bundle/REFUGE/train/Images/n0114.jpg,data/processed/standardized_masks/refuge/train_n0114.png,n0114.jpg,train_n0114.png,multiclass_values_0_1_2,0,1,2,REFUGE_train_n0114,True,paired_standardized_and_visual_sample_reviewed,"REFUGE image/mask pair matched by file ID within official split; mask standardized to project {0,1,2} convention.",train
glaucoma_fundus_imaging_bundle,REFUGE,n0115,data/external/kaggle/glaucoma_fundus_imaging_bundle/REFUGE/train/Images/n0115.jpg,data/processed/standardized_masks/refuge/train_n0115.png,data/external/kaggle/glaucoma_fundus_imaging_bundle/REFUGE/train/Images/n0115.jpg,data/processed/standardized_masks/refuge/train_n0115.png,n0115.jpg,train_n0115.png,multiclass_values_0_1_2,0,1,2,REFUGE_train_n0115,True,paired_standardized_and_visual_sample_reviewed,"REFUGE image/mask pair matched by file ID within official split; mask standardized to project {0,1,2} convention.",train
glaucoma_fundus_imaging_bundle,REFUGE,n0116,data/external/kaggle/glaucoma_fundus_imaging_bundle/REFUGE/train/Images/n0116.jpg,data/processed/standardized_masks/refuge/train_n0116.png,data/external/kaggle/glaucoma_fundus_imaging_bundle/REFUGE/train/Images/n0116.jpg,data/processed/standardized_masks/refuge/train_n0116.png,n0116.jpg,train_n0116.png,multiclass_values_0_1_2,0,1,2,REFUGE_train_n0116,True,paired_standardized_and_visual_sample_reviewed,"REFUGE image/mask pair matched by file ID within official split; mask standardized to project {0,1,2} convention.",train
glaucoma_fundus_imaging_bundle,REFUGE,n0117,data/external/kaggle/glaucoma_fundus_imaging_bundle/REFUGE/train/Images/n0117.jpg,data/processed/standardized_masks/refuge/train_n0117.png,data/external/kaggle/glaucoma_fundus_imaging_bundle/REFUGE/train/Images/n0117.jpg,data/processed/standardized_masks/refuge/train_n0117.png,n0117.jpg,train_n0117.png,multiclass_values_0_1_2,0,1,2,REFUGE_train_n0117,True,paired_standardized_and_visual_sample_reviewed,"REFUGE image/mask pair matched by file ID within official split; mask standardized to project {0,1,2} convention.",train
glaucoma_fundus_imaging_bundle,REFUGE,n0118,data/external/kaggle/glaucoma_fundus_imaging_bundle/REFUGE/train/Images/n0118.jpg,data/processed/standardized_masks/refuge/train_n0118.png,data/external/kaggle/glaucoma_fundus_imaging_bundle/REFUGE/train/Images/n0118.jpg,data/processed/standardized_masks/refuge/train_n0118.png,n0118.jpg,train_n0118.png,multiclass_values_0_1_2,0,1,2,REFUGE_train_n0118,True,paired_standardized_and_visual_sample_reviewed,"REFUGE image/mask pair matched by file ID within official split; mask standardized to project {0,1,2} convention.",train
glaucoma_fundus_imaging_bundle,REFUGE,n0119,data/external/kaggle/glaucoma_fundus_imaging_bundle/REFUGE/train/Images/n0119.jpg,data/processed/standardized_masks/refuge/train_n0119.png,data/external/kaggle/glaucoma_fundus_imaging_bundle/REFUGE/train/Images/n0119.jpg,data/processed/standardized_masks/refuge/train_n0119.png,n0119.jpg,train_n0119.png,multiclass_values_0_1_2,0,1,2,REFUGE_train_n0119,True,paired_standardized_and_visual_sample_reviewed,"REFUGE image/mask pair matched by file ID within official split; mask standardized to project {0,1,2} convention.",train
glaucoma_fundus_imaging_bundle,REFUGE,n0120,data/external/kaggle/glaucoma_fundus_imaging_bundle/REFUGE/train/Images/n0120.jpg,data/processed/standardized_masks/refuge/train_n0120.png,data/external/kaggle/glaucoma_fundus_imaging_bundle/REFUGE/train/Images/n0120.jpg,data/processed/standardized_masks/refuge/train_n0120.png,n0120.jpg,train_n0120.png,multiclass_values_0_1_2,0,1,2,REFUGE_train_n0120,True,paired_standardized_and_visual_sample_reviewed,"REFUGE image/mask pair matched by file ID within official split; mask standardized to project {0,1,2} convention.",train
glaucoma_fundus_imaging_bundle,REFUGE,n0121,data/external/kaggle/glaucoma_fundus_imaging_bundle/REFUGE/train/Images/n0121.jpg,data/processed/standardized_masks/refuge/train_n0121.png,data/external/kaggle/glaucoma_fundus_imaging_bundle/REFUGE/train/Images/n0121.jpg,data/processed/standardized_masks/refuge/train_n0121.png,n0121.jpg,train_n0121.png,multiclass_values_0_1_2,0,1,2,REFUGE_train_n0121,True,paired_standardized_and_visual_sample_reviewed,"REFUGE image/mask pair matched by file ID within official split; mask standardized to project {0,1,2} convention.",train
glaucoma_fundus_imaging_bundle,REFUGE,n0122,data/external/kaggle/glaucoma_fundus_imaging_bundle/REFUGE/train/Images/n0122.jpg,data/processed/standardized_masks/refuge/train_n0122.png,data/external/kaggle/glaucoma_fundus_imaging_bundle/REFUGE/train/Images/n0122.jpg,data/processed/standardized_masks/refuge/train_n0122.png,n0122.jpg,train_n0122.png,multiclass_values_0_1_2,0,1,2,REFUGE_train_n0122,True,paired_standardized_and_visual_sample_reviewed,"REFUGE image/mask pair matched by file ID within official split; mask standardized to project {0,1,2} convention.",train
glaucoma_fundus_imaging_bundle,REFUGE,n0123,data/external/kaggle/glaucoma_fundus_imaging_bundle/REFUGE/train/Images/n0123.jpg,data/processed/standardized_masks/refuge/train_n0123.png,data/external/kaggle/glaucoma_fundus_imaging_bundle/REFUGE/train/Images/n0123.jpg,data/processed/standardized_masks/refuge/train_n0123.png,n0123.jpg,train_n0123.png,multiclass_values_0_1_2,0,1,2,REFUGE_train_n0123,True,paired_standardized_and_visual_sample_reviewed,"REFUGE image/mask pair matched by file ID within official split; mask standardized to project {0,1,2} convention.",train
glaucoma_fundus_imaging_bundle,REFUGE,n0124,data/external/kaggle/glaucoma_fundus_imaging_bundle/REFUGE/train/Images/n0124.jpg,data/processed/standardized_masks/refuge/train_n0124.png,data/external/kaggle/glaucoma_fundus_imaging_bundle/REFUGE/train/Images/n0124.jpg,data/processed/standardized_masks/refuge/train_n0124.png,n0124.jpg,train_n0124.png,multiclass_values_0_1_2,0,1,2,REFUGE_train_n0124,True,paired_standardized_and_visual_sample_reviewed,"REFUGE image/mask pair matched by file ID within official split; mask standardized to project {0,1,2} convention.",train
glaucoma_fundus_imaging_bundle,REFUGE,n0125,data/external/kaggle/glaucoma_fundus_imaging_bundle/REFUGE/train/Images/n0125.jpg,data/processed/standardized_masks/refuge/train_n0125.png,data/external/kaggle/glaucoma_fundus_imaging_bundle/REFUGE/train/Images/n0125.jpg,data/processed/standardized_masks/refuge/train_n0125.png,n0125.jpg,train_n0125.png,multiclass_values_0_1_2,0,1,2,REFUGE_train_n0125,True,paired_standardized_and_visual_sample_reviewed,"REFUGE image/mask pair matched by file ID within official split; mask standardized to project {0,1,2} convention.",train
glaucoma_fundus_imaging_bundle,REFUGE,n0126,data/external/kaggle/glaucoma_fundus_imaging_bundle/REFUGE/train/Images/n0126.jpg,data/processed/standardized_masks/refuge/train_n0126.png,data/external/kaggle/glaucoma_fundus_imaging_bundle/REFUGE/train/Images/n0126.jpg,data/processed/standardized_masks/refuge/train_n0126.png,n0126.jpg,train_n0126.png,multiclass_values_0_1_2,0,1,2,REFUGE_train_n0126,True,paired_standardized_and_visual_sample_reviewed,"REFUGE image/mask pair matched by file ID within official split; mask standardized to project {0,1,2} convention.",train
glaucoma_fundus_imaging_bundle,REFUGE,n0127,data/external/kaggle/glaucoma_fundus_imaging_bundle/REFUGE/train/Images/n0127.jpg,data/processed/standardized_masks/refuge/train_n0127.png,data/external/kaggle/glaucoma_fundus_imaging_bundle/REFUGE/train/Images/n0127.jpg,data/processed/standardized_masks/refuge/train_n0127.png,n0127.jpg,train_n0127.png,multiclass_values_0_1_2,0,1,2,REFUGE_train_n0127,True,paired_standardized_and_visual_sample_reviewed,"REFUGE image/mask pair matched by file ID within official split; mask standardized to project {0,1,2} convention.",train
glaucoma_fundus_imaging_bundle,REFUGE,n0128,data/external/kaggle/glaucoma_fundus_imaging_bundle/REFUGE/train/Images/n0128.jpg,data/processed/standardized_masks/refuge/train_n0128.png,data/external/kaggle/glaucoma_fundus_imaging_bundle/REFUGE/train/Images/n0128.jpg,data/processed/standardized_masks/refuge/train_n0128.png,n0128.jpg,train_n0128.png,multiclass_values_0_1_2,0,1,2,REFUGE_train_n0128,True,paired_standardized_and_visual_sample_reviewed,"REFUGE image/mask pair matched by file ID within official split; mask standardized to project {0,1,2} convention.",train
glaucoma_fundus_imaging_bundle,REFUGE,n0129,data/external/kaggle/glaucoma_fundus_imaging_bundle/REFUGE/train/Images/n0129.jpg,data/processed/standardized_masks/refuge/train_n0129.png,data/external/kaggle/glaucoma_fundus_imaging_bundle/REFUGE/train/Images/n0129.jpg,data/processed/standardized_masks/refuge/train_n0129.png,n0129.jpg,train_n0129.png,multiclass_values_0_1_2,0,1,2,REFUGE_train_n0129,True,paired_standardized_and_visual_sample_reviewed,"REFUGE image/mask pair matched by file ID within official split; mask standardized to project {0,1,2} convention.",train
glaucoma_fundus_imaging_bundle,REFUGE,n0130,data/external/kaggle/glaucoma_fundus_imaging_bundle/REFUGE/train/Images/n0130.jpg,data/processed/standardized_masks/refuge/train_n0130.png,data/external/kaggle/glaucoma_fundus_imaging_bundle/REFUGE/train/Images/n0130.jpg,data/processed/standardized_masks/refuge/train_n0130.png,n0130.jpg,train_n0130.png,multiclass_values_0_1_2,0,1,2,REFUGE_train_n0130,True,paired_standardized_and_visual_sample_reviewed,"REFUGE image/mask pair matched by file ID within official split; mask standardized to project {0,1,2} convention.",train
glaucoma_fundus_imaging_bundle,REFUGE,n0131,data/external/kaggle/glaucoma_fundus_imaging_bundle/REFUGE/train/Images/n0131.jpg,data/processed/standardized_masks/refuge/train_n0131.png,data/external/kaggle/glaucoma_fundus_imaging_bundle/REFUGE/train/Images/n0131.jpg,data/processed/standardized_masks/refuge/train_n0131.png,n0131.jpg,train_n0131.png,multiclass_values_0_1_2,0,1,2,REFUGE_train_n0131,True,paired_standardized_and_visual_sample_reviewed,"REFUGE image/mask pair matched by file ID within official split; mask standardized to project {0,1,2} convention.",train
glaucoma_fundus_imaging_bundle,REFUGE,n0132,data/external/kaggle/glaucoma_fundus_imaging_bundle/REFUGE/train/Images/n0132.jpg,data/processed/standardized_masks/refuge/train_n0132.png,data/external/kaggle/glaucoma_fundus_imaging_bundle/REFUGE/train/Images/n0132.jpg,data/processed/standardized_masks/refuge/train_n0132.png,n0132.jpg,train_n0132.png,multiclass_values_0_1_2,0,1,2,REFUGE_train_n0132,True,paired_standardized_and_visual_sample_reviewed,"REFUGE image/mask pair matched by file ID within official split; mask standardized to project {0,1,2} convention.",train
glaucoma_fundus_imaging_bundle,REFUGE,n0133,data/external/kaggle/glaucoma_fundus_imaging_bundle/REFUGE/train/Images/n0133.jpg,data/processed/standardized_masks/refuge/train_n0133.png,data/external/kaggle/glaucoma_fundus_imaging_bundle/REFUGE/train/Images/n0133.jpg,data/processed/standardized_masks/refuge/train_n0133.png,n0133.jpg,train_n0133.png,multiclass_values_0_1_2,0,1,2,REFUGE_train_n0133,True,paired_standardized_and_visual_sample_reviewed,"REFUGE image/mask pair matched by file ID within official split; mask standardized to project {0,1,2} convention.",train
glaucoma_fundus_imaging_bundle,REFUGE,n0134,data/external/kaggle/glaucoma_fundus_imaging_bundle/REFUGE/train/Images/n0134.jpg,data/processed/standardized_masks/refuge/train_n0134.png,data/external/kaggle/glaucoma_fundus_imaging_bundle/REFUGE/train/Images/n0134.jpg,data/processed/standardized_masks/refuge/train_n0134.png,n0134.jpg,train_n0134.png,multiclass_values_0_1_2,0,1,2,REFUGE_train_n0134,True,paired_standardized_and_visual_sample_reviewed,"REFUGE image/mask pair matched by file ID within official split; mask standardized to project {0,1,2} convention.",train
glaucoma_fundus_imaging_bundle,REFUGE,n0135,data/external/kaggle/glaucoma_fundus_imaging_bundle/REFUGE/train/Images/n0135.jpg,data/processed/standardized_masks/refuge/train_n0135.png,data/external/kaggle/glaucoma_fundus_imaging_bundle/REFUGE/train/Images/n0135.jpg,data/processed/standardized_masks/refuge/train_n0135.png,n0135.jpg,train_n0135.png,multiclass_values_0_1_2,0,1,2,REFUGE_train_n0135,True,paired_standardized_and_visual_sample_reviewed,"REFUGE image/mask pair matched by file ID within official split; mask standardized to project {0,1,2} convention.",train
glaucoma_fundus_imaging_bundle,REFUGE,n0136,data/external/kaggle/glaucoma_fundus_imaging_bundle/REFUGE/train/Images/n0136.jpg,data/processed/standardized_masks/refuge/train_n0136.png,data/external/kaggle/glaucoma_fundus_imaging_bundle/REFUGE/train/Images/n0136.jpg,data/processed/standardized_masks/refuge/train_n0136.png,n0136.jpg,train_n0136.png,multiclass_values_0_1_2,0,1,2,REFUGE_train_n0136,True,paired_standardized_and_visual_sample_reviewed,"REFUGE image/mask pair matched by file ID within official split; mask standardized to project {0,1,2} convention.",train
glaucoma_fundus_imaging_bundle,REFUGE,n0137,data/external/kaggle/glaucoma_fundus_imaging_bundle/REFUGE/train/Images/n0137.jpg,data/processed/standardized_masks/refuge/train_n0137.png,data/external/kaggle/glaucoma_fundus_imaging_bundle/REFUGE/train/Images/n0137.jpg,data/processed/standardized_masks/refuge/train_n0137.png,n0137.jpg,train_n0137.png,multiclass_values_0_1_2,0,1,2,REFUGE_train_n0137,True,paired_standardized_and_visual_sample_reviewed,"REFUGE image/mask pair matched by file ID within official split; mask standardized to project {0,1,2} convention.",train
glaucoma_fundus_imaging_bundle,REFUGE,n0138,data/external/kaggle/glaucoma_fundus_imaging_bundle/REFUGE/train/Images/n0138.jpg,data/processed/standardized_masks/refuge/train_n0138.png,data/external/kaggle/glaucoma_fundus_imaging_bundle/REFUGE/train/Images/n0138.jpg,data/processed/standardized_masks/refuge/train_n0138.png,n0138.jpg,train_n0138.png,multiclass_values_0_1_2,0,1,2,REFUGE_train_n0138,True,paired_standardized_and_visual_sample_reviewed,"REFUGE image/mask pair matched by file ID within official split; mask standardized to project {0,1,2} convention.",train
glaucoma_fundus_imaging_bundle,REFUGE,n0139,data/external/kaggle/glaucoma_fundus_imaging_bundle/REFUGE/train/Images/n0139.jpg,data/processed/standardized_masks/refuge/train_n0139.png,data/external/kaggle/glaucoma_fundus_imaging_bundle/REFUGE/train/Images/n0139.jpg,data/processed/standardized_masks/refuge/train_n0139.png,n0139.jpg,train_n0139.png,multiclass_values_0_1_2,0,1,2,REFUGE_train_n0139,True,paired_standardized_and_visual_sample_reviewed,"REFUGE image/mask pair matched by file ID within official split; mask standardized to project {0,1,2} convention.",train
glaucoma_fundus_imaging_bundle,REFUGE,n0140,data/external/kaggle/glaucoma_fundus_imaging_bundle/REFUGE/train/Images/n0140.jpg,data/processed/standardized_masks/refuge/train_n0140.png,data/external/kaggle/glaucoma_fundus_imaging_bundle/REFUGE/train/Images/n0140.jpg,data/processed/standardized_masks/refuge/train_n0140.png,n0140.jpg,train_n0140.png,multiclass_values_0_1_2,0,1,2,REFUGE_train_n0140,True,paired_standardized_and_visual_sample_reviewed,"REFUGE image/mask pair matched by file ID within official split; mask standardized to project {0,1,2} convention.",train
glaucoma_fundus_imaging_bundle,REFUGE,n0141,data/external/kaggle/glaucoma_fundus_imaging_bundle/REFUGE/train/Images/n0141.jpg,data/processed/standardized_masks/refuge/train_n0141.png,data/external/kaggle/glaucoma_fundus_imaging_bundle/REFUGE/train/Images/n0141.jpg,data/processed/standardized_masks/refuge/train_n0141.png,n0141.jpg,train_n0141.png,multiclass_values_0_1_2,0,1,2,REFUGE_train_n0141,True,paired_standardized_and_visual_sample_reviewed,"REFUGE image/mask pair matched by file ID within official split; mask standardized to project {0,1,2} convention.",train
glaucoma_fundus_imaging_bundle,REFUGE,n0142,data/external/kaggle/glaucoma_fundus_imaging_bundle/REFUGE/train/Images/n0142.jpg,data/processed/standardized_masks/refuge/train_n0142.png,data/external/kaggle/glaucoma_fundus_imaging_bundle/REFUGE/train/Images/n0142.jpg,data/processed/standardized_masks/refuge/train_n0142.png,n0142.jpg,train_n0142.png,multiclass_values_0_1_2,0,1,2,REFUGE_train_n0142,True,paired_standardized_and_visual_sample_reviewed,"REFUGE image/mask pair matched by file ID within official split; mask standardized to project {0,1,2} convention.",train
glaucoma_fundus_imaging_bundle,REFUGE,n0143,data/external/kaggle/glaucoma_fundus_imaging_bundle/REFUGE/train/Images/n0143.jpg,data/processed/standardized_masks/refuge/train_n0143.png,data/external/kaggle/glaucoma_fundus_imaging_bundle/REFUGE/train/Images/n0143.jpg,data/processed/standardized_masks/refuge/train_n0143.png,n0143.jpg,train_n0143.png,multiclass_values_0_1_2,0,1,2,REFUGE_train_n0143,True,paired_standardized_and_visual_sample_reviewed,"REFUGE image/mask pair matched by file ID within official split; mask standardized to project {0,1,2} convention.",train
glaucoma_fundus_imaging_bundle,REFUGE,n0144,data/external/kaggle/glaucoma_fundus_imaging_bundle/REFUGE/train/Images/n0144.jpg,data/processed/standardized_masks/refuge/train_n0144.png,data/external/kaggle/glaucoma_fundus_imaging_bundle/REFUGE/train/Images/n0144.jpg,data/processed/standardized_masks/refuge/train_n0144.png,n0144.jpg,train_n0144.png,multiclass_values_0_1_2,0,1,2,REFUGE_train_n0144,True,paired_standardized_and_visual_sample_reviewed,"REFUGE image/mask pair matched by file ID within official split; mask standardized to project {0,1,2} convention.",train
glaucoma_fundus_imaging_bundle,REFUGE,n0145,data/external/kaggle/glaucoma_fundus_imaging_bundle/REFUGE/train/Images/n0145.jpg,data/processed/standardized_masks/refuge/train_n0145.png,data/external/kaggle/glaucoma_fundus_imaging_bundle/REFUGE/train/Images/n0145.jpg,data/processed/standardized_masks/refuge/train_n0145.png,n0145.jpg,train_n0145.png,multiclass_values_0_1_2,0,1,2,REFUGE_train_n0145,True,paired_standardized_and_visual_sample_reviewed,"REFUGE image/mask pair matched by file ID within official split; mask standardized to project {0,1,2} convention.",train
glaucoma_fundus_imaging_bundle,REFUGE,n0146,data/external/kaggle/glaucoma_fundus_imaging_bundle/REFUGE/train/Images/n0146.jpg,data/processed/standardized_masks/refuge/train_n0146.png,data/external/kaggle/glaucoma_fundus_imaging_bundle/REFUGE/train/Images/n0146.jpg,data/processed/standardized_masks/refuge/train_n0146.png,n0146.jpg,train_n0146.png,multiclass_values_0_1_2,0,1,2,REFUGE_train_n0146,True,paired_standardized_and_visual_sample_reviewed,"REFUGE image/mask pair matched by file ID within official split; mask standardized to project {0,1,2} convention.",train
glaucoma_fundus_imaging_bundle,REFUGE,n0147,data/external/kaggle/glaucoma_fundus_imaging_bundle/REFUGE/train/Images/n0147.jpg,data/processed/standardized_masks/refuge/train_n0147.png,data/external/kaggle/glaucoma_fundus_imaging_bundle/REFUGE/train/Images/n0147.jpg,data/processed/standardized_masks/refuge/train_n0147.png,n0147.jpg,train_n0147.png,multiclass_values_0_1_2,0,1,2,REFUGE_train_n0147,True,paired_standardized_and_visual_sample_reviewed,"REFUGE image/mask pair matched by file ID within official split; mask standardized to project {0,1,2} convention.",train
glaucoma_fundus_imaging_bundle,REFUGE,n0148,data/external/kaggle/glaucoma_fundus_imaging_bundle/REFUGE/train/Images/n0148.jpg,data/processed/standardized_masks/refuge/train_n0148.png,data/external/kaggle/glaucoma_fundus_imaging_bundle/REFUGE/train/Images/n0148.jpg,data/processed/standardized_masks/refuge/train_n0148.png,n0148.jpg,train_n0148.png,multiclass_values_0_1_2,0,1,2,REFUGE_train_n0148,True,paired_standardized_and_visual_sample_reviewed,"REFUGE image/mask pair matched by file ID within official split; mask standardized to project {0,1,2} convention.",train
glaucoma_fundus_imaging_bundle,REFUGE,n0149,data/external/kaggle/glaucoma_fundus_imaging_bundle/REFUGE/train/Images/n0149.jpg,data/processed/standardized_masks/refuge/train_n0149.png,data/external/kaggle/glaucoma_fundus_imaging_bundle/REFUGE/train/Images/n0149.jpg,data/processed/standardized_masks/refuge/train_n0149.png,n0149.jpg,train_n0149.png,multiclass_values_0_1_2,0,1,2,REFUGE_train_n0149,True,paired_standardized_and_visual_sample_reviewed,"REFUGE image/mask pair matched by file ID within official split; mask standardized to project {0,1,2} convention.",train
glaucoma_fundus_imaging_bundle,REFUGE,n0150,data/external/kaggle/glaucoma_fundus_imaging_bundle/REFUGE/train/Images/n0150.jpg,data/processed/standardized_masks/refuge/train_n0150.png,data/external/kaggle/glaucoma_fundus_imaging_bundle/REFUGE/train/Images/n0150.jpg,data/processed/standardized_masks/refuge/train_n0150.png,n0150.jpg,train_n0150.png,multiclass_values_0_1_2,0,1,2,REFUGE_train_n0150,True,paired_standardized_and_visual_sample_reviewed,"REFUGE image/mask pair matched by file ID within official split; mask standardized to project {0,1,2} convention.",train
glaucoma_fundus_imaging_bundle,REFUGE,n0151,data/external/kaggle/glaucoma_fundus_imaging_bundle/REFUGE/train/Images/n0151.jpg,data/processed/standardized_masks/refuge/train_n0151.png,data/external/kaggle/glaucoma_fundus_imaging_bundle/REFUGE/train/Images/n0151.jpg,data/processed/standardized_masks/refuge/train_n0151.png,n0151.jpg,train_n0151.png,multiclass_values_0_1_2,0,1,2,REFUGE_train_n0151,True,paired_standardized_and_visual_sample_reviewed,"REFUGE image/mask pair matched by file ID within official split; mask standardized to project {0,1,2} convention.",train
glaucoma_fundus_imaging_bundle,REFUGE,n0152,data/external/kaggle/glaucoma_fundus_imaging_bundle/REFUGE/train/Images/n0152.jpg,data/processed/standardized_masks/refuge/train_n0152.png,data/external/kaggle/glaucoma_fundus_imaging_bundle/REFUGE/train/Images/n0152.jpg,data/processed/standardized_masks/refuge/train_n0152.png,n0152.jpg,train_n0152.png,multiclass_values_0_1_2,0,1,2,REFUGE_train_n0152,True,paired_standardized_and_visual_sample_reviewed,"REFUGE image/mask pair matched by file ID within official split; mask standardized to project {0,1,2} convention.",train
glaucoma_fundus_imaging_bundle,REFUGE,n0153,data/external/kaggle/glaucoma_fundus_imaging_bundle/REFUGE/train/Images/n0153.jpg,data/processed/standardized_masks/refuge/train_n0153.png,data/external/kaggle/glaucoma_fundus_imaging_bundle/REFUGE/train/Images/n0153.jpg,data/processed/standardized_masks/refuge/train_n0153.png,n0153.jpg,train_n0153.png,multiclass_values_0_1_2,0,1,2,REFUGE_train_n0153,True,paired_standardized_and_visual_sample_reviewed,"REFUGE image/mask pair matched by file ID within official split; mask standardized to project {0,1,2} convention.",train
glaucoma_fundus_imaging_bundle,REFUGE,n0154,data/external/kaggle/glaucoma_fundus_imaging_bundle/REFUGE/train/Images/n0154.jpg,data/processed/standardized_masks/refuge/train_n0154.png,data/external/kaggle/glaucoma_fundus_imaging_bundle/REFUGE/train/Images/n0154.jpg,data/processed/standardized_masks/refuge/train_n0154.png,n0154.jpg,train_n0154.png,multiclass_values_0_1_2,0,1,2,REFUGE_train_n0154,True,paired_standardized_and_visual_sample_reviewed,"REFUGE image/mask pair matched by file ID within official split; mask standardized to project {0,1,2} convention.",train
glaucoma_fundus_imaging_bundle,REFUGE,n0155,data/external/kaggle/glaucoma_fundus_imaging_bundle/REFUGE/train/Images/n0155.jpg,data/processed/standardized_masks/refuge/train_n0155.png,data/external/kaggle/glaucoma_fundus_imaging_bundle/REFUGE/train/Images/n0155.jpg,data/processed/standardized_masks/refuge/train_n0155.png,n0155.jpg,train_n0155.png,multiclass_values_0_1_2,0,1,2,REFUGE_train_n0155,True,paired_standardized_and_visual_sample_reviewed,"REFUGE image/mask pair matched by file ID within official split; mask standardized to project {0,1,2} convention.",train
glaucoma_fundus_imaging_bundle,REFUGE,n0156,data/external/kaggle/glaucoma_fundus_imaging_bundle/REFUGE/train/Images/n0156.jpg,data/processed/standardized_masks/refuge/train_n0156.png,data/external/kaggle/glaucoma_fundus_imaging_bundle/REFUGE/train/Images/n0156.jpg,data/processed/standardized_masks/refuge/train_n0156.png,n0156.jpg,train_n0156.png,multiclass_values_0_1_2,0,1,2,REFUGE_train_n0156,True,paired_standardized_and_visual_sample_reviewed,"REFUGE image/mask pair matched by file ID within official split; mask standardized to project {0,1,2} convention.",train
glaucoma_fundus_imaging_bundle,REFUGE,n0157,data/external/kaggle/glaucoma_fundus_imaging_bundle/REFUGE/train/Images/n0157.jpg,data/processed/standardized_masks/refuge/train_n0157.png,data/external/kaggle/glaucoma_fundus_imaging_bundle/REFUGE/train/Images/n0157.jpg,data/processed/standardized_masks/refuge/train_n0157.png,n0157.jpg,train_n0157.png,multiclass_values_0_1_2,0,1,2,REFUGE_train_n0157,True,paired_standardized_and_visual_sample_reviewed,"REFUGE image/mask pair matched by file ID within official split; mask standardized to project {0,1,2} convention.",train
glaucoma_fundus_imaging_bundle,REFUGE,n0158,data/external/kaggle/glaucoma_fundus_imaging_bundle/REFUGE/train/Images/n0158.jpg,data/processed/standardized_masks/refuge/train_n0158.png,data/external/kaggle/glaucoma_fundus_imaging_bundle/REFUGE/train/Images/n0158.jpg,data/processed/standardized_masks/refuge/train_n0158.png,n0158.jpg,train_n0158.png,multiclass_values_0_1_2,0,1,2,REFUGE_train_n0158,True,paired_standardized_and_visual_sample_reviewed,"REFUGE image/mask pair matched by file ID within official split; mask standardized to project {0,1,2} convention.",train
glaucoma_fundus_imaging_bundle,REFUGE,n0159,data/external/kaggle/glaucoma_fundus_imaging_bundle/REFUGE/train/Images/n0159.jpg,data/processed/standardized_masks/refuge/train_n0159.png,data/external/kaggle/glaucoma_fundus_imaging_bundle/REFUGE/train/Images/n0159.jpg,data/processed/standardized_masks/refuge/train_n0159.png,n0159.jpg,train_n0159.png,multiclass_values_0_1_2,0,1,2,REFUGE_train_n0159,True,paired_standardized_and_visual_sample_reviewed,"REFUGE image/mask pair matched by file ID within official split; mask standardized to project {0,1,2} convention.",train
glaucoma_fundus_imaging_bundle,REFUGE,n0160,data/external/kaggle/glaucoma_fundus_imaging_bundle/REFUGE/train/Images/n0160.jpg,data/processed/standardized_masks/refuge/train_n0160.png,data/external/kaggle/glaucoma_fundus_imaging_bundle/REFUGE/train/Images/n0160.jpg,data/processed/standardized_masks/refuge/train_n0160.png,n0160.jpg,train_n0160.png,multiclass_values_0_1_2,0,1,2,REFUGE_train_n0160,True,paired_standardized_and_visual_sample_reviewed,"REFUGE image/mask pair matched by file ID within official split; mask standardized to project {0,1,2} convention.",train
glaucoma_fundus_imaging_bundle,REFUGE,n0161,data/external/kaggle/glaucoma_fundus_imaging_bundle/REFUGE/train/Images/n0161.jpg,data/processed/standardized_masks/refuge/train_n0161.png,data/external/kaggle/glaucoma_fundus_imaging_bundle/REFUGE/train/Images/n0161.jpg,data/processed/standardized_masks/refuge/train_n0161.png,n0161.jpg,train_n0161.png,multiclass_values_0_1_2,0,1,2,REFUGE_train_n0161,True,paired_standardized_and_visual_sample_reviewed,"REFUGE image/mask pair matched by file ID within official split; mask standardized to project {0,1,2} convention.",train
glaucoma_fundus_imaging_bundle,REFUGE,n0162,data/external/kaggle/glaucoma_fundus_imaging_bundle/REFUGE/train/Images/n0162.jpg,data/processed/standardized_masks/refuge/train_n0162.png,data/external/kaggle/glaucoma_fundus_imaging_bundle/REFUGE/train/Images/n0162.jpg,data/processed/standardized_masks/refuge/train_n0162.png,n0162.jpg,train_n0162.png,multiclass_values_0_1_2,0,1,2,REFUGE_train_n0162,True,paired_standardized_and_visual_sample_reviewed,"REFUGE image/mask pair matched by file ID within official split; mask standardized to project {0,1,2} convention.",train
glaucoma_fundus_imaging_bundle,REFUGE,n0163,data/external/kaggle/glaucoma_fundus_imaging_bundle/REFUGE/train/Images/n0163.jpg,data/processed/standardized_masks/refuge/train_n0163.png,data/external/kaggle/glaucoma_fundus_imaging_bundle/REFUGE/train/Images/n0163.jpg,data/processed/standardized_masks/refuge/train_n0163.png,n0163.jpg,train_n0163.png,multiclass_values_0_1_2,0,1,2,REFUGE_train_n0163,True,paired_standardized_and_visual_sample_reviewed,"REFUGE image/mask pair matched by file ID within official split; mask standardized to project {0,1,2} convention.",train
glaucoma_fundus_imaging_bundle,REFUGE,n0164,data/external/kaggle/glaucoma_fundus_imaging_bundle/REFUGE/train/Images/n0164.jpg,data/processed/standardized_masks/refuge/train_n0164.png,data/external/kaggle/glaucoma_fundus_imaging_bundle/REFUGE/train/Images/n0164.jpg,data/processed/standardized_masks/refuge/train_n0164.png,n0164.jpg,train_n0164.png,multiclass_values_0_1_2,0,1,2,REFUGE_train_n0164,True,paired_standardized_and_visual_sample_reviewed,"REFUGE image/mask pair matched by file ID within official split; mask standardized to project {0,1,2} convention.",train
glaucoma_fundus_imaging_bundle,REFUGE,n0165,data/external/kaggle/glaucoma_fundus_imaging_bundle/REFUGE/train/Images/n0165.jpg,data/processed/standardized_masks/refuge/train_n0165.png,data/external/kaggle/glaucoma_fundus_imaging_bundle/REFUGE/train/Images/n0165.jpg,data/processed/standardized_masks/refuge/train_n0165.png,n0165.jpg,train_n0165.png,multiclass_values_0_1_2,0,1,2,REFUGE_train_n0165,True,paired_standardized_and_visual_sample_reviewed,"REFUGE image/mask pair matched by file ID within official split; mask standardized to project {0,1,2} convention.",train
glaucoma_fundus_imaging_bundle,REFUGE,n0166,data/external/kaggle/glaucoma_fundus_imaging_bundle/REFUGE/train/Images/n0166.jpg,data/processed/standardized_masks/refuge/train_n0166.png,data/external/kaggle/glaucoma_fundus_imaging_bundle/REFUGE/train/Images/n0166.jpg,data/processed/standardized_masks/refuge/train_n0166.png,n0166.jpg,train_n0166.png,multiclass_values_0_1_2,0,1,2,REFUGE_train_n0166,True,paired_standardized_and_visual_sample_reviewed,"REFUGE image/mask pair matched by file ID within official split; mask standardized to project {0,1,2} convention.",train
glaucoma_fundus_imaging_bundle,REFUGE,n0167,data/external/kaggle/glaucoma_fundus_imaging_bundle/REFUGE/train/Images/n0167.jpg,data/processed/standardized_masks/refuge/train_n0167.png,data/external/kaggle/glaucoma_fundus_imaging_bundle/REFUGE/train/Images/n0167.jpg,data/processed/standardized_masks/refuge/train_n0167.png,n0167.jpg,train_n0167.png,multiclass_values_0_1_2,0,1,2,REFUGE_train_n0167,True,paired_standardized_and_visual_sample_reviewed,"REFUGE image/mask pair matched by file ID within official split; mask standardized to project {0,1,2} convention.",train
glaucoma_fundus_imaging_bundle,REFUGE,n0168,data/external/kaggle/glaucoma_fundus_imaging_bundle/REFUGE/train/Images/n0168.jpg,data/processed/standardized_masks/refuge/train_n0168.png,data/external/kaggle/glaucoma_fundus_imaging_bundle/REFUGE/train/Images/n0168.jpg,data/processed/standardized_masks/refuge/train_n0168.png,n0168.jpg,train_n0168.png,multiclass_values_0_1_2,0,1,2,REFUGE_train_n0168,True,paired_standardized_and_visual_sample_reviewed,"REFUGE image/mask pair matched by file ID within official split; mask standardized to project {0,1,2} convention.",train
glaucoma_fundus_imaging_bundle,REFUGE,n0169,data/external/kaggle/glaucoma_fundus_imaging_bundle/REFUGE/train/Images/n0169.jpg,data/processed/standardized_masks/refuge/train_n0169.png,data/external/kaggle/glaucoma_fundus_imaging_bundle/REFUGE/train/Images/n0169.jpg,data/processed/standardized_masks/refuge/train_n0169.png,n0169.jpg,train_n0169.png,multiclass_values_0_1_2,0,1,2,REFUGE_train_n0169,True,paired_standardized_and_visual_sample_reviewed,"REFUGE image/mask pair matched by file ID within official split; mask standardized to project {0,1,2} convention.",train
glaucoma_fundus_imaging_bundle,REFUGE,n0170,data/external/kaggle/glaucoma_fundus_imaging_bundle/REFUGE/train/Images/n0170.jpg,data/processed/standardized_masks/refuge/train_n0170.png,data/external/kaggle/glaucoma_fundus_imaging_bundle/REFUGE/train/Images/n0170.jpg,data/processed/standardized_masks/refuge/train_n0170.png,n0170.jpg,train_n0170.png,multiclass_values_0_1_2,0,1,2,REFUGE_train_n0170,True,paired_standardized_and_visual_sample_reviewed,"REFUGE image/mask pair matched by file ID within official split; mask standardized to project {0,1,2} convention.",train
glaucoma_fundus_imaging_bundle,REFUGE,n0171,data/external/kaggle/glaucoma_fundus_imaging_bundle/REFUGE/train/Images/n0171.jpg,data/processed/standardized_masks/refuge/train_n0171.png,data/external/kaggle/glaucoma_fundus_imaging_bundle/REFUGE/train/Images/n0171.jpg,data/processed/standardized_masks/refuge/train_n0171.png,n0171.jpg,train_n0171.png,multiclass_values_0_1_2,0,1,2,REFUGE_train_n0171,True,paired_standardized_and_visual_sample_reviewed,"REFUGE image/mask pair matched by file ID within official split; mask standardized to project {0,1,2} convention.",train
glaucoma_fundus_imaging_bundle,REFUGE,n0172,data/external/kaggle/glaucoma_fundus_imaging_bundle/REFUGE/train/Images/n0172.jpg,data/processed/standardized_masks/refuge/train_n0172.png,data/external/kaggle/glaucoma_fundus_imaging_bundle/REFUGE/train/Images/n0172.jpg,data/processed/standardized_masks/refuge/train_n0172.png,n0172.jpg,train_n0172.png,multiclass_values_0_1_2,0,1,2,REFUGE_train_n0172,True,paired_standardized_and_visual_sample_reviewed,"REFUGE image/mask pair matched by file ID within official split; mask standardized to project {0,1,2} convention.",train
glaucoma_fundus_imaging_bundle,REFUGE,n0173,data/external/kaggle/glaucoma_fundus_imaging_bundle/REFUGE/train/Images/n0173.jpg,data/processed/standardized_masks/refuge/train_n0173.png,data/external/kaggle/glaucoma_fundus_imaging_bundle/REFUGE/train/Images/n0173.jpg,data/processed/standardized_masks/refuge/train_n0173.png,n0173.jpg,train_n0173.png,multiclass_values_0_1_2,0,1,2,REFUGE_train_n0173,True,paired_standardized_and_visual_sample_reviewed,"REFUGE image/mask pair matched by file ID within official split; mask standardized to project {0,1,2} convention.",train
glaucoma_fundus_imaging_bundle,REFUGE,n0174,data/external/kaggle/glaucoma_fundus_imaging_bundle/REFUGE/train/Images/n0174.jpg,data/processed/standardized_masks/refuge/train_n0174.png,data/external/kaggle/glaucoma_fundus_imaging_bundle/REFUGE/train/Images/n0174.jpg,data/processed/standardized_masks/refuge/train_n0174.png,n0174.jpg,train_n0174.png,multiclass_values_0_1_2,0,1,2,REFUGE_train_n0174,True,paired_standardized_and_visual_sample_reviewed,"REFUGE image/mask pair matched by file ID within official split; mask standardized to project {0,1,2} convention.",train
glaucoma_fundus_imaging_bundle,REFUGE,n0175,data/external/kaggle/glaucoma_fundus_imaging_bundle/REFUGE/train/Images/n0175.jpg,data/processed/standardized_masks/refuge/train_n0175.png,data/external/kaggle/glaucoma_fundus_imaging_bundle/REFUGE/train/Images/n0175.jpg,data/processed/standardized_masks/refuge/train_n0175.png,n0175.jpg,train_n0175.png,multiclass_values_0_1_2,0,1,2,REFUGE_train_n0175,True,paired_standardized_and_visual_sample_reviewed,"REFUGE image/mask pair matched by file ID within official split; mask standardized to project {0,1,2} convention.",train
glaucoma_fundus_imaging_bundle,REFUGE,n0176,data/external/kaggle/glaucoma_fundus_imaging_bundle/REFUGE/train/Images/n0176.jpg,data/processed/standardized_masks/refuge/train_n0176.png,data/external/kaggle/glaucoma_fundus_imaging_bundle/REFUGE/train/Images/n0176.jpg,data/processed/standardized_masks/refuge/train_n0176.png,n0176.jpg,train_n0176.png,multiclass_values_0_1_2,0,1,2,REFUGE_train_n0176,True,paired_standardized_and_visual_sample_reviewed,"REFUGE image/mask pair matched by file ID within official split; mask standardized to project {0,1,2} convention.",train
glaucoma_fundus_imaging_bundle,REFUGE,n0177,data/external/kaggle/glaucoma_fundus_imaging_bundle/REFUGE/train/Images/n0177.jpg,data/processed/standardized_masks/refuge/train_n0177.png,data/external/kaggle/glaucoma_fundus_imaging_bundle/REFUGE/train/Images/n0177.jpg,data/processed/standardized_masks/refuge/train_n0177.png,n0177.jpg,train_n0177.png,multiclass_values_0_1_2,0,1,2,REFUGE_train_n0177,True,paired_standardized_and_visual_sample_reviewed,"REFUGE image/mask pair matched by file ID within official split; mask standardized to project {0,1,2} convention.",train
glaucoma_fundus_imaging_bundle,REFUGE,n0178,data/external/kaggle/glaucoma_fundus_imaging_bundle/REFUGE/train/Images/n0178.jpg,data/processed/standardized_masks/refuge/train_n0178.png,data/external/kaggle/glaucoma_fundus_imaging_bundle/REFUGE/train/Images/n0178.jpg,data/processed/standardized_masks/refuge/train_n0178.png,n0178.jpg,train_n0178.png,multiclass_values_0_1_2,0,1,2,REFUGE_train_n0178,True,paired_standardized_and_visual_sample_reviewed,"REFUGE image/mask pair matched by file ID within official split; mask standardized to project {0,1,2} convention.",train
glaucoma_fundus_imaging_bundle,REFUGE,n0179,data/external/kaggle/glaucoma_fundus_imaging_bundle/REFUGE/train/Images/n0179.jpg,data/processed/standardized_masks/refuge/train_n0179.png,data/external/kaggle/glaucoma_fundus_imaging_bundle/REFUGE/train/Images/n0179.jpg,data/processed/standardized_masks/refuge/train_n0179.png,n0179.jpg,train_n0179.png,multiclass_values_0_1_2,0,1,2,REFUGE_train_n0179,True,paired_standardized_and_visual_sample_reviewed,"REFUGE image/mask pair matched by file ID within official split; mask standardized to project {0,1,2} convention.",train
glaucoma_fundus_imaging_bundle,REFUGE,n0180,data/external/kaggle/glaucoma_fundus_imaging_bundle/REFUGE/train/Images/n0180.jpg,data/processed/standardized_masks/refuge/train_n0180.png,data/external/kaggle/glaucoma_fundus_imaging_bundle/REFUGE/train/Images/n0180.jpg,data/processed/standardized_masks/refuge/train_n0180.png,n0180.jpg,train_n0180.png,multiclass_values_0_1_2,0,1,2,REFUGE_train_n0180,True,paired_standardized_and_visual_sample_reviewed,"REFUGE image/mask pair matched by file ID within official split; mask standardized to project {0,1,2} convention.",train
glaucoma_fundus_imaging_bundle,REFUGE,n0181,data/external/kaggle/glaucoma_fundus_imaging_bundle/REFUGE/train/Images/n0181.jpg,data/processed/standardized_masks/refuge/train_n0181.png,data/external/kaggle/glaucoma_fundus_imaging_bundle/REFUGE/train/Images/n0181.jpg,data/processed/standardized_masks/refuge/train_n0181.png,n0181.jpg,train_n0181.png,multiclass_values_0_1_2,0,1,2,REFUGE_train_n0181,True,paired_standardized_and_visual_sample_reviewed,"REFUGE image/mask pair matched by file ID within official split; mask standardized to project {0,1,2} convention.",train
glaucoma_fundus_imaging_bundle,REFUGE,n0182,data/external/kaggle/glaucoma_fundus_imaging_bundle/REFUGE/train/Images/n0182.jpg,data/processed/standardized_masks/refuge/train_n0182.png,data/external/kaggle/glaucoma_fundus_imaging_bundle/REFUGE/train/Images/n0182.jpg,data/processed/standardized_masks/refuge/train_n0182.png,n0182.jpg,train_n0182.png,multiclass_values_0_1_2,0,1,2,REFUGE_train_n0182,True,paired_standardized_and_visual_sample_reviewed,"REFUGE image/mask pair matched by file ID within official split; mask standardized to project {0,1,2} convention.",train
glaucoma_fundus_imaging_bundle,REFUGE,n0183,data/external/kaggle/glaucoma_fundus_imaging_bundle/REFUGE/train/Images/n0183.jpg,data/processed/standardized_masks/refuge/train_n0183.png,data/external/kaggle/glaucoma_fundus_imaging_bundle/REFUGE/train/Images/n0183.jpg,data/processed/standardized_masks/refuge/train_n0183.png,n0183.jpg,train_n0183.png,multiclass_values_0_1_2,0,1,2,REFUGE_train_n0183,True,paired_standardized_and_visual_sample_reviewed,"REFUGE image/mask pair matched by file ID within official split; mask standardized to project {0,1,2} convention.",train
glaucoma_fundus_imaging_bundle,REFUGE,n0184,data/external/kaggle/glaucoma_fundus_imaging_bundle/REFUGE/train/Images/n0184.jpg,data/processed/standardized_masks/refuge/train_n0184.png,data/external/kaggle/glaucoma_fundus_imaging_bundle/REFUGE/train/Images/n0184.jpg,data/processed/standardized_masks/refuge/train_n0184.png,n0184.jpg,train_n0184.png,multiclass_values_0_1_2,0,1,2,REFUGE_train_n0184,True,paired_standardized_and_visual_sample_reviewed,"REFUGE image/mask pair matched by file ID within official split; mask standardized to project {0,1,2} convention.",train
glaucoma_fundus_imaging_bundle,REFUGE,n0185,data/external/kaggle/glaucoma_fundus_imaging_bundle/REFUGE/train/Images/n0185.jpg,data/processed/standardized_masks/refuge/train_n0185.png,data/external/kaggle/glaucoma_fundus_imaging_bundle/REFUGE/train/Images/n0185.jpg,data/processed/standardized_masks/refuge/train_n0185.png,n0185.jpg,train_n0185.png,multiclass_values_0_1_2,0,1,2,REFUGE_train_n0185,True,paired_standardized_and_visual_sample_reviewed,"REFUGE image/mask pair matched by file ID within official split; mask standardized to project {0,1,2} convention.",train
glaucoma_fundus_imaging_bundle,REFUGE,n0186,data/external/kaggle/glaucoma_fundus_imaging_bundle/REFUGE/train/Images/n0186.jpg,data/processed/standardized_masks/refuge/train_n0186.png,data/external/kaggle/glaucoma_fundus_imaging_bundle/REFUGE/train/Images/n0186.jpg,data/processed/standardized_masks/refuge/train_n0186.png,n0186.jpg,train_n0186.png,multiclass_values_0_1_2,0,1,2,REFUGE_train_n0186,True,paired_standardized_and_visual_sample_reviewed,"REFUGE image/mask pair matched by file ID within official split; mask standardized to project {0,1,2} convention.",train
glaucoma_fundus_imaging_bundle,REFUGE,n0187,data/external/kaggle/glaucoma_fundus_imaging_bundle/REFUGE/train/Images/n0187.jpg,data/processed/standardized_masks/refuge/train_n0187.png,data/external/kaggle/glaucoma_fundus_imaging_bundle/REFUGE/train/Images/n0187.jpg,data/processed/standardized_masks/refuge/train_n0187.png,n0187.jpg,train_n0187.png,multiclass_values_0_1_2,0,1,2,REFUGE_train_n0187,True,paired_standardized_and_visual_sample_reviewed,"REFUGE image/mask pair matched by file ID within official split; mask standardized to project {0,1,2} convention.",train
glaucoma_fundus_imaging_bundle,REFUGE,n0188,data/external/kaggle/glaucoma_fundus_imaging_bundle/REFUGE/train/Images/n0188.jpg,data/processed/standardized_masks/refuge/train_n0188.png,data/external/kaggle/glaucoma_fundus_imaging_bundle/REFUGE/train/Images/n0188.jpg,data/processed/standardized_masks/refuge/train_n0188.png,n0188.jpg,train_n0188.png,multiclass_values_0_1_2,0,1,2,REFUGE_train_n0188,True,paired_standardized_and_visual_sample_reviewed,"REFUGE image/mask pair matched by file ID within official split; mask standardized to project {0,1,2} convention.",train
glaucoma_fundus_imaging_bundle,REFUGE,n0189,data/external/kaggle/glaucoma_fundus_imaging_bundle/REFUGE/train/Images/n0189.jpg,data/processed/standardized_masks/refuge/train_n0189.png,data/external/kaggle/glaucoma_fundus_imaging_bundle/REFUGE/train/Images/n0189.jpg,data/processed/standardized_masks/refuge/train_n0189.png,n0189.jpg,train_n0189.png,multiclass_values_0_1_2,0,1,2,REFUGE_train_n0189,True,paired_standardized_and_visual_sample_reviewed,"REFUGE image/mask pair matched by file ID within official split; mask standardized to project {0,1,2} convention.",train
glaucoma_fundus_imaging_bundle,REFUGE,n0190,data/external/kaggle/glaucoma_fundus_imaging_bundle/REFUGE/train/Images/n0190.jpg,data/processed/standardized_masks/refuge/train_n0190.png,data/external/kaggle/glaucoma_fundus_imaging_bundle/REFUGE/train/Images/n0190.jpg,data/processed/standardized_masks/refuge/train_n0190.png,n0190.jpg,train_n0190.png,multiclass_values_0_1_2,0,1,2,REFUGE_train_n0190,True,paired_standardized_and_visual_sample_reviewed,"REFUGE image/mask pair matched by file ID within official split; mask standardized to project {0,1,2} convention.",train
glaucoma_fundus_imaging_bundle,REFUGE,n0191,data/external/kaggle/glaucoma_fundus_imaging_bundle/REFUGE/train/Images/n0191.jpg,data/processed/standardized_masks/refuge/train_n0191.png,data/external/kaggle/glaucoma_fundus_imaging_bundle/REFUGE/train/Images/n0191.jpg,data/processed/standardized_masks/refuge/train_n0191.png,n0191.jpg,train_n0191.png,multiclass_values_0_1_2,0,1,2,REFUGE_train_n0191,True,paired_standardized_and_visual_sample_reviewed,"REFUGE image/mask pair matched by file ID within official split; mask standardized to project {0,1,2} convention.",train
glaucoma_fundus_imaging_bundle,REFUGE,n0192,data/external/kaggle/glaucoma_fundus_imaging_bundle/REFUGE/train/Images/n0192.jpg,data/processed/standardized_masks/refuge/train_n0192.png,data/external/kaggle/glaucoma_fundus_imaging_bundle/REFUGE/train/Images/n0192.jpg,data/processed/standardized_masks/refuge/train_n0192.png,n0192.jpg,train_n0192.png,multiclass_values_0_1_2,0,1,2,REFUGE_train_n0192,True,paired_standardized_and_visual_sample_reviewed,"REFUGE image/mask pair matched by file ID within official split; mask standardized to project {0,1,2} convention.",train
glaucoma_fundus_imaging_bundle,REFUGE,n0193,data/external/kaggle/glaucoma_fundus_imaging_bundle/REFUGE/train/Images/n0193.jpg,data/processed/standardized_masks/refuge/train_n0193.png,data/external/kaggle/glaucoma_fundus_imaging_bundle/REFUGE/train/Images/n0193.jpg,data/processed/standardized_masks/refuge/train_n0193.png,n0193.jpg,train_n0193.png,multiclass_values_0_1_2,0,1,2,REFUGE_train_n0193,True,paired_standardized_and_visual_sample_reviewed,"REFUGE image/mask pair matched by file ID within official split; mask standardized to project {0,1,2} convention.",train
glaucoma_fundus_imaging_bundle,REFUGE,n0194,data/external/kaggle/glaucoma_fundus_imaging_bundle/REFUGE/train/Images/n0194.jpg,data/processed/standardized_masks/refuge/train_n0194.png,data/external/kaggle/glaucoma_fundus_imaging_bundle/REFUGE/train/Images/n0194.jpg,data/processed/standardized_masks/refuge/train_n0194.png,n0194.jpg,train_n0194.png,multiclass_values_0_1_2,0,1,2,REFUGE_train_n0194,True,paired_standardized_and_visual_sample_reviewed,"REFUGE image/mask pair matched by file ID within official split; mask standardized to project {0,1,2} convention.",train
glaucoma_fundus_imaging_bundle,REFUGE,n0195,data/external/kaggle/glaucoma_fundus_imaging_bundle/REFUGE/train/Images/n0195.jpg,data/processed/standardized_masks/refuge/train_n0195.png,data/external/kaggle/glaucoma_fundus_imaging_bundle/REFUGE/train/Images/n0195.jpg,data/processed/standardized_masks/refuge/train_n0195.png,n0195.jpg,train_n0195.png,multiclass_values_0_1_2,0,1,2,REFUGE_train_n0195,True,paired_standardized_and_visual_sample_reviewed,"REFUGE image/mask pair matched by file ID within official split; mask standardized to project {0,1,2} convention.",train
glaucoma_fundus_imaging_bundle,REFUGE,n0196,data/external/kaggle/glaucoma_fundus_imaging_bundle/REFUGE/train/Images/n0196.jpg,data/processed/standardized_masks/refuge/train_n0196.png,data/external/kaggle/glaucoma_fundus_imaging_bundle/REFUGE/train/Images/n0196.jpg,data/processed/standardized_masks/refuge/train_n0196.png,n0196.jpg,train_n0196.png,multiclass_values_0_1_2,0,1,2,REFUGE_train_n0196,True,paired_standardized_and_visual_sample_reviewed,"REFUGE image/mask pair matched by file ID within official split; mask standardized to project {0,1,2} convention.",train
glaucoma_fundus_imaging_bundle,REFUGE,n0197,data/external/kaggle/glaucoma_fundus_imaging_bundle/REFUGE/train/Images/n0197.jpg,data/processed/standardized_masks/refuge/train_n0197.png,data/external/kaggle/glaucoma_fundus_imaging_bundle/REFUGE/train/Images/n0197.jpg,data/processed/standardized_masks/refuge/train_n0197.png,n0197.jpg,train_n0197.png,multiclass_values_0_1_2,0,1,2,REFUGE_train_n0197,True,paired_standardized_and_visual_sample_reviewed,"REFUGE image/mask pair matched by file ID within official split; mask standardized to project {0,1,2} convention.",train
glaucoma_fundus_imaging_bundle,REFUGE,n0198,data/external/kaggle/glaucoma_fundus_imaging_bundle/REFUGE/train/Images/n0198.jpg,data/processed/standardized_masks/refuge/train_n0198.png,data/external/kaggle/glaucoma_fundus_imaging_bundle/REFUGE/train/Images/n0198.jpg,data/processed/standardized_masks/refuge/train_n0198.png,n0198.jpg,train_n0198.png,multiclass_values_0_1_2,0,1,2,REFUGE_train_n0198,True,paired_standardized_and_visual_sample_reviewed,"REFUGE image/mask pair matched by file ID within official split; mask standardized to project {0,1,2} convention.",train
glaucoma_fundus_imaging_bundle,REFUGE,n0199,data/external/kaggle/glaucoma_fundus_imaging_bundle/REFUGE/train/Images/n0199.jpg,data/processed/standardized_masks/refuge/train_n0199.png,data/external/kaggle/glaucoma_fundus_imaging_bundle/REFUGE/train/Images/n0199.jpg,data/processed/standardized_masks/refuge/train_n0199.png,n0199.jpg,train_n0199.png,multiclass_values_0_1_2,0,1,2,REFUGE_train_n0199,True,paired_standardized_and_visual_sample_reviewed,"REFUGE image/mask pair matched by file ID within official split; mask standardized to project {0,1,2} convention.",train
glaucoma_fundus_imaging_bundle,REFUGE,n0200,data/external/kaggle/glaucoma_fundus_imaging_bundle/REFUGE/train/Images/n0200.jpg,data/processed/standardized_masks/refuge/train_n0200.png,data/external/kaggle/glaucoma_fundus_imaging_bundle/REFUGE/train/Images/n0200.jpg,data/processed/standardized_masks/refuge/train_n0200.png,n0200.jpg,train_n0200.png,multiclass_values_0_1_2,0,1,2,REFUGE_train_n0200,True,paired_standardized_and_visual_sample_reviewed,"REFUGE image/mask pair matched by file ID within official split; mask standardized to project {0,1,2} convention.",train
glaucoma_fundus_imaging_bundle,REFUGE,n0201,data/external/kaggle/glaucoma_fundus_imaging_bundle/REFUGE/train/Images/n0201.jpg,data/processed/standardized_masks/refuge/train_n0201.png,data/external/kaggle/glaucoma_fundus_imaging_bundle/REFUGE/train/Images/n0201.jpg,data/processed/standardized_masks/refuge/train_n0201.png,n0201.jpg,train_n0201.png,multiclass_values_0_1_2,0,1,2,REFUGE_train_n0201,True,paired_standardized_and_visual_sample_reviewed,"REFUGE image/mask pair matched by file ID within official split; mask standardized to project {0,1,2} convention.",train
glaucoma_fundus_imaging_bundle,REFUGE,n0202,data/external/kaggle/glaucoma_fundus_imaging_bundle/REFUGE/train/Images/n0202.jpg,data/processed/standardized_masks/refuge/train_n0202.png,data/external/kaggle/glaucoma_fundus_imaging_bundle/REFUGE/train/Images/n0202.jpg,data/processed/standardized_masks/refuge/train_n0202.png,n0202.jpg,train_n0202.png,multiclass_values_0_1_2,0,1,2,REFUGE_train_n0202,True,paired_standardized_and_visual_sample_reviewed,"REFUGE image/mask pair matched by file ID within official split; mask standardized to project {0,1,2} convention.",train
glaucoma_fundus_imaging_bundle,REFUGE,n0203,data/external/kaggle/glaucoma_fundus_imaging_bundle/REFUGE/train/Images/n0203.jpg,data/processed/standardized_masks/refuge/train_n0203.png,data/external/kaggle/glaucoma_fundus_imaging_bundle/REFUGE/train/Images/n0203.jpg,data/processed/standardized_masks/refuge/train_n0203.png,n0203.jpg,train_n0203.png,multiclass_values_0_1_2,0,1,2,REFUGE_train_n0203,True,paired_standardized_and_visual_sample_reviewed,"REFUGE image/mask pair matched by file ID within official split; mask standardized to project {0,1,2} convention.",train
glaucoma_fundus_imaging_bundle,REFUGE,n0204,data/external/kaggle/glaucoma_fundus_imaging_bundle/REFUGE/train/Images/n0204.jpg,data/processed/standardized_masks/refuge/train_n0204.png,data/external/kaggle/glaucoma_fundus_imaging_bundle/REFUGE/train/Images/n0204.jpg,data/processed/standardized_masks/refuge/train_n0204.png,n0204.jpg,train_n0204.png,multiclass_values_0_1_2,0,1,2,REFUGE_train_n0204,True,paired_standardized_and_visual_sample_reviewed,"REFUGE image/mask pair matched by file ID within official split; mask standardized to project {0,1,2} convention.",train
glaucoma_fundus_imaging_bundle,REFUGE,n0205,data/external/kaggle/glaucoma_fundus_imaging_bundle/REFUGE/train/Images/n0205.jpg,data/processed/standardized_masks/refuge/train_n0205.png,data/external/kaggle/glaucoma_fundus_imaging_bundle/REFUGE/train/Images/n0205.jpg,data/processed/standardized_masks/refuge/train_n0205.png,n0205.jpg,train_n0205.png,multiclass_values_0_1_2,0,1,2,REFUGE_train_n0205,True,paired_standardized_and_visual_sample_reviewed,"REFUGE image/mask pair matched by file ID within official split; mask standardized to project {0,1,2} convention.",train
glaucoma_fundus_imaging_bundle,REFUGE,n0206,data/external/kaggle/glaucoma_fundus_imaging_bundle/REFUGE/train/Images/n0206.jpg,data/processed/standardized_masks/refuge/train_n0206.png,data/external/kaggle/glaucoma_fundus_imaging_bundle/REFUGE/train/Images/n0206.jpg,data/processed/standardized_masks/refuge/train_n0206.png,n0206.jpg,train_n0206.png,multiclass_values_0_1_2,0,1,2,REFUGE_train_n0206,True,paired_standardized_and_visual_sample_reviewed,"REFUGE image/mask pair matched by file ID within official split; mask standardized to project {0,1,2} convention.",train
glaucoma_fundus_imaging_bundle,REFUGE,n0207,data/external/kaggle/glaucoma_fundus_imaging_bundle/REFUGE/train/Images/n0207.jpg,data/processed/standardized_masks/refuge/train_n0207.png,data/external/kaggle/glaucoma_fundus_imaging_bundle/REFUGE/train/Images/n0207.jpg,data/processed/standardized_masks/refuge/train_n0207.png,n0207.jpg,train_n0207.png,multiclass_values_0_1_2,0,1,2,REFUGE_train_n0207,True,paired_standardized_and_visual_sample_reviewed,"REFUGE image/mask pair matched by file ID within official split; mask standardized to project {0,1,2} convention.",train
glaucoma_fundus_imaging_bundle,REFUGE,n0208,data/external/kaggle/glaucoma_fundus_imaging_bundle/REFUGE/train/Images/n0208.jpg,data/processed/standardized_masks/refuge/train_n0208.png,data/external/kaggle/glaucoma_fundus_imaging_bundle/REFUGE/train/Images/n0208.jpg,data/processed/standardized_masks/refuge/train_n0208.png,n0208.jpg,train_n0208.png,multiclass_values_0_1_2,0,1,2,REFUGE_train_n0208,True,paired_standardized_and_visual_sample_reviewed,"REFUGE image/mask pair matched by file ID within official split; mask standardized to project {0,1,2} convention.",train
glaucoma_fundus_imaging_bundle,REFUGE,n0209,data/external/kaggle/glaucoma_fundus_imaging_bundle/REFUGE/train/Images/n0209.jpg,data/processed/standardized_masks/refuge/train_n0209.png,data/external/kaggle/glaucoma_fundus_imaging_bundle/REFUGE/train/Images/n0209.jpg,data/processed/standardized_masks/refuge/train_n0209.png,n0209.jpg,train_n0209.png,multiclass_values_0_1_2,0,1,2,REFUGE_train_n0209,True,paired_standardized_and_visual_sample_reviewed,"REFUGE image/mask pair matched by file ID within official split; mask standardized to project {0,1,2} convention.",train
glaucoma_fundus_imaging_bundle,REFUGE,n0210,data/external/kaggle/glaucoma_fundus_imaging_bundle/REFUGE/train/Images/n0210.jpg,data/processed/standardized_masks/refuge/train_n0210.png,data/external/kaggle/glaucoma_fundus_imaging_bundle/REFUGE/train/Images/n0210.jpg,data/processed/standardized_masks/refuge/train_n0210.png,n0210.jpg,train_n0210.png,multiclass_values_0_1_2,0,1,2,REFUGE_train_n0210,True,paired_standardized_and_visual_sample_reviewed,"REFUGE image/mask pair matched by file ID within official split; mask standardized to project {0,1,2} convention.",train
glaucoma_fundus_imaging_bundle,REFUGE,n0211,data/external/kaggle/glaucoma_fundus_imaging_bundle/REFUGE/train/Images/n0211.jpg,data/processed/standardized_masks/refuge/train_n0211.png,data/external/kaggle/glaucoma_fundus_imaging_bundle/REFUGE/train/Images/n0211.jpg,data/processed/standardized_masks/refuge/train_n0211.png,n0211.jpg,train_n0211.png,multiclass_values_0_1_2,0,1,2,REFUGE_train_n0211,True,paired_standardized_and_visual_sample_reviewed,"REFUGE image/mask pair matched by file ID within official split; mask standardized to project {0,1,2} convention.",train
glaucoma_fundus_imaging_bundle,REFUGE,n0212,data/external/kaggle/glaucoma_fundus_imaging_bundle/REFUGE/train/Images/n0212.jpg,data/processed/standardized_masks/refuge/train_n0212.png,data/external/kaggle/glaucoma_fundus_imaging_bundle/REFUGE/train/Images/n0212.jpg,data/processed/standardized_masks/refuge/train_n0212.png,n0212.jpg,train_n0212.png,multiclass_values_0_1_2,0,1,2,REFUGE_train_n0212,True,paired_standardized_and_visual_sample_reviewed,"REFUGE image/mask pair matched by file ID within official split; mask standardized to project {0,1,2} convention.",train
glaucoma_fundus_imaging_bundle,REFUGE,n0213,data/external/kaggle/glaucoma_fundus_imaging_bundle/REFUGE/train/Images/n0213.jpg,data/processed/standardized_masks/refuge/train_n0213.png,data/external/kaggle/glaucoma_fundus_imaging_bundle/REFUGE/train/Images/n0213.jpg,data/processed/standardized_masks/refuge/train_n0213.png,n0213.jpg,train_n0213.png,multiclass_values_0_1_2,0,1,2,REFUGE_train_n0213,True,paired_standardized_and_visual_sample_reviewed,"REFUGE image/mask pair matched by file ID within official split; mask standardized to project {0,1,2} convention.",train
glaucoma_fundus_imaging_bundle,REFUGE,n0214,data/external/kaggle/glaucoma_fundus_imaging_bundle/REFUGE/train/Images/n0214.jpg,data/processed/standardized_masks/refuge/train_n0214.png,data/external/kaggle/glaucoma_fundus_imaging_bundle/REFUGE/train/Images/n0214.jpg,data/processed/standardized_masks/refuge/train_n0214.png,n0214.jpg,train_n0214.png,multiclass_values_0_1_2,0,1,2,REFUGE_train_n0214,True,paired_standardized_and_visual_sample_reviewed,"REFUGE image/mask pair matched by file ID within official split; mask standardized to project {0,1,2} convention.",train
glaucoma_fundus_imaging_bundle,REFUGE,n0215,data/external/kaggle/glaucoma_fundus_imaging_bundle/REFUGE/train/Images/n0215.jpg,data/processed/standardized_masks/refuge/train_n0215.png,data/external/kaggle/glaucoma_fundus_imaging_bundle/REFUGE/train/Images/n0215.jpg,data/processed/standardized_masks/refuge/train_n0215.png,n0215.jpg,train_n0215.png,multiclass_values_0_1_2,0,1,2,REFUGE_train_n0215,True,paired_standardized_and_visual_sample_reviewed,"REFUGE image/mask pair matched by file ID within official split; mask standardized to project {0,1,2} convention.",train
glaucoma_fundus_imaging_bundle,REFUGE,n0216,data/external/kaggle/glaucoma_fundus_imaging_bundle/REFUGE/train/Images/n0216.jpg,data/processed/standardized_masks/refuge/train_n0216.png,data/external/kaggle/glaucoma_fundus_imaging_bundle/REFUGE/train/Images/n0216.jpg,data/processed/standardized_masks/refuge/train_n0216.png,n0216.jpg,train_n0216.png,multiclass_values_0_1_2,0,1,2,REFUGE_train_n0216,True,paired_standardized_and_visual_sample_reviewed,"REFUGE image/mask pair matched by file ID within official split; mask standardized to project {0,1,2} convention.",train
glaucoma_fundus_imaging_bundle,REFUGE,n0217,data/external/kaggle/glaucoma_fundus_imaging_bundle/REFUGE/train/Images/n0217.jpg,data/processed/standardized_masks/refuge/train_n0217.png,data/external/kaggle/glaucoma_fundus_imaging_bundle/REFUGE/train/Images/n0217.jpg,data/processed/standardized_masks/refuge/train_n0217.png,n0217.jpg,train_n0217.png,multiclass_values_0_1_2,0,1,2,REFUGE_train_n0217,True,paired_standardized_and_visual_sample_reviewed,"REFUGE image/mask pair matched by file ID within official split; mask standardized to project {0,1,2} convention.",train
glaucoma_fundus_imaging_bundle,REFUGE,n0218,data/external/kaggle/glaucoma_fundus_imaging_bundle/REFUGE/train/Images/n0218.jpg,data/processed/standardized_masks/refuge/train_n0218.png,data/external/kaggle/glaucoma_fundus_imaging_bundle/REFUGE/train/Images/n0218.jpg,data/processed/standardized_masks/refuge/train_n0218.png,n0218.jpg,train_n0218.png,multiclass_values_0_1_2,0,1,2,REFUGE_train_n0218,True,paired_standardized_and_visual_sample_reviewed,"REFUGE image/mask pair matched by file ID within official split; mask standardized to project {0,1,2} convention.",train
glaucoma_fundus_imaging_bundle,REFUGE,n0219,data/external/kaggle/glaucoma_fundus_imaging_bundle/REFUGE/train/Images/n0219.jpg,data/processed/standardized_masks/refuge/train_n0219.png,data/external/kaggle/glaucoma_fundus_imaging_bundle/REFUGE/train/Images/n0219.jpg,data/processed/standardized_masks/refuge/train_n0219.png,n0219.jpg,train_n0219.png,multiclass_values_0_1_2,0,1,2,REFUGE_train_n0219,True,paired_standardized_and_visual_sample_reviewed,"REFUGE image/mask pair matched by file ID within official split; mask standardized to project {0,1,2} convention.",train
glaucoma_fundus_imaging_bundle,REFUGE,n0220,data/external/kaggle/glaucoma_fundus_imaging_bundle/REFUGE/train/Images/n0220.jpg,data/processed/standardized_masks/refuge/train_n0220.png,data/external/kaggle/glaucoma_fundus_imaging_bundle/REFUGE/train/Images/n0220.jpg,data/processed/standardized_masks/refuge/train_n0220.png,n0220.jpg,train_n0220.png,multiclass_values_0_1_2,0,1,2,REFUGE_train_n0220,True,paired_standardized_and_visual_sample_reviewed,"REFUGE image/mask pair matched by file ID within official split; mask standardized to project {0,1,2} convention.",train
glaucoma_fundus_imaging_bundle,REFUGE,n0221,data/external/kaggle/glaucoma_fundus_imaging_bundle/REFUGE/train/Images/n0221.jpg,data/processed/standardized_masks/refuge/train_n0221.png,data/external/kaggle/glaucoma_fundus_imaging_bundle/REFUGE/train/Images/n0221.jpg,data/processed/standardized_masks/refuge/train_n0221.png,n0221.jpg,train_n0221.png,multiclass_values_0_1_2,0,1,2,REFUGE_train_n0221,True,paired_standardized_and_visual_sample_reviewed,"REFUGE image/mask pair matched by file ID within official split; mask standardized to project {0,1,2} convention.",train
glaucoma_fundus_imaging_bundle,REFUGE,n0222,data/external/kaggle/glaucoma_fundus_imaging_bundle/REFUGE/train/Images/n0222.jpg,data/processed/standardized_masks/refuge/train_n0222.png,data/external/kaggle/glaucoma_fundus_imaging_bundle/REFUGE/train/Images/n0222.jpg,data/processed/standardized_masks/refuge/train_n0222.png,n0222.jpg,train_n0222.png,multiclass_values_0_1_2,0,1,2,REFUGE_train_n0222,True,paired_standardized_and_visual_sample_reviewed,"REFUGE image/mask pair matched by file ID within official split; mask standardized to project {0,1,2} convention.",train
glaucoma_fundus_imaging_bundle,REFUGE,n0223,data/external/kaggle/glaucoma_fundus_imaging_bundle/REFUGE/train/Images/n0223.jpg,data/processed/standardized_masks/refuge/train_n0223.png,data/external/kaggle/glaucoma_fundus_imaging_bundle/REFUGE/train/Images/n0223.jpg,data/processed/standardized_masks/refuge/train_n0223.png,n0223.jpg,train_n0223.png,multiclass_values_0_1_2,0,1,2,REFUGE_train_n0223,True,paired_standardized_and_visual_sample_reviewed,"REFUGE image/mask pair matched by file ID within official split; mask standardized to project {0,1,2} convention.",train
glaucoma_fundus_imaging_bundle,REFUGE,n0224,data/external/kaggle/glaucoma_fundus_imaging_bundle/REFUGE/train/Images/n0224.jpg,data/processed/standardized_masks/refuge/train_n0224.png,data/external/kaggle/glaucoma_fundus_imaging_bundle/REFUGE/train/Images/n0224.jpg,data/processed/standardized_masks/refuge/train_n0224.png,n0224.jpg,train_n0224.png,multiclass_values_0_1_2,0,1,2,REFUGE_train_n0224,True,paired_standardized_and_visual_sample_reviewed,"REFUGE image/mask pair matched by file ID within official split; mask standardized to project {0,1,2} convention.",train
glaucoma_fundus_imaging_bundle,REFUGE,n0225,data/external/kaggle/glaucoma_fundus_imaging_bundle/REFUGE/train/Images/n0225.jpg,data/processed/standardized_masks/refuge/train_n0225.png,data/external/kaggle/glaucoma_fundus_imaging_bundle/REFUGE/train/Images/n0225.jpg,data/processed/standardized_masks/refuge/train_n0225.png,n0225.jpg,train_n0225.png,multiclass_values_0_1_2,0,1,2,REFUGE_train_n0225,True,paired_standardized_and_visual_sample_reviewed,"REFUGE image/mask pair matched by file ID within official split; mask standardized to project {0,1,2} convention.",train
glaucoma_fundus_imaging_bundle,REFUGE,n0226,data/external/kaggle/glaucoma_fundus_imaging_bundle/REFUGE/train/Images/n0226.jpg,data/processed/standardized_masks/refuge/train_n0226.png,data/external/kaggle/glaucoma_fundus_imaging_bundle/REFUGE/train/Images/n0226.jpg,data/processed/standardized_masks/refuge/train_n0226.png,n0226.jpg,train_n0226.png,multiclass_values_0_1_2,0,1,2,REFUGE_train_n0226,True,paired_standardized_and_visual_sample_reviewed,"REFUGE image/mask pair matched by file ID within official split; mask standardized to project {0,1,2} convention.",train
glaucoma_fundus_imaging_bundle,REFUGE,n0227,data/external/kaggle/glaucoma_fundus_imaging_bundle/REFUGE/train/Images/n0227.jpg,data/processed/standardized_masks/refuge/train_n0227.png,data/external/kaggle/glaucoma_fundus_imaging_bundle/REFUGE/train/Images/n0227.jpg,data/processed/standardized_masks/refuge/train_n0227.png,n0227.jpg,train_n0227.png,multiclass_values_0_1_2,0,1,2,REFUGE_train_n0227,True,paired_standardized_and_visual_sample_reviewed,"REFUGE image/mask pair matched by file ID within official split; mask standardized to project {0,1,2} convention.",train
glaucoma_fundus_imaging_bundle,REFUGE,n0228,data/external/kaggle/glaucoma_fundus_imaging_bundle/REFUGE/train/Images/n0228.jpg,data/processed/standardized_masks/refuge/train_n0228.png,data/external/kaggle/glaucoma_fundus_imaging_bundle/REFUGE/train/Images/n0228.jpg,data/processed/standardized_masks/refuge/train_n0228.png,n0228.jpg,train_n0228.png,multiclass_values_0_1_2,0,1,2,REFUGE_train_n0228,True,paired_standardized_and_visual_sample_reviewed,"REFUGE image/mask pair matched by file ID within official split; mask standardized to project {0,1,2} convention.",train
glaucoma_fundus_imaging_bundle,REFUGE,n0229,data/external/kaggle/glaucoma_fundus_imaging_bundle/REFUGE/train/Images/n0229.jpg,data/processed/standardized_masks/refuge/train_n0229.png,data/external/kaggle/glaucoma_fundus_imaging_bundle/REFUGE/train/Images/n0229.jpg,data/processed/standardized_masks/refuge/train_n0229.png,n0229.jpg,train_n0229.png,multiclass_values_0_1_2,0,1,2,REFUGE_train_n0229,True,paired_standardized_and_visual_sample_reviewed,"REFUGE image/mask pair matched by file ID within official split; mask standardized to project {0,1,2} convention.",train
glaucoma_fundus_imaging_bundle,REFUGE,n0230,data/external/kaggle/glaucoma_fundus_imaging_bundle/REFUGE/train/Images/n0230.jpg,data/processed/standardized_masks/refuge/train_n0230.png,data/external/kaggle/glaucoma_fundus_imaging_bundle/REFUGE/train/Images/n0230.jpg,data/processed/standardized_masks/refuge/train_n0230.png,n0230.jpg,train_n0230.png,multiclass_values_0_1_2,0,1,2,REFUGE_train_n0230,True,paired_standardized_and_visual_sample_reviewed,"REFUGE image/mask pair matched by file ID within official split; mask standardized to project {0,1,2} convention.",train
glaucoma_fundus_imaging_bundle,REFUGE,n0231,data/external/kaggle/glaucoma_fundus_imaging_bundle/REFUGE/train/Images/n0231.jpg,data/processed/standardized_masks/refuge/train_n0231.png,data/external/kaggle/glaucoma_fundus_imaging_bundle/REFUGE/train/Images/n0231.jpg,data/processed/standardized_masks/refuge/train_n0231.png,n0231.jpg,train_n0231.png,multiclass_values_0_1_2,0,1,2,REFUGE_train_n0231,True,paired_standardized_and_visual_sample_reviewed,"REFUGE image/mask pair matched by file ID within official split; mask standardized to project {0,1,2} convention.",train
glaucoma_fundus_imaging_bundle,REFUGE,n0232,data/external/kaggle/glaucoma_fundus_imaging_bundle/REFUGE/train/Images/n0232.jpg,data/processed/standardized_masks/refuge/train_n0232.png,data/external/kaggle/glaucoma_fundus_imaging_bundle/REFUGE/train/Images/n0232.jpg,data/processed/standardized_masks/refuge/train_n0232.png,n0232.jpg,train_n0232.png,multiclass_values_0_1_2,0,1,2,REFUGE_train_n0232,True,paired_standardized_and_visual_sample_reviewed,"REFUGE image/mask pair matched by file ID within official split; mask standardized to project {0,1,2} convention.",train
glaucoma_fundus_imaging_bundle,REFUGE,n0233,data/external/kaggle/glaucoma_fundus_imaging_bundle/REFUGE/train/Images/n0233.jpg,data/processed/standardized_masks/refuge/train_n0233.png,data/external/kaggle/glaucoma_fundus_imaging_bundle/REFUGE/train/Images/n0233.jpg,data/processed/standardized_masks/refuge/train_n0233.png,n0233.jpg,train_n0233.png,multiclass_values_0_1_2,0,1,2,REFUGE_train_n0233,True,paired_standardized_and_visual_sample_reviewed,"REFUGE image/mask pair matched by file ID within official split; mask standardized to project {0,1,2} convention.",train
glaucoma_fundus_imaging_bundle,REFUGE,n0234,data/external/kaggle/glaucoma_fundus_imaging_bundle/REFUGE/train/Images/n0234.jpg,data/processed/standardized_masks/refuge/train_n0234.png,data/external/kaggle/glaucoma_fundus_imaging_bundle/REFUGE/train/Images/n0234.jpg,data/processed/standardized_masks/refuge/train_n0234.png,n0234.jpg,train_n0234.png,multiclass_values_0_1_2,0,1,2,REFUGE_train_n0234,True,paired_standardized_and_visual_sample_reviewed,"REFUGE image/mask pair matched by file ID within official split; mask standardized to project {0,1,2} convention.",train
glaucoma_fundus_imaging_bundle,REFUGE,n0235,data/external/kaggle/glaucoma_fundus_imaging_bundle/REFUGE/train/Images/n0235.jpg,data/processed/standardized_masks/refuge/train_n0235.png,data/external/kaggle/glaucoma_fundus_imaging_bundle/REFUGE/train/Images/n0235.jpg,data/processed/standardized_masks/refuge/train_n0235.png,n0235.jpg,train_n0235.png,multiclass_values_0_1_2,0,1,2,REFUGE_train_n0235,True,paired_standardized_and_visual_sample_reviewed,"REFUGE image/mask pair matched by file ID within official split; mask standardized to project {0,1,2} convention.",train
glaucoma_fundus_imaging_bundle,REFUGE,n0236,data/external/kaggle/glaucoma_fundus_imaging_bundle/REFUGE/train/Images/n0236.jpg,data/processed/standardized_masks/refuge/train_n0236.png,data/external/kaggle/glaucoma_fundus_imaging_bundle/REFUGE/train/Images/n0236.jpg,data/processed/standardized_masks/refuge/train_n0236.png,n0236.jpg,train_n0236.png,multiclass_values_0_1_2,0,1,2,REFUGE_train_n0236,True,paired_standardized_and_visual_sample_reviewed,"REFUGE image/mask pair matched by file ID within official split; mask standardized to project {0,1,2} convention.",train
glaucoma_fundus_imaging_bundle,REFUGE,n0237,data/external/kaggle/glaucoma_fundus_imaging_bundle/REFUGE/train/Images/n0237.jpg,data/processed/standardized_masks/refuge/train_n0237.png,data/external/kaggle/glaucoma_fundus_imaging_bundle/REFUGE/train/Images/n0237.jpg,data/processed/standardized_masks/refuge/train_n0237.png,n0237.jpg,train_n0237.png,multiclass_values_0_1_2,0,1,2,REFUGE_train_n0237,True,paired_standardized_and_visual_sample_reviewed,"REFUGE image/mask pair matched by file ID within official split; mask standardized to project {0,1,2} convention.",train
glaucoma_fundus_imaging_bundle,REFUGE,n0238,data/external/kaggle/glaucoma_fundus_imaging_bundle/REFUGE/train/Images/n0238.jpg,data/processed/standardized_masks/refuge/train_n0238.png,data/external/kaggle/glaucoma_fundus_imaging_bundle/REFUGE/train/Images/n0238.jpg,data/processed/standardized_masks/refuge/train_n0238.png,n0238.jpg,train_n0238.png,multiclass_values_0_1_2,0,1,2,REFUGE_train_n0238,True,paired_standardized_and_visual_sample_reviewed,"REFUGE image/mask pair matched by file ID within official split; mask standardized to project {0,1,2} convention.",train
glaucoma_fundus_imaging_bundle,REFUGE,n0239,data/external/kaggle/glaucoma_fundus_imaging_bundle/REFUGE/train/Images/n0239.jpg,data/processed/standardized_masks/refuge/train_n0239.png,data/external/kaggle/glaucoma_fundus_imaging_bundle/REFUGE/train/Images/n0239.jpg,data/processed/standardized_masks/refuge/train_n0239.png,n0239.jpg,train_n0239.png,multiclass_values_0_1_2,0,1,2,REFUGE_train_n0239,True,paired_standardized_and_visual_sample_reviewed,"REFUGE image/mask pair matched by file ID within official split; mask standardized to project {0,1,2} convention.",train
glaucoma_fundus_imaging_bundle,REFUGE,n0240,data/external/kaggle/glaucoma_fundus_imaging_bundle/REFUGE/train/Images/n0240.jpg,data/processed/standardized_masks/refuge/train_n0240.png,data/external/kaggle/glaucoma_fundus_imaging_bundle/REFUGE/train/Images/n0240.jpg,data/processed/standardized_masks/refuge/train_n0240.png,n0240.jpg,train_n0240.png,multiclass_values_0_1_2,0,1,2,REFUGE_train_n0240,True,paired_standardized_and_visual_sample_reviewed,"REFUGE image/mask pair matched by file ID within official split; mask standardized to project {0,1,2} convention.",train
glaucoma_fundus_imaging_bundle,REFUGE,n0241,data/external/kaggle/glaucoma_fundus_imaging_bundle/REFUGE/train/Images/n0241.jpg,data/processed/standardized_masks/refuge/train_n0241.png,data/external/kaggle/glaucoma_fundus_imaging_bundle/REFUGE/train/Images/n0241.jpg,data/processed/standardized_masks/refuge/train_n0241.png,n0241.jpg,train_n0241.png,multiclass_values_0_1_2,0,1,2,REFUGE_train_n0241,True,paired_standardized_and_visual_sample_reviewed,"REFUGE image/mask pair matched by file ID within official split; mask standardized to project {0,1,2} convention.",train
glaucoma_fundus_imaging_bundle,REFUGE,n0242,data/external/kaggle/glaucoma_fundus_imaging_bundle/REFUGE/train/Images/n0242.jpg,data/processed/standardized_masks/refuge/train_n0242.png,data/external/kaggle/glaucoma_fundus_imaging_bundle/REFUGE/train/Images/n0242.jpg,data/processed/standardized_masks/refuge/train_n0242.png,n0242.jpg,train_n0242.png,multiclass_values_0_1_2,0,1,2,REFUGE_train_n0242,True,paired_standardized_and_visual_sample_reviewed,"REFUGE image/mask pair matched by file ID within official split; mask standardized to project {0,1,2} convention.",train
glaucoma_fundus_imaging_bundle,REFUGE,n0243,data/external/kaggle/glaucoma_fundus_imaging_bundle/REFUGE/train/Images/n0243.jpg,data/processed/standardized_masks/refuge/train_n0243.png,data/external/kaggle/glaucoma_fundus_imaging_bundle/REFUGE/train/Images/n0243.jpg,data/processed/standardized_masks/refuge/train_n0243.png,n0243.jpg,train_n0243.png,multiclass_values_0_1_2,0,1,2,REFUGE_train_n0243,True,paired_standardized_and_visual_sample_reviewed,"REFUGE image/mask pair matched by file ID within official split; mask standardized to project {0,1,2} convention.",train
glaucoma_fundus_imaging_bundle,REFUGE,n0244,data/external/kaggle/glaucoma_fundus_imaging_bundle/REFUGE/train/Images/n0244.jpg,data/processed/standardized_masks/refuge/train_n0244.png,data/external/kaggle/glaucoma_fundus_imaging_bundle/REFUGE/train/Images/n0244.jpg,data/processed/standardized_masks/refuge/train_n0244.png,n0244.jpg,train_n0244.png,multiclass_values_0_1_2,0,1,2,REFUGE_train_n0244,True,paired_standardized_and_visual_sample_reviewed,"REFUGE image/mask pair matched by file ID within official split; mask standardized to project {0,1,2} convention.",train
glaucoma_fundus_imaging_bundle,REFUGE,n0245,data/external/kaggle/glaucoma_fundus_imaging_bundle/REFUGE/train/Images/n0245.jpg,data/processed/standardized_masks/refuge/train_n0245.png,data/external/kaggle/glaucoma_fundus_imaging_bundle/REFUGE/train/Images/n0245.jpg,data/processed/standardized_masks/refuge/train_n0245.png,n0245.jpg,train_n0245.png,multiclass_values_0_1_2,0,1,2,REFUGE_train_n0245,True,paired_standardized_and_visual_sample_reviewed,"REFUGE image/mask pair matched by file ID within official split; mask standardized to project {0,1,2} convention.",train
glaucoma_fundus_imaging_bundle,REFUGE,n0246,data/external/kaggle/glaucoma_fundus_imaging_bundle/REFUGE/train/Images/n0246.jpg,data/processed/standardized_masks/refuge/train_n0246.png,data/external/kaggle/glaucoma_fundus_imaging_bundle/REFUGE/train/Images/n0246.jpg,data/processed/standardized_masks/refuge/train_n0246.png,n0246.jpg,train_n0246.png,multiclass_values_0_1_2,0,1,2,REFUGE_train_n0246,True,paired_standardized_and_visual_sample_reviewed,"REFUGE image/mask pair matched by file ID within official split; mask standardized to project {0,1,2} convention.",train
glaucoma_fundus_imaging_bundle,REFUGE,n0247,data/external/kaggle/glaucoma_fundus_imaging_bundle/REFUGE/train/Images/n0247.jpg,data/processed/standardized_masks/refuge/train_n0247.png,data/external/kaggle/glaucoma_fundus_imaging_bundle/REFUGE/train/Images/n0247.jpg,data/processed/standardized_masks/refuge/train_n0247.png,n0247.jpg,train_n0247.png,multiclass_values_0_1_2,0,1,2,REFUGE_train_n0247,True,paired_standardized_and_visual_sample_reviewed,"REFUGE image/mask pair matched by file ID within official split; mask standardized to project {0,1,2} convention.",train
glaucoma_fundus_imaging_bundle,REFUGE,n0248,data/external/kaggle/glaucoma_fundus_imaging_bundle/REFUGE/train/Images/n0248.jpg,data/processed/standardized_masks/refuge/train_n0248.png,data/external/kaggle/glaucoma_fundus_imaging_bundle/REFUGE/train/Images/n0248.jpg,data/processed/standardized_masks/refuge/train_n0248.png,n0248.jpg,train_n0248.png,multiclass_values_0_1_2,0,1,2,REFUGE_train_n0248,True,paired_standardized_and_visual_sample_reviewed,"REFUGE image/mask pair matched by file ID within official split; mask standardized to project {0,1,2} convention.",train
glaucoma_fundus_imaging_bundle,REFUGE,n0249,data/external/kaggle/glaucoma_fundus_imaging_bundle/REFUGE/train/Images/n0249.jpg,data/processed/standardized_masks/refuge/train_n0249.png,data/external/kaggle/glaucoma_fundus_imaging_bundle/REFUGE/train/Images/n0249.jpg,data/processed/standardized_masks/refuge/train_n0249.png,n0249.jpg,train_n0249.png,multiclass_values_0_1_2,0,1,2,REFUGE_train_n0249,True,paired_standardized_and_visual_sample_reviewed,"REFUGE image/mask pair matched by file ID within official split; mask standardized to project {0,1,2} convention.",train
glaucoma_fundus_imaging_bundle,REFUGE,n0250,data/external/kaggle/glaucoma_fundus_imaging_bundle/REFUGE/train/Images/n0250.jpg,data/processed/standardized_masks/refuge/train_n0250.png,data/external/kaggle/glaucoma_fundus_imaging_bundle/REFUGE/train/Images/n0250.jpg,data/processed/standardized_masks/refuge/train_n0250.png,n0250.jpg,train_n0250.png,multiclass_values_0_1_2,0,1,2,REFUGE_train_n0250,True,paired_standardized_and_visual_sample_reviewed,"REFUGE image/mask pair matched by file ID within official split; mask standardized to project {0,1,2} convention.",train
glaucoma_fundus_imaging_bundle,REFUGE,n0251,data/external/kaggle/glaucoma_fundus_imaging_bundle/REFUGE/train/Images/n0251.jpg,data/processed/standardized_masks/refuge/train_n0251.png,data/external/kaggle/glaucoma_fundus_imaging_bundle/REFUGE/train/Images/n0251.jpg,data/processed/standardized_masks/refuge/train_n0251.png,n0251.jpg,train_n0251.png,multiclass_values_0_1_2,0,1,2,REFUGE_train_n0251,True,paired_standardized_and_visual_sample_reviewed,"REFUGE image/mask pair matched by file ID within official split; mask standardized to project {0,1,2} convention.",train
glaucoma_fundus_imaging_bundle,REFUGE,n0252,data/external/kaggle/glaucoma_fundus_imaging_bundle/REFUGE/train/Images/n0252.jpg,data/processed/standardized_masks/refuge/train_n0252.png,data/external/kaggle/glaucoma_fundus_imaging_bundle/REFUGE/train/Images/n0252.jpg,data/processed/standardized_masks/refuge/train_n0252.png,n0252.jpg,train_n0252.png,multiclass_values_0_1_2,0,1,2,REFUGE_train_n0252,True,paired_standardized_and_visual_sample_reviewed,"REFUGE image/mask pair matched by file ID within official split; mask standardized to project {0,1,2} convention.",train
glaucoma_fundus_imaging_bundle,REFUGE,n0253,data/external/kaggle/glaucoma_fundus_imaging_bundle/REFUGE/train/Images/n0253.jpg,data/processed/standardized_masks/refuge/train_n0253.png,data/external/kaggle/glaucoma_fundus_imaging_bundle/REFUGE/train/Images/n0253.jpg,data/processed/standardized_masks/refuge/train_n0253.png,n0253.jpg,train_n0253.png,multiclass_values_0_1_2,0,1,2,REFUGE_train_n0253,True,paired_standardized_and_visual_sample_reviewed,"REFUGE image/mask pair matched by file ID within official split; mask standardized to project {0,1,2} convention.",train
glaucoma_fundus_imaging_bundle,REFUGE,n0254,data/external/kaggle/glaucoma_fundus_imaging_bundle/REFUGE/train/Images/n0254.jpg,data/processed/standardized_masks/refuge/train_n0254.png,data/external/kaggle/glaucoma_fundus_imaging_bundle/REFUGE/train/Images/n0254.jpg,data/processed/standardized_masks/refuge/train_n0254.png,n0254.jpg,train_n0254.png,multiclass_values_0_1_2,0,1,2,REFUGE_train_n0254,True,paired_standardized_and_visual_sample_reviewed,"REFUGE image/mask pair matched by file ID within official split; mask standardized to project {0,1,2} convention.",train
glaucoma_fundus_imaging_bundle,REFUGE,n0255,data/external/kaggle/glaucoma_fundus_imaging_bundle/REFUGE/train/Images/n0255.jpg,data/processed/standardized_masks/refuge/train_n0255.png,data/external/kaggle/glaucoma_fundus_imaging_bundle/REFUGE/train/Images/n0255.jpg,data/processed/standardized_masks/refuge/train_n0255.png,n0255.jpg,train_n0255.png,multiclass_values_0_1_2,0,1,2,REFUGE_train_n0255,True,paired_standardized_and_visual_sample_reviewed,"REFUGE image/mask pair matched by file ID within official split; mask standardized to project {0,1,2} convention.",train
glaucoma_fundus_imaging_bundle,REFUGE,n0256,data/external/kaggle/glaucoma_fundus_imaging_bundle/REFUGE/train/Images/n0256.jpg,data/processed/standardized_masks/refuge/train_n0256.png,data/external/kaggle/glaucoma_fundus_imaging_bundle/REFUGE/train/Images/n0256.jpg,data/processed/standardized_masks/refuge/train_n0256.png,n0256.jpg,train_n0256.png,multiclass_values_0_1_2,0,1,2,REFUGE_train_n0256,True,paired_standardized_and_visual_sample_reviewed,"REFUGE image/mask pair matched by file ID within official split; mask standardized to project {0,1,2} convention.",train
glaucoma_fundus_imaging_bundle,REFUGE,n0257,data/external/kaggle/glaucoma_fundus_imaging_bundle/REFUGE/train/Images/n0257.jpg,data/processed/standardized_masks/refuge/train_n0257.png,data/external/kaggle/glaucoma_fundus_imaging_bundle/REFUGE/train/Images/n0257.jpg,data/processed/standardized_masks/refuge/train_n0257.png,n0257.jpg,train_n0257.png,multiclass_values_0_1_2,0,1,2,REFUGE_train_n0257,True,paired_standardized_and_visual_sample_reviewed,"REFUGE image/mask pair matched by file ID within official split; mask standardized to project {0,1,2} convention.",train
glaucoma_fundus_imaging_bundle,REFUGE,n0258,data/external/kaggle/glaucoma_fundus_imaging_bundle/REFUGE/train/Images/n0258.jpg,data/processed/standardized_masks/refuge/train_n0258.png,data/external/kaggle/glaucoma_fundus_imaging_bundle/REFUGE/train/Images/n0258.jpg,data/processed/standardized_masks/refuge/train_n0258.png,n0258.jpg,train_n0258.png,multiclass_values_0_1_2,0,1,2,REFUGE_train_n0258,True,paired_standardized_and_visual_sample_reviewed,"REFUGE image/mask pair matched by file ID within official split; mask standardized to project {0,1,2} convention.",train
glaucoma_fundus_imaging_bundle,REFUGE,n0259,data/external/kaggle/glaucoma_fundus_imaging_bundle/REFUGE/train/Images/n0259.jpg,data/processed/standardized_masks/refuge/train_n0259.png,data/external/kaggle/glaucoma_fundus_imaging_bundle/REFUGE/train/Images/n0259.jpg,data/processed/standardized_masks/refuge/train_n0259.png,n0259.jpg,train_n0259.png,multiclass_values_0_1_2,0,1,2,REFUGE_train_n0259,True,paired_standardized_and_visual_sample_reviewed,"REFUGE image/mask pair matched by file ID within official split; mask standardized to project {0,1,2} convention.",train
glaucoma_fundus_imaging_bundle,REFUGE,n0260,data/external/kaggle/glaucoma_fundus_imaging_bundle/REFUGE/train/Images/n0260.jpg,data/processed/standardized_masks/refuge/train_n0260.png,data/external/kaggle/glaucoma_fundus_imaging_bundle/REFUGE/train/Images/n0260.jpg,data/processed/standardized_masks/refuge/train_n0260.png,n0260.jpg,train_n0260.png,multiclass_values_0_1_2,0,1,2,REFUGE_train_n0260,True,paired_standardized_and_visual_sample_reviewed,"REFUGE image/mask pair matched by file ID within official split; mask standardized to project {0,1,2} convention.",train
glaucoma_fundus_imaging_bundle,REFUGE,n0261,data/external/kaggle/glaucoma_fundus_imaging_bundle/REFUGE/train/Images/n0261.jpg,data/processed/standardized_masks/refuge/train_n0261.png,data/external/kaggle/glaucoma_fundus_imaging_bundle/REFUGE/train/Images/n0261.jpg,data/processed/standardized_masks/refuge/train_n0261.png,n0261.jpg,train_n0261.png,multiclass_values_0_1_2,0,1,2,REFUGE_train_n0261,True,paired_standardized_and_visual_sample_reviewed,"REFUGE image/mask pair matched by file ID within official split; mask standardized to project {0,1,2} convention.",train
glaucoma_fundus_imaging_bundle,REFUGE,n0262,data/external/kaggle/glaucoma_fundus_imaging_bundle/REFUGE/train/Images/n0262.jpg,data/processed/standardized_masks/refuge/train_n0262.png,data/external/kaggle/glaucoma_fundus_imaging_bundle/REFUGE/train/Images/n0262.jpg,data/processed/standardized_masks/refuge/train_n0262.png,n0262.jpg,train_n0262.png,multiclass_values_0_1_2,0,1,2,REFUGE_train_n0262,True,paired_standardized_and_visual_sample_reviewed,"REFUGE image/mask pair matched by file ID within official split; mask standardized to project {0,1,2} convention.",train
glaucoma_fundus_imaging_bundle,REFUGE,n0263,data/external/kaggle/glaucoma_fundus_imaging_bundle/REFUGE/train/Images/n0263.jpg,data/processed/standardized_masks/refuge/train_n0263.png,data/external/kaggle/glaucoma_fundus_imaging_bundle/REFUGE/train/Images/n0263.jpg,data/processed/standardized_masks/refuge/train_n0263.png,n0263.jpg,train_n0263.png,multiclass_values_0_1_2,0,1,2,REFUGE_train_n0263,True,paired_standardized_and_visual_sample_reviewed,"REFUGE image/mask pair matched by file ID within official split; mask standardized to project {0,1,2} convention.",train
glaucoma_fundus_imaging_bundle,REFUGE,n0264,data/external/kaggle/glaucoma_fundus_imaging_bundle/REFUGE/train/Images/n0264.jpg,data/processed/standardized_masks/refuge/train_n0264.png,data/external/kaggle/glaucoma_fundus_imaging_bundle/REFUGE/train/Images/n0264.jpg,data/processed/standardized_masks/refuge/train_n0264.png,n0264.jpg,train_n0264.png,multiclass_values_0_1_2,0,1,2,REFUGE_train_n0264,True,paired_standardized_and_visual_sample_reviewed,"REFUGE image/mask pair matched by file ID within official split; mask standardized to project {0,1,2} convention.",train
glaucoma_fundus_imaging_bundle,REFUGE,n0265,data/external/kaggle/glaucoma_fundus_imaging_bundle/REFUGE/train/Images/n0265.jpg,data/processed/standardized_masks/refuge/train_n0265.png,data/external/kaggle/glaucoma_fundus_imaging_bundle/REFUGE/train/Images/n0265.jpg,data/processed/standardized_masks/refuge/train_n0265.png,n0265.jpg,train_n0265.png,multiclass_values_0_1_2,0,1,2,REFUGE_train_n0265,True,paired_standardized_and_visual_sample_reviewed,"REFUGE image/mask pair matched by file ID within official split; mask standardized to project {0,1,2} convention.",train
glaucoma_fundus_imaging_bundle,REFUGE,n0266,data/external/kaggle/glaucoma_fundus_imaging_bundle/REFUGE/train/Images/n0266.jpg,data/processed/standardized_masks/refuge/train_n0266.png,data/external/kaggle/glaucoma_fundus_imaging_bundle/REFUGE/train/Images/n0266.jpg,data/processed/standardized_masks/refuge/train_n0266.png,n0266.jpg,train_n0266.png,multiclass_values_0_1_2,0,1,2,REFUGE_train_n0266,True,paired_standardized_and_visual_sample_reviewed,"REFUGE image/mask pair matched by file ID within official split; mask standardized to project {0,1,2} convention.",train
glaucoma_fundus_imaging_bundle,REFUGE,n0267,data/external/kaggle/glaucoma_fundus_imaging_bundle/REFUGE/train/Images/n0267.jpg,data/processed/standardized_masks/refuge/train_n0267.png,data/external/kaggle/glaucoma_fundus_imaging_bundle/REFUGE/train/Images/n0267.jpg,data/processed/standardized_masks/refuge/train_n0267.png,n0267.jpg,train_n0267.png,multiclass_values_0_1_2,0,1,2,REFUGE_train_n0267,True,paired_standardized_and_visual_sample_reviewed,"REFUGE image/mask pair matched by file ID within official split; mask standardized to project {0,1,2} convention.",train
glaucoma_fundus_imaging_bundle,REFUGE,n0268,data/external/kaggle/glaucoma_fundus_imaging_bundle/REFUGE/train/Images/n0268.jpg,data/processed/standardized_masks/refuge/train_n0268.png,data/external/kaggle/glaucoma_fundus_imaging_bundle/REFUGE/train/Images/n0268.jpg,data/processed/standardized_masks/refuge/train_n0268.png,n0268.jpg,train_n0268.png,multiclass_values_0_1_2,0,1,2,REFUGE_train_n0268,True,paired_standardized_and_visual_sample_reviewed,"REFUGE image/mask pair matched by file ID within official split; mask standardized to project {0,1,2} convention.",train
glaucoma_fundus_imaging_bundle,REFUGE,n0269,data/external/kaggle/glaucoma_fundus_imaging_bundle/REFUGE/train/Images/n0269.jpg,data/processed/standardized_masks/refuge/train_n0269.png,data/external/kaggle/glaucoma_fundus_imaging_bundle/REFUGE/train/Images/n0269.jpg,data/processed/standardized_masks/refuge/train_n0269.png,n0269.jpg,train_n0269.png,multiclass_values_0_1_2,0,1,2,REFUGE_train_n0269,True,paired_standardized_and_visual_sample_reviewed,"REFUGE image/mask pair matched by file ID within official split; mask standardized to project {0,1,2} convention.",train
glaucoma_fundus_imaging_bundle,REFUGE,n0270,data/external/kaggle/glaucoma_fundus_imaging_bundle/REFUGE/train/Images/n0270.jpg,data/processed/standardized_masks/refuge/train_n0270.png,data/external/kaggle/glaucoma_fundus_imaging_bundle/REFUGE/train/Images/n0270.jpg,data/processed/standardized_masks/refuge/train_n0270.png,n0270.jpg,train_n0270.png,multiclass_values_0_1_2,0,1,2,REFUGE_train_n0270,True,paired_standardized_and_visual_sample_reviewed,"REFUGE image/mask pair matched by file ID within official split; mask standardized to project {0,1,2} convention.",train
glaucoma_fundus_imaging_bundle,REFUGE,n0271,data/external/kaggle/glaucoma_fundus_imaging_bundle/REFUGE/train/Images/n0271.jpg,data/processed/standardized_masks/refuge/train_n0271.png,data/external/kaggle/glaucoma_fundus_imaging_bundle/REFUGE/train/Images/n0271.jpg,data/processed/standardized_masks/refuge/train_n0271.png,n0271.jpg,train_n0271.png,multiclass_values_0_1_2,0,1,2,REFUGE_train_n0271,True,paired_standardized_and_visual_sample_reviewed,"REFUGE image/mask pair matched by file ID within official split; mask standardized to project {0,1,2} convention.",train
glaucoma_fundus_imaging_bundle,REFUGE,n0272,data/external/kaggle/glaucoma_fundus_imaging_bundle/REFUGE/train/Images/n0272.jpg,data/processed/standardized_masks/refuge/train_n0272.png,data/external/kaggle/glaucoma_fundus_imaging_bundle/REFUGE/train/Images/n0272.jpg,data/processed/standardized_masks/refuge/train_n0272.png,n0272.jpg,train_n0272.png,multiclass_values_0_1_2,0,1,2,REFUGE_train_n0272,True,paired_standardized_and_visual_sample_reviewed,"REFUGE image/mask pair matched by file ID within official split; mask standardized to project {0,1,2} convention.",train
glaucoma_fundus_imaging_bundle,REFUGE,n0273,data/external/kaggle/glaucoma_fundus_imaging_bundle/REFUGE/train/Images/n0273.jpg,data/processed/standardized_masks/refuge/train_n0273.png,data/external/kaggle/glaucoma_fundus_imaging_bundle/REFUGE/train/Images/n0273.jpg,data/processed/standardized_masks/refuge/train_n0273.png,n0273.jpg,train_n0273.png,multiclass_values_0_1_2,0,1,2,REFUGE_train_n0273,True,paired_standardized_and_visual_sample_reviewed,"REFUGE image/mask pair matched by file ID within official split; mask standardized to project {0,1,2} convention.",train
glaucoma_fundus_imaging_bundle,REFUGE,n0274,data/external/kaggle/glaucoma_fundus_imaging_bundle/REFUGE/train/Images/n0274.jpg,data/processed/standardized_masks/refuge/train_n0274.png,data/external/kaggle/glaucoma_fundus_imaging_bundle/REFUGE/train/Images/n0274.jpg,data/processed/standardized_masks/refuge/train_n0274.png,n0274.jpg,train_n0274.png,multiclass_values_0_1_2,0,1,2,REFUGE_train_n0274,True,paired_standardized_and_visual_sample_reviewed,"REFUGE image/mask pair matched by file ID within official split; mask standardized to project {0,1,2} convention.",train
glaucoma_fundus_imaging_bundle,REFUGE,n0275,data/external/kaggle/glaucoma_fundus_imaging_bundle/REFUGE/train/Images/n0275.jpg,data/processed/standardized_masks/refuge/train_n0275.png,data/external/kaggle/glaucoma_fundus_imaging_bundle/REFUGE/train/Images/n0275.jpg,data/processed/standardized_masks/refuge/train_n0275.png,n0275.jpg,train_n0275.png,multiclass_values_0_1_2,0,1,2,REFUGE_train_n0275,True,paired_standardized_and_visual_sample_reviewed,"REFUGE image/mask pair matched by file ID within official split; mask standardized to project {0,1,2} convention.",train
glaucoma_fundus_imaging_bundle,REFUGE,n0276,data/external/kaggle/glaucoma_fundus_imaging_bundle/REFUGE/train/Images/n0276.jpg,data/processed/standardized_masks/refuge/train_n0276.png,data/external/kaggle/glaucoma_fundus_imaging_bundle/REFUGE/train/Images/n0276.jpg,data/processed/standardized_masks/refuge/train_n0276.png,n0276.jpg,train_n0276.png,multiclass_values_0_1_2,0,1,2,REFUGE_train_n0276,True,paired_standardized_and_visual_sample_reviewed,"REFUGE image/mask pair matched by file ID within official split; mask standardized to project {0,1,2} convention.",train
glaucoma_fundus_imaging_bundle,REFUGE,n0277,data/external/kaggle/glaucoma_fundus_imaging_bundle/REFUGE/train/Images/n0277.jpg,data/processed/standardized_masks/refuge/train_n0277.png,data/external/kaggle/glaucoma_fundus_imaging_bundle/REFUGE/train/Images/n0277.jpg,data/processed/standardized_masks/refuge/train_n0277.png,n0277.jpg,train_n0277.png,multiclass_values_0_1_2,0,1,2,REFUGE_train_n0277,True,paired_standardized_and_visual_sample_reviewed,"REFUGE image/mask pair matched by file ID within official split; mask standardized to project {0,1,2} convention.",train
glaucoma_fundus_imaging_bundle,REFUGE,n0278,data/external/kaggle/glaucoma_fundus_imaging_bundle/REFUGE/train/Images/n0278.jpg,data/processed/standardized_masks/refuge/train_n0278.png,data/external/kaggle/glaucoma_fundus_imaging_bundle/REFUGE/train/Images/n0278.jpg,data/processed/standardized_masks/refuge/train_n0278.png,n0278.jpg,train_n0278.png,multiclass_values_0_1_2,0,1,2,REFUGE_train_n0278,True,paired_standardized_and_visual_sample_reviewed,"REFUGE image/mask pair matched by file ID within official split; mask standardized to project {0,1,2} convention.",train
glaucoma_fundus_imaging_bundle,REFUGE,n0279,data/external/kaggle/glaucoma_fundus_imaging_bundle/REFUGE/train/Images/n0279.jpg,data/processed/standardized_masks/refuge/train_n0279.png,data/external/kaggle/glaucoma_fundus_imaging_bundle/REFUGE/train/Images/n0279.jpg,data/processed/standardized_masks/refuge/train_n0279.png,n0279.jpg,train_n0279.png,multiclass_values_0_1_2,0,1,2,REFUGE_train_n0279,True,paired_standardized_and_visual_sample_reviewed,"REFUGE image/mask pair matched by file ID within official split; mask standardized to project {0,1,2} convention.",train
glaucoma_fundus_imaging_bundle,REFUGE,n0280,data/external/kaggle/glaucoma_fundus_imaging_bundle/REFUGE/train/Images/n0280.jpg,data/processed/standardized_masks/refuge/train_n0280.png,data/external/kaggle/glaucoma_fundus_imaging_bundle/REFUGE/train/Images/n0280.jpg,data/processed/standardized_masks/refuge/train_n0280.png,n0280.jpg,train_n0280.png,multiclass_values_0_1_2,0,1,2,REFUGE_train_n0280,True,paired_standardized_and_visual_sample_reviewed,"REFUGE image/mask pair matched by file ID within official split; mask standardized to project {0,1,2} convention.",train
glaucoma_fundus_imaging_bundle,REFUGE,n0281,data/external/kaggle/glaucoma_fundus_imaging_bundle/REFUGE/train/Images/n0281.jpg,data/processed/standardized_masks/refuge/train_n0281.png,data/external/kaggle/glaucoma_fundus_imaging_bundle/REFUGE/train/Images/n0281.jpg,data/processed/standardized_masks/refuge/train_n0281.png,n0281.jpg,train_n0281.png,multiclass_values_0_1_2,0,1,2,REFUGE_train_n0281,True,paired_standardized_and_visual_sample_reviewed,"REFUGE image/mask pair matched by file ID within official split; mask standardized to project {0,1,2} convention.",train
glaucoma_fundus_imaging_bundle,REFUGE,n0282,data/external/kaggle/glaucoma_fundus_imaging_bundle/REFUGE/train/Images/n0282.jpg,data/processed/standardized_masks/refuge/train_n0282.png,data/external/kaggle/glaucoma_fundus_imaging_bundle/REFUGE/train/Images/n0282.jpg,data/processed/standardized_masks/refuge/train_n0282.png,n0282.jpg,train_n0282.png,multiclass_values_0_1_2,0,1,2,REFUGE_train_n0282,True,paired_standardized_and_visual_sample_reviewed,"REFUGE image/mask pair matched by file ID within official split; mask standardized to project {0,1,2} convention.",train
glaucoma_fundus_imaging_bundle,REFUGE,n0283,data/external/kaggle/glaucoma_fundus_imaging_bundle/REFUGE/train/Images/n0283.jpg,data/processed/standardized_masks/refuge/train_n0283.png,data/external/kaggle/glaucoma_fundus_imaging_bundle/REFUGE/train/Images/n0283.jpg,data/processed/standardized_masks/refuge/train_n0283.png,n0283.jpg,train_n0283.png,multiclass_values_0_1_2,0,1,2,REFUGE_train_n0283,True,paired_standardized_and_visual_sample_reviewed,"REFUGE image/mask pair matched by file ID within official split; mask standardized to project {0,1,2} convention.",train
glaucoma_fundus_imaging_bundle,REFUGE,n0284,data/external/kaggle/glaucoma_fundus_imaging_bundle/REFUGE/train/Images/n0284.jpg,data/processed/standardized_masks/refuge/train_n0284.png,data/external/kaggle/glaucoma_fundus_imaging_bundle/REFUGE/train/Images/n0284.jpg,data/processed/standardized_masks/refuge/train_n0284.png,n0284.jpg,train_n0284.png,multiclass_values_0_1_2,0,1,2,REFUGE_train_n0284,True,paired_standardized_and_visual_sample_reviewed,"REFUGE image/mask pair matched by file ID within official split; mask standardized to project {0,1,2} convention.",train
glaucoma_fundus_imaging_bundle,REFUGE,n0285,data/external/kaggle/glaucoma_fundus_imaging_bundle/REFUGE/train/Images/n0285.jpg,data/processed/standardized_masks/refuge/train_n0285.png,data/external/kaggle/glaucoma_fundus_imaging_bundle/REFUGE/train/Images/n0285.jpg,data/processed/standardized_masks/refuge/train_n0285.png,n0285.jpg,train_n0285.png,multiclass_values_0_1_2,0,1,2,REFUGE_train_n0285,True,paired_standardized_and_visual_sample_reviewed,"REFUGE image/mask pair matched by file ID within official split; mask standardized to project {0,1,2} convention.",train
glaucoma_fundus_imaging_bundle,REFUGE,n0286,data/external/kaggle/glaucoma_fundus_imaging_bundle/REFUGE/train/Images/n0286.jpg,data/processed/standardized_masks/refuge/train_n0286.png,data/external/kaggle/glaucoma_fundus_imaging_bundle/REFUGE/train/Images/n0286.jpg,data/processed/standardized_masks/refuge/train_n0286.png,n0286.jpg,train_n0286.png,multiclass_values_0_1_2,0,1,2,REFUGE_train_n0286,True,paired_standardized_and_visual_sample_reviewed,"REFUGE image/mask pair matched by file ID within official split; mask standardized to project {0,1,2} convention.",train
glaucoma_fundus_imaging_bundle,REFUGE,n0287,data/external/kaggle/glaucoma_fundus_imaging_bundle/REFUGE/train/Images/n0287.jpg,data/processed/standardized_masks/refuge/train_n0287.png,data/external/kaggle/glaucoma_fundus_imaging_bundle/REFUGE/train/Images/n0287.jpg,data/processed/standardized_masks/refuge/train_n0287.png,n0287.jpg,train_n0287.png,multiclass_values_0_1_2,0,1,2,REFUGE_train_n0287,True,paired_standardized_and_visual_sample_reviewed,"REFUGE image/mask pair matched by file ID within official split; mask standardized to project {0,1,2} convention.",train
glaucoma_fundus_imaging_bundle,REFUGE,n0288,data/external/kaggle/glaucoma_fundus_imaging_bundle/REFUGE/train/Images/n0288.jpg,data/processed/standardized_masks/refuge/train_n0288.png,data/external/kaggle/glaucoma_fundus_imaging_bundle/REFUGE/train/Images/n0288.jpg,data/processed/standardized_masks/refuge/train_n0288.png,n0288.jpg,train_n0288.png,multiclass_values_0_1_2,0,1,2,REFUGE_train_n0288,True,paired_standardized_and_visual_sample_reviewed,"REFUGE image/mask pair matched by file ID within official split; mask standardized to project {0,1,2} convention.",train
glaucoma_fundus_imaging_bundle,REFUGE,n0289,data/external/kaggle/glaucoma_fundus_imaging_bundle/REFUGE/train/Images/n0289.jpg,data/processed/standardized_masks/refuge/train_n0289.png,data/external/kaggle/glaucoma_fundus_imaging_bundle/REFUGE/train/Images/n0289.jpg,data/processed/standardized_masks/refuge/train_n0289.png,n0289.jpg,train_n0289.png,multiclass_values_0_1_2,0,1,2,REFUGE_train_n0289,True,paired_standardized_and_visual_sample_reviewed,"REFUGE image/mask pair matched by file ID within official split; mask standardized to project {0,1,2} convention.",train
glaucoma_fundus_imaging_bundle,REFUGE,n0290,data/external/kaggle/glaucoma_fundus_imaging_bundle/REFUGE/train/Images/n0290.jpg,data/processed/standardized_masks/refuge/train_n0290.png,data/external/kaggle/glaucoma_fundus_imaging_bundle/REFUGE/train/Images/n0290.jpg,data/processed/standardized_masks/refuge/train_n0290.png,n0290.jpg,train_n0290.png,multiclass_values_0_1_2,0,1,2,REFUGE_train_n0290,True,paired_standardized_and_visual_sample_reviewed,"REFUGE image/mask pair matched by file ID within official split; mask standardized to project {0,1,2} convention.",train
glaucoma_fundus_imaging_bundle,REFUGE,n0291,data/external/kaggle/glaucoma_fundus_imaging_bundle/REFUGE/train/Images/n0291.jpg,data/processed/standardized_masks/refuge/train_n0291.png,data/external/kaggle/glaucoma_fundus_imaging_bundle/REFUGE/train/Images/n0291.jpg,data/processed/standardized_masks/refuge/train_n0291.png,n0291.jpg,train_n0291.png,multiclass_values_0_1_2,0,1,2,REFUGE_train_n0291,True,paired_standardized_and_visual_sample_reviewed,"REFUGE image/mask pair matched by file ID within official split; mask standardized to project {0,1,2} convention.",train
glaucoma_fundus_imaging_bundle,REFUGE,n0292,data/external/kaggle/glaucoma_fundus_imaging_bundle/REFUGE/train/Images/n0292.jpg,data/processed/standardized_masks/refuge/train_n0292.png,data/external/kaggle/glaucoma_fundus_imaging_bundle/REFUGE/train/Images/n0292.jpg,data/processed/standardized_masks/refuge/train_n0292.png,n0292.jpg,train_n0292.png,multiclass_values_0_1_2,0,1,2,REFUGE_train_n0292,True,paired_standardized_and_visual_sample_reviewed,"REFUGE image/mask pair matched by file ID within official split; mask standardized to project {0,1,2} convention.",train
glaucoma_fundus_imaging_bundle,REFUGE,n0293,data/external/kaggle/glaucoma_fundus_imaging_bundle/REFUGE/train/Images/n0293.jpg,data/processed/standardized_masks/refuge/train_n0293.png,data/external/kaggle/glaucoma_fundus_imaging_bundle/REFUGE/train/Images/n0293.jpg,data/processed/standardized_masks/refuge/train_n0293.png,n0293.jpg,train_n0293.png,multiclass_values_0_1_2,0,1,2,REFUGE_train_n0293,True,paired_standardized_and_visual_sample_reviewed,"REFUGE image/mask pair matched by file ID within official split; mask standardized to project {0,1,2} convention.",train
glaucoma_fundus_imaging_bundle,REFUGE,n0294,data/external/kaggle/glaucoma_fundus_imaging_bundle/REFUGE/train/Images/n0294.jpg,data/processed/standardized_masks/refuge/train_n0294.png,data/external/kaggle/glaucoma_fundus_imaging_bundle/REFUGE/train/Images/n0294.jpg,data/processed/standardized_masks/refuge/train_n0294.png,n0294.jpg,train_n0294.png,multiclass_values_0_1_2,0,1,2,REFUGE_train_n0294,True,paired_standardized_and_visual_sample_reviewed,"REFUGE image/mask pair matched by file ID within official split; mask standardized to project {0,1,2} convention.",train
glaucoma_fundus_imaging_bundle,REFUGE,n0295,data/external/kaggle/glaucoma_fundus_imaging_bundle/REFUGE/train/Images/n0295.jpg,data/processed/standardized_masks/refuge/train_n0295.png,data/external/kaggle/glaucoma_fundus_imaging_bundle/REFUGE/train/Images/n0295.jpg,data/processed/standardized_masks/refuge/train_n0295.png,n0295.jpg,train_n0295.png,multiclass_values_0_1_2,0,1,2,REFUGE_train_n0295,True,paired_standardized_and_visual_sample_reviewed,"REFUGE image/mask pair matched by file ID within official split; mask standardized to project {0,1,2} convention.",train
glaucoma_fundus_imaging_bundle,REFUGE,n0296,data/external/kaggle/glaucoma_fundus_imaging_bundle/REFUGE/train/Images/n0296.jpg,data/processed/standardized_masks/refuge/train_n0296.png,data/external/kaggle/glaucoma_fundus_imaging_bundle/REFUGE/train/Images/n0296.jpg,data/processed/standardized_masks/refuge/train_n0296.png,n0296.jpg,train_n0296.png,multiclass_values_0_1_2,0,1,2,REFUGE_train_n0296,True,paired_standardized_and_visual_sample_reviewed,"REFUGE image/mask pair matched by file ID within official split; mask standardized to project {0,1,2} convention.",train
glaucoma_fundus_imaging_bundle,REFUGE,n0297,data/external/kaggle/glaucoma_fundus_imaging_bundle/REFUGE/train/Images/n0297.jpg,data/processed/standardized_masks/refuge/train_n0297.png,data/external/kaggle/glaucoma_fundus_imaging_bundle/REFUGE/train/Images/n0297.jpg,data/processed/standardized_masks/refuge/train_n0297.png,n0297.jpg,train_n0297.png,multiclass_values_0_1_2,0,1,2,REFUGE_train_n0297,True,paired_standardized_and_visual_sample_reviewed,"REFUGE image/mask pair matched by file ID within official split; mask standardized to project {0,1,2} convention.",train
glaucoma_fundus_imaging_bundle,REFUGE,n0298,data/external/kaggle/glaucoma_fundus_imaging_bundle/REFUGE/train/Images/n0298.jpg,data/processed/standardized_masks/refuge/train_n0298.png,data/external/kaggle/glaucoma_fundus_imaging_bundle/REFUGE/train/Images/n0298.jpg,data/processed/standardized_masks/refuge/train_n0298.png,n0298.jpg,train_n0298.png,multiclass_values_0_1_2,0,1,2,REFUGE_train_n0298,True,paired_standardized_and_visual_sample_reviewed,"REFUGE image/mask pair matched by file ID within official split; mask standardized to project {0,1,2} convention.",train
glaucoma_fundus_imaging_bundle,REFUGE,n0299,data/external/kaggle/glaucoma_fundus_imaging_bundle/REFUGE/train/Images/n0299.jpg,data/processed/standardized_masks/refuge/train_n0299.png,data/external/kaggle/glaucoma_fundus_imaging_bundle/REFUGE/train/Images/n0299.jpg,data/processed/standardized_masks/refuge/train_n0299.png,n0299.jpg,train_n0299.png,multiclass_values_0_1_2,0,1,2,REFUGE_train_n0299,True,paired_standardized_and_visual_sample_reviewed,"REFUGE image/mask pair matched by file ID within official split; mask standardized to project {0,1,2} convention.",train
glaucoma_fundus_imaging_bundle,REFUGE,n0300,data/external/kaggle/glaucoma_fundus_imaging_bundle/REFUGE/train/Images/n0300.jpg,data/processed/standardized_masks/refuge/train_n0300.png,data/external/kaggle/glaucoma_fundus_imaging_bundle/REFUGE/train/Images/n0300.jpg,data/processed/standardized_masks/refuge/train_n0300.png,n0300.jpg,train_n0300.png,multiclass_values_0_1_2,0,1,2,REFUGE_train_n0300,True,paired_standardized_and_visual_sample_reviewed,"REFUGE image/mask pair matched by file ID within official split; mask standardized to project {0,1,2} convention.",train
glaucoma_fundus_imaging_bundle,REFUGE,n0301,data/external/kaggle/glaucoma_fundus_imaging_bundle/REFUGE/train/Images/n0301.jpg,data/processed/standardized_masks/refuge/train_n0301.png,data/external/kaggle/glaucoma_fundus_imaging_bundle/REFUGE/train/Images/n0301.jpg,data/processed/standardized_masks/refuge/train_n0301.png,n0301.jpg,train_n0301.png,multiclass_values_0_1_2,0,1,2,REFUGE_train_n0301,True,paired_standardized_and_visual_sample_reviewed,"REFUGE image/mask pair matched by file ID within official split; mask standardized to project {0,1,2} convention.",train
glaucoma_fundus_imaging_bundle,REFUGE,n0302,data/external/kaggle/glaucoma_fundus_imaging_bundle/REFUGE/train/Images/n0302.jpg,data/processed/standardized_masks/refuge/train_n0302.png,data/external/kaggle/glaucoma_fundus_imaging_bundle/REFUGE/train/Images/n0302.jpg,data/processed/standardized_masks/refuge/train_n0302.png,n0302.jpg,train_n0302.png,multiclass_values_0_1_2,0,1,2,REFUGE_train_n0302,True,paired_standardized_and_visual_sample_reviewed,"REFUGE image/mask pair matched by file ID within official split; mask standardized to project {0,1,2} convention.",train
glaucoma_fundus_imaging_bundle,REFUGE,n0303,data/external/kaggle/glaucoma_fundus_imaging_bundle/REFUGE/train/Images/n0303.jpg,data/processed/standardized_masks/refuge/train_n0303.png,data/external/kaggle/glaucoma_fundus_imaging_bundle/REFUGE/train/Images/n0303.jpg,data/processed/standardized_masks/refuge/train_n0303.png,n0303.jpg,train_n0303.png,multiclass_values_0_1_2,0,1,2,REFUGE_train_n0303,True,paired_standardized_and_visual_sample_reviewed,"REFUGE image/mask pair matched by file ID within official split; mask standardized to project {0,1,2} convention.",train
glaucoma_fundus_imaging_bundle,REFUGE,n0304,data/external/kaggle/glaucoma_fundus_imaging_bundle/REFUGE/train/Images/n0304.jpg,data/processed/standardized_masks/refuge/train_n0304.png,data/external/kaggle/glaucoma_fundus_imaging_bundle/REFUGE/train/Images/n0304.jpg,data/processed/standardized_masks/refuge/train_n0304.png,n0304.jpg,train_n0304.png,multiclass_values_0_1_2,0,1,2,REFUGE_train_n0304,True,paired_standardized_and_visual_sample_reviewed,"REFUGE image/mask pair matched by file ID within official split; mask standardized to project {0,1,2} convention.",train
glaucoma_fundus_imaging_bundle,REFUGE,n0305,data/external/kaggle/glaucoma_fundus_imaging_bundle/REFUGE/train/Images/n0305.jpg,data/processed/standardized_masks/refuge/train_n0305.png,data/external/kaggle/glaucoma_fundus_imaging_bundle/REFUGE/train/Images/n0305.jpg,data/processed/standardized_masks/refuge/train_n0305.png,n0305.jpg,train_n0305.png,multiclass_values_0_1_2,0,1,2,REFUGE_train_n0305,True,paired_standardized_and_visual_sample_reviewed,"REFUGE image/mask pair matched by file ID within official split; mask standardized to project {0,1,2} convention.",train
glaucoma_fundus_imaging_bundle,REFUGE,n0306,data/external/kaggle/glaucoma_fundus_imaging_bundle/REFUGE/train/Images/n0306.jpg,data/processed/standardized_masks/refuge/train_n0306.png,data/external/kaggle/glaucoma_fundus_imaging_bundle/REFUGE/train/Images/n0306.jpg,data/processed/standardized_masks/refuge/train_n0306.png,n0306.jpg,train_n0306.png,multiclass_values_0_1_2,0,1,2,REFUGE_train_n0306,True,paired_standardized_and_visual_sample_reviewed,"REFUGE image/mask pair matched by file ID within official split; mask standardized to project {0,1,2} convention.",train
glaucoma_fundus_imaging_bundle,REFUGE,n0307,data/external/kaggle/glaucoma_fundus_imaging_bundle/REFUGE/train/Images/n0307.jpg,data/processed/standardized_masks/refuge/train_n0307.png,data/external/kaggle/glaucoma_fundus_imaging_bundle/REFUGE/train/Images/n0307.jpg,data/processed/standardized_masks/refuge/train_n0307.png,n0307.jpg,train_n0307.png,multiclass_values_0_1_2,0,1,2,REFUGE_train_n0307,True,paired_standardized_and_visual_sample_reviewed,"REFUGE image/mask pair matched by file ID within official split; mask standardized to project {0,1,2} convention.",train
glaucoma_fundus_imaging_bundle,REFUGE,n0308,data/external/kaggle/glaucoma_fundus_imaging_bundle/REFUGE/train/Images/n0308.jpg,data/processed/standardized_masks/refuge/train_n0308.png,data/external/kaggle/glaucoma_fundus_imaging_bundle/REFUGE/train/Images/n0308.jpg,data/processed/standardized_masks/refuge/train_n0308.png,n0308.jpg,train_n0308.png,multiclass_values_0_1_2,0,1,2,REFUGE_train_n0308,True,paired_standardized_and_visual_sample_reviewed,"REFUGE image/mask pair matched by file ID within official split; mask standardized to project {0,1,2} convention.",train
glaucoma_fundus_imaging_bundle,REFUGE,n0309,data/external/kaggle/glaucoma_fundus_imaging_bundle/REFUGE/train/Images/n0309.jpg,data/processed/standardized_masks/refuge/train_n0309.png,data/external/kaggle/glaucoma_fundus_imaging_bundle/REFUGE/train/Images/n0309.jpg,data/processed/standardized_masks/refuge/train_n0309.png,n0309.jpg,train_n0309.png,multiclass_values_0_1_2,0,1,2,REFUGE_train_n0309,True,paired_standardized_and_visual_sample_reviewed,"REFUGE image/mask pair matched by file ID within official split; mask standardized to project {0,1,2} convention.",train
glaucoma_fundus_imaging_bundle,REFUGE,n0310,data/external/kaggle/glaucoma_fundus_imaging_bundle/REFUGE/train/Images/n0310.jpg,data/processed/standardized_masks/refuge/train_n0310.png,data/external/kaggle/glaucoma_fundus_imaging_bundle/REFUGE/train/Images/n0310.jpg,data/processed/standardized_masks/refuge/train_n0310.png,n0310.jpg,train_n0310.png,multiclass_values_0_1_2,0,1,2,REFUGE_train_n0310,True,paired_standardized_and_visual_sample_reviewed,"REFUGE image/mask pair matched by file ID within official split; mask standardized to project {0,1,2} convention.",train
glaucoma_fundus_imaging_bundle,REFUGE,n0311,data/external/kaggle/glaucoma_fundus_imaging_bundle/REFUGE/train/Images/n0311.jpg,data/processed/standardized_masks/refuge/train_n0311.png,data/external/kaggle/glaucoma_fundus_imaging_bundle/REFUGE/train/Images/n0311.jpg,data/processed/standardized_masks/refuge/train_n0311.png,n0311.jpg,train_n0311.png,multiclass_values_0_1_2,0,1,2,REFUGE_train_n0311,True,paired_standardized_and_visual_sample_reviewed,"REFUGE image/mask pair matched by file ID within official split; mask standardized to project {0,1,2} convention.",train
glaucoma_fundus_imaging_bundle,REFUGE,n0312,data/external/kaggle/glaucoma_fundus_imaging_bundle/REFUGE/train/Images/n0312.jpg,data/processed/standardized_masks/refuge/train_n0312.png,data/external/kaggle/glaucoma_fundus_imaging_bundle/REFUGE/train/Images/n0312.jpg,data/processed/standardized_masks/refuge/train_n0312.png,n0312.jpg,train_n0312.png,multiclass_values_0_1_2,0,1,2,REFUGE_train_n0312,True,paired_standardized_and_visual_sample_reviewed,"REFUGE image/mask pair matched by file ID within official split; mask standardized to project {0,1,2} convention.",train
glaucoma_fundus_imaging_bundle,REFUGE,n0313,data/external/kaggle/glaucoma_fundus_imaging_bundle/REFUGE/train/Images/n0313.jpg,data/processed/standardized_masks/refuge/train_n0313.png,data/external/kaggle/glaucoma_fundus_imaging_bundle/REFUGE/train/Images/n0313.jpg,data/processed/standardized_masks/refuge/train_n0313.png,n0313.jpg,train_n0313.png,multiclass_values_0_1_2,0,1,2,REFUGE_train_n0313,True,paired_standardized_and_visual_sample_reviewed,"REFUGE image/mask pair matched by file ID within official split; mask standardized to project {0,1,2} convention.",train
glaucoma_fundus_imaging_bundle,REFUGE,n0314,data/external/kaggle/glaucoma_fundus_imaging_bundle/REFUGE/train/Images/n0314.jpg,data/processed/standardized_masks/refuge/train_n0314.png,data/external/kaggle/glaucoma_fundus_imaging_bundle/REFUGE/train/Images/n0314.jpg,data/processed/standardized_masks/refuge/train_n0314.png,n0314.jpg,train_n0314.png,multiclass_values_0_1_2,0,1,2,REFUGE_train_n0314,True,paired_standardized_and_visual_sample_reviewed,"REFUGE image/mask pair matched by file ID within official split; mask standardized to project {0,1,2} convention.",train
glaucoma_fundus_imaging_bundle,REFUGE,n0315,data/external/kaggle/glaucoma_fundus_imaging_bundle/REFUGE/train/Images/n0315.jpg,data/processed/standardized_masks/refuge/train_n0315.png,data/external/kaggle/glaucoma_fundus_imaging_bundle/REFUGE/train/Images/n0315.jpg,data/processed/standardized_masks/refuge/train_n0315.png,n0315.jpg,train_n0315.png,multiclass_values_0_1_2,0,1,2,REFUGE_train_n0315,True,paired_standardized_and_visual_sample_reviewed,"REFUGE image/mask pair matched by file ID within official split; mask standardized to project {0,1,2} convention.",train
glaucoma_fundus_imaging_bundle,REFUGE,n0316,data/external/kaggle/glaucoma_fundus_imaging_bundle/REFUGE/train/Images/n0316.jpg,data/processed/standardized_masks/refuge/train_n0316.png,data/external/kaggle/glaucoma_fundus_imaging_bundle/REFUGE/train/Images/n0316.jpg,data/processed/standardized_masks/refuge/train_n0316.png,n0316.jpg,train_n0316.png,multiclass_values_0_1_2,0,1,2,REFUGE_train_n0316,True,paired_standardized_and_visual_sample_reviewed,"REFUGE image/mask pair matched by file ID within official split; mask standardized to project {0,1,2} convention.",train
glaucoma_fundus_imaging_bundle,REFUGE,n0317,data/external/kaggle/glaucoma_fundus_imaging_bundle/REFUGE/train/Images/n0317.jpg,data/processed/standardized_masks/refuge/train_n0317.png,data/external/kaggle/glaucoma_fundus_imaging_bundle/REFUGE/train/Images/n0317.jpg,data/processed/standardized_masks/refuge/train_n0317.png,n0317.jpg,train_n0317.png,multiclass_values_0_1_2,0,1,2,REFUGE_train_n0317,True,paired_standardized_and_visual_sample_reviewed,"REFUGE image/mask pair matched by file ID within official split; mask standardized to project {0,1,2} convention.",train
glaucoma_fundus_imaging_bundle,REFUGE,n0318,data/external/kaggle/glaucoma_fundus_imaging_bundle/REFUGE/train/Images/n0318.jpg,data/processed/standardized_masks/refuge/train_n0318.png,data/external/kaggle/glaucoma_fundus_imaging_bundle/REFUGE/train/Images/n0318.jpg,data/processed/standardized_masks/refuge/train_n0318.png,n0318.jpg,train_n0318.png,multiclass_values_0_1_2,0,1,2,REFUGE_train_n0318,True,paired_standardized_and_visual_sample_reviewed,"REFUGE image/mask pair matched by file ID within official split; mask standardized to project {0,1,2} convention.",train
glaucoma_fundus_imaging_bundle,REFUGE,n0319,data/external/kaggle/glaucoma_fundus_imaging_bundle/REFUGE/train/Images/n0319.jpg,data/processed/standardized_masks/refuge/train_n0319.png,data/external/kaggle/glaucoma_fundus_imaging_bundle/REFUGE/train/Images/n0319.jpg,data/processed/standardized_masks/refuge/train_n0319.png,n0319.jpg,train_n0319.png,multiclass_values_0_1_2,0,1,2,REFUGE_train_n0319,True,paired_standardized_and_visual_sample_reviewed,"REFUGE image/mask pair matched by file ID within official split; mask standardized to project {0,1,2} convention.",train
glaucoma_fundus_imaging_bundle,REFUGE,n0320,data/external/kaggle/glaucoma_fundus_imaging_bundle/REFUGE/train/Images/n0320.jpg,data/processed/standardized_masks/refuge/train_n0320.png,data/external/kaggle/glaucoma_fundus_imaging_bundle/REFUGE/train/Images/n0320.jpg,data/processed/standardized_masks/refuge/train_n0320.png,n0320.jpg,train_n0320.png,multiclass_values_0_1_2,0,1,2,REFUGE_train_n0320,True,paired_standardized_and_visual_sample_reviewed,"REFUGE image/mask pair matched by file ID within official split; mask standardized to project {0,1,2} convention.",train
glaucoma_fundus_imaging_bundle,REFUGE,n0321,data/external/kaggle/glaucoma_fundus_imaging_bundle/REFUGE/train/Images/n0321.jpg,data/processed/standardized_masks/refuge/train_n0321.png,data/external/kaggle/glaucoma_fundus_imaging_bundle/REFUGE/train/Images/n0321.jpg,data/processed/standardized_masks/refuge/train_n0321.png,n0321.jpg,train_n0321.png,multiclass_values_0_1_2,0,1,2,REFUGE_train_n0321,True,paired_standardized_and_visual_sample_reviewed,"REFUGE image/mask pair matched by file ID within official split; mask standardized to project {0,1,2} convention.",train
glaucoma_fundus_imaging_bundle,REFUGE,n0322,data/external/kaggle/glaucoma_fundus_imaging_bundle/REFUGE/train/Images/n0322.jpg,data/processed/standardized_masks/refuge/train_n0322.png,data/external/kaggle/glaucoma_fundus_imaging_bundle/REFUGE/train/Images/n0322.jpg,data/processed/standardized_masks/refuge/train_n0322.png,n0322.jpg,train_n0322.png,multiclass_values_0_1_2,0,1,2,REFUGE_train_n0322,True,paired_standardized_and_visual_sample_reviewed,"REFUGE image/mask pair matched by file ID within official split; mask standardized to project {0,1,2} convention.",train
glaucoma_fundus_imaging_bundle,REFUGE,n0323,data/external/kaggle/glaucoma_fundus_imaging_bundle/REFUGE/train/Images/n0323.jpg,data/processed/standardized_masks/refuge/train_n0323.png,data/external/kaggle/glaucoma_fundus_imaging_bundle/REFUGE/train/Images/n0323.jpg,data/processed/standardized_masks/refuge/train_n0323.png,n0323.jpg,train_n0323.png,multiclass_values_0_1_2,0,1,2,REFUGE_train_n0323,True,paired_standardized_and_visual_sample_reviewed,"REFUGE image/mask pair matched by file ID within official split; mask standardized to project {0,1,2} convention.",train
glaucoma_fundus_imaging_bundle,REFUGE,n0324,data/external/kaggle/glaucoma_fundus_imaging_bundle/REFUGE/train/Images/n0324.jpg,data/processed/standardized_masks/refuge/train_n0324.png,data/external/kaggle/glaucoma_fundus_imaging_bundle/REFUGE/train/Images/n0324.jpg,data/processed/standardized_masks/refuge/train_n0324.png,n0324.jpg,train_n0324.png,multiclass_values_0_1_2,0,1,2,REFUGE_train_n0324,True,paired_standardized_and_visual_sample_reviewed,"REFUGE image/mask pair matched by file ID within official split; mask standardized to project {0,1,2} convention.",train
glaucoma_fundus_imaging_bundle,REFUGE,n0325,data/external/kaggle/glaucoma_fundus_imaging_bundle/REFUGE/train/Images/n0325.jpg,data/processed/standardized_masks/refuge/train_n0325.png,data/external/kaggle/glaucoma_fundus_imaging_bundle/REFUGE/train/Images/n0325.jpg,data/processed/standardized_masks/refuge/train_n0325.png,n0325.jpg,train_n0325.png,multiclass_values_0_1_2,0,1,2,REFUGE_train_n0325,True,paired_standardized_and_visual_sample_reviewed,"REFUGE image/mask pair matched by file ID within official split; mask standardized to project {0,1,2} convention.",train
glaucoma_fundus_imaging_bundle,REFUGE,n0326,data/external/kaggle/glaucoma_fundus_imaging_bundle/REFUGE/train/Images/n0326.jpg,data/processed/standardized_masks/refuge/train_n0326.png,data/external/kaggle/glaucoma_fundus_imaging_bundle/REFUGE/train/Images/n0326.jpg,data/processed/standardized_masks/refuge/train_n0326.png,n0326.jpg,train_n0326.png,multiclass_values_0_1_2,0,1,2,REFUGE_train_n0326,True,paired_standardized_and_visual_sample_reviewed,"REFUGE image/mask pair matched by file ID within official split; mask standardized to project {0,1,2} convention.",train
glaucoma_fundus_imaging_bundle,REFUGE,n0327,data/external/kaggle/glaucoma_fundus_imaging_bundle/REFUGE/train/Images/n0327.jpg,data/processed/standardized_masks/refuge/train_n0327.png,data/external/kaggle/glaucoma_fundus_imaging_bundle/REFUGE/train/Images/n0327.jpg,data/processed/standardized_masks/refuge/train_n0327.png,n0327.jpg,train_n0327.png,multiclass_values_0_1_2,0,1,2,REFUGE_train_n0327,True,paired_standardized_and_visual_sample_reviewed,"REFUGE image/mask pair matched by file ID within official split; mask standardized to project {0,1,2} convention.",train
glaucoma_fundus_imaging_bundle,REFUGE,n0328,data/external/kaggle/glaucoma_fundus_imaging_bundle/REFUGE/train/Images/n0328.jpg,data/processed/standardized_masks/refuge/train_n0328.png,data/external/kaggle/glaucoma_fundus_imaging_bundle/REFUGE/train/Images/n0328.jpg,data/processed/standardized_masks/refuge/train_n0328.png,n0328.jpg,train_n0328.png,multiclass_values_0_1_2,0,1,2,REFUGE_train_n0328,True,paired_standardized_and_visual_sample_reviewed,"REFUGE image/mask pair matched by file ID within official split; mask standardized to project {0,1,2} convention.",train
glaucoma_fundus_imaging_bundle,REFUGE,n0329,data/external/kaggle/glaucoma_fundus_imaging_bundle/REFUGE/train/Images/n0329.jpg,data/processed/standardized_masks/refuge/train_n0329.png,data/external/kaggle/glaucoma_fundus_imaging_bundle/REFUGE/train/Images/n0329.jpg,data/processed/standardized_masks/refuge/train_n0329.png,n0329.jpg,train_n0329.png,multiclass_values_0_1_2,0,1,2,REFUGE_train_n0329,True,paired_standardized_and_visual_sample_reviewed,"REFUGE image/mask pair matched by file ID within official split; mask standardized to project {0,1,2} convention.",train
glaucoma_fundus_imaging_bundle,REFUGE,n0330,data/external/kaggle/glaucoma_fundus_imaging_bundle/REFUGE/train/Images/n0330.jpg,data/processed/standardized_masks/refuge/train_n0330.png,data/external/kaggle/glaucoma_fundus_imaging_bundle/REFUGE/train/Images/n0330.jpg,data/processed/standardized_masks/refuge/train_n0330.png,n0330.jpg,train_n0330.png,multiclass_values_0_1_2,0,1,2,REFUGE_train_n0330,True,paired_standardized_and_visual_sample_reviewed,"REFUGE image/mask pair matched by file ID within official split; mask standardized to project {0,1,2} convention.",train
glaucoma_fundus_imaging_bundle,REFUGE,n0331,data/external/kaggle/glaucoma_fundus_imaging_bundle/REFUGE/train/Images/n0331.jpg,data/processed/standardized_masks/refuge/train_n0331.png,data/external/kaggle/glaucoma_fundus_imaging_bundle/REFUGE/train/Images/n0331.jpg,data/processed/standardized_masks/refuge/train_n0331.png,n0331.jpg,train_n0331.png,multiclass_values_0_1_2,0,1,2,REFUGE_train_n0331,True,paired_standardized_and_visual_sample_reviewed,"REFUGE image/mask pair matched by file ID within official split; mask standardized to project {0,1,2} convention.",train
glaucoma_fundus_imaging_bundle,REFUGE,n0332,data/external/kaggle/glaucoma_fundus_imaging_bundle/REFUGE/train/Images/n0332.jpg,data/processed/standardized_masks/refuge/train_n0332.png,data/external/kaggle/glaucoma_fundus_imaging_bundle/REFUGE/train/Images/n0332.jpg,data/processed/standardized_masks/refuge/train_n0332.png,n0332.jpg,train_n0332.png,multiclass_values_0_1_2,0,1,2,REFUGE_train_n0332,True,paired_standardized_and_visual_sample_reviewed,"REFUGE image/mask pair matched by file ID within official split; mask standardized to project {0,1,2} convention.",train
glaucoma_fundus_imaging_bundle,REFUGE,n0333,data/external/kaggle/glaucoma_fundus_imaging_bundle/REFUGE/train/Images/n0333.jpg,data/processed/standardized_masks/refuge/train_n0333.png,data/external/kaggle/glaucoma_fundus_imaging_bundle/REFUGE/train/Images/n0333.jpg,data/processed/standardized_masks/refuge/train_n0333.png,n0333.jpg,train_n0333.png,multiclass_values_0_1_2,0,1,2,REFUGE_train_n0333,True,paired_standardized_and_visual_sample_reviewed,"REFUGE image/mask pair matched by file ID within official split; mask standardized to project {0,1,2} convention.",train
glaucoma_fundus_imaging_bundle,REFUGE,n0334,data/external/kaggle/glaucoma_fundus_imaging_bundle/REFUGE/train/Images/n0334.jpg,data/processed/standardized_masks/refuge/train_n0334.png,data/external/kaggle/glaucoma_fundus_imaging_bundle/REFUGE/train/Images/n0334.jpg,data/processed/standardized_masks/refuge/train_n0334.png,n0334.jpg,train_n0334.png,multiclass_values_0_1_2,0,1,2,REFUGE_train_n0334,True,paired_standardized_and_visual_sample_reviewed,"REFUGE image/mask pair matched by file ID within official split; mask standardized to project {0,1,2} convention.",train
glaucoma_fundus_imaging_bundle,REFUGE,n0335,data/external/kaggle/glaucoma_fundus_imaging_bundle/REFUGE/train/Images/n0335.jpg,data/processed/standardized_masks/refuge/train_n0335.png,data/external/kaggle/glaucoma_fundus_imaging_bundle/REFUGE/train/Images/n0335.jpg,data/processed/standardized_masks/refuge/train_n0335.png,n0335.jpg,train_n0335.png,multiclass_values_0_1_2,0,1,2,REFUGE_train_n0335,True,paired_standardized_and_visual_sample_reviewed,"REFUGE image/mask pair matched by file ID within official split; mask standardized to project {0,1,2} convention.",train
glaucoma_fundus_imaging_bundle,REFUGE,n0336,data/external/kaggle/glaucoma_fundus_imaging_bundle/REFUGE/train/Images/n0336.jpg,data/processed/standardized_masks/refuge/train_n0336.png,data/external/kaggle/glaucoma_fundus_imaging_bundle/REFUGE/train/Images/n0336.jpg,data/processed/standardized_masks/refuge/train_n0336.png,n0336.jpg,train_n0336.png,multiclass_values_0_1_2,0,1,2,REFUGE_train_n0336,True,paired_standardized_and_visual_sample_reviewed,"REFUGE image/mask pair matched by file ID within official split; mask standardized to project {0,1,2} convention.",train
glaucoma_fundus_imaging_bundle,REFUGE,n0337,data/external/kaggle/glaucoma_fundus_imaging_bundle/REFUGE/train/Images/n0337.jpg,data/processed/standardized_masks/refuge/train_n0337.png,data/external/kaggle/glaucoma_fundus_imaging_bundle/REFUGE/train/Images/n0337.jpg,data/processed/standardized_masks/refuge/train_n0337.png,n0337.jpg,train_n0337.png,multiclass_values_0_1_2,0,1,2,REFUGE_train_n0337,True,paired_standardized_and_visual_sample_reviewed,"REFUGE image/mask pair matched by file ID within official split; mask standardized to project {0,1,2} convention.",train
glaucoma_fundus_imaging_bundle,REFUGE,n0338,data/external/kaggle/glaucoma_fundus_imaging_bundle/REFUGE/train/Images/n0338.jpg,data/processed/standardized_masks/refuge/train_n0338.png,data/external/kaggle/glaucoma_fundus_imaging_bundle/REFUGE/train/Images/n0338.jpg,data/processed/standardized_masks/refuge/train_n0338.png,n0338.jpg,train_n0338.png,multiclass_values_0_1_2,0,1,2,REFUGE_train_n0338,True,paired_standardized_and_visual_sample_reviewed,"REFUGE image/mask pair matched by file ID within official split; mask standardized to project {0,1,2} convention.",train
glaucoma_fundus_imaging_bundle,REFUGE,n0339,data/external/kaggle/glaucoma_fundus_imaging_bundle/REFUGE/train/Images/n0339.jpg,data/processed/standardized_masks/refuge/train_n0339.png,data/external/kaggle/glaucoma_fundus_imaging_bundle/REFUGE/train/Images/n0339.jpg,data/processed/standardized_masks/refuge/train_n0339.png,n0339.jpg,train_n0339.png,multiclass_values_0_1_2,0,1,2,REFUGE_train_n0339,True,paired_standardized_and_visual_sample_reviewed,"REFUGE image/mask pair matched by file ID within official split; mask standardized to project {0,1,2} convention.",train
glaucoma_fundus_imaging_bundle,REFUGE,n0340,data/external/kaggle/glaucoma_fundus_imaging_bundle/REFUGE/train/Images/n0340.jpg,data/processed/standardized_masks/refuge/train_n0340.png,data/external/kaggle/glaucoma_fundus_imaging_bundle/REFUGE/train/Images/n0340.jpg,data/processed/standardized_masks/refuge/train_n0340.png,n0340.jpg,train_n0340.png,multiclass_values_0_1_2,0,1,2,REFUGE_train_n0340,True,paired_standardized_and_visual_sample_reviewed,"REFUGE image/mask pair matched by file ID within official split; mask standardized to project {0,1,2} convention.",train
glaucoma_fundus_imaging_bundle,REFUGE,n0341,data/external/kaggle/glaucoma_fundus_imaging_bundle/REFUGE/train/Images/n0341.jpg,data/processed/standardized_masks/refuge/train_n0341.png,data/external/kaggle/glaucoma_fundus_imaging_bundle/REFUGE/train/Images/n0341.jpg,data/processed/standardized_masks/refuge/train_n0341.png,n0341.jpg,train_n0341.png,multiclass_values_0_1_2,0,1,2,REFUGE_train_n0341,True,paired_standardized_and_visual_sample_reviewed,"REFUGE image/mask pair matched by file ID within official split; mask standardized to project {0,1,2} convention.",train
glaucoma_fundus_imaging_bundle,REFUGE,n0342,data/external/kaggle/glaucoma_fundus_imaging_bundle/REFUGE/train/Images/n0342.jpg,data/processed/standardized_masks/refuge/train_n0342.png,data/external/kaggle/glaucoma_fundus_imaging_bundle/REFUGE/train/Images/n0342.jpg,data/processed/standardized_masks/refuge/train_n0342.png,n0342.jpg,train_n0342.png,multiclass_values_0_1_2,0,1,2,REFUGE_train_n0342,True,paired_standardized_and_visual_sample_reviewed,"REFUGE image/mask pair matched by file ID within official split; mask standardized to project {0,1,2} convention.",train
glaucoma_fundus_imaging_bundle,REFUGE,n0343,data/external/kaggle/glaucoma_fundus_imaging_bundle/REFUGE/train/Images/n0343.jpg,data/processed/standardized_masks/refuge/train_n0343.png,data/external/kaggle/glaucoma_fundus_imaging_bundle/REFUGE/train/Images/n0343.jpg,data/processed/standardized_masks/refuge/train_n0343.png,n0343.jpg,train_n0343.png,multiclass_values_0_1_2,0,1,2,REFUGE_train_n0343,True,paired_standardized_and_visual_sample_reviewed,"REFUGE image/mask pair matched by file ID within official split; mask standardized to project {0,1,2} convention.",train
glaucoma_fundus_imaging_bundle,REFUGE,n0344,data/external/kaggle/glaucoma_fundus_imaging_bundle/REFUGE/train/Images/n0344.jpg,data/processed/standardized_masks/refuge/train_n0344.png,data/external/kaggle/glaucoma_fundus_imaging_bundle/REFUGE/train/Images/n0344.jpg,data/processed/standardized_masks/refuge/train_n0344.png,n0344.jpg,train_n0344.png,multiclass_values_0_1_2,0,1,2,REFUGE_train_n0344,True,paired_standardized_and_visual_sample_reviewed,"REFUGE image/mask pair matched by file ID within official split; mask standardized to project {0,1,2} convention.",train
glaucoma_fundus_imaging_bundle,REFUGE,n0345,data/external/kaggle/glaucoma_fundus_imaging_bundle/REFUGE/train/Images/n0345.jpg,data/processed/standardized_masks/refuge/train_n0345.png,data/external/kaggle/glaucoma_fundus_imaging_bundle/REFUGE/train/Images/n0345.jpg,data/processed/standardized_masks/refuge/train_n0345.png,n0345.jpg,train_n0345.png,multiclass_values_0_1_2,0,1,2,REFUGE_train_n0345,True,paired_standardized_and_visual_sample_reviewed,"REFUGE image/mask pair matched by file ID within official split; mask standardized to project {0,1,2} convention.",train
glaucoma_fundus_imaging_bundle,REFUGE,n0346,data/external/kaggle/glaucoma_fundus_imaging_bundle/REFUGE/train/Images/n0346.jpg,data/processed/standardized_masks/refuge/train_n0346.png,data/external/kaggle/glaucoma_fundus_imaging_bundle/REFUGE/train/Images/n0346.jpg,data/processed/standardized_masks/refuge/train_n0346.png,n0346.jpg,train_n0346.png,multiclass_values_0_1_2,0,1,2,REFUGE_train_n0346,True,paired_standardized_and_visual_sample_reviewed,"REFUGE image/mask pair matched by file ID within official split; mask standardized to project {0,1,2} convention.",train
glaucoma_fundus_imaging_bundle,REFUGE,n0347,data/external/kaggle/glaucoma_fundus_imaging_bundle/REFUGE/train/Images/n0347.jpg,data/processed/standardized_masks/refuge/train_n0347.png,data/external/kaggle/glaucoma_fundus_imaging_bundle/REFUGE/train/Images/n0347.jpg,data/processed/standardized_masks/refuge/train_n0347.png,n0347.jpg,train_n0347.png,multiclass_values_0_1_2,0,1,2,REFUGE_train_n0347,True,paired_standardized_and_visual_sample_reviewed,"REFUGE image/mask pair matched by file ID within official split; mask standardized to project {0,1,2} convention.",train
glaucoma_fundus_imaging_bundle,REFUGE,n0348,data/external/kaggle/glaucoma_fundus_imaging_bundle/REFUGE/train/Images/n0348.jpg,data/processed/standardized_masks/refuge/train_n0348.png,data/external/kaggle/glaucoma_fundus_imaging_bundle/REFUGE/train/Images/n0348.jpg,data/processed/standardized_masks/refuge/train_n0348.png,n0348.jpg,train_n0348.png,multiclass_values_0_1_2,0,1,2,REFUGE_train_n0348,True,paired_standardized_and_visual_sample_reviewed,"REFUGE image/mask pair matched by file ID within official split; mask standardized to project {0,1,2} convention.",train
glaucoma_fundus_imaging_bundle,REFUGE,n0349,data/external/kaggle/glaucoma_fundus_imaging_bundle/REFUGE/train/Images/n0349.jpg,data/processed/standardized_masks/refuge/train_n0349.png,data/external/kaggle/glaucoma_fundus_imaging_bundle/REFUGE/train/Images/n0349.jpg,data/processed/standardized_masks/refuge/train_n0349.png,n0349.jpg,train_n0349.png,multiclass_values_0_1_2,0,1,2,REFUGE_train_n0349,True,paired_standardized_and_visual_sample_reviewed,"REFUGE image/mask pair matched by file ID within official split; mask standardized to project {0,1,2} convention.",train
glaucoma_fundus_imaging_bundle,REFUGE,n0350,data/external/kaggle/glaucoma_fundus_imaging_bundle/REFUGE/train/Images/n0350.jpg,data/processed/standardized_masks/refuge/train_n0350.png,data/external/kaggle/glaucoma_fundus_imaging_bundle/REFUGE/train/Images/n0350.jpg,data/processed/standardized_masks/refuge/train_n0350.png,n0350.jpg,train_n0350.png,multiclass_values_0_1_2,0,1,2,REFUGE_train_n0350,True,paired_standardized_and_visual_sample_reviewed,"REFUGE image/mask pair matched by file ID within official split; mask standardized to project {0,1,2} convention.",train
glaucoma_fundus_imaging_bundle,REFUGE,n0351,data/external/kaggle/glaucoma_fundus_imaging_bundle/REFUGE/train/Images/n0351.jpg,data/processed/standardized_masks/refuge/train_n0351.png,data/external/kaggle/glaucoma_fundus_imaging_bundle/REFUGE/train/Images/n0351.jpg,data/processed/standardized_masks/refuge/train_n0351.png,n0351.jpg,train_n0351.png,multiclass_values_0_1_2,0,1,2,REFUGE_train_n0351,True,paired_standardized_and_visual_sample_reviewed,"REFUGE image/mask pair matched by file ID within official split; mask standardized to project {0,1,2} convention.",train
glaucoma_fundus_imaging_bundle,REFUGE,n0352,data/external/kaggle/glaucoma_fundus_imaging_bundle/REFUGE/train/Images/n0352.jpg,data/processed/standardized_masks/refuge/train_n0352.png,data/external/kaggle/glaucoma_fundus_imaging_bundle/REFUGE/train/Images/n0352.jpg,data/processed/standardized_masks/refuge/train_n0352.png,n0352.jpg,train_n0352.png,multiclass_values_0_1_2,0,1,2,REFUGE_train_n0352,True,paired_standardized_and_visual_sample_reviewed,"REFUGE image/mask pair matched by file ID within official split; mask standardized to project {0,1,2} convention.",train
glaucoma_fundus_imaging_bundle,REFUGE,n0353,data/external/kaggle/glaucoma_fundus_imaging_bundle/REFUGE/train/Images/n0353.jpg,data/processed/standardized_masks/refuge/train_n0353.png,data/external/kaggle/glaucoma_fundus_imaging_bundle/REFUGE/train/Images/n0353.jpg,data/processed/standardized_masks/refuge/train_n0353.png,n0353.jpg,train_n0353.png,multiclass_values_0_1_2,0,1,2,REFUGE_train_n0353,True,paired_standardized_and_visual_sample_reviewed,"REFUGE image/mask pair matched by file ID within official split; mask standardized to project {0,1,2} convention.",train
glaucoma_fundus_imaging_bundle,REFUGE,n0354,data/external/kaggle/glaucoma_fundus_imaging_bundle/REFUGE/train/Images/n0354.jpg,data/processed/standardized_masks/refuge/train_n0354.png,data/external/kaggle/glaucoma_fundus_imaging_bundle/REFUGE/train/Images/n0354.jpg,data/processed/standardized_masks/refuge/train_n0354.png,n0354.jpg,train_n0354.png,multiclass_values_0_1_2,0,1,2,REFUGE_train_n0354,True,paired_standardized_and_visual_sample_reviewed,"REFUGE image/mask pair matched by file ID within official split; mask standardized to project {0,1,2} convention.",train
glaucoma_fundus_imaging_bundle,REFUGE,n0355,data/external/kaggle/glaucoma_fundus_imaging_bundle/REFUGE/train/Images/n0355.jpg,data/processed/standardized_masks/refuge/train_n0355.png,data/external/kaggle/glaucoma_fundus_imaging_bundle/REFUGE/train/Images/n0355.jpg,data/processed/standardized_masks/refuge/train_n0355.png,n0355.jpg,train_n0355.png,multiclass_values_0_1_2,0,1,2,REFUGE_train_n0355,True,paired_standardized_and_visual_sample_reviewed,"REFUGE image/mask pair matched by file ID within official split; mask standardized to project {0,1,2} convention.",train
glaucoma_fundus_imaging_bundle,REFUGE,n0356,data/external/kaggle/glaucoma_fundus_imaging_bundle/REFUGE/train/Images/n0356.jpg,data/processed/standardized_masks/refuge/train_n0356.png,data/external/kaggle/glaucoma_fundus_imaging_bundle/REFUGE/train/Images/n0356.jpg,data/processed/standardized_masks/refuge/train_n0356.png,n0356.jpg,train_n0356.png,multiclass_values_0_1_2,0,1,2,REFUGE_train_n0356,True,paired_standardized_and_visual_sample_reviewed,"REFUGE image/mask pair matched by file ID within official split; mask standardized to project {0,1,2} convention.",train
glaucoma_fundus_imaging_bundle,REFUGE,n0357,data/external/kaggle/glaucoma_fundus_imaging_bundle/REFUGE/train/Images/n0357.jpg,data/processed/standardized_masks/refuge/train_n0357.png,data/external/kaggle/glaucoma_fundus_imaging_bundle/REFUGE/train/Images/n0357.jpg,data/processed/standardized_masks/refuge/train_n0357.png,n0357.jpg,train_n0357.png,multiclass_values_0_1_2,0,1,2,REFUGE_train_n0357,True,paired_standardized_and_visual_sample_reviewed,"REFUGE image/mask pair matched by file ID within official split; mask standardized to project {0,1,2} convention.",train
glaucoma_fundus_imaging_bundle,REFUGE,n0358,data/external/kaggle/glaucoma_fundus_imaging_bundle/REFUGE/train/Images/n0358.jpg,data/processed/standardized_masks/refuge/train_n0358.png,data/external/kaggle/glaucoma_fundus_imaging_bundle/REFUGE/train/Images/n0358.jpg,data/processed/standardized_masks/refuge/train_n0358.png,n0358.jpg,train_n0358.png,multiclass_values_0_1_2,0,1,2,REFUGE_train_n0358,True,paired_standardized_and_visual_sample_reviewed,"REFUGE image/mask pair matched by file ID within official split; mask standardized to project {0,1,2} convention.",train
glaucoma_fundus_imaging_bundle,REFUGE,n0359,data/external/kaggle/glaucoma_fundus_imaging_bundle/REFUGE/train/Images/n0359.jpg,data/processed/standardized_masks/refuge/train_n0359.png,data/external/kaggle/glaucoma_fundus_imaging_bundle/REFUGE/train/Images/n0359.jpg,data/processed/standardized_masks/refuge/train_n0359.png,n0359.jpg,train_n0359.png,multiclass_values_0_1_2,0,1,2,REFUGE_train_n0359,True,paired_standardized_and_visual_sample_reviewed,"REFUGE image/mask pair matched by file ID within official split; mask standardized to project {0,1,2} convention.",train
glaucoma_fundus_imaging_bundle,REFUGE,n0360,data/external/kaggle/glaucoma_fundus_imaging_bundle/REFUGE/train/Images/n0360.jpg,data/processed/standardized_masks/refuge/train_n0360.png,data/external/kaggle/glaucoma_fundus_imaging_bundle/REFUGE/train/Images/n0360.jpg,data/processed/standardized_masks/refuge/train_n0360.png,n0360.jpg,train_n0360.png,multiclass_values_0_1_2,0,1,2,REFUGE_train_n0360,True,paired_standardized_and_visual_sample_reviewed,"REFUGE image/mask pair matched by file ID within official split; mask standardized to project {0,1,2} convention.",train
glaucoma_fundus_imaging_bundle,REFUGE,V0001,data/external/kaggle/glaucoma_fundus_imaging_bundle/REFUGE/val/Images/V0001.jpg,data/processed/standardized_masks/refuge/val_V0001.png,data/external/kaggle/glaucoma_fundus_imaging_bundle/REFUGE/val/Images/V0001.jpg,data/processed/standardized_masks/refuge/val_V0001.png,V0001.jpg,val_V0001.png,multiclass_values_0_1_2,0,1,2,REFUGE_val_V0001,True,paired_standardized_and_visual_sample_reviewed,"REFUGE image/mask pair matched by file ID within official split; mask standardized to project {0,1,2} convention.",val
glaucoma_fundus_imaging_bundle,REFUGE,V0002,data/external/kaggle/glaucoma_fundus_imaging_bundle/REFUGE/val/Images/V0002.jpg,data/processed/standardized_masks/refuge/val_V0002.png,data/external/kaggle/glaucoma_fundus_imaging_bundle/REFUGE/val/Images/V0002.jpg,data/processed/standardized_masks/refuge/val_V0002.png,V0002.jpg,val_V0002.png,multiclass_values_0_1_2,0,1,2,REFUGE_val_V0002,True,paired_standardized_and_visual_sample_reviewed,"REFUGE image/mask pair matched by file ID within official split; mask standardized to project {0,1,2} convention.",val
glaucoma_fundus_imaging_bundle,REFUGE,V0003,data/external/kaggle/glaucoma_fundus_imaging_bundle/REFUGE/val/Images/V0003.jpg,data/processed/standardized_masks/refuge/val_V0003.png,data/external/kaggle/glaucoma_fundus_imaging_bundle/REFUGE/val/Images/V0003.jpg,data/processed/standardized_masks/refuge/val_V0003.png,V0003.jpg,val_V0003.png,multiclass_values_0_1_2,0,1,2,REFUGE_val_V0003,True,paired_standardized_and_visual_sample_reviewed,"REFUGE image/mask pair matched by file ID within official split; mask standardized to project {0,1,2} convention.",val
glaucoma_fundus_imaging_bundle,REFUGE,V0004,data/external/kaggle/glaucoma_fundus_imaging_bundle/REFUGE/val/Images/V0004.jpg,data/processed/standardized_masks/refuge/val_V0004.png,data/external/kaggle/glaucoma_fundus_imaging_bundle/REFUGE/val/Images/V0004.jpg,data/processed/standardized_masks/refuge/val_V0004.png,V0004.jpg,val_V0004.png,multiclass_values_0_1_2,0,1,2,REFUGE_val_V0004,True,paired_standardized_and_visual_sample_reviewed,"REFUGE image/mask pair matched by file ID within official split; mask standardized to project {0,1,2} convention.",val
glaucoma_fundus_imaging_bundle,REFUGE,V0005,data/external/kaggle/glaucoma_fundus_imaging_bundle/REFUGE/val/Images/V0005.jpg,data/processed/standardized_masks/refuge/val_V0005.png,data/external/kaggle/glaucoma_fundus_imaging_bundle/REFUGE/val/Images/V0005.jpg,data/processed/standardized_masks/refuge/val_V0005.png,V0005.jpg,val_V0005.png,multiclass_values_0_1_2,0,1,2,REFUGE_val_V0005,True,paired_standardized_and_visual_sample_reviewed,"REFUGE image/mask pair matched by file ID within official split; mask standardized to project {0,1,2} convention.",val
glaucoma_fundus_imaging_bundle,REFUGE,V0006,data/external/kaggle/glaucoma_fundus_imaging_bundle/REFUGE/val/Images/V0006.jpg,data/processed/standardized_masks/refuge/val_V0006.png,data/external/kaggle/glaucoma_fundus_imaging_bundle/REFUGE/val/Images/V0006.jpg,data/processed/standardized_masks/refuge/val_V0006.png,V0006.jpg,val_V0006.png,multiclass_values_0_1_2,0,1,2,REFUGE_val_V0006,True,paired_standardized_and_visual_sample_reviewed,"REFUGE image/mask pair matched by file ID within official split; mask standardized to project {0,1,2} convention.",val
glaucoma_fundus_imaging_bundle,REFUGE,V0007,data/external/kaggle/glaucoma_fundus_imaging_bundle/REFUGE/val/Images/V0007.jpg,data/processed/standardized_masks/refuge/val_V0007.png,data/external/kaggle/glaucoma_fundus_imaging_bundle/REFUGE/val/Images/V0007.jpg,data/processed/standardized_masks/refuge/val_V0007.png,V0007.jpg,val_V0007.png,multiclass_values_0_1_2,0,1,2,REFUGE_val_V0007,True,paired_standardized_and_visual_sample_reviewed,"REFUGE image/mask pair matched by file ID within official split; mask standardized to project {0,1,2} convention.",val
glaucoma_fundus_imaging_bundle,REFUGE,V0008,data/external/kaggle/glaucoma_fundus_imaging_bundle/REFUGE/val/Images/V0008.jpg,data/processed/standardized_masks/refuge/val_V0008.png,data/external/kaggle/glaucoma_fundus_imaging_bundle/REFUGE/val/Images/V0008.jpg,data/processed/standardized_masks/refuge/val_V0008.png,V0008.jpg,val_V0008.png,multiclass_values_0_1_2,0,1,2,REFUGE_val_V0008,True,paired_standardized_and_visual_sample_reviewed,"REFUGE image/mask pair matched by file ID within official split; mask standardized to project {0,1,2} convention.",val
glaucoma_fundus_imaging_bundle,REFUGE,V0009,data/external/kaggle/glaucoma_fundus_imaging_bundle/REFUGE/val/Images/V0009.jpg,data/processed/standardized_masks/refuge/val_V0009.png,data/external/kaggle/glaucoma_fundus_imaging_bundle/REFUGE/val/Images/V0009.jpg,data/processed/standardized_masks/refuge/val_V0009.png,V0009.jpg,val_V0009.png,multiclass_values_0_1_2,0,1,2,REFUGE_val_V0009,True,paired_standardized_and_visual_sample_reviewed,"REFUGE image/mask pair matched by file ID within official split; mask standardized to project {0,1,2} convention.",val
glaucoma_fundus_imaging_bundle,REFUGE,V0010,data/external/kaggle/glaucoma_fundus_imaging_bundle/REFUGE/val/Images/V0010.jpg,data/processed/standardized_masks/refuge/val_V0010.png,data/external/kaggle/glaucoma_fundus_imaging_bundle/REFUGE/val/Images/V0010.jpg,data/processed/standardized_masks/refuge/val_V0010.png,V0010.jpg,val_V0010.png,multiclass_values_0_1_2,0,1,2,REFUGE_val_V0010,True,paired_standardized_and_visual_sample_reviewed,"REFUGE image/mask pair matched by file ID within official split; mask standardized to project {0,1,2} convention.",val
glaucoma_fundus_imaging_bundle,REFUGE,V0011,data/external/kaggle/glaucoma_fundus_imaging_bundle/REFUGE/val/Images/V0011.jpg,data/processed/standardized_masks/refuge/val_V0011.png,data/external/kaggle/glaucoma_fundus_imaging_bundle/REFUGE/val/Images/V0011.jpg,data/processed/standardized_masks/refuge/val_V0011.png,V0011.jpg,val_V0011.png,multiclass_values_0_1_2,0,1,2,REFUGE_val_V0011,True,paired_standardized_and_visual_sample_reviewed,"REFUGE image/mask pair matched by file ID within official split; mask standardized to project {0,1,2} convention.",val
glaucoma_fundus_imaging_bundle,REFUGE,V0012,data/external/kaggle/glaucoma_fundus_imaging_bundle/REFUGE/val/Images/V0012.jpg,data/processed/standardized_masks/refuge/val_V0012.png,data/external/kaggle/glaucoma_fundus_imaging_bundle/REFUGE/val/Images/V0012.jpg,data/processed/standardized_masks/refuge/val_V0012.png,V0012.jpg,val_V0012.png,multiclass_values_0_1_2,0,1,2,REFUGE_val_V0012,True,paired_standardized_and_visual_sample_reviewed,"REFUGE image/mask pair matched by file ID within official split; mask standardized to project {0,1,2} convention.",val
glaucoma_fundus_imaging_bundle,REFUGE,V0013,data/external/kaggle/glaucoma_fundus_imaging_bundle/REFUGE/val/Images/V0013.jpg,data/processed/standardized_masks/refuge/val_V0013.png,data/external/kaggle/glaucoma_fundus_imaging_bundle/REFUGE/val/Images/V0013.jpg,data/processed/standardized_masks/refuge/val_V0013.png,V0013.jpg,val_V0013.png,multiclass_values_0_1_2,0,1,2,REFUGE_val_V0013,True,paired_standardized_and_visual_sample_reviewed,"REFUGE image/mask pair matched by file ID within official split; mask standardized to project {0,1,2} convention.",val
glaucoma_fundus_imaging_bundle,REFUGE,V0014,data/external/kaggle/glaucoma_fundus_imaging_bundle/REFUGE/val/Images/V0014.jpg,data/processed/standardized_masks/refuge/val_V0014.png,data/external/kaggle/glaucoma_fundus_imaging_bundle/REFUGE/val/Images/V0014.jpg,data/processed/standardized_masks/refuge/val_V0014.png,V0014.jpg,val_V0014.png,multiclass_values_0_1_2,0,1,2,REFUGE_val_V0014,True,paired_standardized_and_visual_sample_reviewed,"REFUGE image/mask pair matched by file ID within official split; mask standardized to project {0,1,2} convention.",val
glaucoma_fundus_imaging_bundle,REFUGE,V0015,data/external/kaggle/glaucoma_fundus_imaging_bundle/REFUGE/val/Images/V0015.jpg,data/processed/standardized_masks/refuge/val_V0015.png,data/external/kaggle/glaucoma_fundus_imaging_bundle/REFUGE/val/Images/V0015.jpg,data/processed/standardized_masks/refuge/val_V0015.png,V0015.jpg,val_V0015.png,multiclass_values_0_1_2,0,1,2,REFUGE_val_V0015,True,paired_standardized_and_visual_sample_reviewed,"REFUGE image/mask pair matched by file ID within official split; mask standardized to project {0,1,2} convention.",val
glaucoma_fundus_imaging_bundle,REFUGE,V0016,data/external/kaggle/glaucoma_fundus_imaging_bundle/REFUGE/val/Images/V0016.jpg,data/processed/standardized_masks/refuge/val_V0016.png,data/external/kaggle/glaucoma_fundus_imaging_bundle/REFUGE/val/Images/V0016.jpg,data/processed/standardized_masks/refuge/val_V0016.png,V0016.jpg,val_V0016.png,multiclass_values_0_1_2,0,1,2,REFUGE_val_V0016,True,paired_standardized_and_visual_sample_reviewed,"REFUGE image/mask pair matched by file ID within official split; mask standardized to project {0,1,2} convention.",val
glaucoma_fundus_imaging_bundle,REFUGE,V0017,data/external/kaggle/glaucoma_fundus_imaging_bundle/REFUGE/val/Images/V0017.jpg,data/processed/standardized_masks/refuge/val_V0017.png,data/external/kaggle/glaucoma_fundus_imaging_bundle/REFUGE/val/Images/V0017.jpg,data/processed/standardized_masks/refuge/val_V0017.png,V0017.jpg,val_V0017.png,multiclass_values_0_1_2,0,1,2,REFUGE_val_V0017,True,paired_standardized_and_visual_sample_reviewed,"REFUGE image/mask pair matched by file ID within official split; mask standardized to project {0,1,2} convention.",val
glaucoma_fundus_imaging_bundle,REFUGE,V0018,data/external/kaggle/glaucoma_fundus_imaging_bundle/REFUGE/val/Images/V0018.jpg,data/processed/standardized_masks/refuge/val_V0018.png,data/external/kaggle/glaucoma_fundus_imaging_bundle/REFUGE/val/Images/V0018.jpg,data/processed/standardized_masks/refuge/val_V0018.png,V0018.jpg,val_V0018.png,multiclass_values_0_1_2,0,1,2,REFUGE_val_V0018,True,paired_standardized_and_visual_sample_reviewed,"REFUGE image/mask pair matched by file ID within official split; mask standardized to project {0,1,2} convention.",val
glaucoma_fundus_imaging_bundle,REFUGE,V0019,data/external/kaggle/glaucoma_fundus_imaging_bundle/REFUGE/val/Images/V0019.jpg,data/processed/standardized_masks/refuge/val_V0019.png,data/external/kaggle/glaucoma_fundus_imaging_bundle/REFUGE/val/Images/V0019.jpg,data/processed/standardized_masks/refuge/val_V0019.png,V0019.jpg,val_V0019.png,multiclass_values_0_1_2,0,1,2,REFUGE_val_V0019,True,paired_standardized_and_visual_sample_reviewed,"REFUGE image/mask pair matched by file ID within official split; mask standardized to project {0,1,2} convention.",val
glaucoma_fundus_imaging_bundle,REFUGE,V0020,data/external/kaggle/glaucoma_fundus_imaging_bundle/REFUGE/val/Images/V0020.jpg,data/processed/standardized_masks/refuge/val_V0020.png,data/external/kaggle/glaucoma_fundus_imaging_bundle/REFUGE/val/Images/V0020.jpg,data/processed/standardized_masks/refuge/val_V0020.png,V0020.jpg,val_V0020.png,multiclass_values_0_1_2,0,1,2,REFUGE_val_V0020,True,paired_standardized_and_visual_sample_reviewed,"REFUGE image/mask pair matched by file ID within official split; mask standardized to project {0,1,2} convention.",val
glaucoma_fundus_imaging_bundle,REFUGE,V0021,data/external/kaggle/glaucoma_fundus_imaging_bundle/REFUGE/val/Images/V0021.jpg,data/processed/standardized_masks/refuge/val_V0021.png,data/external/kaggle/glaucoma_fundus_imaging_bundle/REFUGE/val/Images/V0021.jpg,data/processed/standardized_masks/refuge/val_V0021.png,V0021.jpg,val_V0021.png,multiclass_values_0_1_2,0,1,2,REFUGE_val_V0021,True,paired_standardized_and_visual_sample_reviewed,"REFUGE image/mask pair matched by file ID within official split; mask standardized to project {0,1,2} convention.",val
glaucoma_fundus_imaging_bundle,REFUGE,V0022,data/external/kaggle/glaucoma_fundus_imaging_bundle/REFUGE/val/Images/V0022.jpg,data/processed/standardized_masks/refuge/val_V0022.png,data/external/kaggle/glaucoma_fundus_imaging_bundle/REFUGE/val/Images/V0022.jpg,data/processed/standardized_masks/refuge/val_V0022.png,V0022.jpg,val_V0022.png,multiclass_values_0_1_2,0,1,2,REFUGE_val_V0022,True,paired_standardized_and_visual_sample_reviewed,"REFUGE image/mask pair matched by file ID within official split; mask standardized to project {0,1,2} convention.",val
glaucoma_fundus_imaging_bundle,REFUGE,V0023,data/external/kaggle/glaucoma_fundus_imaging_bundle/REFUGE/val/Images/V0023.jpg,data/processed/standardized_masks/refuge/val_V0023.png,data/external/kaggle/glaucoma_fundus_imaging_bundle/REFUGE/val/Images/V0023.jpg,data/processed/standardized_masks/refuge/val_V0023.png,V0023.jpg,val_V0023.png,multiclass_values_0_1_2,0,1,2,REFUGE_val_V0023,True,paired_standardized_and_visual_sample_reviewed,"REFUGE image/mask pair matched by file ID within official split; mask standardized to project {0,1,2} convention.",val
glaucoma_fundus_imaging_bundle,REFUGE,V0024,data/external/kaggle/glaucoma_fundus_imaging_bundle/REFUGE/val/Images/V0024.jpg,data/processed/standardized_masks/refuge/val_V0024.png,data/external/kaggle/glaucoma_fundus_imaging_bundle/REFUGE/val/Images/V0024.jpg,data/processed/standardized_masks/refuge/val_V0024.png,V0024.jpg,val_V0024.png,multiclass_values_0_1_2,0,1,2,REFUGE_val_V0024,True,paired_standardized_and_visual_sample_reviewed,"REFUGE image/mask pair matched by file ID within official split; mask standardized to project {0,1,2} convention.",val
glaucoma_fundus_imaging_bundle,REFUGE,V0025,data/external/kaggle/glaucoma_fundus_imaging_bundle/REFUGE/val/Images/V0025.jpg,data/processed/standardized_masks/refuge/val_V0025.png,data/external/kaggle/glaucoma_fundus_imaging_bundle/REFUGE/val/Images/V0025.jpg,data/processed/standardized_masks/refuge/val_V0025.png,V0025.jpg,val_V0025.png,multiclass_values_0_1_2,0,1,2,REFUGE_val_V0025,True,paired_standardized_and_visual_sample_reviewed,"REFUGE image/mask pair matched by file ID within official split; mask standardized to project {0,1,2} convention.",val
glaucoma_fundus_imaging_bundle,REFUGE,V0026,data/external/kaggle/glaucoma_fundus_imaging_bundle/REFUGE/val/Images/V0026.jpg,data/processed/standardized_masks/refuge/val_V0026.png,data/external/kaggle/glaucoma_fundus_imaging_bundle/REFUGE/val/Images/V0026.jpg,data/processed/standardized_masks/refuge/val_V0026.png,V0026.jpg,val_V0026.png,multiclass_values_0_1_2,0,1,2,REFUGE_val_V0026,True,paired_standardized_and_visual_sample_reviewed,"REFUGE image/mask pair matched by file ID within official split; mask standardized to project {0,1,2} convention.",val
glaucoma_fundus_imaging_bundle,REFUGE,V0027,data/external/kaggle/glaucoma_fundus_imaging_bundle/REFUGE/val/Images/V0027.jpg,data/processed/standardized_masks/refuge/val_V0027.png,data/external/kaggle/glaucoma_fundus_imaging_bundle/REFUGE/val/Images/V0027.jpg,data/processed/standardized_masks/refuge/val_V0027.png,V0027.jpg,val_V0027.png,multiclass_values_0_1_2,0,1,2,REFUGE_val_V0027,True,paired_standardized_and_visual_sample_reviewed,"REFUGE image/mask pair matched by file ID within official split; mask standardized to project {0,1,2} convention.",val
glaucoma_fundus_imaging_bundle,REFUGE,V0028,data/external/kaggle/glaucoma_fundus_imaging_bundle/REFUGE/val/Images/V0028.jpg,data/processed/standardized_masks/refuge/val_V0028.png,data/external/kaggle/glaucoma_fundus_imaging_bundle/REFUGE/val/Images/V0028.jpg,data/processed/standardized_masks/refuge/val_V0028.png,V0028.jpg,val_V0028.png,multiclass_values_0_1_2,0,1,2,REFUGE_val_V0028,True,paired_standardized_and_visual_sample_reviewed,"REFUGE image/mask pair matched by file ID within official split; mask standardized to project {0,1,2} convention.",val
glaucoma_fundus_imaging_bundle,REFUGE,V0029,data/external/kaggle/glaucoma_fundus_imaging_bundle/REFUGE/val/Images/V0029.jpg,data/processed/standardized_masks/refuge/val_V0029.png,data/external/kaggle/glaucoma_fundus_imaging_bundle/REFUGE/val/Images/V0029.jpg,data/processed/standardized_masks/refuge/val_V0029.png,V0029.jpg,val_V0029.png,multiclass_values_0_1_2,0,1,2,REFUGE_val_V0029,True,paired_standardized_and_visual_sample_reviewed,"REFUGE image/mask pair matched by file ID within official split; mask standardized to project {0,1,2} convention.",val
glaucoma_fundus_imaging_bundle,REFUGE,V0030,data/external/kaggle/glaucoma_fundus_imaging_bundle/REFUGE/val/Images/V0030.jpg,data/processed/standardized_masks/refuge/val_V0030.png,data/external/kaggle/glaucoma_fundus_imaging_bundle/REFUGE/val/Images/V0030.jpg,data/processed/standardized_masks/refuge/val_V0030.png,V0030.jpg,val_V0030.png,multiclass_values_0_1_2,0,1,2,REFUGE_val_V0030,True,paired_standardized_and_visual_sample_reviewed,"REFUGE image/mask pair matched by file ID within official split; mask standardized to project {0,1,2} convention.",val
glaucoma_fundus_imaging_bundle,REFUGE,V0031,data/external/kaggle/glaucoma_fundus_imaging_bundle/REFUGE/val/Images/V0031.jpg,data/processed/standardized_masks/refuge/val_V0031.png,data/external/kaggle/glaucoma_fundus_imaging_bundle/REFUGE/val/Images/V0031.jpg,data/processed/standardized_masks/refuge/val_V0031.png,V0031.jpg,val_V0031.png,multiclass_values_0_1_2,0,1,2,REFUGE_val_V0031,True,paired_standardized_and_visual_sample_reviewed,"REFUGE image/mask pair matched by file ID within official split; mask standardized to project {0,1,2} convention.",val
glaucoma_fundus_imaging_bundle,REFUGE,V0032,data/external/kaggle/glaucoma_fundus_imaging_bundle/REFUGE/val/Images/V0032.jpg,data/processed/standardized_masks/refuge/val_V0032.png,data/external/kaggle/glaucoma_fundus_imaging_bundle/REFUGE/val/Images/V0032.jpg,data/processed/standardized_masks/refuge/val_V0032.png,V0032.jpg,val_V0032.png,multiclass_values_0_1_2,0,1,2,REFUGE_val_V0032,True,paired_standardized_and_visual_sample_reviewed,"REFUGE image/mask pair matched by file ID within official split; mask standardized to project {0,1,2} convention.",val
glaucoma_fundus_imaging_bundle,REFUGE,V0033,data/external/kaggle/glaucoma_fundus_imaging_bundle/REFUGE/val/Images/V0033.jpg,data/processed/standardized_masks/refuge/val_V0033.png,data/external/kaggle/glaucoma_fundus_imaging_bundle/REFUGE/val/Images/V0033.jpg,data/processed/standardized_masks/refuge/val_V0033.png,V0033.jpg,val_V0033.png,multiclass_values_0_1_2,0,1,2,REFUGE_val_V0033,True,paired_standardized_and_visual_sample_reviewed,"REFUGE image/mask pair matched by file ID within official split; mask standardized to project {0,1,2} convention.",val
glaucoma_fundus_imaging_bundle,REFUGE,V0034,data/external/kaggle/glaucoma_fundus_imaging_bundle/REFUGE/val/Images/V0034.jpg,data/processed/standardized_masks/refuge/val_V0034.png,data/external/kaggle/glaucoma_fundus_imaging_bundle/REFUGE/val/Images/V0034.jpg,data/processed/standardized_masks/refuge/val_V0034.png,V0034.jpg,val_V0034.png,multiclass_values_0_1_2,0,1,2,REFUGE_val_V0034,True,paired_standardized_and_visual_sample_reviewed,"REFUGE image/mask pair matched by file ID within official split; mask standardized to project {0,1,2} convention.",val
glaucoma_fundus_imaging_bundle,REFUGE,V0035,data/external/kaggle/glaucoma_fundus_imaging_bundle/REFUGE/val/Images/V0035.jpg,data/processed/standardized_masks/refuge/val_V0035.png,data/external/kaggle/glaucoma_fundus_imaging_bundle/REFUGE/val/Images/V0035.jpg,data/processed/standardized_masks/refuge/val_V0035.png,V0035.jpg,val_V0035.png,multiclass_values_0_1_2,0,1,2,REFUGE_val_V0035,True,paired_standardized_and_visual_sample_reviewed,"REFUGE image/mask pair matched by file ID within official split; mask standardized to project {0,1,2} convention.",val
glaucoma_fundus_imaging_bundle,REFUGE,V0036,data/external/kaggle/glaucoma_fundus_imaging_bundle/REFUGE/val/Images/V0036.jpg,data/processed/standardized_masks/refuge/val_V0036.png,data/external/kaggle/glaucoma_fundus_imaging_bundle/REFUGE/val/Images/V0036.jpg,data/processed/standardized_masks/refuge/val_V0036.png,V0036.jpg,val_V0036.png,multiclass_values_0_1_2,0,1,2,REFUGE_val_V0036,True,paired_standardized_and_visual_sample_reviewed,"REFUGE image/mask pair matched by file ID within official split; mask standardized to project {0,1,2} convention.",val
glaucoma_fundus_imaging_bundle,REFUGE,V0037,data/external/kaggle/glaucoma_fundus_imaging_bundle/REFUGE/val/Images/V0037.jpg,data/processed/standardized_masks/refuge/val_V0037.png,data/external/kaggle/glaucoma_fundus_imaging_bundle/REFUGE/val/Images/V0037.jpg,data/processed/standardized_masks/refuge/val_V0037.png,V0037.jpg,val_V0037.png,multiclass_values_0_1_2,0,1,2,REFUGE_val_V0037,True,paired_standardized_and_visual_sample_reviewed,"REFUGE image/mask pair matched by file ID within official split; mask standardized to project {0,1,2} convention.",val
glaucoma_fundus_imaging_bundle,REFUGE,V0038,data/external/kaggle/glaucoma_fundus_imaging_bundle/REFUGE/val/Images/V0038.jpg,data/processed/standardized_masks/refuge/val_V0038.png,data/external/kaggle/glaucoma_fundus_imaging_bundle/REFUGE/val/Images/V0038.jpg,data/processed/standardized_masks/refuge/val_V0038.png,V0038.jpg,val_V0038.png,multiclass_values_0_1_2,0,1,2,REFUGE_val_V0038,True,paired_standardized_and_visual_sample_reviewed,"REFUGE image/mask pair matched by file ID within official split; mask standardized to project {0,1,2} convention.",val
glaucoma_fundus_imaging_bundle,REFUGE,V0039,data/external/kaggle/glaucoma_fundus_imaging_bundle/REFUGE/val/Images/V0039.jpg,data/processed/standardized_masks/refuge/val_V0039.png,data/external/kaggle/glaucoma_fundus_imaging_bundle/REFUGE/val/Images/V0039.jpg,data/processed/standardized_masks/refuge/val_V0039.png,V0039.jpg,val_V0039.png,multiclass_values_0_1_2,0,1,2,REFUGE_val_V0039,True,paired_standardized_and_visual_sample_reviewed,"REFUGE image/mask pair matched by file ID within official split; mask standardized to project {0,1,2} convention.",val
glaucoma_fundus_imaging_bundle,REFUGE,V0040,data/external/kaggle/glaucoma_fundus_imaging_bundle/REFUGE/val/Images/V0040.jpg,data/processed/standardized_masks/refuge/val_V0040.png,data/external/kaggle/glaucoma_fundus_imaging_bundle/REFUGE/val/Images/V0040.jpg,data/processed/standardized_masks/refuge/val_V0040.png,V0040.jpg,val_V0040.png,multiclass_values_0_1_2,0,1,2,REFUGE_val_V0040,True,paired_standardized_and_visual_sample_reviewed,"REFUGE image/mask pair matched by file ID within official split; mask standardized to project {0,1,2} convention.",val
glaucoma_fundus_imaging_bundle,REFUGE,V0041,data/external/kaggle/glaucoma_fundus_imaging_bundle/REFUGE/val/Images/V0041.jpg,data/processed/standardized_masks/refuge/val_V0041.png,data/external/kaggle/glaucoma_fundus_imaging_bundle/REFUGE/val/Images/V0041.jpg,data/processed/standardized_masks/refuge/val_V0041.png,V0041.jpg,val_V0041.png,multiclass_values_0_1_2,0,1,2,REFUGE_val_V0041,True,paired_standardized_and_visual_sample_reviewed,"REFUGE image/mask pair matched by file ID within official split; mask standardized to project {0,1,2} convention.",val
glaucoma_fundus_imaging_bundle,REFUGE,V0042,data/external/kaggle/glaucoma_fundus_imaging_bundle/REFUGE/val/Images/V0042.jpg,data/processed/standardized_masks/refuge/val_V0042.png,data/external/kaggle/glaucoma_fundus_imaging_bundle/REFUGE/val/Images/V0042.jpg,data/processed/standardized_masks/refuge/val_V0042.png,V0042.jpg,val_V0042.png,multiclass_values_0_1_2,0,1,2,REFUGE_val_V0042,True,paired_standardized_and_visual_sample_reviewed,"REFUGE image/mask pair matched by file ID within official split; mask standardized to project {0,1,2} convention.",val
glaucoma_fundus_imaging_bundle,REFUGE,V0043,data/external/kaggle/glaucoma_fundus_imaging_bundle/REFUGE/val/Images/V0043.jpg,data/processed/standardized_masks/refuge/val_V0043.png,data/external/kaggle/glaucoma_fundus_imaging_bundle/REFUGE/val/Images/V0043.jpg,data/processed/standardized_masks/refuge/val_V0043.png,V0043.jpg,val_V0043.png,multiclass_values_0_1_2,0,1,2,REFUGE_val_V0043,True,paired_standardized_and_visual_sample_reviewed,"REFUGE image/mask pair matched by file ID within official split; mask standardized to project {0,1,2} convention.",val
glaucoma_fundus_imaging_bundle,REFUGE,V0044,data/external/kaggle/glaucoma_fundus_imaging_bundle/REFUGE/val/Images/V0044.jpg,data/processed/standardized_masks/refuge/val_V0044.png,data/external/kaggle/glaucoma_fundus_imaging_bundle/REFUGE/val/Images/V0044.jpg,data/processed/standardized_masks/refuge/val_V0044.png,V0044.jpg,val_V0044.png,multiclass_values_0_1_2,0,1,2,REFUGE_val_V0044,True,paired_standardized_and_visual_sample_reviewed,"REFUGE image/mask pair matched by file ID within official split; mask standardized to project {0,1,2} convention.",val
glaucoma_fundus_imaging_bundle,REFUGE,V0045,data/external/kaggle/glaucoma_fundus_imaging_bundle/REFUGE/val/Images/V0045.jpg,data/processed/standardized_masks/refuge/val_V0045.png,data/external/kaggle/glaucoma_fundus_imaging_bundle/REFUGE/val/Images/V0045.jpg,data/processed/standardized_masks/refuge/val_V0045.png,V0045.jpg,val_V0045.png,multiclass_values_0_1_2,0,1,2,REFUGE_val_V0045,True,paired_standardized_and_visual_sample_reviewed,"REFUGE image/mask pair matched by file ID within official split; mask standardized to project {0,1,2} convention.",val
glaucoma_fundus_imaging_bundle,REFUGE,V0046,data/external/kaggle/glaucoma_fundus_imaging_bundle/REFUGE/val/Images/V0046.jpg,data/processed/standardized_masks/refuge/val_V0046.png,data/external/kaggle/glaucoma_fundus_imaging_bundle/REFUGE/val/Images/V0046.jpg,data/processed/standardized_masks/refuge/val_V0046.png,V0046.jpg,val_V0046.png,multiclass_values_0_1_2,0,1,2,REFUGE_val_V0046,True,paired_standardized_and_visual_sample_reviewed,"REFUGE image/mask pair matched by file ID within official split; mask standardized to project {0,1,2} convention.",val
glaucoma_fundus_imaging_bundle,REFUGE,V0047,data/external/kaggle/glaucoma_fundus_imaging_bundle/REFUGE/val/Images/V0047.jpg,data/processed/standardized_masks/refuge/val_V0047.png,data/external/kaggle/glaucoma_fundus_imaging_bundle/REFUGE/val/Images/V0047.jpg,data/processed/standardized_masks/refuge/val_V0047.png,V0047.jpg,val_V0047.png,multiclass_values_0_1_2,0,1,2,REFUGE_val_V0047,True,paired_standardized_and_visual_sample_reviewed,"REFUGE image/mask pair matched by file ID within official split; mask standardized to project {0,1,2} convention.",val
glaucoma_fundus_imaging_bundle,REFUGE,V0048,data/external/kaggle/glaucoma_fundus_imaging_bundle/REFUGE/val/Images/V0048.jpg,data/processed/standardized_masks/refuge/val_V0048.png,data/external/kaggle/glaucoma_fundus_imaging_bundle/REFUGE/val/Images/V0048.jpg,data/processed/standardized_masks/refuge/val_V0048.png,V0048.jpg,val_V0048.png,multiclass_values_0_1_2,0,1,2,REFUGE_val_V0048,True,paired_standardized_and_visual_sample_reviewed,"REFUGE image/mask pair matched by file ID within official split; mask standardized to project {0,1,2} convention.",val
glaucoma_fundus_imaging_bundle,REFUGE,V0049,data/external/kaggle/glaucoma_fundus_imaging_bundle/REFUGE/val/Images/V0049.jpg,data/processed/standardized_masks/refuge/val_V0049.png,data/external/kaggle/glaucoma_fundus_imaging_bundle/REFUGE/val/Images/V0049.jpg,data/processed/standardized_masks/refuge/val_V0049.png,V0049.jpg,val_V0049.png,multiclass_values_0_1_2,0,1,2,REFUGE_val_V0049,True,paired_standardized_and_visual_sample_reviewed,"REFUGE image/mask pair matched by file ID within official split; mask standardized to project {0,1,2} convention.",val
glaucoma_fundus_imaging_bundle,REFUGE,V0050,data/external/kaggle/glaucoma_fundus_imaging_bundle/REFUGE/val/Images/V0050.jpg,data/processed/standardized_masks/refuge/val_V0050.png,data/external/kaggle/glaucoma_fundus_imaging_bundle/REFUGE/val/Images/V0050.jpg,data/processed/standardized_masks/refuge/val_V0050.png,V0050.jpg,val_V0050.png,multiclass_values_0_1_2,0,1,2,REFUGE_val_V0050,True,paired_standardized_and_visual_sample_reviewed,"REFUGE image/mask pair matched by file ID within official split; mask standardized to project {0,1,2} convention.",val
glaucoma_fundus_imaging_bundle,REFUGE,V0051,data/external/kaggle/glaucoma_fundus_imaging_bundle/REFUGE/val/Images/V0051.jpg,data/processed/standardized_masks/refuge/val_V0051.png,data/external/kaggle/glaucoma_fundus_imaging_bundle/REFUGE/val/Images/V0051.jpg,data/processed/standardized_masks/refuge/val_V0051.png,V0051.jpg,val_V0051.png,multiclass_values_0_1_2,0,1,2,REFUGE_val_V0051,True,paired_standardized_and_visual_sample_reviewed,"REFUGE image/mask pair matched by file ID within official split; mask standardized to project {0,1,2} convention.",val
glaucoma_fundus_imaging_bundle,REFUGE,V0052,data/external/kaggle/glaucoma_fundus_imaging_bundle/REFUGE/val/Images/V0052.jpg,data/processed/standardized_masks/refuge/val_V0052.png,data/external/kaggle/glaucoma_fundus_imaging_bundle/REFUGE/val/Images/V0052.jpg,data/processed/standardized_masks/refuge/val_V0052.png,V0052.jpg,val_V0052.png,multiclass_values_0_1_2,0,1,2,REFUGE_val_V0052,True,paired_standardized_and_visual_sample_reviewed,"REFUGE image/mask pair matched by file ID within official split; mask standardized to project {0,1,2} convention.",val
glaucoma_fundus_imaging_bundle,REFUGE,V0053,data/external/kaggle/glaucoma_fundus_imaging_bundle/REFUGE/val/Images/V0053.jpg,data/processed/standardized_masks/refuge/val_V0053.png,data/external/kaggle/glaucoma_fundus_imaging_bundle/REFUGE/val/Images/V0053.jpg,data/processed/standardized_masks/refuge/val_V0053.png,V0053.jpg,val_V0053.png,multiclass_values_0_1_2,0,1,2,REFUGE_val_V0053,True,paired_standardized_and_visual_sample_reviewed,"REFUGE image/mask pair matched by file ID within official split; mask standardized to project {0,1,2} convention.",val
glaucoma_fundus_imaging_bundle,REFUGE,V0054,data/external/kaggle/glaucoma_fundus_imaging_bundle/REFUGE/val/Images/V0054.jpg,data/processed/standardized_masks/refuge/val_V0054.png,data/external/kaggle/glaucoma_fundus_imaging_bundle/REFUGE/val/Images/V0054.jpg,data/processed/standardized_masks/refuge/val_V0054.png,V0054.jpg,val_V0054.png,multiclass_values_0_1_2,0,1,2,REFUGE_val_V0054,True,paired_standardized_and_visual_sample_reviewed,"REFUGE image/mask pair matched by file ID within official split; mask standardized to project {0,1,2} convention.",val
glaucoma_fundus_imaging_bundle,REFUGE,V0055,data/external/kaggle/glaucoma_fundus_imaging_bundle/REFUGE/val/Images/V0055.jpg,data/processed/standardized_masks/refuge/val_V0055.png,data/external/kaggle/glaucoma_fundus_imaging_bundle/REFUGE/val/Images/V0055.jpg,data/processed/standardized_masks/refuge/val_V0055.png,V0055.jpg,val_V0055.png,multiclass_values_0_1_2,0,1,2,REFUGE_val_V0055,True,paired_standardized_and_visual_sample_reviewed,"REFUGE image/mask pair matched by file ID within official split; mask standardized to project {0,1,2} convention.",val
glaucoma_fundus_imaging_bundle,REFUGE,V0056,data/external/kaggle/glaucoma_fundus_imaging_bundle/REFUGE/val/Images/V0056.jpg,data/processed/standardized_masks/refuge/val_V0056.png,data/external/kaggle/glaucoma_fundus_imaging_bundle/REFUGE/val/Images/V0056.jpg,data/processed/standardized_masks/refuge/val_V0056.png,V0056.jpg,val_V0056.png,multiclass_values_0_1_2,0,1,2,REFUGE_val_V0056,True,paired_standardized_and_visual_sample_reviewed,"REFUGE image/mask pair matched by file ID within official split; mask standardized to project {0,1,2} convention.",val
glaucoma_fundus_imaging_bundle,REFUGE,V0057,data/external/kaggle/glaucoma_fundus_imaging_bundle/REFUGE/val/Images/V0057.jpg,data/processed/standardized_masks/refuge/val_V0057.png,data/external/kaggle/glaucoma_fundus_imaging_bundle/REFUGE/val/Images/V0057.jpg,data/processed/standardized_masks/refuge/val_V0057.png,V0057.jpg,val_V0057.png,multiclass_values_0_1_2,0,1,2,REFUGE_val_V0057,True,paired_standardized_and_visual_sample_reviewed,"REFUGE image/mask pair matched by file ID within official split; mask standardized to project {0,1,2} convention.",val
glaucoma_fundus_imaging_bundle,REFUGE,V0058,data/external/kaggle/glaucoma_fundus_imaging_bundle/REFUGE/val/Images/V0058.jpg,data/processed/standardized_masks/refuge/val_V0058.png,data/external/kaggle/glaucoma_fundus_imaging_bundle/REFUGE/val/Images/V0058.jpg,data/processed/standardized_masks/refuge/val_V0058.png,V0058.jpg,val_V0058.png,multiclass_values_0_1_2,0,1,2,REFUGE_val_V0058,True,paired_standardized_and_visual_sample_reviewed,"REFUGE image/mask pair matched by file ID within official split; mask standardized to project {0,1,2} convention.",val
glaucoma_fundus_imaging_bundle,REFUGE,V0059,data/external/kaggle/glaucoma_fundus_imaging_bundle/REFUGE/val/Images/V0059.jpg,data/processed/standardized_masks/refuge/val_V0059.png,data/external/kaggle/glaucoma_fundus_imaging_bundle/REFUGE/val/Images/V0059.jpg,data/processed/standardized_masks/refuge/val_V0059.png,V0059.jpg,val_V0059.png,multiclass_values_0_1_2,0,1,2,REFUGE_val_V0059,True,paired_standardized_and_visual_sample_reviewed,"REFUGE image/mask pair matched by file ID within official split; mask standardized to project {0,1,2} convention.",val
glaucoma_fundus_imaging_bundle,REFUGE,V0060,data/external/kaggle/glaucoma_fundus_imaging_bundle/REFUGE/val/Images/V0060.jpg,data/processed/standardized_masks/refuge/val_V0060.png,data/external/kaggle/glaucoma_fundus_imaging_bundle/REFUGE/val/Images/V0060.jpg,data/processed/standardized_masks/refuge/val_V0060.png,V0060.jpg,val_V0060.png,multiclass_values_0_1_2,0,1,2,REFUGE_val_V0060,True,paired_standardized_and_visual_sample_reviewed,"REFUGE image/mask pair matched by file ID within official split; mask standardized to project {0,1,2} convention.",val
glaucoma_fundus_imaging_bundle,REFUGE,V0061,data/external/kaggle/glaucoma_fundus_imaging_bundle/REFUGE/val/Images/V0061.jpg,data/processed/standardized_masks/refuge/val_V0061.png,data/external/kaggle/glaucoma_fundus_imaging_bundle/REFUGE/val/Images/V0061.jpg,data/processed/standardized_masks/refuge/val_V0061.png,V0061.jpg,val_V0061.png,multiclass_values_0_1_2,0,1,2,REFUGE_val_V0061,True,paired_standardized_and_visual_sample_reviewed,"REFUGE image/mask pair matched by file ID within official split; mask standardized to project {0,1,2} convention.",val
glaucoma_fundus_imaging_bundle,REFUGE,V0062,data/external/kaggle/glaucoma_fundus_imaging_bundle/REFUGE/val/Images/V0062.jpg,data/processed/standardized_masks/refuge/val_V0062.png,data/external/kaggle/glaucoma_fundus_imaging_bundle/REFUGE/val/Images/V0062.jpg,data/processed/standardized_masks/refuge/val_V0062.png,V0062.jpg,val_V0062.png,multiclass_values_0_1_2,0,1,2,REFUGE_val_V0062,True,paired_standardized_and_visual_sample_reviewed,"REFUGE image/mask pair matched by file ID within official split; mask standardized to project {0,1,2} convention.",val
glaucoma_fundus_imaging_bundle,REFUGE,V0063,data/external/kaggle/glaucoma_fundus_imaging_bundle/REFUGE/val/Images/V0063.jpg,data/processed/standardized_masks/refuge/val_V0063.png,data/external/kaggle/glaucoma_fundus_imaging_bundle/REFUGE/val/Images/V0063.jpg,data/processed/standardized_masks/refuge/val_V0063.png,V0063.jpg,val_V0063.png,multiclass_values_0_1_2,0,1,2,REFUGE_val_V0063,True,paired_standardized_and_visual_sample_reviewed,"REFUGE image/mask pair matched by file ID within official split; mask standardized to project {0,1,2} convention.",val
glaucoma_fundus_imaging_bundle,REFUGE,V0064,data/external/kaggle/glaucoma_fundus_imaging_bundle/REFUGE/val/Images/V0064.jpg,data/processed/standardized_masks/refuge/val_V0064.png,data/external/kaggle/glaucoma_fundus_imaging_bundle/REFUGE/val/Images/V0064.jpg,data/processed/standardized_masks/refuge/val_V0064.png,V0064.jpg,val_V0064.png,multiclass_values_0_1_2,0,1,2,REFUGE_val_V0064,True,paired_standardized_and_visual_sample_reviewed,"REFUGE image/mask pair matched by file ID within official split; mask standardized to project {0,1,2} convention.",val
glaucoma_fundus_imaging_bundle,REFUGE,V0065,data/external/kaggle/glaucoma_fundus_imaging_bundle/REFUGE/val/Images/V0065.jpg,data/processed/standardized_masks/refuge/val_V0065.png,data/external/kaggle/glaucoma_fundus_imaging_bundle/REFUGE/val/Images/V0065.jpg,data/processed/standardized_masks/refuge/val_V0065.png,V0065.jpg,val_V0065.png,multiclass_values_0_1_2,0,1,2,REFUGE_val_V0065,True,paired_standardized_and_visual_sample_reviewed,"REFUGE image/mask pair matched by file ID within official split; mask standardized to project {0,1,2} convention.",val
glaucoma_fundus_imaging_bundle,REFUGE,V0066,data/external/kaggle/glaucoma_fundus_imaging_bundle/REFUGE/val/Images/V0066.jpg,data/processed/standardized_masks/refuge/val_V0066.png,data/external/kaggle/glaucoma_fundus_imaging_bundle/REFUGE/val/Images/V0066.jpg,data/processed/standardized_masks/refuge/val_V0066.png,V0066.jpg,val_V0066.png,multiclass_values_0_1_2,0,1,2,REFUGE_val_V0066,True,paired_standardized_and_visual_sample_reviewed,"REFUGE image/mask pair matched by file ID within official split; mask standardized to project {0,1,2} convention.",val
glaucoma_fundus_imaging_bundle,REFUGE,V0067,data/external/kaggle/glaucoma_fundus_imaging_bundle/REFUGE/val/Images/V0067.jpg,data/processed/standardized_masks/refuge/val_V0067.png,data/external/kaggle/glaucoma_fundus_imaging_bundle/REFUGE/val/Images/V0067.jpg,data/processed/standardized_masks/refuge/val_V0067.png,V0067.jpg,val_V0067.png,multiclass_values_0_1_2,0,1,2,REFUGE_val_V0067,True,paired_standardized_and_visual_sample_reviewed,"REFUGE image/mask pair matched by file ID within official split; mask standardized to project {0,1,2} convention.",val
glaucoma_fundus_imaging_bundle,REFUGE,V0068,data/external/kaggle/glaucoma_fundus_imaging_bundle/REFUGE/val/Images/V0068.jpg,data/processed/standardized_masks/refuge/val_V0068.png,data/external/kaggle/glaucoma_fundus_imaging_bundle/REFUGE/val/Images/V0068.jpg,data/processed/standardized_masks/refuge/val_V0068.png,V0068.jpg,val_V0068.png,multiclass_values_0_1_2,0,1,2,REFUGE_val_V0068,True,paired_standardized_and_visual_sample_reviewed,"REFUGE image/mask pair matched by file ID within official split; mask standardized to project {0,1,2} convention.",val
glaucoma_fundus_imaging_bundle,REFUGE,V0069,data/external/kaggle/glaucoma_fundus_imaging_bundle/REFUGE/val/Images/V0069.jpg,data/processed/standardized_masks/refuge/val_V0069.png,data/external/kaggle/glaucoma_fundus_imaging_bundle/REFUGE/val/Images/V0069.jpg,data/processed/standardized_masks/refuge/val_V0069.png,V0069.jpg,val_V0069.png,multiclass_values_0_1_2,0,1,2,REFUGE_val_V0069,True,paired_standardized_and_visual_sample_reviewed,"REFUGE image/mask pair matched by file ID within official split; mask standardized to project {0,1,2} convention.",val
glaucoma_fundus_imaging_bundle,REFUGE,V0070,data/external/kaggle/glaucoma_fundus_imaging_bundle/REFUGE/val/Images/V0070.jpg,data/processed/standardized_masks/refuge/val_V0070.png,data/external/kaggle/glaucoma_fundus_imaging_bundle/REFUGE/val/Images/V0070.jpg,data/processed/standardized_masks/refuge/val_V0070.png,V0070.jpg,val_V0070.png,multiclass_values_0_1_2,0,1,2,REFUGE_val_V0070,True,paired_standardized_and_visual_sample_reviewed,"REFUGE image/mask pair matched by file ID within official split; mask standardized to project {0,1,2} convention.",val
glaucoma_fundus_imaging_bundle,REFUGE,V0071,data/external/kaggle/glaucoma_fundus_imaging_bundle/REFUGE/val/Images/V0071.jpg,data/processed/standardized_masks/refuge/val_V0071.png,data/external/kaggle/glaucoma_fundus_imaging_bundle/REFUGE/val/Images/V0071.jpg,data/processed/standardized_masks/refuge/val_V0071.png,V0071.jpg,val_V0071.png,multiclass_values_0_1_2,0,1,2,REFUGE_val_V0071,True,paired_standardized_and_visual_sample_reviewed,"REFUGE image/mask pair matched by file ID within official split; mask standardized to project {0,1,2} convention.",val
glaucoma_fundus_imaging_bundle,REFUGE,V0072,data/external/kaggle/glaucoma_fundus_imaging_bundle/REFUGE/val/Images/V0072.jpg,data/processed/standardized_masks/refuge/val_V0072.png,data/external/kaggle/glaucoma_fundus_imaging_bundle/REFUGE/val/Images/V0072.jpg,data/processed/standardized_masks/refuge/val_V0072.png,V0072.jpg,val_V0072.png,multiclass_values_0_1_2,0,1,2,REFUGE_val_V0072,True,paired_standardized_and_visual_sample_reviewed,"REFUGE image/mask pair matched by file ID within official split; mask standardized to project {0,1,2} convention.",val
glaucoma_fundus_imaging_bundle,REFUGE,V0073,data/external/kaggle/glaucoma_fundus_imaging_bundle/REFUGE/val/Images/V0073.jpg,data/processed/standardized_masks/refuge/val_V0073.png,data/external/kaggle/glaucoma_fundus_imaging_bundle/REFUGE/val/Images/V0073.jpg,data/processed/standardized_masks/refuge/val_V0073.png,V0073.jpg,val_V0073.png,multiclass_values_0_1_2,0,1,2,REFUGE_val_V0073,True,paired_standardized_and_visual_sample_reviewed,"REFUGE image/mask pair matched by file ID within official split; mask standardized to project {0,1,2} convention.",val
glaucoma_fundus_imaging_bundle,REFUGE,V0074,data/external/kaggle/glaucoma_fundus_imaging_bundle/REFUGE/val/Images/V0074.jpg,data/processed/standardized_masks/refuge/val_V0074.png,data/external/kaggle/glaucoma_fundus_imaging_bundle/REFUGE/val/Images/V0074.jpg,data/processed/standardized_masks/refuge/val_V0074.png,V0074.jpg,val_V0074.png,multiclass_values_0_1_2,0,1,2,REFUGE_val_V0074,True,paired_standardized_and_visual_sample_reviewed,"REFUGE image/mask pair matched by file ID within official split; mask standardized to project {0,1,2} convention.",val
glaucoma_fundus_imaging_bundle,REFUGE,V0075,data/external/kaggle/glaucoma_fundus_imaging_bundle/REFUGE/val/Images/V0075.jpg,data/processed/standardized_masks/refuge/val_V0075.png,data/external/kaggle/glaucoma_fundus_imaging_bundle/REFUGE/val/Images/V0075.jpg,data/processed/standardized_masks/refuge/val_V0075.png,V0075.jpg,val_V0075.png,multiclass_values_0_1_2,0,1,2,REFUGE_val_V0075,True,paired_standardized_and_visual_sample_reviewed,"REFUGE image/mask pair matched by file ID within official split; mask standardized to project {0,1,2} convention.",val
glaucoma_fundus_imaging_bundle,REFUGE,V0076,data/external/kaggle/glaucoma_fundus_imaging_bundle/REFUGE/val/Images/V0076.jpg,data/processed/standardized_masks/refuge/val_V0076.png,data/external/kaggle/glaucoma_fundus_imaging_bundle/REFUGE/val/Images/V0076.jpg,data/processed/standardized_masks/refuge/val_V0076.png,V0076.jpg,val_V0076.png,multiclass_values_0_1_2,0,1,2,REFUGE_val_V0076,True,paired_standardized_and_visual_sample_reviewed,"REFUGE image/mask pair matched by file ID within official split; mask standardized to project {0,1,2} convention.",val
glaucoma_fundus_imaging_bundle,REFUGE,V0077,data/external/kaggle/glaucoma_fundus_imaging_bundle/REFUGE/val/Images/V0077.jpg,data/processed/standardized_masks/refuge/val_V0077.png,data/external/kaggle/glaucoma_fundus_imaging_bundle/REFUGE/val/Images/V0077.jpg,data/processed/standardized_masks/refuge/val_V0077.png,V0077.jpg,val_V0077.png,multiclass_values_0_1_2,0,1,2,REFUGE_val_V0077,True,paired_standardized_and_visual_sample_reviewed,"REFUGE image/mask pair matched by file ID within official split; mask standardized to project {0,1,2} convention.",val
glaucoma_fundus_imaging_bundle,REFUGE,V0078,data/external/kaggle/glaucoma_fundus_imaging_bundle/REFUGE/val/Images/V0078.jpg,data/processed/standardized_masks/refuge/val_V0078.png,data/external/kaggle/glaucoma_fundus_imaging_bundle/REFUGE/val/Images/V0078.jpg,data/processed/standardized_masks/refuge/val_V0078.png,V0078.jpg,val_V0078.png,multiclass_values_0_1_2,0,1,2,REFUGE_val_V0078,True,paired_standardized_and_visual_sample_reviewed,"REFUGE image/mask pair matched by file ID within official split; mask standardized to project {0,1,2} convention.",val
glaucoma_fundus_imaging_bundle,REFUGE,V0079,data/external/kaggle/glaucoma_fundus_imaging_bundle/REFUGE/val/Images/V0079.jpg,data/processed/standardized_masks/refuge/val_V0079.png,data/external/kaggle/glaucoma_fundus_imaging_bundle/REFUGE/val/Images/V0079.jpg,data/processed/standardized_masks/refuge/val_V0079.png,V0079.jpg,val_V0079.png,multiclass_values_0_1_2,0,1,2,REFUGE_val_V0079,True,paired_standardized_and_visual_sample_reviewed,"REFUGE image/mask pair matched by file ID within official split; mask standardized to project {0,1,2} convention.",val
glaucoma_fundus_imaging_bundle,REFUGE,V0080,data/external/kaggle/glaucoma_fundus_imaging_bundle/REFUGE/val/Images/V0080.jpg,data/processed/standardized_masks/refuge/val_V0080.png,data/external/kaggle/glaucoma_fundus_imaging_bundle/REFUGE/val/Images/V0080.jpg,data/processed/standardized_masks/refuge/val_V0080.png,V0080.jpg,val_V0080.png,multiclass_values_0_1_2,0,1,2,REFUGE_val_V0080,True,paired_standardized_and_visual_sample_reviewed,"REFUGE image/mask pair matched by file ID within official split; mask standardized to project {0,1,2} convention.",val
glaucoma_fundus_imaging_bundle,REFUGE,V0081,data/external/kaggle/glaucoma_fundus_imaging_bundle/REFUGE/val/Images/V0081.jpg,data/processed/standardized_masks/refuge/val_V0081.png,data/external/kaggle/glaucoma_fundus_imaging_bundle/REFUGE/val/Images/V0081.jpg,data/processed/standardized_masks/refuge/val_V0081.png,V0081.jpg,val_V0081.png,multiclass_values_0_1_2,0,1,2,REFUGE_val_V0081,True,paired_standardized_and_visual_sample_reviewed,"REFUGE image/mask pair matched by file ID within official split; mask standardized to project {0,1,2} convention.",val
glaucoma_fundus_imaging_bundle,REFUGE,V0082,data/external/kaggle/glaucoma_fundus_imaging_bundle/REFUGE/val/Images/V0082.jpg,data/processed/standardized_masks/refuge/val_V0082.png,data/external/kaggle/glaucoma_fundus_imaging_bundle/REFUGE/val/Images/V0082.jpg,data/processed/standardized_masks/refuge/val_V0082.png,V0082.jpg,val_V0082.png,multiclass_values_0_1_2,0,1,2,REFUGE_val_V0082,True,paired_standardized_and_visual_sample_reviewed,"REFUGE image/mask pair matched by file ID within official split; mask standardized to project {0,1,2} convention.",val
glaucoma_fundus_imaging_bundle,REFUGE,V0083,data/external/kaggle/glaucoma_fundus_imaging_bundle/REFUGE/val/Images/V0083.jpg,data/processed/standardized_masks/refuge/val_V0083.png,data/external/kaggle/glaucoma_fundus_imaging_bundle/REFUGE/val/Images/V0083.jpg,data/processed/standardized_masks/refuge/val_V0083.png,V0083.jpg,val_V0083.png,multiclass_values_0_1_2,0,1,2,REFUGE_val_V0083,True,paired_standardized_and_visual_sample_reviewed,"REFUGE image/mask pair matched by file ID within official split; mask standardized to project {0,1,2} convention.",val
glaucoma_fundus_imaging_bundle,REFUGE,V0084,data/external/kaggle/glaucoma_fundus_imaging_bundle/REFUGE/val/Images/V0084.jpg,data/processed/standardized_masks/refuge/val_V0084.png,data/external/kaggle/glaucoma_fundus_imaging_bundle/REFUGE/val/Images/V0084.jpg,data/processed/standardized_masks/refuge/val_V0084.png,V0084.jpg,val_V0084.png,multiclass_values_0_1_2,0,1,2,REFUGE_val_V0084,True,paired_standardized_and_visual_sample_reviewed,"REFUGE image/mask pair matched by file ID within official split; mask standardized to project {0,1,2} convention.",val
glaucoma_fundus_imaging_bundle,REFUGE,V0085,data/external/kaggle/glaucoma_fundus_imaging_bundle/REFUGE/val/Images/V0085.jpg,data/processed/standardized_masks/refuge/val_V0085.png,data/external/kaggle/glaucoma_fundus_imaging_bundle/REFUGE/val/Images/V0085.jpg,data/processed/standardized_masks/refuge/val_V0085.png,V0085.jpg,val_V0085.png,multiclass_values_0_1_2,0,1,2,REFUGE_val_V0085,True,paired_standardized_and_visual_sample_reviewed,"REFUGE image/mask pair matched by file ID within official split; mask standardized to project {0,1,2} convention.",val
glaucoma_fundus_imaging_bundle,REFUGE,V0086,data/external/kaggle/glaucoma_fundus_imaging_bundle/REFUGE/val/Images/V0086.jpg,data/processed/standardized_masks/refuge/val_V0086.png,data/external/kaggle/glaucoma_fundus_imaging_bundle/REFUGE/val/Images/V0086.jpg,data/processed/standardized_masks/refuge/val_V0086.png,V0086.jpg,val_V0086.png,multiclass_values_0_1_2,0,1,2,REFUGE_val_V0086,True,paired_standardized_and_visual_sample_reviewed,"REFUGE image/mask pair matched by file ID within official split; mask standardized to project {0,1,2} convention.",val
glaucoma_fundus_imaging_bundle,REFUGE,V0087,data/external/kaggle/glaucoma_fundus_imaging_bundle/REFUGE/val/Images/V0087.jpg,data/processed/standardized_masks/refuge/val_V0087.png,data/external/kaggle/glaucoma_fundus_imaging_bundle/REFUGE/val/Images/V0087.jpg,data/processed/standardized_masks/refuge/val_V0087.png,V0087.jpg,val_V0087.png,multiclass_values_0_1_2,0,1,2,REFUGE_val_V0087,True,paired_standardized_and_visual_sample_reviewed,"REFUGE image/mask pair matched by file ID within official split; mask standardized to project {0,1,2} convention.",val
glaucoma_fundus_imaging_bundle,REFUGE,V0088,data/external/kaggle/glaucoma_fundus_imaging_bundle/REFUGE/val/Images/V0088.jpg,data/processed/standardized_masks/refuge/val_V0088.png,data/external/kaggle/glaucoma_fundus_imaging_bundle/REFUGE/val/Images/V0088.jpg,data/processed/standardized_masks/refuge/val_V0088.png,V0088.jpg,val_V0088.png,multiclass_values_0_1_2,0,1,2,REFUGE_val_V0088,True,paired_standardized_and_visual_sample_reviewed,"REFUGE image/mask pair matched by file ID within official split; mask standardized to project {0,1,2} convention.",val
glaucoma_fundus_imaging_bundle,REFUGE,V0089,data/external/kaggle/glaucoma_fundus_imaging_bundle/REFUGE/val/Images/V0089.jpg,data/processed/standardized_masks/refuge/val_V0089.png,data/external/kaggle/glaucoma_fundus_imaging_bundle/REFUGE/val/Images/V0089.jpg,data/processed/standardized_masks/refuge/val_V0089.png,V0089.jpg,val_V0089.png,multiclass_values_0_1_2,0,1,2,REFUGE_val_V0089,True,paired_standardized_and_visual_sample_reviewed,"REFUGE image/mask pair matched by file ID within official split; mask standardized to project {0,1,2} convention.",val
glaucoma_fundus_imaging_bundle,REFUGE,V0090,data/external/kaggle/glaucoma_fundus_imaging_bundle/REFUGE/val/Images/V0090.jpg,data/processed/standardized_masks/refuge/val_V0090.png,data/external/kaggle/glaucoma_fundus_imaging_bundle/REFUGE/val/Images/V0090.jpg,data/processed/standardized_masks/refuge/val_V0090.png,V0090.jpg,val_V0090.png,multiclass_values_0_1_2,0,1,2,REFUGE_val_V0090,True,paired_standardized_and_visual_sample_reviewed,"REFUGE image/mask pair matched by file ID within official split; mask standardized to project {0,1,2} convention.",val
glaucoma_fundus_imaging_bundle,REFUGE,V0091,data/external/kaggle/glaucoma_fundus_imaging_bundle/REFUGE/val/Images/V0091.jpg,data/processed/standardized_masks/refuge/val_V0091.png,data/external/kaggle/glaucoma_fundus_imaging_bundle/REFUGE/val/Images/V0091.jpg,data/processed/standardized_masks/refuge/val_V0091.png,V0091.jpg,val_V0091.png,multiclass_values_0_1_2,0,1,2,REFUGE_val_V0091,True,paired_standardized_and_visual_sample_reviewed,"REFUGE image/mask pair matched by file ID within official split; mask standardized to project {0,1,2} convention.",val
glaucoma_fundus_imaging_bundle,REFUGE,V0092,data/external/kaggle/glaucoma_fundus_imaging_bundle/REFUGE/val/Images/V0092.jpg,data/processed/standardized_masks/refuge/val_V0092.png,data/external/kaggle/glaucoma_fundus_imaging_bundle/REFUGE/val/Images/V0092.jpg,data/processed/standardized_masks/refuge/val_V0092.png,V0092.jpg,val_V0092.png,multiclass_values_0_1_2,0,1,2,REFUGE_val_V0092,True,paired_standardized_and_visual_sample_reviewed,"REFUGE image/mask pair matched by file ID within official split; mask standardized to project {0,1,2} convention.",val
glaucoma_fundus_imaging_bundle,REFUGE,V0093,data/external/kaggle/glaucoma_fundus_imaging_bundle/REFUGE/val/Images/V0093.jpg,data/processed/standardized_masks/refuge/val_V0093.png,data/external/kaggle/glaucoma_fundus_imaging_bundle/REFUGE/val/Images/V0093.jpg,data/processed/standardized_masks/refuge/val_V0093.png,V0093.jpg,val_V0093.png,multiclass_values_0_1_2,0,1,2,REFUGE_val_V0093,True,paired_standardized_and_visual_sample_reviewed,"REFUGE image/mask pair matched by file ID within official split; mask standardized to project {0,1,2} convention.",val
glaucoma_fundus_imaging_bundle,REFUGE,V0094,data/external/kaggle/glaucoma_fundus_imaging_bundle/REFUGE/val/Images/V0094.jpg,data/processed/standardized_masks/refuge/val_V0094.png,data/external/kaggle/glaucoma_fundus_imaging_bundle/REFUGE/val/Images/V0094.jpg,data/processed/standardized_masks/refuge/val_V0094.png,V0094.jpg,val_V0094.png,multiclass_values_0_1_2,0,1,2,REFUGE_val_V0094,True,paired_standardized_and_visual_sample_reviewed,"REFUGE image/mask pair matched by file ID within official split; mask standardized to project {0,1,2} convention.",val
glaucoma_fundus_imaging_bundle,REFUGE,V0095,data/external/kaggle/glaucoma_fundus_imaging_bundle/REFUGE/val/Images/V0095.jpg,data/processed/standardized_masks/refuge/val_V0095.png,data/external/kaggle/glaucoma_fundus_imaging_bundle/REFUGE/val/Images/V0095.jpg,data/processed/standardized_masks/refuge/val_V0095.png,V0095.jpg,val_V0095.png,multiclass_values_0_1_2,0,1,2,REFUGE_val_V0095,True,paired_standardized_and_visual_sample_reviewed,"REFUGE image/mask pair matched by file ID within official split; mask standardized to project {0,1,2} convention.",val
glaucoma_fundus_imaging_bundle,REFUGE,V0096,data/external/kaggle/glaucoma_fundus_imaging_bundle/REFUGE/val/Images/V0096.jpg,data/processed/standardized_masks/refuge/val_V0096.png,data/external/kaggle/glaucoma_fundus_imaging_bundle/REFUGE/val/Images/V0096.jpg,data/processed/standardized_masks/refuge/val_V0096.png,V0096.jpg,val_V0096.png,multiclass_values_0_1_2,0,1,2,REFUGE_val_V0096,True,paired_standardized_and_visual_sample_reviewed,"REFUGE image/mask pair matched by file ID within official split; mask standardized to project {0,1,2} convention.",val
glaucoma_fundus_imaging_bundle,REFUGE,V0097,data/external/kaggle/glaucoma_fundus_imaging_bundle/REFUGE/val/Images/V0097.jpg,data/processed/standardized_masks/refuge/val_V0097.png,data/external/kaggle/glaucoma_fundus_imaging_bundle/REFUGE/val/Images/V0097.jpg,data/processed/standardized_masks/refuge/val_V0097.png,V0097.jpg,val_V0097.png,multiclass_values_0_1_2,0,1,2,REFUGE_val_V0097,True,paired_standardized_and_visual_sample_reviewed,"REFUGE image/mask pair matched by file ID within official split; mask standardized to project {0,1,2} convention.",val
glaucoma_fundus_imaging_bundle,REFUGE,V0098,data/external/kaggle/glaucoma_fundus_imaging_bundle/REFUGE/val/Images/V0098.jpg,data/processed/standardized_masks/refuge/val_V0098.png,data/external/kaggle/glaucoma_fundus_imaging_bundle/REFUGE/val/Images/V0098.jpg,data/processed/standardized_masks/refuge/val_V0098.png,V0098.jpg,val_V0098.png,multiclass_values_0_1_2,0,1,2,REFUGE_val_V0098,True,paired_standardized_and_visual_sample_reviewed,"REFUGE image/mask pair matched by file ID within official split; mask standardized to project {0,1,2} convention.",val
glaucoma_fundus_imaging_bundle,REFUGE,V0099,data/external/kaggle/glaucoma_fundus_imaging_bundle/REFUGE/val/Images/V0099.jpg,data/processed/standardized_masks/refuge/val_V0099.png,data/external/kaggle/glaucoma_fundus_imaging_bundle/REFUGE/val/Images/V0099.jpg,data/processed/standardized_masks/refuge/val_V0099.png,V0099.jpg,val_V0099.png,multiclass_values_0_1_2,0,1,2,REFUGE_val_V0099,True,paired_standardized_and_visual_sample_reviewed,"REFUGE image/mask pair matched by file ID within official split; mask standardized to project {0,1,2} convention.",val
glaucoma_fundus_imaging_bundle,REFUGE,V0100,data/external/kaggle/glaucoma_fundus_imaging_bundle/REFUGE/val/Images/V0100.jpg,data/processed/standardized_masks/refuge/val_V0100.png,data/external/kaggle/glaucoma_fundus_imaging_bundle/REFUGE/val/Images/V0100.jpg,data/processed/standardized_masks/refuge/val_V0100.png,V0100.jpg,val_V0100.png,multiclass_values_0_1_2,0,1,2,REFUGE_val_V0100,True,paired_standardized_and_visual_sample_reviewed,"REFUGE image/mask pair matched by file ID within official split; mask standardized to project {0,1,2} convention.",val
glaucoma_fundus_imaging_bundle,REFUGE,V0101,data/external/kaggle/glaucoma_fundus_imaging_bundle/REFUGE/val/Images/V0101.jpg,data/processed/standardized_masks/refuge/val_V0101.png,data/external/kaggle/glaucoma_fundus_imaging_bundle/REFUGE/val/Images/V0101.jpg,data/processed/standardized_masks/refuge/val_V0101.png,V0101.jpg,val_V0101.png,multiclass_values_0_1_2,0,1,2,REFUGE_val_V0101,True,paired_standardized_and_visual_sample_reviewed,"REFUGE image/mask pair matched by file ID within official split; mask standardized to project {0,1,2} convention.",val
glaucoma_fundus_imaging_bundle,REFUGE,V0102,data/external/kaggle/glaucoma_fundus_imaging_bundle/REFUGE/val/Images/V0102.jpg,data/processed/standardized_masks/refuge/val_V0102.png,data/external/kaggle/glaucoma_fundus_imaging_bundle/REFUGE/val/Images/V0102.jpg,data/processed/standardized_masks/refuge/val_V0102.png,V0102.jpg,val_V0102.png,multiclass_values_0_1_2,0,1,2,REFUGE_val_V0102,True,paired_standardized_and_visual_sample_reviewed,"REFUGE image/mask pair matched by file ID within official split; mask standardized to project {0,1,2} convention.",val
glaucoma_fundus_imaging_bundle,REFUGE,V0103,data/external/kaggle/glaucoma_fundus_imaging_bundle/REFUGE/val/Images/V0103.jpg,data/processed/standardized_masks/refuge/val_V0103.png,data/external/kaggle/glaucoma_fundus_imaging_bundle/REFUGE/val/Images/V0103.jpg,data/processed/standardized_masks/refuge/val_V0103.png,V0103.jpg,val_V0103.png,multiclass_values_0_1_2,0,1,2,REFUGE_val_V0103,True,paired_standardized_and_visual_sample_reviewed,"REFUGE image/mask pair matched by file ID within official split; mask standardized to project {0,1,2} convention.",val
glaucoma_fundus_imaging_bundle,REFUGE,V0104,data/external/kaggle/glaucoma_fundus_imaging_bundle/REFUGE/val/Images/V0104.jpg,data/processed/standardized_masks/refuge/val_V0104.png,data/external/kaggle/glaucoma_fundus_imaging_bundle/REFUGE/val/Images/V0104.jpg,data/processed/standardized_masks/refuge/val_V0104.png,V0104.jpg,val_V0104.png,multiclass_values_0_1_2,0,1,2,REFUGE_val_V0104,True,paired_standardized_and_visual_sample_reviewed,"REFUGE image/mask pair matched by file ID within official split; mask standardized to project {0,1,2} convention.",val
glaucoma_fundus_imaging_bundle,REFUGE,V0105,data/external/kaggle/glaucoma_fundus_imaging_bundle/REFUGE/val/Images/V0105.jpg,data/processed/standardized_masks/refuge/val_V0105.png,data/external/kaggle/glaucoma_fundus_imaging_bundle/REFUGE/val/Images/V0105.jpg,data/processed/standardized_masks/refuge/val_V0105.png,V0105.jpg,val_V0105.png,multiclass_values_0_1_2,0,1,2,REFUGE_val_V0105,True,paired_standardized_and_visual_sample_reviewed,"REFUGE image/mask pair matched by file ID within official split; mask standardized to project {0,1,2} convention.",val
glaucoma_fundus_imaging_bundle,REFUGE,V0106,data/external/kaggle/glaucoma_fundus_imaging_bundle/REFUGE/val/Images/V0106.jpg,data/processed/standardized_masks/refuge/val_V0106.png,data/external/kaggle/glaucoma_fundus_imaging_bundle/REFUGE/val/Images/V0106.jpg,data/processed/standardized_masks/refuge/val_V0106.png,V0106.jpg,val_V0106.png,multiclass_values_0_1_2,0,1,2,REFUGE_val_V0106,True,paired_standardized_and_visual_sample_reviewed,"REFUGE image/mask pair matched by file ID within official split; mask standardized to project {0,1,2} convention.",val
glaucoma_fundus_imaging_bundle,REFUGE,V0107,data/external/kaggle/glaucoma_fundus_imaging_bundle/REFUGE/val/Images/V0107.jpg,data/processed/standardized_masks/refuge/val_V0107.png,data/external/kaggle/glaucoma_fundus_imaging_bundle/REFUGE/val/Images/V0107.jpg,data/processed/standardized_masks/refuge/val_V0107.png,V0107.jpg,val_V0107.png,multiclass_values_0_1_2,0,1,2,REFUGE_val_V0107,True,paired_standardized_and_visual_sample_reviewed,"REFUGE image/mask pair matched by file ID within official split; mask standardized to project {0,1,2} convention.",val
glaucoma_fundus_imaging_bundle,REFUGE,V0108,data/external/kaggle/glaucoma_fundus_imaging_bundle/REFUGE/val/Images/V0108.jpg,data/processed/standardized_masks/refuge/val_V0108.png,data/external/kaggle/glaucoma_fundus_imaging_bundle/REFUGE/val/Images/V0108.jpg,data/processed/standardized_masks/refuge/val_V0108.png,V0108.jpg,val_V0108.png,multiclass_values_0_1_2,0,1,2,REFUGE_val_V0108,True,paired_standardized_and_visual_sample_reviewed,"REFUGE image/mask pair matched by file ID within official split; mask standardized to project {0,1,2} convention.",val
glaucoma_fundus_imaging_bundle,REFUGE,V0109,data/external/kaggle/glaucoma_fundus_imaging_bundle/REFUGE/val/Images/V0109.jpg,data/processed/standardized_masks/refuge/val_V0109.png,data/external/kaggle/glaucoma_fundus_imaging_bundle/REFUGE/val/Images/V0109.jpg,data/processed/standardized_masks/refuge/val_V0109.png,V0109.jpg,val_V0109.png,multiclass_values_0_1_2,0,1,2,REFUGE_val_V0109,True,paired_standardized_and_visual_sample_reviewed,"REFUGE image/mask pair matched by file ID within official split; mask standardized to project {0,1,2} convention.",val
glaucoma_fundus_imaging_bundle,REFUGE,V0110,data/external/kaggle/glaucoma_fundus_imaging_bundle/REFUGE/val/Images/V0110.jpg,data/processed/standardized_masks/refuge/val_V0110.png,data/external/kaggle/glaucoma_fundus_imaging_bundle/REFUGE/val/Images/V0110.jpg,data/processed/standardized_masks/refuge/val_V0110.png,V0110.jpg,val_V0110.png,multiclass_values_0_1_2,0,1,2,REFUGE_val_V0110,True,paired_standardized_and_visual_sample_reviewed,"REFUGE image/mask pair matched by file ID within official split; mask standardized to project {0,1,2} convention.",val
glaucoma_fundus_imaging_bundle,REFUGE,V0111,data/external/kaggle/glaucoma_fundus_imaging_bundle/REFUGE/val/Images/V0111.jpg,data/processed/standardized_masks/refuge/val_V0111.png,data/external/kaggle/glaucoma_fundus_imaging_bundle/REFUGE/val/Images/V0111.jpg,data/processed/standardized_masks/refuge/val_V0111.png,V0111.jpg,val_V0111.png,multiclass_values_0_1_2,0,1,2,REFUGE_val_V0111,True,paired_standardized_and_visual_sample_reviewed,"REFUGE image/mask pair matched by file ID within official split; mask standardized to project {0,1,2} convention.",val
glaucoma_fundus_imaging_bundle,REFUGE,V0112,data/external/kaggle/glaucoma_fundus_imaging_bundle/REFUGE/val/Images/V0112.jpg,data/processed/standardized_masks/refuge/val_V0112.png,data/external/kaggle/glaucoma_fundus_imaging_bundle/REFUGE/val/Images/V0112.jpg,data/processed/standardized_masks/refuge/val_V0112.png,V0112.jpg,val_V0112.png,multiclass_values_0_1_2,0,1,2,REFUGE_val_V0112,True,paired_standardized_and_visual_sample_reviewed,"REFUGE image/mask pair matched by file ID within official split; mask standardized to project {0,1,2} convention.",val
glaucoma_fundus_imaging_bundle,REFUGE,V0113,data/external/kaggle/glaucoma_fundus_imaging_bundle/REFUGE/val/Images/V0113.jpg,data/processed/standardized_masks/refuge/val_V0113.png,data/external/kaggle/glaucoma_fundus_imaging_bundle/REFUGE/val/Images/V0113.jpg,data/processed/standardized_masks/refuge/val_V0113.png,V0113.jpg,val_V0113.png,multiclass_values_0_1_2,0,1,2,REFUGE_val_V0113,True,paired_standardized_and_visual_sample_reviewed,"REFUGE image/mask pair matched by file ID within official split; mask standardized to project {0,1,2} convention.",val
glaucoma_fundus_imaging_bundle,REFUGE,V0114,data/external/kaggle/glaucoma_fundus_imaging_bundle/REFUGE/val/Images/V0114.jpg,data/processed/standardized_masks/refuge/val_V0114.png,data/external/kaggle/glaucoma_fundus_imaging_bundle/REFUGE/val/Images/V0114.jpg,data/processed/standardized_masks/refuge/val_V0114.png,V0114.jpg,val_V0114.png,multiclass_values_0_1_2,0,1,2,REFUGE_val_V0114,True,paired_standardized_and_visual_sample_reviewed,"REFUGE image/mask pair matched by file ID within official split; mask standardized to project {0,1,2} convention.",val
glaucoma_fundus_imaging_bundle,REFUGE,V0115,data/external/kaggle/glaucoma_fundus_imaging_bundle/REFUGE/val/Images/V0115.jpg,data/processed/standardized_masks/refuge/val_V0115.png,data/external/kaggle/glaucoma_fundus_imaging_bundle/REFUGE/val/Images/V0115.jpg,data/processed/standardized_masks/refuge/val_V0115.png,V0115.jpg,val_V0115.png,multiclass_values_0_1_2,0,1,2,REFUGE_val_V0115,True,paired_standardized_and_visual_sample_reviewed,"REFUGE image/mask pair matched by file ID within official split; mask standardized to project {0,1,2} convention.",val
glaucoma_fundus_imaging_bundle,REFUGE,V0116,data/external/kaggle/glaucoma_fundus_imaging_bundle/REFUGE/val/Images/V0116.jpg,data/processed/standardized_masks/refuge/val_V0116.png,data/external/kaggle/glaucoma_fundus_imaging_bundle/REFUGE/val/Images/V0116.jpg,data/processed/standardized_masks/refuge/val_V0116.png,V0116.jpg,val_V0116.png,multiclass_values_0_1_2,0,1,2,REFUGE_val_V0116,True,paired_standardized_and_visual_sample_reviewed,"REFUGE image/mask pair matched by file ID within official split; mask standardized to project {0,1,2} convention.",val
glaucoma_fundus_imaging_bundle,REFUGE,V0117,data/external/kaggle/glaucoma_fundus_imaging_bundle/REFUGE/val/Images/V0117.jpg,data/processed/standardized_masks/refuge/val_V0117.png,data/external/kaggle/glaucoma_fundus_imaging_bundle/REFUGE/val/Images/V0117.jpg,data/processed/standardized_masks/refuge/val_V0117.png,V0117.jpg,val_V0117.png,multiclass_values_0_1_2,0,1,2,REFUGE_val_V0117,True,paired_standardized_and_visual_sample_reviewed,"REFUGE image/mask pair matched by file ID within official split; mask standardized to project {0,1,2} convention.",val
glaucoma_fundus_imaging_bundle,REFUGE,V0118,data/external/kaggle/glaucoma_fundus_imaging_bundle/REFUGE/val/Images/V0118.jpg,data/processed/standardized_masks/refuge/val_V0118.png,data/external/kaggle/glaucoma_fundus_imaging_bundle/REFUGE/val/Images/V0118.jpg,data/processed/standardized_masks/refuge/val_V0118.png,V0118.jpg,val_V0118.png,multiclass_values_0_1_2,0,1,2,REFUGE_val_V0118,True,paired_standardized_and_visual_sample_reviewed,"REFUGE image/mask pair matched by file ID within official split; mask standardized to project {0,1,2} convention.",val
glaucoma_fundus_imaging_bundle,REFUGE,V0119,data/external/kaggle/glaucoma_fundus_imaging_bundle/REFUGE/val/Images/V0119.jpg,data/processed/standardized_masks/refuge/val_V0119.png,data/external/kaggle/glaucoma_fundus_imaging_bundle/REFUGE/val/Images/V0119.jpg,data/processed/standardized_masks/refuge/val_V0119.png,V0119.jpg,val_V0119.png,multiclass_values_0_1_2,0,1,2,REFUGE_val_V0119,True,paired_standardized_and_visual_sample_reviewed,"REFUGE image/mask pair matched by file ID within official split; mask standardized to project {0,1,2} convention.",val
glaucoma_fundus_imaging_bundle,REFUGE,V0120,data/external/kaggle/glaucoma_fundus_imaging_bundle/REFUGE/val/Images/V0120.jpg,data/processed/standardized_masks/refuge/val_V0120.png,data/external/kaggle/glaucoma_fundus_imaging_bundle/REFUGE/val/Images/V0120.jpg,data/processed/standardized_masks/refuge/val_V0120.png,V0120.jpg,val_V0120.png,multiclass_values_0_1_2,0,1,2,REFUGE_val_V0120,True,paired_standardized_and_visual_sample_reviewed,"REFUGE image/mask pair matched by file ID within official split; mask standardized to project {0,1,2} convention.",val
glaucoma_fundus_imaging_bundle,REFUGE,V0121,data/external/kaggle/glaucoma_fundus_imaging_bundle/REFUGE/val/Images/V0121.jpg,data/processed/standardized_masks/refuge/val_V0121.png,data/external/kaggle/glaucoma_fundus_imaging_bundle/REFUGE/val/Images/V0121.jpg,data/processed/standardized_masks/refuge/val_V0121.png,V0121.jpg,val_V0121.png,multiclass_values_0_1_2,0,1,2,REFUGE_val_V0121,True,paired_standardized_and_visual_sample_reviewed,"REFUGE image/mask pair matched by file ID within official split; mask standardized to project {0,1,2} convention.",val
glaucoma_fundus_imaging_bundle,REFUGE,V0122,data/external/kaggle/glaucoma_fundus_imaging_bundle/REFUGE/val/Images/V0122.jpg,data/processed/standardized_masks/refuge/val_V0122.png,data/external/kaggle/glaucoma_fundus_imaging_bundle/REFUGE/val/Images/V0122.jpg,data/processed/standardized_masks/refuge/val_V0122.png,V0122.jpg,val_V0122.png,multiclass_values_0_1_2,0,1,2,REFUGE_val_V0122,True,paired_standardized_and_visual_sample_reviewed,"REFUGE image/mask pair matched by file ID within official split; mask standardized to project {0,1,2} convention.",val
glaucoma_fundus_imaging_bundle,REFUGE,V0123,data/external/kaggle/glaucoma_fundus_imaging_bundle/REFUGE/val/Images/V0123.jpg,data/processed/standardized_masks/refuge/val_V0123.png,data/external/kaggle/glaucoma_fundus_imaging_bundle/REFUGE/val/Images/V0123.jpg,data/processed/standardized_masks/refuge/val_V0123.png,V0123.jpg,val_V0123.png,multiclass_values_0_1_2,0,1,2,REFUGE_val_V0123,True,paired_standardized_and_visual_sample_reviewed,"REFUGE image/mask pair matched by file ID within official split; mask standardized to project {0,1,2} convention.",val
glaucoma_fundus_imaging_bundle,REFUGE,V0124,data/external/kaggle/glaucoma_fundus_imaging_bundle/REFUGE/val/Images/V0124.jpg,data/processed/standardized_masks/refuge/val_V0124.png,data/external/kaggle/glaucoma_fundus_imaging_bundle/REFUGE/val/Images/V0124.jpg,data/processed/standardized_masks/refuge/val_V0124.png,V0124.jpg,val_V0124.png,multiclass_values_0_1_2,0,1,2,REFUGE_val_V0124,True,paired_standardized_and_visual_sample_reviewed,"REFUGE image/mask pair matched by file ID within official split; mask standardized to project {0,1,2} convention.",val
glaucoma_fundus_imaging_bundle,REFUGE,V0125,data/external/kaggle/glaucoma_fundus_imaging_bundle/REFUGE/val/Images/V0125.jpg,data/processed/standardized_masks/refuge/val_V0125.png,data/external/kaggle/glaucoma_fundus_imaging_bundle/REFUGE/val/Images/V0125.jpg,data/processed/standardized_masks/refuge/val_V0125.png,V0125.jpg,val_V0125.png,multiclass_values_0_1_2,0,1,2,REFUGE_val_V0125,True,paired_standardized_and_visual_sample_reviewed,"REFUGE image/mask pair matched by file ID within official split; mask standardized to project {0,1,2} convention.",val
glaucoma_fundus_imaging_bundle,REFUGE,V0126,data/external/kaggle/glaucoma_fundus_imaging_bundle/REFUGE/val/Images/V0126.jpg,data/processed/standardized_masks/refuge/val_V0126.png,data/external/kaggle/glaucoma_fundus_imaging_bundle/REFUGE/val/Images/V0126.jpg,data/processed/standardized_masks/refuge/val_V0126.png,V0126.jpg,val_V0126.png,multiclass_values_0_1_2,0,1,2,REFUGE_val_V0126,True,paired_standardized_and_visual_sample_reviewed,"REFUGE image/mask pair matched by file ID within official split; mask standardized to project {0,1,2} convention.",val
glaucoma_fundus_imaging_bundle,REFUGE,V0127,data/external/kaggle/glaucoma_fundus_imaging_bundle/REFUGE/val/Images/V0127.jpg,data/processed/standardized_masks/refuge/val_V0127.png,data/external/kaggle/glaucoma_fundus_imaging_bundle/REFUGE/val/Images/V0127.jpg,data/processed/standardized_masks/refuge/val_V0127.png,V0127.jpg,val_V0127.png,multiclass_values_0_1_2,0,1,2,REFUGE_val_V0127,True,paired_standardized_and_visual_sample_reviewed,"REFUGE image/mask pair matched by file ID within official split; mask standardized to project {0,1,2} convention.",val
glaucoma_fundus_imaging_bundle,REFUGE,V0128,data/external/kaggle/glaucoma_fundus_imaging_bundle/REFUGE/val/Images/V0128.jpg,data/processed/standardized_masks/refuge/val_V0128.png,data/external/kaggle/glaucoma_fundus_imaging_bundle/REFUGE/val/Images/V0128.jpg,data/processed/standardized_masks/refuge/val_V0128.png,V0128.jpg,val_V0128.png,multiclass_values_0_1_2,0,1,2,REFUGE_val_V0128,True,paired_standardized_and_visual_sample_reviewed,"REFUGE image/mask pair matched by file ID within official split; mask standardized to project {0,1,2} convention.",val
glaucoma_fundus_imaging_bundle,REFUGE,V0129,data/external/kaggle/glaucoma_fundus_imaging_bundle/REFUGE/val/Images/V0129.jpg,data/processed/standardized_masks/refuge/val_V0129.png,data/external/kaggle/glaucoma_fundus_imaging_bundle/REFUGE/val/Images/V0129.jpg,data/processed/standardized_masks/refuge/val_V0129.png,V0129.jpg,val_V0129.png,multiclass_values_0_1_2,0,1,2,REFUGE_val_V0129,True,paired_standardized_and_visual_sample_reviewed,"REFUGE image/mask pair matched by file ID within official split; mask standardized to project {0,1,2} convention.",val
glaucoma_fundus_imaging_bundle,REFUGE,V0130,data/external/kaggle/glaucoma_fundus_imaging_bundle/REFUGE/val/Images/V0130.jpg,data/processed/standardized_masks/refuge/val_V0130.png,data/external/kaggle/glaucoma_fundus_imaging_bundle/REFUGE/val/Images/V0130.jpg,data/processed/standardized_masks/refuge/val_V0130.png,V0130.jpg,val_V0130.png,multiclass_values_0_1_2,0,1,2,REFUGE_val_V0130,True,paired_standardized_and_visual_sample_reviewed,"REFUGE image/mask pair matched by file ID within official split; mask standardized to project {0,1,2} convention.",val
glaucoma_fundus_imaging_bundle,REFUGE,V0131,data/external/kaggle/glaucoma_fundus_imaging_bundle/REFUGE/val/Images/V0131.jpg,data/processed/standardized_masks/refuge/val_V0131.png,data/external/kaggle/glaucoma_fundus_imaging_bundle/REFUGE/val/Images/V0131.jpg,data/processed/standardized_masks/refuge/val_V0131.png,V0131.jpg,val_V0131.png,multiclass_values_0_1_2,0,1,2,REFUGE_val_V0131,True,paired_standardized_and_visual_sample_reviewed,"REFUGE image/mask pair matched by file ID within official split; mask standardized to project {0,1,2} convention.",val
glaucoma_fundus_imaging_bundle,REFUGE,V0132,data/external/kaggle/glaucoma_fundus_imaging_bundle/REFUGE/val/Images/V0132.jpg,data/processed/standardized_masks/refuge/val_V0132.png,data/external/kaggle/glaucoma_fundus_imaging_bundle/REFUGE/val/Images/V0132.jpg,data/processed/standardized_masks/refuge/val_V0132.png,V0132.jpg,val_V0132.png,multiclass_values_0_1_2,0,1,2,REFUGE_val_V0132,True,paired_standardized_and_visual_sample_reviewed,"REFUGE image/mask pair matched by file ID within official split; mask standardized to project {0,1,2} convention.",val
glaucoma_fundus_imaging_bundle,REFUGE,V0133,data/external/kaggle/glaucoma_fundus_imaging_bundle/REFUGE/val/Images/V0133.jpg,data/processed/standardized_masks/refuge/val_V0133.png,data/external/kaggle/glaucoma_fundus_imaging_bundle/REFUGE/val/Images/V0133.jpg,data/processed/standardized_masks/refuge/val_V0133.png,V0133.jpg,val_V0133.png,multiclass_values_0_1_2,0,1,2,REFUGE_val_V0133,True,paired_standardized_and_visual_sample_reviewed,"REFUGE image/mask pair matched by file ID within official split; mask standardized to project {0,1,2} convention.",val
glaucoma_fundus_imaging_bundle,REFUGE,V0134,data/external/kaggle/glaucoma_fundus_imaging_bundle/REFUGE/val/Images/V0134.jpg,data/processed/standardized_masks/refuge/val_V0134.png,data/external/kaggle/glaucoma_fundus_imaging_bundle/REFUGE/val/Images/V0134.jpg,data/processed/standardized_masks/refuge/val_V0134.png,V0134.jpg,val_V0134.png,multiclass_values_0_1_2,0,1,2,REFUGE_val_V0134,True,paired_standardized_and_visual_sample_reviewed,"REFUGE image/mask pair matched by file ID within official split; mask standardized to project {0,1,2} convention.",val
glaucoma_fundus_imaging_bundle,REFUGE,V0135,data/external/kaggle/glaucoma_fundus_imaging_bundle/REFUGE/val/Images/V0135.jpg,data/processed/standardized_masks/refuge/val_V0135.png,data/external/kaggle/glaucoma_fundus_imaging_bundle/REFUGE/val/Images/V0135.jpg,data/processed/standardized_masks/refuge/val_V0135.png,V0135.jpg,val_V0135.png,multiclass_values_0_1_2,0,1,2,REFUGE_val_V0135,True,paired_standardized_and_visual_sample_reviewed,"REFUGE image/mask pair matched by file ID within official split; mask standardized to project {0,1,2} convention.",val
glaucoma_fundus_imaging_bundle,REFUGE,V0136,data/external/kaggle/glaucoma_fundus_imaging_bundle/REFUGE/val/Images/V0136.jpg,data/processed/standardized_masks/refuge/val_V0136.png,data/external/kaggle/glaucoma_fundus_imaging_bundle/REFUGE/val/Images/V0136.jpg,data/processed/standardized_masks/refuge/val_V0136.png,V0136.jpg,val_V0136.png,multiclass_values_0_1_2,0,1,2,REFUGE_val_V0136,True,paired_standardized_and_visual_sample_reviewed,"REFUGE image/mask pair matched by file ID within official split; mask standardized to project {0,1,2} convention.",val
glaucoma_fundus_imaging_bundle,REFUGE,V0137,data/external/kaggle/glaucoma_fundus_imaging_bundle/REFUGE/val/Images/V0137.jpg,data/processed/standardized_masks/refuge/val_V0137.png,data/external/kaggle/glaucoma_fundus_imaging_bundle/REFUGE/val/Images/V0137.jpg,data/processed/standardized_masks/refuge/val_V0137.png,V0137.jpg,val_V0137.png,multiclass_values_0_1_2,0,1,2,REFUGE_val_V0137,True,paired_standardized_and_visual_sample_reviewed,"REFUGE image/mask pair matched by file ID within official split; mask standardized to project {0,1,2} convention.",val
glaucoma_fundus_imaging_bundle,REFUGE,V0138,data/external/kaggle/glaucoma_fundus_imaging_bundle/REFUGE/val/Images/V0138.jpg,data/processed/standardized_masks/refuge/val_V0138.png,data/external/kaggle/glaucoma_fundus_imaging_bundle/REFUGE/val/Images/V0138.jpg,data/processed/standardized_masks/refuge/val_V0138.png,V0138.jpg,val_V0138.png,multiclass_values_0_1_2,0,1,2,REFUGE_val_V0138,True,paired_standardized_and_visual_sample_reviewed,"REFUGE image/mask pair matched by file ID within official split; mask standardized to project {0,1,2} convention.",val
glaucoma_fundus_imaging_bundle,REFUGE,V0139,data/external/kaggle/glaucoma_fundus_imaging_bundle/REFUGE/val/Images/V0139.jpg,data/processed/standardized_masks/refuge/val_V0139.png,data/external/kaggle/glaucoma_fundus_imaging_bundle/REFUGE/val/Images/V0139.jpg,data/processed/standardized_masks/refuge/val_V0139.png,V0139.jpg,val_V0139.png,multiclass_values_0_1_2,0,1,2,REFUGE_val_V0139,True,paired_standardized_and_visual_sample_reviewed,"REFUGE image/mask pair matched by file ID within official split; mask standardized to project {0,1,2} convention.",val
glaucoma_fundus_imaging_bundle,REFUGE,V0140,data/external/kaggle/glaucoma_fundus_imaging_bundle/REFUGE/val/Images/V0140.jpg,data/processed/standardized_masks/refuge/val_V0140.png,data/external/kaggle/glaucoma_fundus_imaging_bundle/REFUGE/val/Images/V0140.jpg,data/processed/standardized_masks/refuge/val_V0140.png,V0140.jpg,val_V0140.png,multiclass_values_0_1_2,0,1,2,REFUGE_val_V0140,True,paired_standardized_and_visual_sample_reviewed,"REFUGE image/mask pair matched by file ID within official split; mask standardized to project {0,1,2} convention.",val
glaucoma_fundus_imaging_bundle,REFUGE,V0141,data/external/kaggle/glaucoma_fundus_imaging_bundle/REFUGE/val/Images/V0141.jpg,data/processed/standardized_masks/refuge/val_V0141.png,data/external/kaggle/glaucoma_fundus_imaging_bundle/REFUGE/val/Images/V0141.jpg,data/processed/standardized_masks/refuge/val_V0141.png,V0141.jpg,val_V0141.png,multiclass_values_0_1_2,0,1,2,REFUGE_val_V0141,True,paired_standardized_and_visual_sample_reviewed,"REFUGE image/mask pair matched by file ID within official split; mask standardized to project {0,1,2} convention.",val
glaucoma_fundus_imaging_bundle,REFUGE,V0142,data/external/kaggle/glaucoma_fundus_imaging_bundle/REFUGE/val/Images/V0142.jpg,data/processed/standardized_masks/refuge/val_V0142.png,data/external/kaggle/glaucoma_fundus_imaging_bundle/REFUGE/val/Images/V0142.jpg,data/processed/standardized_masks/refuge/val_V0142.png,V0142.jpg,val_V0142.png,multiclass_values_0_1_2,0,1,2,REFUGE_val_V0142,True,paired_standardized_and_visual_sample_reviewed,"REFUGE image/mask pair matched by file ID within official split; mask standardized to project {0,1,2} convention.",val
glaucoma_fundus_imaging_bundle,REFUGE,V0143,data/external/kaggle/glaucoma_fundus_imaging_bundle/REFUGE/val/Images/V0143.jpg,data/processed/standardized_masks/refuge/val_V0143.png,data/external/kaggle/glaucoma_fundus_imaging_bundle/REFUGE/val/Images/V0143.jpg,data/processed/standardized_masks/refuge/val_V0143.png,V0143.jpg,val_V0143.png,multiclass_values_0_1_2,0,1,2,REFUGE_val_V0143,True,paired_standardized_and_visual_sample_reviewed,"REFUGE image/mask pair matched by file ID within official split; mask standardized to project {0,1,2} convention.",val
glaucoma_fundus_imaging_bundle,REFUGE,V0144,data/external/kaggle/glaucoma_fundus_imaging_bundle/REFUGE/val/Images/V0144.jpg,data/processed/standardized_masks/refuge/val_V0144.png,data/external/kaggle/glaucoma_fundus_imaging_bundle/REFUGE/val/Images/V0144.jpg,data/processed/standardized_masks/refuge/val_V0144.png,V0144.jpg,val_V0144.png,multiclass_values_0_1_2,0,1,2,REFUGE_val_V0144,True,paired_standardized_and_visual_sample_reviewed,"REFUGE image/mask pair matched by file ID within official split; mask standardized to project {0,1,2} convention.",val
glaucoma_fundus_imaging_bundle,REFUGE,V0145,data/external/kaggle/glaucoma_fundus_imaging_bundle/REFUGE/val/Images/V0145.jpg,data/processed/standardized_masks/refuge/val_V0145.png,data/external/kaggle/glaucoma_fundus_imaging_bundle/REFUGE/val/Images/V0145.jpg,data/processed/standardized_masks/refuge/val_V0145.png,V0145.jpg,val_V0145.png,multiclass_values_0_1_2,0,1,2,REFUGE_val_V0145,True,paired_standardized_and_visual_sample_reviewed,"REFUGE image/mask pair matched by file ID within official split; mask standardized to project {0,1,2} convention.",val
glaucoma_fundus_imaging_bundle,REFUGE,V0146,data/external/kaggle/glaucoma_fundus_imaging_bundle/REFUGE/val/Images/V0146.jpg,data/processed/standardized_masks/refuge/val_V0146.png,data/external/kaggle/glaucoma_fundus_imaging_bundle/REFUGE/val/Images/V0146.jpg,data/processed/standardized_masks/refuge/val_V0146.png,V0146.jpg,val_V0146.png,multiclass_values_0_1_2,0,1,2,REFUGE_val_V0146,True,paired_standardized_and_visual_sample_reviewed,"REFUGE image/mask pair matched by file ID within official split; mask standardized to project {0,1,2} convention.",val
glaucoma_fundus_imaging_bundle,REFUGE,V0147,data/external/kaggle/glaucoma_fundus_imaging_bundle/REFUGE/val/Images/V0147.jpg,data/processed/standardized_masks/refuge/val_V0147.png,data/external/kaggle/glaucoma_fundus_imaging_bundle/REFUGE/val/Images/V0147.jpg,data/processed/standardized_masks/refuge/val_V0147.png,V0147.jpg,val_V0147.png,multiclass_values_0_1_2,0,1,2,REFUGE_val_V0147,True,paired_standardized_and_visual_sample_reviewed,"REFUGE image/mask pair matched by file ID within official split; mask standardized to project {0,1,2} convention.",val
glaucoma_fundus_imaging_bundle,REFUGE,V0148,data/external/kaggle/glaucoma_fundus_imaging_bundle/REFUGE/val/Images/V0148.jpg,data/processed/standardized_masks/refuge/val_V0148.png,data/external/kaggle/glaucoma_fundus_imaging_bundle/REFUGE/val/Images/V0148.jpg,data/processed/standardized_masks/refuge/val_V0148.png,V0148.jpg,val_V0148.png,multiclass_values_0_1_2,0,1,2,REFUGE_val_V0148,True,paired_standardized_and_visual_sample_reviewed,"REFUGE image/mask pair matched by file ID within official split; mask standardized to project {0,1,2} convention.",val
glaucoma_fundus_imaging_bundle,REFUGE,V0149,data/external/kaggle/glaucoma_fundus_imaging_bundle/REFUGE/val/Images/V0149.jpg,data/processed/standardized_masks/refuge/val_V0149.png,data/external/kaggle/glaucoma_fundus_imaging_bundle/REFUGE/val/Images/V0149.jpg,data/processed/standardized_masks/refuge/val_V0149.png,V0149.jpg,val_V0149.png,multiclass_values_0_1_2,0,1,2,REFUGE_val_V0149,True,paired_standardized_and_visual_sample_reviewed,"REFUGE image/mask pair matched by file ID within official split; mask standardized to project {0,1,2} convention.",val
glaucoma_fundus_imaging_bundle,REFUGE,V0150,data/external/kaggle/glaucoma_fundus_imaging_bundle/REFUGE/val/Images/V0150.jpg,data/processed/standardized_masks/refuge/val_V0150.png,data/external/kaggle/glaucoma_fundus_imaging_bundle/REFUGE/val/Images/V0150.jpg,data/processed/standardized_masks/refuge/val_V0150.png,V0150.jpg,val_V0150.png,multiclass_values_0_1_2,0,1,2,REFUGE_val_V0150,True,paired_standardized_and_visual_sample_reviewed,"REFUGE image/mask pair matched by file ID within official split; mask standardized to project {0,1,2} convention.",val
glaucoma_fundus_imaging_bundle,REFUGE,V0151,data/external/kaggle/glaucoma_fundus_imaging_bundle/REFUGE/val/Images/V0151.jpg,data/processed/standardized_masks/refuge/val_V0151.png,data/external/kaggle/glaucoma_fundus_imaging_bundle/REFUGE/val/Images/V0151.jpg,data/processed/standardized_masks/refuge/val_V0151.png,V0151.jpg,val_V0151.png,multiclass_values_0_1_2,0,1,2,REFUGE_val_V0151,True,paired_standardized_and_visual_sample_reviewed,"REFUGE image/mask pair matched by file ID within official split; mask standardized to project {0,1,2} convention.",val
glaucoma_fundus_imaging_bundle,REFUGE,V0152,data/external/kaggle/glaucoma_fundus_imaging_bundle/REFUGE/val/Images/V0152.jpg,data/processed/standardized_masks/refuge/val_V0152.png,data/external/kaggle/glaucoma_fundus_imaging_bundle/REFUGE/val/Images/V0152.jpg,data/processed/standardized_masks/refuge/val_V0152.png,V0152.jpg,val_V0152.png,multiclass_values_0_1_2,0,1,2,REFUGE_val_V0152,True,paired_standardized_and_visual_sample_reviewed,"REFUGE image/mask pair matched by file ID within official split; mask standardized to project {0,1,2} convention.",val
glaucoma_fundus_imaging_bundle,REFUGE,V0153,data/external/kaggle/glaucoma_fundus_imaging_bundle/REFUGE/val/Images/V0153.jpg,data/processed/standardized_masks/refuge/val_V0153.png,data/external/kaggle/glaucoma_fundus_imaging_bundle/REFUGE/val/Images/V0153.jpg,data/processed/standardized_masks/refuge/val_V0153.png,V0153.jpg,val_V0153.png,multiclass_values_0_1_2,0,1,2,REFUGE_val_V0153,True,paired_standardized_and_visual_sample_reviewed,"REFUGE image/mask pair matched by file ID within official split; mask standardized to project {0,1,2} convention.",val
glaucoma_fundus_imaging_bundle,REFUGE,V0154,data/external/kaggle/glaucoma_fundus_imaging_bundle/REFUGE/val/Images/V0154.jpg,data/processed/standardized_masks/refuge/val_V0154.png,data/external/kaggle/glaucoma_fundus_imaging_bundle/REFUGE/val/Images/V0154.jpg,data/processed/standardized_masks/refuge/val_V0154.png,V0154.jpg,val_V0154.png,multiclass_values_0_1_2,0,1,2,REFUGE_val_V0154,True,paired_standardized_and_visual_sample_reviewed,"REFUGE image/mask pair matched by file ID within official split; mask standardized to project {0,1,2} convention.",val
glaucoma_fundus_imaging_bundle,REFUGE,V0155,data/external/kaggle/glaucoma_fundus_imaging_bundle/REFUGE/val/Images/V0155.jpg,data/processed/standardized_masks/refuge/val_V0155.png,data/external/kaggle/glaucoma_fundus_imaging_bundle/REFUGE/val/Images/V0155.jpg,data/processed/standardized_masks/refuge/val_V0155.png,V0155.jpg,val_V0155.png,multiclass_values_0_1_2,0,1,2,REFUGE_val_V0155,True,paired_standardized_and_visual_sample_reviewed,"REFUGE image/mask pair matched by file ID within official split; mask standardized to project {0,1,2} convention.",val
glaucoma_fundus_imaging_bundle,REFUGE,V0156,data/external/kaggle/glaucoma_fundus_imaging_bundle/REFUGE/val/Images/V0156.jpg,data/processed/standardized_masks/refuge/val_V0156.png,data/external/kaggle/glaucoma_fundus_imaging_bundle/REFUGE/val/Images/V0156.jpg,data/processed/standardized_masks/refuge/val_V0156.png,V0156.jpg,val_V0156.png,multiclass_values_0_1_2,0,1,2,REFUGE_val_V0156,True,paired_standardized_and_visual_sample_reviewed,"REFUGE image/mask pair matched by file ID within official split; mask standardized to project {0,1,2} convention.",val
glaucoma_fundus_imaging_bundle,REFUGE,V0157,data/external/kaggle/glaucoma_fundus_imaging_bundle/REFUGE/val/Images/V0157.jpg,data/processed/standardized_masks/refuge/val_V0157.png,data/external/kaggle/glaucoma_fundus_imaging_bundle/REFUGE/val/Images/V0157.jpg,data/processed/standardized_masks/refuge/val_V0157.png,V0157.jpg,val_V0157.png,multiclass_values_0_1_2,0,1,2,REFUGE_val_V0157,True,paired_standardized_and_visual_sample_reviewed,"REFUGE image/mask pair matched by file ID within official split; mask standardized to project {0,1,2} convention.",val
glaucoma_fundus_imaging_bundle,REFUGE,V0158,data/external/kaggle/glaucoma_fundus_imaging_bundle/REFUGE/val/Images/V0158.jpg,data/processed/standardized_masks/refuge/val_V0158.png,data/external/kaggle/glaucoma_fundus_imaging_bundle/REFUGE/val/Images/V0158.jpg,data/processed/standardized_masks/refuge/val_V0158.png,V0158.jpg,val_V0158.png,multiclass_values_0_1_2,0,1,2,REFUGE_val_V0158,True,paired_standardized_and_visual_sample_reviewed,"REFUGE image/mask pair matched by file ID within official split; mask standardized to project {0,1,2} convention.",val
glaucoma_fundus_imaging_bundle,REFUGE,V0159,data/external/kaggle/glaucoma_fundus_imaging_bundle/REFUGE/val/Images/V0159.jpg,data/processed/standardized_masks/refuge/val_V0159.png,data/external/kaggle/glaucoma_fundus_imaging_bundle/REFUGE/val/Images/V0159.jpg,data/processed/standardized_masks/refuge/val_V0159.png,V0159.jpg,val_V0159.png,multiclass_values_0_1_2,0,1,2,REFUGE_val_V0159,True,paired_standardized_and_visual_sample_reviewed,"REFUGE image/mask pair matched by file ID within official split; mask standardized to project {0,1,2} convention.",val
glaucoma_fundus_imaging_bundle,REFUGE,V0160,data/external/kaggle/glaucoma_fundus_imaging_bundle/REFUGE/val/Images/V0160.jpg,data/processed/standardized_masks/refuge/val_V0160.png,data/external/kaggle/glaucoma_fundus_imaging_bundle/REFUGE/val/Images/V0160.jpg,data/processed/standardized_masks/refuge/val_V0160.png,V0160.jpg,val_V0160.png,multiclass_values_0_1_2,0,1,2,REFUGE_val_V0160,True,paired_standardized_and_visual_sample_reviewed,"REFUGE image/mask pair matched by file ID within official split; mask standardized to project {0,1,2} convention.",val
glaucoma_fundus_imaging_bundle,REFUGE,V0161,data/external/kaggle/glaucoma_fundus_imaging_bundle/REFUGE/val/Images/V0161.jpg,data/processed/standardized_masks/refuge/val_V0161.png,data/external/kaggle/glaucoma_fundus_imaging_bundle/REFUGE/val/Images/V0161.jpg,data/processed/standardized_masks/refuge/val_V0161.png,V0161.jpg,val_V0161.png,multiclass_values_0_1_2,0,1,2,REFUGE_val_V0161,True,paired_standardized_and_visual_sample_reviewed,"REFUGE image/mask pair matched by file ID within official split; mask standardized to project {0,1,2} convention.",val
glaucoma_fundus_imaging_bundle,REFUGE,V0162,data/external/kaggle/glaucoma_fundus_imaging_bundle/REFUGE/val/Images/V0162.jpg,data/processed/standardized_masks/refuge/val_V0162.png,data/external/kaggle/glaucoma_fundus_imaging_bundle/REFUGE/val/Images/V0162.jpg,data/processed/standardized_masks/refuge/val_V0162.png,V0162.jpg,val_V0162.png,multiclass_values_0_1_2,0,1,2,REFUGE_val_V0162,True,paired_standardized_and_visual_sample_reviewed,"REFUGE image/mask pair matched by file ID within official split; mask standardized to project {0,1,2} convention.",val
glaucoma_fundus_imaging_bundle,REFUGE,V0163,data/external/kaggle/glaucoma_fundus_imaging_bundle/REFUGE/val/Images/V0163.jpg,data/processed/standardized_masks/refuge/val_V0163.png,data/external/kaggle/glaucoma_fundus_imaging_bundle/REFUGE/val/Images/V0163.jpg,data/processed/standardized_masks/refuge/val_V0163.png,V0163.jpg,val_V0163.png,multiclass_values_0_1_2,0,1,2,REFUGE_val_V0163,True,paired_standardized_and_visual_sample_reviewed,"REFUGE image/mask pair matched by file ID within official split; mask standardized to project {0,1,2} convention.",val
glaucoma_fundus_imaging_bundle,REFUGE,V0164,data/external/kaggle/glaucoma_fundus_imaging_bundle/REFUGE/val/Images/V0164.jpg,data/processed/standardized_masks/refuge/val_V0164.png,data/external/kaggle/glaucoma_fundus_imaging_bundle/REFUGE/val/Images/V0164.jpg,data/processed/standardized_masks/refuge/val_V0164.png,V0164.jpg,val_V0164.png,multiclass_values_0_1_2,0,1,2,REFUGE_val_V0164,True,paired_standardized_and_visual_sample_reviewed,"REFUGE image/mask pair matched by file ID within official split; mask standardized to project {0,1,2} convention.",val
glaucoma_fundus_imaging_bundle,REFUGE,V0165,data/external/kaggle/glaucoma_fundus_imaging_bundle/REFUGE/val/Images/V0165.jpg,data/processed/standardized_masks/refuge/val_V0165.png,data/external/kaggle/glaucoma_fundus_imaging_bundle/REFUGE/val/Images/V0165.jpg,data/processed/standardized_masks/refuge/val_V0165.png,V0165.jpg,val_V0165.png,multiclass_values_0_1_2,0,1,2,REFUGE_val_V0165,True,paired_standardized_and_visual_sample_reviewed,"REFUGE image/mask pair matched by file ID within official split; mask standardized to project {0,1,2} convention.",val
glaucoma_fundus_imaging_bundle,REFUGE,V0166,data/external/kaggle/glaucoma_fundus_imaging_bundle/REFUGE/val/Images/V0166.jpg,data/processed/standardized_masks/refuge/val_V0166.png,data/external/kaggle/glaucoma_fundus_imaging_bundle/REFUGE/val/Images/V0166.jpg,data/processed/standardized_masks/refuge/val_V0166.png,V0166.jpg,val_V0166.png,multiclass_values_0_1_2,0,1,2,REFUGE_val_V0166,True,paired_standardized_and_visual_sample_reviewed,"REFUGE image/mask pair matched by file ID within official split; mask standardized to project {0,1,2} convention.",val
glaucoma_fundus_imaging_bundle,REFUGE,V0167,data/external/kaggle/glaucoma_fundus_imaging_bundle/REFUGE/val/Images/V0167.jpg,data/processed/standardized_masks/refuge/val_V0167.png,data/external/kaggle/glaucoma_fundus_imaging_bundle/REFUGE/val/Images/V0167.jpg,data/processed/standardized_masks/refuge/val_V0167.png,V0167.jpg,val_V0167.png,multiclass_values_0_1_2,0,1,2,REFUGE_val_V0167,True,paired_standardized_and_visual_sample_reviewed,"REFUGE image/mask pair matched by file ID within official split; mask standardized to project {0,1,2} convention.",val
glaucoma_fundus_imaging_bundle,REFUGE,V0168,data/external/kaggle/glaucoma_fundus_imaging_bundle/REFUGE/val/Images/V0168.jpg,data/processed/standardized_masks/refuge/val_V0168.png,data/external/kaggle/glaucoma_fundus_imaging_bundle/REFUGE/val/Images/V0168.jpg,data/processed/standardized_masks/refuge/val_V0168.png,V0168.jpg,val_V0168.png,multiclass_values_0_1_2,0,1,2,REFUGE_val_V0168,True,paired_standardized_and_visual_sample_reviewed,"REFUGE image/mask pair matched by file ID within official split; mask standardized to project {0,1,2} convention.",val
glaucoma_fundus_imaging_bundle,REFUGE,V0169,data/external/kaggle/glaucoma_fundus_imaging_bundle/REFUGE/val/Images/V0169.jpg,data/processed/standardized_masks/refuge/val_V0169.png,data/external/kaggle/glaucoma_fundus_imaging_bundle/REFUGE/val/Images/V0169.jpg,data/processed/standardized_masks/refuge/val_V0169.png,V0169.jpg,val_V0169.png,multiclass_values_0_1_2,0,1,2,REFUGE_val_V0169,True,paired_standardized_and_visual_sample_reviewed,"REFUGE image/mask pair matched by file ID within official split; mask standardized to project {0,1,2} convention.",val
glaucoma_fundus_imaging_bundle,REFUGE,V0170,data/external/kaggle/glaucoma_fundus_imaging_bundle/REFUGE/val/Images/V0170.jpg,data/processed/standardized_masks/refuge/val_V0170.png,data/external/kaggle/glaucoma_fundus_imaging_bundle/REFUGE/val/Images/V0170.jpg,data/processed/standardized_masks/refuge/val_V0170.png,V0170.jpg,val_V0170.png,multiclass_values_0_1_2,0,1,2,REFUGE_val_V0170,True,paired_standardized_and_visual_sample_reviewed,"REFUGE image/mask pair matched by file ID within official split; mask standardized to project {0,1,2} convention.",val
glaucoma_fundus_imaging_bundle,REFUGE,V0171,data/external/kaggle/glaucoma_fundus_imaging_bundle/REFUGE/val/Images/V0171.jpg,data/processed/standardized_masks/refuge/val_V0171.png,data/external/kaggle/glaucoma_fundus_imaging_bundle/REFUGE/val/Images/V0171.jpg,data/processed/standardized_masks/refuge/val_V0171.png,V0171.jpg,val_V0171.png,multiclass_values_0_1_2,0,1,2,REFUGE_val_V0171,True,paired_standardized_and_visual_sample_reviewed,"REFUGE image/mask pair matched by file ID within official split; mask standardized to project {0,1,2} convention.",val
glaucoma_fundus_imaging_bundle,REFUGE,V0172,data/external/kaggle/glaucoma_fundus_imaging_bundle/REFUGE/val/Images/V0172.jpg,data/processed/standardized_masks/refuge/val_V0172.png,data/external/kaggle/glaucoma_fundus_imaging_bundle/REFUGE/val/Images/V0172.jpg,data/processed/standardized_masks/refuge/val_V0172.png,V0172.jpg,val_V0172.png,multiclass_values_0_1_2,0,1,2,REFUGE_val_V0172,True,paired_standardized_and_visual_sample_reviewed,"REFUGE image/mask pair matched by file ID within official split; mask standardized to project {0,1,2} convention.",val
glaucoma_fundus_imaging_bundle,REFUGE,V0173,data/external/kaggle/glaucoma_fundus_imaging_bundle/REFUGE/val/Images/V0173.jpg,data/processed/standardized_masks/refuge/val_V0173.png,data/external/kaggle/glaucoma_fundus_imaging_bundle/REFUGE/val/Images/V0173.jpg,data/processed/standardized_masks/refuge/val_V0173.png,V0173.jpg,val_V0173.png,multiclass_values_0_1_2,0,1,2,REFUGE_val_V0173,True,paired_standardized_and_visual_sample_reviewed,"REFUGE image/mask pair matched by file ID within official split; mask standardized to project {0,1,2} convention.",val
glaucoma_fundus_imaging_bundle,REFUGE,V0174,data/external/kaggle/glaucoma_fundus_imaging_bundle/REFUGE/val/Images/V0174.jpg,data/processed/standardized_masks/refuge/val_V0174.png,data/external/kaggle/glaucoma_fundus_imaging_bundle/REFUGE/val/Images/V0174.jpg,data/processed/standardized_masks/refuge/val_V0174.png,V0174.jpg,val_V0174.png,multiclass_values_0_1_2,0,1,2,REFUGE_val_V0174,True,paired_standardized_and_visual_sample_reviewed,"REFUGE image/mask pair matched by file ID within official split; mask standardized to project {0,1,2} convention.",val
glaucoma_fundus_imaging_bundle,REFUGE,V0175,data/external/kaggle/glaucoma_fundus_imaging_bundle/REFUGE/val/Images/V0175.jpg,data/processed/standardized_masks/refuge/val_V0175.png,data/external/kaggle/glaucoma_fundus_imaging_bundle/REFUGE/val/Images/V0175.jpg,data/processed/standardized_masks/refuge/val_V0175.png,V0175.jpg,val_V0175.png,multiclass_values_0_1_2,0,1,2,REFUGE_val_V0175,True,paired_standardized_and_visual_sample_reviewed,"REFUGE image/mask pair matched by file ID within official split; mask standardized to project {0,1,2} convention.",val
glaucoma_fundus_imaging_bundle,REFUGE,V0176,data/external/kaggle/glaucoma_fundus_imaging_bundle/REFUGE/val/Images/V0176.jpg,data/processed/standardized_masks/refuge/val_V0176.png,data/external/kaggle/glaucoma_fundus_imaging_bundle/REFUGE/val/Images/V0176.jpg,data/processed/standardized_masks/refuge/val_V0176.png,V0176.jpg,val_V0176.png,multiclass_values_0_1_2,0,1,2,REFUGE_val_V0176,True,paired_standardized_and_visual_sample_reviewed,"REFUGE image/mask pair matched by file ID within official split; mask standardized to project {0,1,2} convention.",val
glaucoma_fundus_imaging_bundle,REFUGE,V0177,data/external/kaggle/glaucoma_fundus_imaging_bundle/REFUGE/val/Images/V0177.jpg,data/processed/standardized_masks/refuge/val_V0177.png,data/external/kaggle/glaucoma_fundus_imaging_bundle/REFUGE/val/Images/V0177.jpg,data/processed/standardized_masks/refuge/val_V0177.png,V0177.jpg,val_V0177.png,multiclass_values_0_1_2,0,1,2,REFUGE_val_V0177,True,paired_standardized_and_visual_sample_reviewed,"REFUGE image/mask pair matched by file ID within official split; mask standardized to project {0,1,2} convention.",val
glaucoma_fundus_imaging_bundle,REFUGE,V0178,data/external/kaggle/glaucoma_fundus_imaging_bundle/REFUGE/val/Images/V0178.jpg,data/processed/standardized_masks/refuge/val_V0178.png,data/external/kaggle/glaucoma_fundus_imaging_bundle/REFUGE/val/Images/V0178.jpg,data/processed/standardized_masks/refuge/val_V0178.png,V0178.jpg,val_V0178.png,multiclass_values_0_1_2,0,1,2,REFUGE_val_V0178,True,paired_standardized_and_visual_sample_reviewed,"REFUGE image/mask pair matched by file ID within official split; mask standardized to project {0,1,2} convention.",val
glaucoma_fundus_imaging_bundle,REFUGE,V0179,data/external/kaggle/glaucoma_fundus_imaging_bundle/REFUGE/val/Images/V0179.jpg,data/processed/standardized_masks/refuge/val_V0179.png,data/external/kaggle/glaucoma_fundus_imaging_bundle/REFUGE/val/Images/V0179.jpg,data/processed/standardized_masks/refuge/val_V0179.png,V0179.jpg,val_V0179.png,multiclass_values_0_1_2,0,1,2,REFUGE_val_V0179,True,paired_standardized_and_visual_sample_reviewed,"REFUGE image/mask pair matched by file ID within official split; mask standardized to project {0,1,2} convention.",val
glaucoma_fundus_imaging_bundle,REFUGE,V0180,data/external/kaggle/glaucoma_fundus_imaging_bundle/REFUGE/val/Images/V0180.jpg,data/processed/standardized_masks/refuge/val_V0180.png,data/external/kaggle/glaucoma_fundus_imaging_bundle/REFUGE/val/Images/V0180.jpg,data/processed/standardized_masks/refuge/val_V0180.png,V0180.jpg,val_V0180.png,multiclass_values_0_1_2,0,1,2,REFUGE_val_V0180,True,paired_standardized_and_visual_sample_reviewed,"REFUGE image/mask pair matched by file ID within official split; mask standardized to project {0,1,2} convention.",val
glaucoma_fundus_imaging_bundle,REFUGE,V0181,data/external/kaggle/glaucoma_fundus_imaging_bundle/REFUGE/val/Images/V0181.jpg,data/processed/standardized_masks/refuge/val_V0181.png,data/external/kaggle/glaucoma_fundus_imaging_bundle/REFUGE/val/Images/V0181.jpg,data/processed/standardized_masks/refuge/val_V0181.png,V0181.jpg,val_V0181.png,multiclass_values_0_1_2,0,1,2,REFUGE_val_V0181,True,paired_standardized_and_visual_sample_reviewed,"REFUGE image/mask pair matched by file ID within official split; mask standardized to project {0,1,2} convention.",val
glaucoma_fundus_imaging_bundle,REFUGE,V0182,data/external/kaggle/glaucoma_fundus_imaging_bundle/REFUGE/val/Images/V0182.jpg,data/processed/standardized_masks/refuge/val_V0182.png,data/external/kaggle/glaucoma_fundus_imaging_bundle/REFUGE/val/Images/V0182.jpg,data/processed/standardized_masks/refuge/val_V0182.png,V0182.jpg,val_V0182.png,multiclass_values_0_1_2,0,1,2,REFUGE_val_V0182,True,paired_standardized_and_visual_sample_reviewed,"REFUGE image/mask pair matched by file ID within official split; mask standardized to project {0,1,2} convention.",val
glaucoma_fundus_imaging_bundle,REFUGE,V0183,data/external/kaggle/glaucoma_fundus_imaging_bundle/REFUGE/val/Images/V0183.jpg,data/processed/standardized_masks/refuge/val_V0183.png,data/external/kaggle/glaucoma_fundus_imaging_bundle/REFUGE/val/Images/V0183.jpg,data/processed/standardized_masks/refuge/val_V0183.png,V0183.jpg,val_V0183.png,multiclass_values_0_1_2,0,1,2,REFUGE_val_V0183,True,paired_standardized_and_visual_sample_reviewed,"REFUGE image/mask pair matched by file ID within official split; mask standardized to project {0,1,2} convention.",val
glaucoma_fundus_imaging_bundle,REFUGE,V0184,data/external/kaggle/glaucoma_fundus_imaging_bundle/REFUGE/val/Images/V0184.jpg,data/processed/standardized_masks/refuge/val_V0184.png,data/external/kaggle/glaucoma_fundus_imaging_bundle/REFUGE/val/Images/V0184.jpg,data/processed/standardized_masks/refuge/val_V0184.png,V0184.jpg,val_V0184.png,multiclass_values_0_1_2,0,1,2,REFUGE_val_V0184,True,paired_standardized_and_visual_sample_reviewed,"REFUGE image/mask pair matched by file ID within official split; mask standardized to project {0,1,2} convention.",val
glaucoma_fundus_imaging_bundle,REFUGE,V0185,data/external/kaggle/glaucoma_fundus_imaging_bundle/REFUGE/val/Images/V0185.jpg,data/processed/standardized_masks/refuge/val_V0185.png,data/external/kaggle/glaucoma_fundus_imaging_bundle/REFUGE/val/Images/V0185.jpg,data/processed/standardized_masks/refuge/val_V0185.png,V0185.jpg,val_V0185.png,multiclass_values_0_1_2,0,1,2,REFUGE_val_V0185,True,paired_standardized_and_visual_sample_reviewed,"REFUGE image/mask pair matched by file ID within official split; mask standardized to project {0,1,2} convention.",val
glaucoma_fundus_imaging_bundle,REFUGE,V0186,data/external/kaggle/glaucoma_fundus_imaging_bundle/REFUGE/val/Images/V0186.jpg,data/processed/standardized_masks/refuge/val_V0186.png,data/external/kaggle/glaucoma_fundus_imaging_bundle/REFUGE/val/Images/V0186.jpg,data/processed/standardized_masks/refuge/val_V0186.png,V0186.jpg,val_V0186.png,multiclass_values_0_1_2,0,1,2,REFUGE_val_V0186,True,paired_standardized_and_visual_sample_reviewed,"REFUGE image/mask pair matched by file ID within official split; mask standardized to project {0,1,2} convention.",val
glaucoma_fundus_imaging_bundle,REFUGE,V0187,data/external/kaggle/glaucoma_fundus_imaging_bundle/REFUGE/val/Images/V0187.jpg,data/processed/standardized_masks/refuge/val_V0187.png,data/external/kaggle/glaucoma_fundus_imaging_bundle/REFUGE/val/Images/V0187.jpg,data/processed/standardized_masks/refuge/val_V0187.png,V0187.jpg,val_V0187.png,multiclass_values_0_1_2,0,1,2,REFUGE_val_V0187,True,paired_standardized_and_visual_sample_reviewed,"REFUGE image/mask pair matched by file ID within official split; mask standardized to project {0,1,2} convention.",val
glaucoma_fundus_imaging_bundle,REFUGE,V0188,data/external/kaggle/glaucoma_fundus_imaging_bundle/REFUGE/val/Images/V0188.jpg,data/processed/standardized_masks/refuge/val_V0188.png,data/external/kaggle/glaucoma_fundus_imaging_bundle/REFUGE/val/Images/V0188.jpg,data/processed/standardized_masks/refuge/val_V0188.png,V0188.jpg,val_V0188.png,multiclass_values_0_1_2,0,1,2,REFUGE_val_V0188,True,paired_standardized_and_visual_sample_reviewed,"REFUGE image/mask pair matched by file ID within official split; mask standardized to project {0,1,2} convention.",val
glaucoma_fundus_imaging_bundle,REFUGE,V0189,data/external/kaggle/glaucoma_fundus_imaging_bundle/REFUGE/val/Images/V0189.jpg,data/processed/standardized_masks/refuge/val_V0189.png,data/external/kaggle/glaucoma_fundus_imaging_bundle/REFUGE/val/Images/V0189.jpg,data/processed/standardized_masks/refuge/val_V0189.png,V0189.jpg,val_V0189.png,multiclass_values_0_1_2,0,1,2,REFUGE_val_V0189,True,paired_standardized_and_visual_sample_reviewed,"REFUGE image/mask pair matched by file ID within official split; mask standardized to project {0,1,2} convention.",val
glaucoma_fundus_imaging_bundle,REFUGE,V0190,data/external/kaggle/glaucoma_fundus_imaging_bundle/REFUGE/val/Images/V0190.jpg,data/processed/standardized_masks/refuge/val_V0190.png,data/external/kaggle/glaucoma_fundus_imaging_bundle/REFUGE/val/Images/V0190.jpg,data/processed/standardized_masks/refuge/val_V0190.png,V0190.jpg,val_V0190.png,multiclass_values_0_1_2,0,1,2,REFUGE_val_V0190,True,paired_standardized_and_visual_sample_reviewed,"REFUGE image/mask pair matched by file ID within official split; mask standardized to project {0,1,2} convention.",val
glaucoma_fundus_imaging_bundle,REFUGE,V0191,data/external/kaggle/glaucoma_fundus_imaging_bundle/REFUGE/val/Images/V0191.jpg,data/processed/standardized_masks/refuge/val_V0191.png,data/external/kaggle/glaucoma_fundus_imaging_bundle/REFUGE/val/Images/V0191.jpg,data/processed/standardized_masks/refuge/val_V0191.png,V0191.jpg,val_V0191.png,multiclass_values_0_1_2,0,1,2,REFUGE_val_V0191,True,paired_standardized_and_visual_sample_reviewed,"REFUGE image/mask pair matched by file ID within official split; mask standardized to project {0,1,2} convention.",val
glaucoma_fundus_imaging_bundle,REFUGE,V0192,data/external/kaggle/glaucoma_fundus_imaging_bundle/REFUGE/val/Images/V0192.jpg,data/processed/standardized_masks/refuge/val_V0192.png,data/external/kaggle/glaucoma_fundus_imaging_bundle/REFUGE/val/Images/V0192.jpg,data/processed/standardized_masks/refuge/val_V0192.png,V0192.jpg,val_V0192.png,multiclass_values_0_1_2,0,1,2,REFUGE_val_V0192,True,paired_standardized_and_visual_sample_reviewed,"REFUGE image/mask pair matched by file ID within official split; mask standardized to project {0,1,2} convention.",val
glaucoma_fundus_imaging_bundle,REFUGE,V0193,data/external/kaggle/glaucoma_fundus_imaging_bundle/REFUGE/val/Images/V0193.jpg,data/processed/standardized_masks/refuge/val_V0193.png,data/external/kaggle/glaucoma_fundus_imaging_bundle/REFUGE/val/Images/V0193.jpg,data/processed/standardized_masks/refuge/val_V0193.png,V0193.jpg,val_V0193.png,multiclass_values_0_1_2,0,1,2,REFUGE_val_V0193,True,paired_standardized_and_visual_sample_reviewed,"REFUGE image/mask pair matched by file ID within official split; mask standardized to project {0,1,2} convention.",val
glaucoma_fundus_imaging_bundle,REFUGE,V0194,data/external/kaggle/glaucoma_fundus_imaging_bundle/REFUGE/val/Images/V0194.jpg,data/processed/standardized_masks/refuge/val_V0194.png,data/external/kaggle/glaucoma_fundus_imaging_bundle/REFUGE/val/Images/V0194.jpg,data/processed/standardized_masks/refuge/val_V0194.png,V0194.jpg,val_V0194.png,multiclass_values_0_1_2,0,1,2,REFUGE_val_V0194,True,paired_standardized_and_visual_sample_reviewed,"REFUGE image/mask pair matched by file ID within official split; mask standardized to project {0,1,2} convention.",val
glaucoma_fundus_imaging_bundle,REFUGE,V0195,data/external/kaggle/glaucoma_fundus_imaging_bundle/REFUGE/val/Images/V0195.jpg,data/processed/standardized_masks/refuge/val_V0195.png,data/external/kaggle/glaucoma_fundus_imaging_bundle/REFUGE/val/Images/V0195.jpg,data/processed/standardized_masks/refuge/val_V0195.png,V0195.jpg,val_V0195.png,multiclass_values_0_1_2,0,1,2,REFUGE_val_V0195,True,paired_standardized_and_visual_sample_reviewed,"REFUGE image/mask pair matched by file ID within official split; mask standardized to project {0,1,2} convention.",val
glaucoma_fundus_imaging_bundle,REFUGE,V0196,data/external/kaggle/glaucoma_fundus_imaging_bundle/REFUGE/val/Images/V0196.jpg,data/processed/standardized_masks/refuge/val_V0196.png,data/external/kaggle/glaucoma_fundus_imaging_bundle/REFUGE/val/Images/V0196.jpg,data/processed/standardized_masks/refuge/val_V0196.png,V0196.jpg,val_V0196.png,multiclass_values_0_1_2,0,1,2,REFUGE_val_V0196,True,paired_standardized_and_visual_sample_reviewed,"REFUGE image/mask pair matched by file ID within official split; mask standardized to project {0,1,2} convention.",val
glaucoma_fundus_imaging_bundle,REFUGE,V0197,data/external/kaggle/glaucoma_fundus_imaging_bundle/REFUGE/val/Images/V0197.jpg,data/processed/standardized_masks/refuge/val_V0197.png,data/external/kaggle/glaucoma_fundus_imaging_bundle/REFUGE/val/Images/V0197.jpg,data/processed/standardized_masks/refuge/val_V0197.png,V0197.jpg,val_V0197.png,multiclass_values_0_1_2,0,1,2,REFUGE_val_V0197,True,paired_standardized_and_visual_sample_reviewed,"REFUGE image/mask pair matched by file ID within official split; mask standardized to project {0,1,2} convention.",val
glaucoma_fundus_imaging_bundle,REFUGE,V0198,data/external/kaggle/glaucoma_fundus_imaging_bundle/REFUGE/val/Images/V0198.jpg,data/processed/standardized_masks/refuge/val_V0198.png,data/external/kaggle/glaucoma_fundus_imaging_bundle/REFUGE/val/Images/V0198.jpg,data/processed/standardized_masks/refuge/val_V0198.png,V0198.jpg,val_V0198.png,multiclass_values_0_1_2,0,1,2,REFUGE_val_V0198,True,paired_standardized_and_visual_sample_reviewed,"REFUGE image/mask pair matched by file ID within official split; mask standardized to project {0,1,2} convention.",val
glaucoma_fundus_imaging_bundle,REFUGE,V0199,data/external/kaggle/glaucoma_fundus_imaging_bundle/REFUGE/val/Images/V0199.jpg,data/processed/standardized_masks/refuge/val_V0199.png,data/external/kaggle/glaucoma_fundus_imaging_bundle/REFUGE/val/Images/V0199.jpg,data/processed/standardized_masks/refuge/val_V0199.png,V0199.jpg,val_V0199.png,multiclass_values_0_1_2,0,1,2,REFUGE_val_V0199,True,paired_standardized_and_visual_sample_reviewed,"REFUGE image/mask pair matched by file ID within official split; mask standardized to project {0,1,2} convention.",val
glaucoma_fundus_imaging_bundle,REFUGE,V0200,data/external/kaggle/glaucoma_fundus_imaging_bundle/REFUGE/val/Images/V0200.jpg,data/processed/standardized_masks/refuge/val_V0200.png,data/external/kaggle/glaucoma_fundus_imaging_bundle/REFUGE/val/Images/V0200.jpg,data/processed/standardized_masks/refuge/val_V0200.png,V0200.jpg,val_V0200.png,multiclass_values_0_1_2,0,1,2,REFUGE_val_V0200,True,paired_standardized_and_visual_sample_reviewed,"REFUGE image/mask pair matched by file ID within official split; mask standardized to project {0,1,2} convention.",val
glaucoma_fundus_imaging_bundle,REFUGE,V0201,data/external/kaggle/glaucoma_fundus_imaging_bundle/REFUGE/val/Images/V0201.jpg,data/processed/standardized_masks/refuge/val_V0201.png,data/external/kaggle/glaucoma_fundus_imaging_bundle/REFUGE/val/Images/V0201.jpg,data/processed/standardized_masks/refuge/val_V0201.png,V0201.jpg,val_V0201.png,multiclass_values_0_1_2,0,1,2,REFUGE_val_V0201,True,paired_standardized_and_visual_sample_reviewed,"REFUGE image/mask pair matched by file ID within official split; mask standardized to project {0,1,2} convention.",val
glaucoma_fundus_imaging_bundle,REFUGE,V0202,data/external/kaggle/glaucoma_fundus_imaging_bundle/REFUGE/val/Images/V0202.jpg,data/processed/standardized_masks/refuge/val_V0202.png,data/external/kaggle/glaucoma_fundus_imaging_bundle/REFUGE/val/Images/V0202.jpg,data/processed/standardized_masks/refuge/val_V0202.png,V0202.jpg,val_V0202.png,multiclass_values_0_1_2,0,1,2,REFUGE_val_V0202,True,paired_standardized_and_visual_sample_reviewed,"REFUGE image/mask pair matched by file ID within official split; mask standardized to project {0,1,2} convention.",val
glaucoma_fundus_imaging_bundle,REFUGE,V0203,data/external/kaggle/glaucoma_fundus_imaging_bundle/REFUGE/val/Images/V0203.jpg,data/processed/standardized_masks/refuge/val_V0203.png,data/external/kaggle/glaucoma_fundus_imaging_bundle/REFUGE/val/Images/V0203.jpg,data/processed/standardized_masks/refuge/val_V0203.png,V0203.jpg,val_V0203.png,multiclass_values_0_1_2,0,1,2,REFUGE_val_V0203,True,paired_standardized_and_visual_sample_reviewed,"REFUGE image/mask pair matched by file ID within official split; mask standardized to project {0,1,2} convention.",val
glaucoma_fundus_imaging_bundle,REFUGE,V0204,data/external/kaggle/glaucoma_fundus_imaging_bundle/REFUGE/val/Images/V0204.jpg,data/processed/standardized_masks/refuge/val_V0204.png,data/external/kaggle/glaucoma_fundus_imaging_bundle/REFUGE/val/Images/V0204.jpg,data/processed/standardized_masks/refuge/val_V0204.png,V0204.jpg,val_V0204.png,multiclass_values_0_1_2,0,1,2,REFUGE_val_V0204,True,paired_standardized_and_visual_sample_reviewed,"REFUGE image/mask pair matched by file ID within official split; mask standardized to project {0,1,2} convention.",val
glaucoma_fundus_imaging_bundle,REFUGE,V0205,data/external/kaggle/glaucoma_fundus_imaging_bundle/REFUGE/val/Images/V0205.jpg,data/processed/standardized_masks/refuge/val_V0205.png,data/external/kaggle/glaucoma_fundus_imaging_bundle/REFUGE/val/Images/V0205.jpg,data/processed/standardized_masks/refuge/val_V0205.png,V0205.jpg,val_V0205.png,multiclass_values_0_1_2,0,1,2,REFUGE_val_V0205,True,paired_standardized_and_visual_sample_reviewed,"REFUGE image/mask pair matched by file ID within official split; mask standardized to project {0,1,2} convention.",val
glaucoma_fundus_imaging_bundle,REFUGE,V0206,data/external/kaggle/glaucoma_fundus_imaging_bundle/REFUGE/val/Images/V0206.jpg,data/processed/standardized_masks/refuge/val_V0206.png,data/external/kaggle/glaucoma_fundus_imaging_bundle/REFUGE/val/Images/V0206.jpg,data/processed/standardized_masks/refuge/val_V0206.png,V0206.jpg,val_V0206.png,multiclass_values_0_1_2,0,1,2,REFUGE_val_V0206,True,paired_standardized_and_visual_sample_reviewed,"REFUGE image/mask pair matched by file ID within official split; mask standardized to project {0,1,2} convention.",val
glaucoma_fundus_imaging_bundle,REFUGE,V0207,data/external/kaggle/glaucoma_fundus_imaging_bundle/REFUGE/val/Images/V0207.jpg,data/processed/standardized_masks/refuge/val_V0207.png,data/external/kaggle/glaucoma_fundus_imaging_bundle/REFUGE/val/Images/V0207.jpg,data/processed/standardized_masks/refuge/val_V0207.png,V0207.jpg,val_V0207.png,multiclass_values_0_1_2,0,1,2,REFUGE_val_V0207,True,paired_standardized_and_visual_sample_reviewed,"REFUGE image/mask pair matched by file ID within official split; mask standardized to project {0,1,2} convention.",val
glaucoma_fundus_imaging_bundle,REFUGE,V0208,data/external/kaggle/glaucoma_fundus_imaging_bundle/REFUGE/val/Images/V0208.jpg,data/processed/standardized_masks/refuge/val_V0208.png,data/external/kaggle/glaucoma_fundus_imaging_bundle/REFUGE/val/Images/V0208.jpg,data/processed/standardized_masks/refuge/val_V0208.png,V0208.jpg,val_V0208.png,multiclass_values_0_1_2,0,1,2,REFUGE_val_V0208,True,paired_standardized_and_visual_sample_reviewed,"REFUGE image/mask pair matched by file ID within official split; mask standardized to project {0,1,2} convention.",val
glaucoma_fundus_imaging_bundle,REFUGE,V0209,data/external/kaggle/glaucoma_fundus_imaging_bundle/REFUGE/val/Images/V0209.jpg,data/processed/standardized_masks/refuge/val_V0209.png,data/external/kaggle/glaucoma_fundus_imaging_bundle/REFUGE/val/Images/V0209.jpg,data/processed/standardized_masks/refuge/val_V0209.png,V0209.jpg,val_V0209.png,multiclass_values_0_1_2,0,1,2,REFUGE_val_V0209,True,paired_standardized_and_visual_sample_reviewed,"REFUGE image/mask pair matched by file ID within official split; mask standardized to project {0,1,2} convention.",val
glaucoma_fundus_imaging_bundle,REFUGE,V0210,data/external/kaggle/glaucoma_fundus_imaging_bundle/REFUGE/val/Images/V0210.jpg,data/processed/standardized_masks/refuge/val_V0210.png,data/external/kaggle/glaucoma_fundus_imaging_bundle/REFUGE/val/Images/V0210.jpg,data/processed/standardized_masks/refuge/val_V0210.png,V0210.jpg,val_V0210.png,multiclass_values_0_1_2,0,1,2,REFUGE_val_V0210,True,paired_standardized_and_visual_sample_reviewed,"REFUGE image/mask pair matched by file ID within official split; mask standardized to project {0,1,2} convention.",val
glaucoma_fundus_imaging_bundle,REFUGE,V0211,data/external/kaggle/glaucoma_fundus_imaging_bundle/REFUGE/val/Images/V0211.jpg,data/processed/standardized_masks/refuge/val_V0211.png,data/external/kaggle/glaucoma_fundus_imaging_bundle/REFUGE/val/Images/V0211.jpg,data/processed/standardized_masks/refuge/val_V0211.png,V0211.jpg,val_V0211.png,multiclass_values_0_1_2,0,1,2,REFUGE_val_V0211,True,paired_standardized_and_visual_sample_reviewed,"REFUGE image/mask pair matched by file ID within official split; mask standardized to project {0,1,2} convention.",val
glaucoma_fundus_imaging_bundle,REFUGE,V0212,data/external/kaggle/glaucoma_fundus_imaging_bundle/REFUGE/val/Images/V0212.jpg,data/processed/standardized_masks/refuge/val_V0212.png,data/external/kaggle/glaucoma_fundus_imaging_bundle/REFUGE/val/Images/V0212.jpg,data/processed/standardized_masks/refuge/val_V0212.png,V0212.jpg,val_V0212.png,multiclass_values_0_1_2,0,1,2,REFUGE_val_V0212,True,paired_standardized_and_visual_sample_reviewed,"REFUGE image/mask pair matched by file ID within official split; mask standardized to project {0,1,2} convention.",val
glaucoma_fundus_imaging_bundle,REFUGE,V0213,data/external/kaggle/glaucoma_fundus_imaging_bundle/REFUGE/val/Images/V0213.jpg,data/processed/standardized_masks/refuge/val_V0213.png,data/external/kaggle/glaucoma_fundus_imaging_bundle/REFUGE/val/Images/V0213.jpg,data/processed/standardized_masks/refuge/val_V0213.png,V0213.jpg,val_V0213.png,multiclass_values_0_1_2,0,1,2,REFUGE_val_V0213,True,paired_standardized_and_visual_sample_reviewed,"REFUGE image/mask pair matched by file ID within official split; mask standardized to project {0,1,2} convention.",val
glaucoma_fundus_imaging_bundle,REFUGE,V0214,data/external/kaggle/glaucoma_fundus_imaging_bundle/REFUGE/val/Images/V0214.jpg,data/processed/standardized_masks/refuge/val_V0214.png,data/external/kaggle/glaucoma_fundus_imaging_bundle/REFUGE/val/Images/V0214.jpg,data/processed/standardized_masks/refuge/val_V0214.png,V0214.jpg,val_V0214.png,multiclass_values_0_1_2,0,1,2,REFUGE_val_V0214,True,paired_standardized_and_visual_sample_reviewed,"REFUGE image/mask pair matched by file ID within official split; mask standardized to project {0,1,2} convention.",val
glaucoma_fundus_imaging_bundle,REFUGE,V0215,data/external/kaggle/glaucoma_fundus_imaging_bundle/REFUGE/val/Images/V0215.jpg,data/processed/standardized_masks/refuge/val_V0215.png,data/external/kaggle/glaucoma_fundus_imaging_bundle/REFUGE/val/Images/V0215.jpg,data/processed/standardized_masks/refuge/val_V0215.png,V0215.jpg,val_V0215.png,multiclass_values_0_1_2,0,1,2,REFUGE_val_V0215,True,paired_standardized_and_visual_sample_reviewed,"REFUGE image/mask pair matched by file ID within official split; mask standardized to project {0,1,2} convention.",val
glaucoma_fundus_imaging_bundle,REFUGE,V0216,data/external/kaggle/glaucoma_fundus_imaging_bundle/REFUGE/val/Images/V0216.jpg,data/processed/standardized_masks/refuge/val_V0216.png,data/external/kaggle/glaucoma_fundus_imaging_bundle/REFUGE/val/Images/V0216.jpg,data/processed/standardized_masks/refuge/val_V0216.png,V0216.jpg,val_V0216.png,multiclass_values_0_1_2,0,1,2,REFUGE_val_V0216,True,paired_standardized_and_visual_sample_reviewed,"REFUGE image/mask pair matched by file ID within official split; mask standardized to project {0,1,2} convention.",val
glaucoma_fundus_imaging_bundle,REFUGE,V0217,data/external/kaggle/glaucoma_fundus_imaging_bundle/REFUGE/val/Images/V0217.jpg,data/processed/standardized_masks/refuge/val_V0217.png,data/external/kaggle/glaucoma_fundus_imaging_bundle/REFUGE/val/Images/V0217.jpg,data/processed/standardized_masks/refuge/val_V0217.png,V0217.jpg,val_V0217.png,multiclass_values_0_1_2,0,1,2,REFUGE_val_V0217,True,paired_standardized_and_visual_sample_reviewed,"REFUGE image/mask pair matched by file ID within official split; mask standardized to project {0,1,2} convention.",val
glaucoma_fundus_imaging_bundle,REFUGE,V0218,data/external/kaggle/glaucoma_fundus_imaging_bundle/REFUGE/val/Images/V0218.jpg,data/processed/standardized_masks/refuge/val_V0218.png,data/external/kaggle/glaucoma_fundus_imaging_bundle/REFUGE/val/Images/V0218.jpg,data/processed/standardized_masks/refuge/val_V0218.png,V0218.jpg,val_V0218.png,multiclass_values_0_1_2,0,1,2,REFUGE_val_V0218,True,paired_standardized_and_visual_sample_reviewed,"REFUGE image/mask pair matched by file ID within official split; mask standardized to project {0,1,2} convention.",val
glaucoma_fundus_imaging_bundle,REFUGE,V0219,data/external/kaggle/glaucoma_fundus_imaging_bundle/REFUGE/val/Images/V0219.jpg,data/processed/standardized_masks/refuge/val_V0219.png,data/external/kaggle/glaucoma_fundus_imaging_bundle/REFUGE/val/Images/V0219.jpg,data/processed/standardized_masks/refuge/val_V0219.png,V0219.jpg,val_V0219.png,multiclass_values_0_1_2,0,1,2,REFUGE_val_V0219,True,paired_standardized_and_visual_sample_reviewed,"REFUGE image/mask pair matched by file ID within official split; mask standardized to project {0,1,2} convention.",val
glaucoma_fundus_imaging_bundle,REFUGE,V0220,data/external/kaggle/glaucoma_fundus_imaging_bundle/REFUGE/val/Images/V0220.jpg,data/processed/standardized_masks/refuge/val_V0220.png,data/external/kaggle/glaucoma_fundus_imaging_bundle/REFUGE/val/Images/V0220.jpg,data/processed/standardized_masks/refuge/val_V0220.png,V0220.jpg,val_V0220.png,multiclass_values_0_1_2,0,1,2,REFUGE_val_V0220,True,paired_standardized_and_visual_sample_reviewed,"REFUGE image/mask pair matched by file ID within official split; mask standardized to project {0,1,2} convention.",val
glaucoma_fundus_imaging_bundle,REFUGE,V0221,data/external/kaggle/glaucoma_fundus_imaging_bundle/REFUGE/val/Images/V0221.jpg,data/processed/standardized_masks/refuge/val_V0221.png,data/external/kaggle/glaucoma_fundus_imaging_bundle/REFUGE/val/Images/V0221.jpg,data/processed/standardized_masks/refuge/val_V0221.png,V0221.jpg,val_V0221.png,multiclass_values_0_1_2,0,1,2,REFUGE_val_V0221,True,paired_standardized_and_visual_sample_reviewed,"REFUGE image/mask pair matched by file ID within official split; mask standardized to project {0,1,2} convention.",val
glaucoma_fundus_imaging_bundle,REFUGE,V0222,data/external/kaggle/glaucoma_fundus_imaging_bundle/REFUGE/val/Images/V0222.jpg,data/processed/standardized_masks/refuge/val_V0222.png,data/external/kaggle/glaucoma_fundus_imaging_bundle/REFUGE/val/Images/V0222.jpg,data/processed/standardized_masks/refuge/val_V0222.png,V0222.jpg,val_V0222.png,multiclass_values_0_1_2,0,1,2,REFUGE_val_V0222,True,paired_standardized_and_visual_sample_reviewed,"REFUGE image/mask pair matched by file ID within official split; mask standardized to project {0,1,2} convention.",val
glaucoma_fundus_imaging_bundle,REFUGE,V0223,data/external/kaggle/glaucoma_fundus_imaging_bundle/REFUGE/val/Images/V0223.jpg,data/processed/standardized_masks/refuge/val_V0223.png,data/external/kaggle/glaucoma_fundus_imaging_bundle/REFUGE/val/Images/V0223.jpg,data/processed/standardized_masks/refuge/val_V0223.png,V0223.jpg,val_V0223.png,multiclass_values_0_1_2,0,1,2,REFUGE_val_V0223,True,paired_standardized_and_visual_sample_reviewed,"REFUGE image/mask pair matched by file ID within official split; mask standardized to project {0,1,2} convention.",val
glaucoma_fundus_imaging_bundle,REFUGE,V0224,data/external/kaggle/glaucoma_fundus_imaging_bundle/REFUGE/val/Images/V0224.jpg,data/processed/standardized_masks/refuge/val_V0224.png,data/external/kaggle/glaucoma_fundus_imaging_bundle/REFUGE/val/Images/V0224.jpg,data/processed/standardized_masks/refuge/val_V0224.png,V0224.jpg,val_V0224.png,multiclass_values_0_1_2,0,1,2,REFUGE_val_V0224,True,paired_standardized_and_visual_sample_reviewed,"REFUGE image/mask pair matched by file ID within official split; mask standardized to project {0,1,2} convention.",val
glaucoma_fundus_imaging_bundle,REFUGE,V0225,data/external/kaggle/glaucoma_fundus_imaging_bundle/REFUGE/val/Images/V0225.jpg,data/processed/standardized_masks/refuge/val_V0225.png,data/external/kaggle/glaucoma_fundus_imaging_bundle/REFUGE/val/Images/V0225.jpg,data/processed/standardized_masks/refuge/val_V0225.png,V0225.jpg,val_V0225.png,multiclass_values_0_1_2,0,1,2,REFUGE_val_V0225,True,paired_standardized_and_visual_sample_reviewed,"REFUGE image/mask pair matched by file ID within official split; mask standardized to project {0,1,2} convention.",val
glaucoma_fundus_imaging_bundle,REFUGE,V0226,data/external/kaggle/glaucoma_fundus_imaging_bundle/REFUGE/val/Images/V0226.jpg,data/processed/standardized_masks/refuge/val_V0226.png,data/external/kaggle/glaucoma_fundus_imaging_bundle/REFUGE/val/Images/V0226.jpg,data/processed/standardized_masks/refuge/val_V0226.png,V0226.jpg,val_V0226.png,multiclass_values_0_1_2,0,1,2,REFUGE_val_V0226,True,paired_standardized_and_visual_sample_reviewed,"REFUGE image/mask pair matched by file ID within official split; mask standardized to project {0,1,2} convention.",val
glaucoma_fundus_imaging_bundle,REFUGE,V0227,data/external/kaggle/glaucoma_fundus_imaging_bundle/REFUGE/val/Images/V0227.jpg,data/processed/standardized_masks/refuge/val_V0227.png,data/external/kaggle/glaucoma_fundus_imaging_bundle/REFUGE/val/Images/V0227.jpg,data/processed/standardized_masks/refuge/val_V0227.png,V0227.jpg,val_V0227.png,multiclass_values_0_1_2,0,1,2,REFUGE_val_V0227,True,paired_standardized_and_visual_sample_reviewed,"REFUGE image/mask pair matched by file ID within official split; mask standardized to project {0,1,2} convention.",val
glaucoma_fundus_imaging_bundle,REFUGE,V0228,data/external/kaggle/glaucoma_fundus_imaging_bundle/REFUGE/val/Images/V0228.jpg,data/processed/standardized_masks/refuge/val_V0228.png,data/external/kaggle/glaucoma_fundus_imaging_bundle/REFUGE/val/Images/V0228.jpg,data/processed/standardized_masks/refuge/val_V0228.png,V0228.jpg,val_V0228.png,multiclass_values_0_1_2,0,1,2,REFUGE_val_V0228,True,paired_standardized_and_visual_sample_reviewed,"REFUGE image/mask pair matched by file ID within official split; mask standardized to project {0,1,2} convention.",val
glaucoma_fundus_imaging_bundle,REFUGE,V0229,data/external/kaggle/glaucoma_fundus_imaging_bundle/REFUGE/val/Images/V0229.jpg,data/processed/standardized_masks/refuge/val_V0229.png,data/external/kaggle/glaucoma_fundus_imaging_bundle/REFUGE/val/Images/V0229.jpg,data/processed/standardized_masks/refuge/val_V0229.png,V0229.jpg,val_V0229.png,multiclass_values_0_1_2,0,1,2,REFUGE_val_V0229,True,paired_standardized_and_visual_sample_reviewed,"REFUGE image/mask pair matched by file ID within official split; mask standardized to project {0,1,2} convention.",val
glaucoma_fundus_imaging_bundle,REFUGE,V0230,data/external/kaggle/glaucoma_fundus_imaging_bundle/REFUGE/val/Images/V0230.jpg,data/processed/standardized_masks/refuge/val_V0230.png,data/external/kaggle/glaucoma_fundus_imaging_bundle/REFUGE/val/Images/V0230.jpg,data/processed/standardized_masks/refuge/val_V0230.png,V0230.jpg,val_V0230.png,multiclass_values_0_1_2,0,1,2,REFUGE_val_V0230,True,paired_standardized_and_visual_sample_reviewed,"REFUGE image/mask pair matched by file ID within official split; mask standardized to project {0,1,2} convention.",val
glaucoma_fundus_imaging_bundle,REFUGE,V0231,data/external/kaggle/glaucoma_fundus_imaging_bundle/REFUGE/val/Images/V0231.jpg,data/processed/standardized_masks/refuge/val_V0231.png,data/external/kaggle/glaucoma_fundus_imaging_bundle/REFUGE/val/Images/V0231.jpg,data/processed/standardized_masks/refuge/val_V0231.png,V0231.jpg,val_V0231.png,multiclass_values_0_1_2,0,1,2,REFUGE_val_V0231,True,paired_standardized_and_visual_sample_reviewed,"REFUGE image/mask pair matched by file ID within official split; mask standardized to project {0,1,2} convention.",val
glaucoma_fundus_imaging_bundle,REFUGE,V0232,data/external/kaggle/glaucoma_fundus_imaging_bundle/REFUGE/val/Images/V0232.jpg,data/processed/standardized_masks/refuge/val_V0232.png,data/external/kaggle/glaucoma_fundus_imaging_bundle/REFUGE/val/Images/V0232.jpg,data/processed/standardized_masks/refuge/val_V0232.png,V0232.jpg,val_V0232.png,multiclass_values_0_1_2,0,1,2,REFUGE_val_V0232,True,paired_standardized_and_visual_sample_reviewed,"REFUGE image/mask pair matched by file ID within official split; mask standardized to project {0,1,2} convention.",val
glaucoma_fundus_imaging_bundle,REFUGE,V0233,data/external/kaggle/glaucoma_fundus_imaging_bundle/REFUGE/val/Images/V0233.jpg,data/processed/standardized_masks/refuge/val_V0233.png,data/external/kaggle/glaucoma_fundus_imaging_bundle/REFUGE/val/Images/V0233.jpg,data/processed/standardized_masks/refuge/val_V0233.png,V0233.jpg,val_V0233.png,multiclass_values_0_1_2,0,1,2,REFUGE_val_V0233,True,paired_standardized_and_visual_sample_reviewed,"REFUGE image/mask pair matched by file ID within official split; mask standardized to project {0,1,2} convention.",val
glaucoma_fundus_imaging_bundle,REFUGE,V0234,data/external/kaggle/glaucoma_fundus_imaging_bundle/REFUGE/val/Images/V0234.jpg,data/processed/standardized_masks/refuge/val_V0234.png,data/external/kaggle/glaucoma_fundus_imaging_bundle/REFUGE/val/Images/V0234.jpg,data/processed/standardized_masks/refuge/val_V0234.png,V0234.jpg,val_V0234.png,multiclass_values_0_1_2,0,1,2,REFUGE_val_V0234,True,paired_standardized_and_visual_sample_reviewed,"REFUGE image/mask pair matched by file ID within official split; mask standardized to project {0,1,2} convention.",val
glaucoma_fundus_imaging_bundle,REFUGE,V0235,data/external/kaggle/glaucoma_fundus_imaging_bundle/REFUGE/val/Images/V0235.jpg,data/processed/standardized_masks/refuge/val_V0235.png,data/external/kaggle/glaucoma_fundus_imaging_bundle/REFUGE/val/Images/V0235.jpg,data/processed/standardized_masks/refuge/val_V0235.png,V0235.jpg,val_V0235.png,multiclass_values_0_1_2,0,1,2,REFUGE_val_V0235,True,paired_standardized_and_visual_sample_reviewed,"REFUGE image/mask pair matched by file ID within official split; mask standardized to project {0,1,2} convention.",val
glaucoma_fundus_imaging_bundle,REFUGE,V0236,data/external/kaggle/glaucoma_fundus_imaging_bundle/REFUGE/val/Images/V0236.jpg,data/processed/standardized_masks/refuge/val_V0236.png,data/external/kaggle/glaucoma_fundus_imaging_bundle/REFUGE/val/Images/V0236.jpg,data/processed/standardized_masks/refuge/val_V0236.png,V0236.jpg,val_V0236.png,multiclass_values_0_1_2,0,1,2,REFUGE_val_V0236,True,paired_standardized_and_visual_sample_reviewed,"REFUGE image/mask pair matched by file ID within official split; mask standardized to project {0,1,2} convention.",val
glaucoma_fundus_imaging_bundle,REFUGE,V0237,data/external/kaggle/glaucoma_fundus_imaging_bundle/REFUGE/val/Images/V0237.jpg,data/processed/standardized_masks/refuge/val_V0237.png,data/external/kaggle/glaucoma_fundus_imaging_bundle/REFUGE/val/Images/V0237.jpg,data/processed/standardized_masks/refuge/val_V0237.png,V0237.jpg,val_V0237.png,multiclass_values_0_1_2,0,1,2,REFUGE_val_V0237,True,paired_standardized_and_visual_sample_reviewed,"REFUGE image/mask pair matched by file ID within official split; mask standardized to project {0,1,2} convention.",val
glaucoma_fundus_imaging_bundle,REFUGE,V0238,data/external/kaggle/glaucoma_fundus_imaging_bundle/REFUGE/val/Images/V0238.jpg,data/processed/standardized_masks/refuge/val_V0238.png,data/external/kaggle/glaucoma_fundus_imaging_bundle/REFUGE/val/Images/V0238.jpg,data/processed/standardized_masks/refuge/val_V0238.png,V0238.jpg,val_V0238.png,multiclass_values_0_1_2,0,1,2,REFUGE_val_V0238,True,paired_standardized_and_visual_sample_reviewed,"REFUGE image/mask pair matched by file ID within official split; mask standardized to project {0,1,2} convention.",val
glaucoma_fundus_imaging_bundle,REFUGE,V0239,data/external/kaggle/glaucoma_fundus_imaging_bundle/REFUGE/val/Images/V0239.jpg,data/processed/standardized_masks/refuge/val_V0239.png,data/external/kaggle/glaucoma_fundus_imaging_bundle/REFUGE/val/Images/V0239.jpg,data/processed/standardized_masks/refuge/val_V0239.png,V0239.jpg,val_V0239.png,multiclass_values_0_1_2,0,1,2,REFUGE_val_V0239,True,paired_standardized_and_visual_sample_reviewed,"REFUGE image/mask pair matched by file ID within official split; mask standardized to project {0,1,2} convention.",val
glaucoma_fundus_imaging_bundle,REFUGE,V0240,data/external/kaggle/glaucoma_fundus_imaging_bundle/REFUGE/val/Images/V0240.jpg,data/processed/standardized_masks/refuge/val_V0240.png,data/external/kaggle/glaucoma_fundus_imaging_bundle/REFUGE/val/Images/V0240.jpg,data/processed/standardized_masks/refuge/val_V0240.png,V0240.jpg,val_V0240.png,multiclass_values_0_1_2,0,1,2,REFUGE_val_V0240,True,paired_standardized_and_visual_sample_reviewed,"REFUGE image/mask pair matched by file ID within official split; mask standardized to project {0,1,2} convention.",val
glaucoma_fundus_imaging_bundle,REFUGE,V0241,data/external/kaggle/glaucoma_fundus_imaging_bundle/REFUGE/val/Images/V0241.jpg,data/processed/standardized_masks/refuge/val_V0241.png,data/external/kaggle/glaucoma_fundus_imaging_bundle/REFUGE/val/Images/V0241.jpg,data/processed/standardized_masks/refuge/val_V0241.png,V0241.jpg,val_V0241.png,multiclass_values_0_1_2,0,1,2,REFUGE_val_V0241,True,paired_standardized_and_visual_sample_reviewed,"REFUGE image/mask pair matched by file ID within official split; mask standardized to project {0,1,2} convention.",val
glaucoma_fundus_imaging_bundle,REFUGE,V0242,data/external/kaggle/glaucoma_fundus_imaging_bundle/REFUGE/val/Images/V0242.jpg,data/processed/standardized_masks/refuge/val_V0242.png,data/external/kaggle/glaucoma_fundus_imaging_bundle/REFUGE/val/Images/V0242.jpg,data/processed/standardized_masks/refuge/val_V0242.png,V0242.jpg,val_V0242.png,multiclass_values_0_1_2,0,1,2,REFUGE_val_V0242,True,paired_standardized_and_visual_sample_reviewed,"REFUGE image/mask pair matched by file ID within official split; mask standardized to project {0,1,2} convention.",val
glaucoma_fundus_imaging_bundle,REFUGE,V0243,data/external/kaggle/glaucoma_fundus_imaging_bundle/REFUGE/val/Images/V0243.jpg,data/processed/standardized_masks/refuge/val_V0243.png,data/external/kaggle/glaucoma_fundus_imaging_bundle/REFUGE/val/Images/V0243.jpg,data/processed/standardized_masks/refuge/val_V0243.png,V0243.jpg,val_V0243.png,multiclass_values_0_1_2,0,1,2,REFUGE_val_V0243,True,paired_standardized_and_visual_sample_reviewed,"REFUGE image/mask pair matched by file ID within official split; mask standardized to project {0,1,2} convention.",val
glaucoma_fundus_imaging_bundle,REFUGE,V0244,data/external/kaggle/glaucoma_fundus_imaging_bundle/REFUGE/val/Images/V0244.jpg,data/processed/standardized_masks/refuge/val_V0244.png,data/external/kaggle/glaucoma_fundus_imaging_bundle/REFUGE/val/Images/V0244.jpg,data/processed/standardized_masks/refuge/val_V0244.png,V0244.jpg,val_V0244.png,multiclass_values_0_1_2,0,1,2,REFUGE_val_V0244,True,paired_standardized_and_visual_sample_reviewed,"REFUGE image/mask pair matched by file ID within official split; mask standardized to project {0,1,2} convention.",val
glaucoma_fundus_imaging_bundle,REFUGE,V0245,data/external/kaggle/glaucoma_fundus_imaging_bundle/REFUGE/val/Images/V0245.jpg,data/processed/standardized_masks/refuge/val_V0245.png,data/external/kaggle/glaucoma_fundus_imaging_bundle/REFUGE/val/Images/V0245.jpg,data/processed/standardized_masks/refuge/val_V0245.png,V0245.jpg,val_V0245.png,multiclass_values_0_1_2,0,1,2,REFUGE_val_V0245,True,paired_standardized_and_visual_sample_reviewed,"REFUGE image/mask pair matched by file ID within official split; mask standardized to project {0,1,2} convention.",val
glaucoma_fundus_imaging_bundle,REFUGE,V0246,data/external/kaggle/glaucoma_fundus_imaging_bundle/REFUGE/val/Images/V0246.jpg,data/processed/standardized_masks/refuge/val_V0246.png,data/external/kaggle/glaucoma_fundus_imaging_bundle/REFUGE/val/Images/V0246.jpg,data/processed/standardized_masks/refuge/val_V0246.png,V0246.jpg,val_V0246.png,multiclass_values_0_1_2,0,1,2,REFUGE_val_V0246,True,paired_standardized_and_visual_sample_reviewed,"REFUGE image/mask pair matched by file ID within official split; mask standardized to project {0,1,2} convention.",val
glaucoma_fundus_imaging_bundle,REFUGE,V0247,data/external/kaggle/glaucoma_fundus_imaging_bundle/REFUGE/val/Images/V0247.jpg,data/processed/standardized_masks/refuge/val_V0247.png,data/external/kaggle/glaucoma_fundus_imaging_bundle/REFUGE/val/Images/V0247.jpg,data/processed/standardized_masks/refuge/val_V0247.png,V0247.jpg,val_V0247.png,multiclass_values_0_1_2,0,1,2,REFUGE_val_V0247,True,paired_standardized_and_visual_sample_reviewed,"REFUGE image/mask pair matched by file ID within official split; mask standardized to project {0,1,2} convention.",val
glaucoma_fundus_imaging_bundle,REFUGE,V0248,data/external/kaggle/glaucoma_fundus_imaging_bundle/REFUGE/val/Images/V0248.jpg,data/processed/standardized_masks/refuge/val_V0248.png,data/external/kaggle/glaucoma_fundus_imaging_bundle/REFUGE/val/Images/V0248.jpg,data/processed/standardized_masks/refuge/val_V0248.png,V0248.jpg,val_V0248.png,multiclass_values_0_1_2,0,1,2,REFUGE_val_V0248,True,paired_standardized_and_visual_sample_reviewed,"REFUGE image/mask pair matched by file ID within official split; mask standardized to project {0,1,2} convention.",val
glaucoma_fundus_imaging_bundle,REFUGE,V0249,data/external/kaggle/glaucoma_fundus_imaging_bundle/REFUGE/val/Images/V0249.jpg,data/processed/standardized_masks/refuge/val_V0249.png,data/external/kaggle/glaucoma_fundus_imaging_bundle/REFUGE/val/Images/V0249.jpg,data/processed/standardized_masks/refuge/val_V0249.png,V0249.jpg,val_V0249.png,multiclass_values_0_1_2,0,1,2,REFUGE_val_V0249,True,paired_standardized_and_visual_sample_reviewed,"REFUGE image/mask pair matched by file ID within official split; mask standardized to project {0,1,2} convention.",val
glaucoma_fundus_imaging_bundle,REFUGE,V0250,data/external/kaggle/glaucoma_fundus_imaging_bundle/REFUGE/val/Images/V0250.jpg,data/processed/standardized_masks/refuge/val_V0250.png,data/external/kaggle/glaucoma_fundus_imaging_bundle/REFUGE/val/Images/V0250.jpg,data/processed/standardized_masks/refuge/val_V0250.png,V0250.jpg,val_V0250.png,multiclass_values_0_1_2,0,1,2,REFUGE_val_V0250,True,paired_standardized_and_visual_sample_reviewed,"REFUGE image/mask pair matched by file ID within official split; mask standardized to project {0,1,2} convention.",val
glaucoma_fundus_imaging_bundle,REFUGE,V0251,data/external/kaggle/glaucoma_fundus_imaging_bundle/REFUGE/val/Images/V0251.jpg,data/processed/standardized_masks/refuge/val_V0251.png,data/external/kaggle/glaucoma_fundus_imaging_bundle/REFUGE/val/Images/V0251.jpg,data/processed/standardized_masks/refuge/val_V0251.png,V0251.jpg,val_V0251.png,multiclass_values_0_1_2,0,1,2,REFUGE_val_V0251,True,paired_standardized_and_visual_sample_reviewed,"REFUGE image/mask pair matched by file ID within official split; mask standardized to project {0,1,2} convention.",val
glaucoma_fundus_imaging_bundle,REFUGE,V0252,data/external/kaggle/glaucoma_fundus_imaging_bundle/REFUGE/val/Images/V0252.jpg,data/processed/standardized_masks/refuge/val_V0252.png,data/external/kaggle/glaucoma_fundus_imaging_bundle/REFUGE/val/Images/V0252.jpg,data/processed/standardized_masks/refuge/val_V0252.png,V0252.jpg,val_V0252.png,multiclass_values_0_1_2,0,1,2,REFUGE_val_V0252,True,paired_standardized_and_visual_sample_reviewed,"REFUGE image/mask pair matched by file ID within official split; mask standardized to project {0,1,2} convention.",val
glaucoma_fundus_imaging_bundle,REFUGE,V0253,data/external/kaggle/glaucoma_fundus_imaging_bundle/REFUGE/val/Images/V0253.jpg,data/processed/standardized_masks/refuge/val_V0253.png,data/external/kaggle/glaucoma_fundus_imaging_bundle/REFUGE/val/Images/V0253.jpg,data/processed/standardized_masks/refuge/val_V0253.png,V0253.jpg,val_V0253.png,multiclass_values_0_1_2,0,1,2,REFUGE_val_V0253,True,paired_standardized_and_visual_sample_reviewed,"REFUGE image/mask pair matched by file ID within official split; mask standardized to project {0,1,2} convention.",val
glaucoma_fundus_imaging_bundle,REFUGE,V0254,data/external/kaggle/glaucoma_fundus_imaging_bundle/REFUGE/val/Images/V0254.jpg,data/processed/standardized_masks/refuge/val_V0254.png,data/external/kaggle/glaucoma_fundus_imaging_bundle/REFUGE/val/Images/V0254.jpg,data/processed/standardized_masks/refuge/val_V0254.png,V0254.jpg,val_V0254.png,multiclass_values_0_1_2,0,1,2,REFUGE_val_V0254,True,paired_standardized_and_visual_sample_reviewed,"REFUGE image/mask pair matched by file ID within official split; mask standardized to project {0,1,2} convention.",val
glaucoma_fundus_imaging_bundle,REFUGE,V0255,data/external/kaggle/glaucoma_fundus_imaging_bundle/REFUGE/val/Images/V0255.jpg,data/processed/standardized_masks/refuge/val_V0255.png,data/external/kaggle/glaucoma_fundus_imaging_bundle/REFUGE/val/Images/V0255.jpg,data/processed/standardized_masks/refuge/val_V0255.png,V0255.jpg,val_V0255.png,multiclass_values_0_1_2,0,1,2,REFUGE_val_V0255,True,paired_standardized_and_visual_sample_reviewed,"REFUGE image/mask pair matched by file ID within official split; mask standardized to project {0,1,2} convention.",val
glaucoma_fundus_imaging_bundle,REFUGE,V0256,data/external/kaggle/glaucoma_fundus_imaging_bundle/REFUGE/val/Images/V0256.jpg,data/processed/standardized_masks/refuge/val_V0256.png,data/external/kaggle/glaucoma_fundus_imaging_bundle/REFUGE/val/Images/V0256.jpg,data/processed/standardized_masks/refuge/val_V0256.png,V0256.jpg,val_V0256.png,multiclass_values_0_1_2,0,1,2,REFUGE_val_V0256,True,paired_standardized_and_visual_sample_reviewed,"REFUGE image/mask pair matched by file ID within official split; mask standardized to project {0,1,2} convention.",val
glaucoma_fundus_imaging_bundle,REFUGE,V0257,data/external/kaggle/glaucoma_fundus_imaging_bundle/REFUGE/val/Images/V0257.jpg,data/processed/standardized_masks/refuge/val_V0257.png,data/external/kaggle/glaucoma_fundus_imaging_bundle/REFUGE/val/Images/V0257.jpg,data/processed/standardized_masks/refuge/val_V0257.png,V0257.jpg,val_V0257.png,multiclass_values_0_1_2,0,1,2,REFUGE_val_V0257,True,paired_standardized_and_visual_sample_reviewed,"REFUGE image/mask pair matched by file ID within official split; mask standardized to project {0,1,2} convention.",val
glaucoma_fundus_imaging_bundle,REFUGE,V0258,data/external/kaggle/glaucoma_fundus_imaging_bundle/REFUGE/val/Images/V0258.jpg,data/processed/standardized_masks/refuge/val_V0258.png,data/external/kaggle/glaucoma_fundus_imaging_bundle/REFUGE/val/Images/V0258.jpg,data/processed/standardized_masks/refuge/val_V0258.png,V0258.jpg,val_V0258.png,multiclass_values_0_1_2,0,1,2,REFUGE_val_V0258,True,paired_standardized_and_visual_sample_reviewed,"REFUGE image/mask pair matched by file ID within official split; mask standardized to project {0,1,2} convention.",val
glaucoma_fundus_imaging_bundle,REFUGE,V0259,data/external/kaggle/glaucoma_fundus_imaging_bundle/REFUGE/val/Images/V0259.jpg,data/processed/standardized_masks/refuge/val_V0259.png,data/external/kaggle/glaucoma_fundus_imaging_bundle/REFUGE/val/Images/V0259.jpg,data/processed/standardized_masks/refuge/val_V0259.png,V0259.jpg,val_V0259.png,multiclass_values_0_1_2,0,1,2,REFUGE_val_V0259,True,paired_standardized_and_visual_sample_reviewed,"REFUGE image/mask pair matched by file ID within official split; mask standardized to project {0,1,2} convention.",val
glaucoma_fundus_imaging_bundle,REFUGE,V0260,data/external/kaggle/glaucoma_fundus_imaging_bundle/REFUGE/val/Images/V0260.jpg,data/processed/standardized_masks/refuge/val_V0260.png,data/external/kaggle/glaucoma_fundus_imaging_bundle/REFUGE/val/Images/V0260.jpg,data/processed/standardized_masks/refuge/val_V0260.png,V0260.jpg,val_V0260.png,multiclass_values_0_1_2,0,1,2,REFUGE_val_V0260,True,paired_standardized_and_visual_sample_reviewed,"REFUGE image/mask pair matched by file ID within official split; mask standardized to project {0,1,2} convention.",val
glaucoma_fundus_imaging_bundle,REFUGE,V0261,data/external/kaggle/glaucoma_fundus_imaging_bundle/REFUGE/val/Images/V0261.jpg,data/processed/standardized_masks/refuge/val_V0261.png,data/external/kaggle/glaucoma_fundus_imaging_bundle/REFUGE/val/Images/V0261.jpg,data/processed/standardized_masks/refuge/val_V0261.png,V0261.jpg,val_V0261.png,multiclass_values_0_1_2,0,1,2,REFUGE_val_V0261,True,paired_standardized_and_visual_sample_reviewed,"REFUGE image/mask pair matched by file ID within official split; mask standardized to project {0,1,2} convention.",val
glaucoma_fundus_imaging_bundle,REFUGE,V0262,data/external/kaggle/glaucoma_fundus_imaging_bundle/REFUGE/val/Images/V0262.jpg,data/processed/standardized_masks/refuge/val_V0262.png,data/external/kaggle/glaucoma_fundus_imaging_bundle/REFUGE/val/Images/V0262.jpg,data/processed/standardized_masks/refuge/val_V0262.png,V0262.jpg,val_V0262.png,multiclass_values_0_1_2,0,1,2,REFUGE_val_V0262,True,paired_standardized_and_visual_sample_reviewed,"REFUGE image/mask pair matched by file ID within official split; mask standardized to project {0,1,2} convention.",val
glaucoma_fundus_imaging_bundle,REFUGE,V0263,data/external/kaggle/glaucoma_fundus_imaging_bundle/REFUGE/val/Images/V0263.jpg,data/processed/standardized_masks/refuge/val_V0263.png,data/external/kaggle/glaucoma_fundus_imaging_bundle/REFUGE/val/Images/V0263.jpg,data/processed/standardized_masks/refuge/val_V0263.png,V0263.jpg,val_V0263.png,multiclass_values_0_1_2,0,1,2,REFUGE_val_V0263,True,paired_standardized_and_visual_sample_reviewed,"REFUGE image/mask pair matched by file ID within official split; mask standardized to project {0,1,2} convention.",val
glaucoma_fundus_imaging_bundle,REFUGE,V0264,data/external/kaggle/glaucoma_fundus_imaging_bundle/REFUGE/val/Images/V0264.jpg,data/processed/standardized_masks/refuge/val_V0264.png,data/external/kaggle/glaucoma_fundus_imaging_bundle/REFUGE/val/Images/V0264.jpg,data/processed/standardized_masks/refuge/val_V0264.png,V0264.jpg,val_V0264.png,multiclass_values_0_1_2,0,1,2,REFUGE_val_V0264,True,paired_standardized_and_visual_sample_reviewed,"REFUGE image/mask pair matched by file ID within official split; mask standardized to project {0,1,2} convention.",val
glaucoma_fundus_imaging_bundle,REFUGE,V0265,data/external/kaggle/glaucoma_fundus_imaging_bundle/REFUGE/val/Images/V0265.jpg,data/processed/standardized_masks/refuge/val_V0265.png,data/external/kaggle/glaucoma_fundus_imaging_bundle/REFUGE/val/Images/V0265.jpg,data/processed/standardized_masks/refuge/val_V0265.png,V0265.jpg,val_V0265.png,multiclass_values_0_1_2,0,1,2,REFUGE_val_V0265,True,paired_standardized_and_visual_sample_reviewed,"REFUGE image/mask pair matched by file ID within official split; mask standardized to project {0,1,2} convention.",val
glaucoma_fundus_imaging_bundle,REFUGE,V0266,data/external/kaggle/glaucoma_fundus_imaging_bundle/REFUGE/val/Images/V0266.jpg,data/processed/standardized_masks/refuge/val_V0266.png,data/external/kaggle/glaucoma_fundus_imaging_bundle/REFUGE/val/Images/V0266.jpg,data/processed/standardized_masks/refuge/val_V0266.png,V0266.jpg,val_V0266.png,multiclass_values_0_1_2,0,1,2,REFUGE_val_V0266,True,paired_standardized_and_visual_sample_reviewed,"REFUGE image/mask pair matched by file ID within official split; mask standardized to project {0,1,2} convention.",val
glaucoma_fundus_imaging_bundle,REFUGE,V0267,data/external/kaggle/glaucoma_fundus_imaging_bundle/REFUGE/val/Images/V0267.jpg,data/processed/standardized_masks/refuge/val_V0267.png,data/external/kaggle/glaucoma_fundus_imaging_bundle/REFUGE/val/Images/V0267.jpg,data/processed/standardized_masks/refuge/val_V0267.png,V0267.jpg,val_V0267.png,multiclass_values_0_1_2,0,1,2,REFUGE_val_V0267,True,paired_standardized_and_visual_sample_reviewed,"REFUGE image/mask pair matched by file ID within official split; mask standardized to project {0,1,2} convention.",val
glaucoma_fundus_imaging_bundle,REFUGE,V0268,data/external/kaggle/glaucoma_fundus_imaging_bundle/REFUGE/val/Images/V0268.jpg,data/processed/standardized_masks/refuge/val_V0268.png,data/external/kaggle/glaucoma_fundus_imaging_bundle/REFUGE/val/Images/V0268.jpg,data/processed/standardized_masks/refuge/val_V0268.png,V0268.jpg,val_V0268.png,multiclass_values_0_1_2,0,1,2,REFUGE_val_V0268,True,paired_standardized_and_visual_sample_reviewed,"REFUGE image/mask pair matched by file ID within official split; mask standardized to project {0,1,2} convention.",val
glaucoma_fundus_imaging_bundle,REFUGE,V0269,data/external/kaggle/glaucoma_fundus_imaging_bundle/REFUGE/val/Images/V0269.jpg,data/processed/standardized_masks/refuge/val_V0269.png,data/external/kaggle/glaucoma_fundus_imaging_bundle/REFUGE/val/Images/V0269.jpg,data/processed/standardized_masks/refuge/val_V0269.png,V0269.jpg,val_V0269.png,multiclass_values_0_1_2,0,1,2,REFUGE_val_V0269,True,paired_standardized_and_visual_sample_reviewed,"REFUGE image/mask pair matched by file ID within official split; mask standardized to project {0,1,2} convention.",val
glaucoma_fundus_imaging_bundle,REFUGE,V0270,data/external/kaggle/glaucoma_fundus_imaging_bundle/REFUGE/val/Images/V0270.jpg,data/processed/standardized_masks/refuge/val_V0270.png,data/external/kaggle/glaucoma_fundus_imaging_bundle/REFUGE/val/Images/V0270.jpg,data/processed/standardized_masks/refuge/val_V0270.png,V0270.jpg,val_V0270.png,multiclass_values_0_1_2,0,1,2,REFUGE_val_V0270,True,paired_standardized_and_visual_sample_reviewed,"REFUGE image/mask pair matched by file ID within official split; mask standardized to project {0,1,2} convention.",val
glaucoma_fundus_imaging_bundle,REFUGE,V0271,data/external/kaggle/glaucoma_fundus_imaging_bundle/REFUGE/val/Images/V0271.jpg,data/processed/standardized_masks/refuge/val_V0271.png,data/external/kaggle/glaucoma_fundus_imaging_bundle/REFUGE/val/Images/V0271.jpg,data/processed/standardized_masks/refuge/val_V0271.png,V0271.jpg,val_V0271.png,multiclass_values_0_1_2,0,1,2,REFUGE_val_V0271,True,paired_standardized_and_visual_sample_reviewed,"REFUGE image/mask pair matched by file ID within official split; mask standardized to project {0,1,2} convention.",val
glaucoma_fundus_imaging_bundle,REFUGE,V0272,data/external/kaggle/glaucoma_fundus_imaging_bundle/REFUGE/val/Images/V0272.jpg,data/processed/standardized_masks/refuge/val_V0272.png,data/external/kaggle/glaucoma_fundus_imaging_bundle/REFUGE/val/Images/V0272.jpg,data/processed/standardized_masks/refuge/val_V0272.png,V0272.jpg,val_V0272.png,multiclass_values_0_1_2,0,1,2,REFUGE_val_V0272,True,paired_standardized_and_visual_sample_reviewed,"REFUGE image/mask pair matched by file ID within official split; mask standardized to project {0,1,2} convention.",val
glaucoma_fundus_imaging_bundle,REFUGE,V0273,data/external/kaggle/glaucoma_fundus_imaging_bundle/REFUGE/val/Images/V0273.jpg,data/processed/standardized_masks/refuge/val_V0273.png,data/external/kaggle/glaucoma_fundus_imaging_bundle/REFUGE/val/Images/V0273.jpg,data/processed/standardized_masks/refuge/val_V0273.png,V0273.jpg,val_V0273.png,multiclass_values_0_1_2,0,1,2,REFUGE_val_V0273,True,paired_standardized_and_visual_sample_reviewed,"REFUGE image/mask pair matched by file ID within official split; mask standardized to project {0,1,2} convention.",val
glaucoma_fundus_imaging_bundle,REFUGE,V0274,data/external/kaggle/glaucoma_fundus_imaging_bundle/REFUGE/val/Images/V0274.jpg,data/processed/standardized_masks/refuge/val_V0274.png,data/external/kaggle/glaucoma_fundus_imaging_bundle/REFUGE/val/Images/V0274.jpg,data/processed/standardized_masks/refuge/val_V0274.png,V0274.jpg,val_V0274.png,multiclass_values_0_1_2,0,1,2,REFUGE_val_V0274,True,paired_standardized_and_visual_sample_reviewed,"REFUGE image/mask pair matched by file ID within official split; mask standardized to project {0,1,2} convention.",val
glaucoma_fundus_imaging_bundle,REFUGE,V0275,data/external/kaggle/glaucoma_fundus_imaging_bundle/REFUGE/val/Images/V0275.jpg,data/processed/standardized_masks/refuge/val_V0275.png,data/external/kaggle/glaucoma_fundus_imaging_bundle/REFUGE/val/Images/V0275.jpg,data/processed/standardized_masks/refuge/val_V0275.png,V0275.jpg,val_V0275.png,multiclass_values_0_1_2,0,1,2,REFUGE_val_V0275,True,paired_standardized_and_visual_sample_reviewed,"REFUGE image/mask pair matched by file ID within official split; mask standardized to project {0,1,2} convention.",val
glaucoma_fundus_imaging_bundle,REFUGE,V0276,data/external/kaggle/glaucoma_fundus_imaging_bundle/REFUGE/val/Images/V0276.jpg,data/processed/standardized_masks/refuge/val_V0276.png,data/external/kaggle/glaucoma_fundus_imaging_bundle/REFUGE/val/Images/V0276.jpg,data/processed/standardized_masks/refuge/val_V0276.png,V0276.jpg,val_V0276.png,multiclass_values_0_1_2,0,1,2,REFUGE_val_V0276,True,paired_standardized_and_visual_sample_reviewed,"REFUGE image/mask pair matched by file ID within official split; mask standardized to project {0,1,2} convention.",val
glaucoma_fundus_imaging_bundle,REFUGE,V0277,data/external/kaggle/glaucoma_fundus_imaging_bundle/REFUGE/val/Images/V0277.jpg,data/processed/standardized_masks/refuge/val_V0277.png,data/external/kaggle/glaucoma_fundus_imaging_bundle/REFUGE/val/Images/V0277.jpg,data/processed/standardized_masks/refuge/val_V0277.png,V0277.jpg,val_V0277.png,multiclass_values_0_1_2,0,1,2,REFUGE_val_V0277,True,paired_standardized_and_visual_sample_reviewed,"REFUGE image/mask pair matched by file ID within official split; mask standardized to project {0,1,2} convention.",val
glaucoma_fundus_imaging_bundle,REFUGE,V0278,data/external/kaggle/glaucoma_fundus_imaging_bundle/REFUGE/val/Images/V0278.jpg,data/processed/standardized_masks/refuge/val_V0278.png,data/external/kaggle/glaucoma_fundus_imaging_bundle/REFUGE/val/Images/V0278.jpg,data/processed/standardized_masks/refuge/val_V0278.png,V0278.jpg,val_V0278.png,multiclass_values_0_1_2,0,1,2,REFUGE_val_V0278,True,paired_standardized_and_visual_sample_reviewed,"REFUGE image/mask pair matched by file ID within official split; mask standardized to project {0,1,2} convention.",val
glaucoma_fundus_imaging_bundle,REFUGE,V0279,data/external/kaggle/glaucoma_fundus_imaging_bundle/REFUGE/val/Images/V0279.jpg,data/processed/standardized_masks/refuge/val_V0279.png,data/external/kaggle/glaucoma_fundus_imaging_bundle/REFUGE/val/Images/V0279.jpg,data/processed/standardized_masks/refuge/val_V0279.png,V0279.jpg,val_V0279.png,multiclass_values_0_1_2,0,1,2,REFUGE_val_V0279,True,paired_standardized_and_visual_sample_reviewed,"REFUGE image/mask pair matched by file ID within official split; mask standardized to project {0,1,2} convention.",val
glaucoma_fundus_imaging_bundle,REFUGE,V0280,data/external/kaggle/glaucoma_fundus_imaging_bundle/REFUGE/val/Images/V0280.jpg,data/processed/standardized_masks/refuge/val_V0280.png,data/external/kaggle/glaucoma_fundus_imaging_bundle/REFUGE/val/Images/V0280.jpg,data/processed/standardized_masks/refuge/val_V0280.png,V0280.jpg,val_V0280.png,multiclass_values_0_1_2,0,1,2,REFUGE_val_V0280,True,paired_standardized_and_visual_sample_reviewed,"REFUGE image/mask pair matched by file ID within official split; mask standardized to project {0,1,2} convention.",val
glaucoma_fundus_imaging_bundle,REFUGE,V0281,data/external/kaggle/glaucoma_fundus_imaging_bundle/REFUGE/val/Images/V0281.jpg,data/processed/standardized_masks/refuge/val_V0281.png,data/external/kaggle/glaucoma_fundus_imaging_bundle/REFUGE/val/Images/V0281.jpg,data/processed/standardized_masks/refuge/val_V0281.png,V0281.jpg,val_V0281.png,multiclass_values_0_1_2,0,1,2,REFUGE_val_V0281,True,paired_standardized_and_visual_sample_reviewed,"REFUGE image/mask pair matched by file ID within official split; mask standardized to project {0,1,2} convention.",val
glaucoma_fundus_imaging_bundle,REFUGE,V0282,data/external/kaggle/glaucoma_fundus_imaging_bundle/REFUGE/val/Images/V0282.jpg,data/processed/standardized_masks/refuge/val_V0282.png,data/external/kaggle/glaucoma_fundus_imaging_bundle/REFUGE/val/Images/V0282.jpg,data/processed/standardized_masks/refuge/val_V0282.png,V0282.jpg,val_V0282.png,multiclass_values_0_1_2,0,1,2,REFUGE_val_V0282,True,paired_standardized_and_visual_sample_reviewed,"REFUGE image/mask pair matched by file ID within official split; mask standardized to project {0,1,2} convention.",val
glaucoma_fundus_imaging_bundle,REFUGE,V0283,data/external/kaggle/glaucoma_fundus_imaging_bundle/REFUGE/val/Images/V0283.jpg,data/processed/standardized_masks/refuge/val_V0283.png,data/external/kaggle/glaucoma_fundus_imaging_bundle/REFUGE/val/Images/V0283.jpg,data/processed/standardized_masks/refuge/val_V0283.png,V0283.jpg,val_V0283.png,multiclass_values_0_1_2,0,1,2,REFUGE_val_V0283,True,paired_standardized_and_visual_sample_reviewed,"REFUGE image/mask pair matched by file ID within official split; mask standardized to project {0,1,2} convention.",val
glaucoma_fundus_imaging_bundle,REFUGE,V0284,data/external/kaggle/glaucoma_fundus_imaging_bundle/REFUGE/val/Images/V0284.jpg,data/processed/standardized_masks/refuge/val_V0284.png,data/external/kaggle/glaucoma_fundus_imaging_bundle/REFUGE/val/Images/V0284.jpg,data/processed/standardized_masks/refuge/val_V0284.png,V0284.jpg,val_V0284.png,multiclass_values_0_1_2,0,1,2,REFUGE_val_V0284,True,paired_standardized_and_visual_sample_reviewed,"REFUGE image/mask pair matched by file ID within official split; mask standardized to project {0,1,2} convention.",val
glaucoma_fundus_imaging_bundle,REFUGE,V0285,data/external/kaggle/glaucoma_fundus_imaging_bundle/REFUGE/val/Images/V0285.jpg,data/processed/standardized_masks/refuge/val_V0285.png,data/external/kaggle/glaucoma_fundus_imaging_bundle/REFUGE/val/Images/V0285.jpg,data/processed/standardized_masks/refuge/val_V0285.png,V0285.jpg,val_V0285.png,multiclass_values_0_1_2,0,1,2,REFUGE_val_V0285,True,paired_standardized_and_visual_sample_reviewed,"REFUGE image/mask pair matched by file ID within official split; mask standardized to project {0,1,2} convention.",val
glaucoma_fundus_imaging_bundle,REFUGE,V0286,data/external/kaggle/glaucoma_fundus_imaging_bundle/REFUGE/val/Images/V0286.jpg,data/processed/standardized_masks/refuge/val_V0286.png,data/external/kaggle/glaucoma_fundus_imaging_bundle/REFUGE/val/Images/V0286.jpg,data/processed/standardized_masks/refuge/val_V0286.png,V0286.jpg,val_V0286.png,multiclass_values_0_1_2,0,1,2,REFUGE_val_V0286,True,paired_standardized_and_visual_sample_reviewed,"REFUGE image/mask pair matched by file ID within official split; mask standardized to project {0,1,2} convention.",val
glaucoma_fundus_imaging_bundle,REFUGE,V0287,data/external/kaggle/glaucoma_fundus_imaging_bundle/REFUGE/val/Images/V0287.jpg,data/processed/standardized_masks/refuge/val_V0287.png,data/external/kaggle/glaucoma_fundus_imaging_bundle/REFUGE/val/Images/V0287.jpg,data/processed/standardized_masks/refuge/val_V0287.png,V0287.jpg,val_V0287.png,multiclass_values_0_1_2,0,1,2,REFUGE_val_V0287,True,paired_standardized_and_visual_sample_reviewed,"REFUGE image/mask pair matched by file ID within official split; mask standardized to project {0,1,2} convention.",val
glaucoma_fundus_imaging_bundle,REFUGE,V0288,data/external/kaggle/glaucoma_fundus_imaging_bundle/REFUGE/val/Images/V0288.jpg,data/processed/standardized_masks/refuge/val_V0288.png,data/external/kaggle/glaucoma_fundus_imaging_bundle/REFUGE/val/Images/V0288.jpg,data/processed/standardized_masks/refuge/val_V0288.png,V0288.jpg,val_V0288.png,multiclass_values_0_1_2,0,1,2,REFUGE_val_V0288,True,paired_standardized_and_visual_sample_reviewed,"REFUGE image/mask pair matched by file ID within official split; mask standardized to project {0,1,2} convention.",val
glaucoma_fundus_imaging_bundle,REFUGE,V0289,data/external/kaggle/glaucoma_fundus_imaging_bundle/REFUGE/val/Images/V0289.jpg,data/processed/standardized_masks/refuge/val_V0289.png,data/external/kaggle/glaucoma_fundus_imaging_bundle/REFUGE/val/Images/V0289.jpg,data/processed/standardized_masks/refuge/val_V0289.png,V0289.jpg,val_V0289.png,multiclass_values_0_1_2,0,1,2,REFUGE_val_V0289,True,paired_standardized_and_visual_sample_reviewed,"REFUGE image/mask pair matched by file ID within official split; mask standardized to project {0,1,2} convention.",val
glaucoma_fundus_imaging_bundle,REFUGE,V0290,data/external/kaggle/glaucoma_fundus_imaging_bundle/REFUGE/val/Images/V0290.jpg,data/processed/standardized_masks/refuge/val_V0290.png,data/external/kaggle/glaucoma_fundus_imaging_bundle/REFUGE/val/Images/V0290.jpg,data/processed/standardized_masks/refuge/val_V0290.png,V0290.jpg,val_V0290.png,multiclass_values_0_1_2,0,1,2,REFUGE_val_V0290,True,paired_standardized_and_visual_sample_reviewed,"REFUGE image/mask pair matched by file ID within official split; mask standardized to project {0,1,2} convention.",val
glaucoma_fundus_imaging_bundle,REFUGE,V0291,data/external/kaggle/glaucoma_fundus_imaging_bundle/REFUGE/val/Images/V0291.jpg,data/processed/standardized_masks/refuge/val_V0291.png,data/external/kaggle/glaucoma_fundus_imaging_bundle/REFUGE/val/Images/V0291.jpg,data/processed/standardized_masks/refuge/val_V0291.png,V0291.jpg,val_V0291.png,multiclass_values_0_1_2,0,1,2,REFUGE_val_V0291,True,paired_standardized_and_visual_sample_reviewed,"REFUGE image/mask pair matched by file ID within official split; mask standardized to project {0,1,2} convention.",val
glaucoma_fundus_imaging_bundle,REFUGE,V0292,data/external/kaggle/glaucoma_fundus_imaging_bundle/REFUGE/val/Images/V0292.jpg,data/processed/standardized_masks/refuge/val_V0292.png,data/external/kaggle/glaucoma_fundus_imaging_bundle/REFUGE/val/Images/V0292.jpg,data/processed/standardized_masks/refuge/val_V0292.png,V0292.jpg,val_V0292.png,multiclass_values_0_1_2,0,1,2,REFUGE_val_V0292,True,paired_standardized_and_visual_sample_reviewed,"REFUGE image/mask pair matched by file ID within official split; mask standardized to project {0,1,2} convention.",val
glaucoma_fundus_imaging_bundle,REFUGE,V0293,data/external/kaggle/glaucoma_fundus_imaging_bundle/REFUGE/val/Images/V0293.jpg,data/processed/standardized_masks/refuge/val_V0293.png,data/external/kaggle/glaucoma_fundus_imaging_bundle/REFUGE/val/Images/V0293.jpg,data/processed/standardized_masks/refuge/val_V0293.png,V0293.jpg,val_V0293.png,multiclass_values_0_1_2,0,1,2,REFUGE_val_V0293,True,paired_standardized_and_visual_sample_reviewed,"REFUGE image/mask pair matched by file ID within official split; mask standardized to project {0,1,2} convention.",val
glaucoma_fundus_imaging_bundle,REFUGE,V0294,data/external/kaggle/glaucoma_fundus_imaging_bundle/REFUGE/val/Images/V0294.jpg,data/processed/standardized_masks/refuge/val_V0294.png,data/external/kaggle/glaucoma_fundus_imaging_bundle/REFUGE/val/Images/V0294.jpg,data/processed/standardized_masks/refuge/val_V0294.png,V0294.jpg,val_V0294.png,multiclass_values_0_1_2,0,1,2,REFUGE_val_V0294,True,paired_standardized_and_visual_sample_reviewed,"REFUGE image/mask pair matched by file ID within official split; mask standardized to project {0,1,2} convention.",val
glaucoma_fundus_imaging_bundle,REFUGE,V0295,data/external/kaggle/glaucoma_fundus_imaging_bundle/REFUGE/val/Images/V0295.jpg,data/processed/standardized_masks/refuge/val_V0295.png,data/external/kaggle/glaucoma_fundus_imaging_bundle/REFUGE/val/Images/V0295.jpg,data/processed/standardized_masks/refuge/val_V0295.png,V0295.jpg,val_V0295.png,multiclass_values_0_1_2,0,1,2,REFUGE_val_V0295,True,paired_standardized_and_visual_sample_reviewed,"REFUGE image/mask pair matched by file ID within official split; mask standardized to project {0,1,2} convention.",val
glaucoma_fundus_imaging_bundle,REFUGE,V0296,data/external/kaggle/glaucoma_fundus_imaging_bundle/REFUGE/val/Images/V0296.jpg,data/processed/standardized_masks/refuge/val_V0296.png,data/external/kaggle/glaucoma_fundus_imaging_bundle/REFUGE/val/Images/V0296.jpg,data/processed/standardized_masks/refuge/val_V0296.png,V0296.jpg,val_V0296.png,multiclass_values_0_1_2,0,1,2,REFUGE_val_V0296,True,paired_standardized_and_visual_sample_reviewed,"REFUGE image/mask pair matched by file ID within official split; mask standardized to project {0,1,2} convention.",val
glaucoma_fundus_imaging_bundle,REFUGE,V0297,data/external/kaggle/glaucoma_fundus_imaging_bundle/REFUGE/val/Images/V0297.jpg,data/processed/standardized_masks/refuge/val_V0297.png,data/external/kaggle/glaucoma_fundus_imaging_bundle/REFUGE/val/Images/V0297.jpg,data/processed/standardized_masks/refuge/val_V0297.png,V0297.jpg,val_V0297.png,multiclass_values_0_1_2,0,1,2,REFUGE_val_V0297,True,paired_standardized_and_visual_sample_reviewed,"REFUGE image/mask pair matched by file ID within official split; mask standardized to project {0,1,2} convention.",val
glaucoma_fundus_imaging_bundle,REFUGE,V0298,data/external/kaggle/glaucoma_fundus_imaging_bundle/REFUGE/val/Images/V0298.jpg,data/processed/standardized_masks/refuge/val_V0298.png,data/external/kaggle/glaucoma_fundus_imaging_bundle/REFUGE/val/Images/V0298.jpg,data/processed/standardized_masks/refuge/val_V0298.png,V0298.jpg,val_V0298.png,multiclass_values_0_1_2,0,1,2,REFUGE_val_V0298,True,paired_standardized_and_visual_sample_reviewed,"REFUGE image/mask pair matched by file ID within official split; mask standardized to project {0,1,2} convention.",val
glaucoma_fundus_imaging_bundle,REFUGE,V0299,data/external/kaggle/glaucoma_fundus_imaging_bundle/REFUGE/val/Images/V0299.jpg,data/processed/standardized_masks/refuge/val_V0299.png,data/external/kaggle/glaucoma_fundus_imaging_bundle/REFUGE/val/Images/V0299.jpg,data/processed/standardized_masks/refuge/val_V0299.png,V0299.jpg,val_V0299.png,multiclass_values_0_1_2,0,1,2,REFUGE_val_V0299,True,paired_standardized_and_visual_sample_reviewed,"REFUGE image/mask pair matched by file ID within official split; mask standardized to project {0,1,2} convention.",val
glaucoma_fundus_imaging_bundle,REFUGE,V0300,data/external/kaggle/glaucoma_fundus_imaging_bundle/REFUGE/val/Images/V0300.jpg,data/processed/standardized_masks/refuge/val_V0300.png,data/external/kaggle/glaucoma_fundus_imaging_bundle/REFUGE/val/Images/V0300.jpg,data/processed/standardized_masks/refuge/val_V0300.png,V0300.jpg,val_V0300.png,multiclass_values_0_1_2,0,1,2,REFUGE_val_V0300,True,paired_standardized_and_visual_sample_reviewed,"REFUGE image/mask pair matched by file ID within official split; mask standardized to project {0,1,2} convention.",val
glaucoma_fundus_imaging_bundle,REFUGE,V0301,data/external/kaggle/glaucoma_fundus_imaging_bundle/REFUGE/val/Images/V0301.jpg,data/processed/standardized_masks/refuge/val_V0301.png,data/external/kaggle/glaucoma_fundus_imaging_bundle/REFUGE/val/Images/V0301.jpg,data/processed/standardized_masks/refuge/val_V0301.png,V0301.jpg,val_V0301.png,multiclass_values_0_1_2,0,1,2,REFUGE_val_V0301,True,paired_standardized_and_visual_sample_reviewed,"REFUGE image/mask pair matched by file ID within official split; mask standardized to project {0,1,2} convention.",val
glaucoma_fundus_imaging_bundle,REFUGE,V0302,data/external/kaggle/glaucoma_fundus_imaging_bundle/REFUGE/val/Images/V0302.jpg,data/processed/standardized_masks/refuge/val_V0302.png,data/external/kaggle/glaucoma_fundus_imaging_bundle/REFUGE/val/Images/V0302.jpg,data/processed/standardized_masks/refuge/val_V0302.png,V0302.jpg,val_V0302.png,multiclass_values_0_1_2,0,1,2,REFUGE_val_V0302,True,paired_standardized_and_visual_sample_reviewed,"REFUGE image/mask pair matched by file ID within official split; mask standardized to project {0,1,2} convention.",val
glaucoma_fundus_imaging_bundle,REFUGE,V0303,data/external/kaggle/glaucoma_fundus_imaging_bundle/REFUGE/val/Images/V0303.jpg,data/processed/standardized_masks/refuge/val_V0303.png,data/external/kaggle/glaucoma_fundus_imaging_bundle/REFUGE/val/Images/V0303.jpg,data/processed/standardized_masks/refuge/val_V0303.png,V0303.jpg,val_V0303.png,multiclass_values_0_1_2,0,1,2,REFUGE_val_V0303,True,paired_standardized_and_visual_sample_reviewed,"REFUGE image/mask pair matched by file ID within official split; mask standardized to project {0,1,2} convention.",val
glaucoma_fundus_imaging_bundle,REFUGE,V0304,data/external/kaggle/glaucoma_fundus_imaging_bundle/REFUGE/val/Images/V0304.jpg,data/processed/standardized_masks/refuge/val_V0304.png,data/external/kaggle/glaucoma_fundus_imaging_bundle/REFUGE/val/Images/V0304.jpg,data/processed/standardized_masks/refuge/val_V0304.png,V0304.jpg,val_V0304.png,multiclass_values_0_1_2,0,1,2,REFUGE_val_V0304,True,paired_standardized_and_visual_sample_reviewed,"REFUGE image/mask pair matched by file ID within official split; mask standardized to project {0,1,2} convention.",val
glaucoma_fundus_imaging_bundle,REFUGE,V0305,data/external/kaggle/glaucoma_fundus_imaging_bundle/REFUGE/val/Images/V0305.jpg,data/processed/standardized_masks/refuge/val_V0305.png,data/external/kaggle/glaucoma_fundus_imaging_bundle/REFUGE/val/Images/V0305.jpg,data/processed/standardized_masks/refuge/val_V0305.png,V0305.jpg,val_V0305.png,multiclass_values_0_1_2,0,1,2,REFUGE_val_V0305,True,paired_standardized_and_visual_sample_reviewed,"REFUGE image/mask pair matched by file ID within official split; mask standardized to project {0,1,2} convention.",val
glaucoma_fundus_imaging_bundle,REFUGE,V0306,data/external/kaggle/glaucoma_fundus_imaging_bundle/REFUGE/val/Images/V0306.jpg,data/processed/standardized_masks/refuge/val_V0306.png,data/external/kaggle/glaucoma_fundus_imaging_bundle/REFUGE/val/Images/V0306.jpg,data/processed/standardized_masks/refuge/val_V0306.png,V0306.jpg,val_V0306.png,multiclass_values_0_1_2,0,1,2,REFUGE_val_V0306,True,paired_standardized_and_visual_sample_reviewed,"REFUGE image/mask pair matched by file ID within official split; mask standardized to project {0,1,2} convention.",val
glaucoma_fundus_imaging_bundle,REFUGE,V0307,data/external/kaggle/glaucoma_fundus_imaging_bundle/REFUGE/val/Images/V0307.jpg,data/processed/standardized_masks/refuge/val_V0307.png,data/external/kaggle/glaucoma_fundus_imaging_bundle/REFUGE/val/Images/V0307.jpg,data/processed/standardized_masks/refuge/val_V0307.png,V0307.jpg,val_V0307.png,multiclass_values_0_1_2,0,1,2,REFUGE_val_V0307,True,paired_standardized_and_visual_sample_reviewed,"REFUGE image/mask pair matched by file ID within official split; mask standardized to project {0,1,2} convention.",val
glaucoma_fundus_imaging_bundle,REFUGE,V0308,data/external/kaggle/glaucoma_fundus_imaging_bundle/REFUGE/val/Images/V0308.jpg,data/processed/standardized_masks/refuge/val_V0308.png,data/external/kaggle/glaucoma_fundus_imaging_bundle/REFUGE/val/Images/V0308.jpg,data/processed/standardized_masks/refuge/val_V0308.png,V0308.jpg,val_V0308.png,multiclass_values_0_1_2,0,1,2,REFUGE_val_V0308,True,paired_standardized_and_visual_sample_reviewed,"REFUGE image/mask pair matched by file ID within official split; mask standardized to project {0,1,2} convention.",val
glaucoma_fundus_imaging_bundle,REFUGE,V0309,data/external/kaggle/glaucoma_fundus_imaging_bundle/REFUGE/val/Images/V0309.jpg,data/processed/standardized_masks/refuge/val_V0309.png,data/external/kaggle/glaucoma_fundus_imaging_bundle/REFUGE/val/Images/V0309.jpg,data/processed/standardized_masks/refuge/val_V0309.png,V0309.jpg,val_V0309.png,multiclass_values_0_1_2,0,1,2,REFUGE_val_V0309,True,paired_standardized_and_visual_sample_reviewed,"REFUGE image/mask pair matched by file ID within official split; mask standardized to project {0,1,2} convention.",val
glaucoma_fundus_imaging_bundle,REFUGE,V0310,data/external/kaggle/glaucoma_fundus_imaging_bundle/REFUGE/val/Images/V0310.jpg,data/processed/standardized_masks/refuge/val_V0310.png,data/external/kaggle/glaucoma_fundus_imaging_bundle/REFUGE/val/Images/V0310.jpg,data/processed/standardized_masks/refuge/val_V0310.png,V0310.jpg,val_V0310.png,multiclass_values_0_1_2,0,1,2,REFUGE_val_V0310,True,paired_standardized_and_visual_sample_reviewed,"REFUGE image/mask pair matched by file ID within official split; mask standardized to project {0,1,2} convention.",val
glaucoma_fundus_imaging_bundle,REFUGE,V0311,data/external/kaggle/glaucoma_fundus_imaging_bundle/REFUGE/val/Images/V0311.jpg,data/processed/standardized_masks/refuge/val_V0311.png,data/external/kaggle/glaucoma_fundus_imaging_bundle/REFUGE/val/Images/V0311.jpg,data/processed/standardized_masks/refuge/val_V0311.png,V0311.jpg,val_V0311.png,multiclass_values_0_1_2,0,1,2,REFUGE_val_V0311,True,paired_standardized_and_visual_sample_reviewed,"REFUGE image/mask pair matched by file ID within official split; mask standardized to project {0,1,2} convention.",val
glaucoma_fundus_imaging_bundle,REFUGE,V0312,data/external/kaggle/glaucoma_fundus_imaging_bundle/REFUGE/val/Images/V0312.jpg,data/processed/standardized_masks/refuge/val_V0312.png,data/external/kaggle/glaucoma_fundus_imaging_bundle/REFUGE/val/Images/V0312.jpg,data/processed/standardized_masks/refuge/val_V0312.png,V0312.jpg,val_V0312.png,multiclass_values_0_1_2,0,1,2,REFUGE_val_V0312,True,paired_standardized_and_visual_sample_reviewed,"REFUGE image/mask pair matched by file ID within official split; mask standardized to project {0,1,2} convention.",val
glaucoma_fundus_imaging_bundle,REFUGE,V0313,data/external/kaggle/glaucoma_fundus_imaging_bundle/REFUGE/val/Images/V0313.jpg,data/processed/standardized_masks/refuge/val_V0313.png,data/external/kaggle/glaucoma_fundus_imaging_bundle/REFUGE/val/Images/V0313.jpg,data/processed/standardized_masks/refuge/val_V0313.png,V0313.jpg,val_V0313.png,multiclass_values_0_1_2,0,1,2,REFUGE_val_V0313,True,paired_standardized_and_visual_sample_reviewed,"REFUGE image/mask pair matched by file ID within official split; mask standardized to project {0,1,2} convention.",val
glaucoma_fundus_imaging_bundle,REFUGE,V0314,data/external/kaggle/glaucoma_fundus_imaging_bundle/REFUGE/val/Images/V0314.jpg,data/processed/standardized_masks/refuge/val_V0314.png,data/external/kaggle/glaucoma_fundus_imaging_bundle/REFUGE/val/Images/V0314.jpg,data/processed/standardized_masks/refuge/val_V0314.png,V0314.jpg,val_V0314.png,multiclass_values_0_1_2,0,1,2,REFUGE_val_V0314,True,paired_standardized_and_visual_sample_reviewed,"REFUGE image/mask pair matched by file ID within official split; mask standardized to project {0,1,2} convention.",val
glaucoma_fundus_imaging_bundle,REFUGE,V0315,data/external/kaggle/glaucoma_fundus_imaging_bundle/REFUGE/val/Images/V0315.jpg,data/processed/standardized_masks/refuge/val_V0315.png,data/external/kaggle/glaucoma_fundus_imaging_bundle/REFUGE/val/Images/V0315.jpg,data/processed/standardized_masks/refuge/val_V0315.png,V0315.jpg,val_V0315.png,multiclass_values_0_1_2,0,1,2,REFUGE_val_V0315,True,paired_standardized_and_visual_sample_reviewed,"REFUGE image/mask pair matched by file ID within official split; mask standardized to project {0,1,2} convention.",val
glaucoma_fundus_imaging_bundle,REFUGE,V0316,data/external/kaggle/glaucoma_fundus_imaging_bundle/REFUGE/val/Images/V0316.jpg,data/processed/standardized_masks/refuge/val_V0316.png,data/external/kaggle/glaucoma_fundus_imaging_bundle/REFUGE/val/Images/V0316.jpg,data/processed/standardized_masks/refuge/val_V0316.png,V0316.jpg,val_V0316.png,multiclass_values_0_1_2,0,1,2,REFUGE_val_V0316,True,paired_standardized_and_visual_sample_reviewed,"REFUGE image/mask pair matched by file ID within official split; mask standardized to project {0,1,2} convention.",val
glaucoma_fundus_imaging_bundle,REFUGE,V0317,data/external/kaggle/glaucoma_fundus_imaging_bundle/REFUGE/val/Images/V0317.jpg,data/processed/standardized_masks/refuge/val_V0317.png,data/external/kaggle/glaucoma_fundus_imaging_bundle/REFUGE/val/Images/V0317.jpg,data/processed/standardized_masks/refuge/val_V0317.png,V0317.jpg,val_V0317.png,multiclass_values_0_1_2,0,1,2,REFUGE_val_V0317,True,paired_standardized_and_visual_sample_reviewed,"REFUGE image/mask pair matched by file ID within official split; mask standardized to project {0,1,2} convention.",val
glaucoma_fundus_imaging_bundle,REFUGE,V0318,data/external/kaggle/glaucoma_fundus_imaging_bundle/REFUGE/val/Images/V0318.jpg,data/processed/standardized_masks/refuge/val_V0318.png,data/external/kaggle/glaucoma_fundus_imaging_bundle/REFUGE/val/Images/V0318.jpg,data/processed/standardized_masks/refuge/val_V0318.png,V0318.jpg,val_V0318.png,multiclass_values_0_1_2,0,1,2,REFUGE_val_V0318,True,paired_standardized_and_visual_sample_reviewed,"REFUGE image/mask pair matched by file ID within official split; mask standardized to project {0,1,2} convention.",val
glaucoma_fundus_imaging_bundle,REFUGE,V0319,data/external/kaggle/glaucoma_fundus_imaging_bundle/REFUGE/val/Images/V0319.jpg,data/processed/standardized_masks/refuge/val_V0319.png,data/external/kaggle/glaucoma_fundus_imaging_bundle/REFUGE/val/Images/V0319.jpg,data/processed/standardized_masks/refuge/val_V0319.png,V0319.jpg,val_V0319.png,multiclass_values_0_1_2,0,1,2,REFUGE_val_V0319,True,paired_standardized_and_visual_sample_reviewed,"REFUGE image/mask pair matched by file ID within official split; mask standardized to project {0,1,2} convention.",val
glaucoma_fundus_imaging_bundle,REFUGE,V0320,data/external/kaggle/glaucoma_fundus_imaging_bundle/REFUGE/val/Images/V0320.jpg,data/processed/standardized_masks/refuge/val_V0320.png,data/external/kaggle/glaucoma_fundus_imaging_bundle/REFUGE/val/Images/V0320.jpg,data/processed/standardized_masks/refuge/val_V0320.png,V0320.jpg,val_V0320.png,multiclass_values_0_1_2,0,1,2,REFUGE_val_V0320,True,paired_standardized_and_visual_sample_reviewed,"REFUGE image/mask pair matched by file ID within official split; mask standardized to project {0,1,2} convention.",val
glaucoma_fundus_imaging_bundle,REFUGE,V0321,data/external/kaggle/glaucoma_fundus_imaging_bundle/REFUGE/val/Images/V0321.jpg,data/processed/standardized_masks/refuge/val_V0321.png,data/external/kaggle/glaucoma_fundus_imaging_bundle/REFUGE/val/Images/V0321.jpg,data/processed/standardized_masks/refuge/val_V0321.png,V0321.jpg,val_V0321.png,multiclass_values_0_1_2,0,1,2,REFUGE_val_V0321,True,paired_standardized_and_visual_sample_reviewed,"REFUGE image/mask pair matched by file ID within official split; mask standardized to project {0,1,2} convention.",val
glaucoma_fundus_imaging_bundle,REFUGE,V0322,data/external/kaggle/glaucoma_fundus_imaging_bundle/REFUGE/val/Images/V0322.jpg,data/processed/standardized_masks/refuge/val_V0322.png,data/external/kaggle/glaucoma_fundus_imaging_bundle/REFUGE/val/Images/V0322.jpg,data/processed/standardized_masks/refuge/val_V0322.png,V0322.jpg,val_V0322.png,multiclass_values_0_1_2,0,1,2,REFUGE_val_V0322,True,paired_standardized_and_visual_sample_reviewed,"REFUGE image/mask pair matched by file ID within official split; mask standardized to project {0,1,2} convention.",val
glaucoma_fundus_imaging_bundle,REFUGE,V0323,data/external/kaggle/glaucoma_fundus_imaging_bundle/REFUGE/val/Images/V0323.jpg,data/processed/standardized_masks/refuge/val_V0323.png,data/external/kaggle/glaucoma_fundus_imaging_bundle/REFUGE/val/Images/V0323.jpg,data/processed/standardized_masks/refuge/val_V0323.png,V0323.jpg,val_V0323.png,multiclass_values_0_1_2,0,1,2,REFUGE_val_V0323,True,paired_standardized_and_visual_sample_reviewed,"REFUGE image/mask pair matched by file ID within official split; mask standardized to project {0,1,2} convention.",val
glaucoma_fundus_imaging_bundle,REFUGE,V0324,data/external/kaggle/glaucoma_fundus_imaging_bundle/REFUGE/val/Images/V0324.jpg,data/processed/standardized_masks/refuge/val_V0324.png,data/external/kaggle/glaucoma_fundus_imaging_bundle/REFUGE/val/Images/V0324.jpg,data/processed/standardized_masks/refuge/val_V0324.png,V0324.jpg,val_V0324.png,multiclass_values_0_1_2,0,1,2,REFUGE_val_V0324,True,paired_standardized_and_visual_sample_reviewed,"REFUGE image/mask pair matched by file ID within official split; mask standardized to project {0,1,2} convention.",val
glaucoma_fundus_imaging_bundle,REFUGE,V0325,data/external/kaggle/glaucoma_fundus_imaging_bundle/REFUGE/val/Images/V0325.jpg,data/processed/standardized_masks/refuge/val_V0325.png,data/external/kaggle/glaucoma_fundus_imaging_bundle/REFUGE/val/Images/V0325.jpg,data/processed/standardized_masks/refuge/val_V0325.png,V0325.jpg,val_V0325.png,multiclass_values_0_1_2,0,1,2,REFUGE_val_V0325,True,paired_standardized_and_visual_sample_reviewed,"REFUGE image/mask pair matched by file ID within official split; mask standardized to project {0,1,2} convention.",val
glaucoma_fundus_imaging_bundle,REFUGE,V0326,data/external/kaggle/glaucoma_fundus_imaging_bundle/REFUGE/val/Images/V0326.jpg,data/processed/standardized_masks/refuge/val_V0326.png,data/external/kaggle/glaucoma_fundus_imaging_bundle/REFUGE/val/Images/V0326.jpg,data/processed/standardized_masks/refuge/val_V0326.png,V0326.jpg,val_V0326.png,multiclass_values_0_1_2,0,1,2,REFUGE_val_V0326,True,paired_standardized_and_visual_sample_reviewed,"REFUGE image/mask pair matched by file ID within official split; mask standardized to project {0,1,2} convention.",val
glaucoma_fundus_imaging_bundle,REFUGE,V0327,data/external/kaggle/glaucoma_fundus_imaging_bundle/REFUGE/val/Images/V0327.jpg,data/processed/standardized_masks/refuge/val_V0327.png,data/external/kaggle/glaucoma_fundus_imaging_bundle/REFUGE/val/Images/V0327.jpg,data/processed/standardized_masks/refuge/val_V0327.png,V0327.jpg,val_V0327.png,multiclass_values_0_1_2,0,1,2,REFUGE_val_V0327,True,paired_standardized_and_visual_sample_reviewed,"REFUGE image/mask pair matched by file ID within official split; mask standardized to project {0,1,2} convention.",val
glaucoma_fundus_imaging_bundle,REFUGE,V0328,data/external/kaggle/glaucoma_fundus_imaging_bundle/REFUGE/val/Images/V0328.jpg,data/processed/standardized_masks/refuge/val_V0328.png,data/external/kaggle/glaucoma_fundus_imaging_bundle/REFUGE/val/Images/V0328.jpg,data/processed/standardized_masks/refuge/val_V0328.png,V0328.jpg,val_V0328.png,multiclass_values_0_1_2,0,1,2,REFUGE_val_V0328,True,paired_standardized_and_visual_sample_reviewed,"REFUGE image/mask pair matched by file ID within official split; mask standardized to project {0,1,2} convention.",val
glaucoma_fundus_imaging_bundle,REFUGE,V0329,data/external/kaggle/glaucoma_fundus_imaging_bundle/REFUGE/val/Images/V0329.jpg,data/processed/standardized_masks/refuge/val_V0329.png,data/external/kaggle/glaucoma_fundus_imaging_bundle/REFUGE/val/Images/V0329.jpg,data/processed/standardized_masks/refuge/val_V0329.png,V0329.jpg,val_V0329.png,multiclass_values_0_1_2,0,1,2,REFUGE_val_V0329,True,paired_standardized_and_visual_sample_reviewed,"REFUGE image/mask pair matched by file ID within official split; mask standardized to project {0,1,2} convention.",val
glaucoma_fundus_imaging_bundle,REFUGE,V0330,data/external/kaggle/glaucoma_fundus_imaging_bundle/REFUGE/val/Images/V0330.jpg,data/processed/standardized_masks/refuge/val_V0330.png,data/external/kaggle/glaucoma_fundus_imaging_bundle/REFUGE/val/Images/V0330.jpg,data/processed/standardized_masks/refuge/val_V0330.png,V0330.jpg,val_V0330.png,multiclass_values_0_1_2,0,1,2,REFUGE_val_V0330,True,paired_standardized_and_visual_sample_reviewed,"REFUGE image/mask pair matched by file ID within official split; mask standardized to project {0,1,2} convention.",val
glaucoma_fundus_imaging_bundle,REFUGE,V0331,data/external/kaggle/glaucoma_fundus_imaging_bundle/REFUGE/val/Images/V0331.jpg,data/processed/standardized_masks/refuge/val_V0331.png,data/external/kaggle/glaucoma_fundus_imaging_bundle/REFUGE/val/Images/V0331.jpg,data/processed/standardized_masks/refuge/val_V0331.png,V0331.jpg,val_V0331.png,multiclass_values_0_1_2,0,1,2,REFUGE_val_V0331,True,paired_standardized_and_visual_sample_reviewed,"REFUGE image/mask pair matched by file ID within official split; mask standardized to project {0,1,2} convention.",val
glaucoma_fundus_imaging_bundle,REFUGE,V0332,data/external/kaggle/glaucoma_fundus_imaging_bundle/REFUGE/val/Images/V0332.jpg,data/processed/standardized_masks/refuge/val_V0332.png,data/external/kaggle/glaucoma_fundus_imaging_bundle/REFUGE/val/Images/V0332.jpg,data/processed/standardized_masks/refuge/val_V0332.png,V0332.jpg,val_V0332.png,multiclass_values_0_1_2,0,1,2,REFUGE_val_V0332,True,paired_standardized_and_visual_sample_reviewed,"REFUGE image/mask pair matched by file ID within official split; mask standardized to project {0,1,2} convention.",val
glaucoma_fundus_imaging_bundle,REFUGE,V0333,data/external/kaggle/glaucoma_fundus_imaging_bundle/REFUGE/val/Images/V0333.jpg,data/processed/standardized_masks/refuge/val_V0333.png,data/external/kaggle/glaucoma_fundus_imaging_bundle/REFUGE/val/Images/V0333.jpg,data/processed/standardized_masks/refuge/val_V0333.png,V0333.jpg,val_V0333.png,multiclass_values_0_1_2,0,1,2,REFUGE_val_V0333,True,paired_standardized_and_visual_sample_reviewed,"REFUGE image/mask pair matched by file ID within official split; mask standardized to project {0,1,2} convention.",val
glaucoma_fundus_imaging_bundle,REFUGE,V0334,data/external/kaggle/glaucoma_fundus_imaging_bundle/REFUGE/val/Images/V0334.jpg,data/processed/standardized_masks/refuge/val_V0334.png,data/external/kaggle/glaucoma_fundus_imaging_bundle/REFUGE/val/Images/V0334.jpg,data/processed/standardized_masks/refuge/val_V0334.png,V0334.jpg,val_V0334.png,multiclass_values_0_1_2,0,1,2,REFUGE_val_V0334,True,paired_standardized_and_visual_sample_reviewed,"REFUGE image/mask pair matched by file ID within official split; mask standardized to project {0,1,2} convention.",val
glaucoma_fundus_imaging_bundle,REFUGE,V0335,data/external/kaggle/glaucoma_fundus_imaging_bundle/REFUGE/val/Images/V0335.jpg,data/processed/standardized_masks/refuge/val_V0335.png,data/external/kaggle/glaucoma_fundus_imaging_bundle/REFUGE/val/Images/V0335.jpg,data/processed/standardized_masks/refuge/val_V0335.png,V0335.jpg,val_V0335.png,multiclass_values_0_1_2,0,1,2,REFUGE_val_V0335,True,paired_standardized_and_visual_sample_reviewed,"REFUGE image/mask pair matched by file ID within official split; mask standardized to project {0,1,2} convention.",val
glaucoma_fundus_imaging_bundle,REFUGE,V0336,data/external/kaggle/glaucoma_fundus_imaging_bundle/REFUGE/val/Images/V0336.jpg,data/processed/standardized_masks/refuge/val_V0336.png,data/external/kaggle/glaucoma_fundus_imaging_bundle/REFUGE/val/Images/V0336.jpg,data/processed/standardized_masks/refuge/val_V0336.png,V0336.jpg,val_V0336.png,multiclass_values_0_1_2,0,1,2,REFUGE_val_V0336,True,paired_standardized_and_visual_sample_reviewed,"REFUGE image/mask pair matched by file ID within official split; mask standardized to project {0,1,2} convention.",val
glaucoma_fundus_imaging_bundle,REFUGE,V0337,data/external/kaggle/glaucoma_fundus_imaging_bundle/REFUGE/val/Images/V0337.jpg,data/processed/standardized_masks/refuge/val_V0337.png,data/external/kaggle/glaucoma_fundus_imaging_bundle/REFUGE/val/Images/V0337.jpg,data/processed/standardized_masks/refuge/val_V0337.png,V0337.jpg,val_V0337.png,multiclass_values_0_1_2,0,1,2,REFUGE_val_V0337,True,paired_standardized_and_visual_sample_reviewed,"REFUGE image/mask pair matched by file ID within official split; mask standardized to project {0,1,2} convention.",val
glaucoma_fundus_imaging_bundle,REFUGE,V0338,data/external/kaggle/glaucoma_fundus_imaging_bundle/REFUGE/val/Images/V0338.jpg,data/processed/standardized_masks/refuge/val_V0338.png,data/external/kaggle/glaucoma_fundus_imaging_bundle/REFUGE/val/Images/V0338.jpg,data/processed/standardized_masks/refuge/val_V0338.png,V0338.jpg,val_V0338.png,multiclass_values_0_1_2,0,1,2,REFUGE_val_V0338,True,paired_standardized_and_visual_sample_reviewed,"REFUGE image/mask pair matched by file ID within official split; mask standardized to project {0,1,2} convention.",val
glaucoma_fundus_imaging_bundle,REFUGE,V0339,data/external/kaggle/glaucoma_fundus_imaging_bundle/REFUGE/val/Images/V0339.jpg,data/processed/standardized_masks/refuge/val_V0339.png,data/external/kaggle/glaucoma_fundus_imaging_bundle/REFUGE/val/Images/V0339.jpg,data/processed/standardized_masks/refuge/val_V0339.png,V0339.jpg,val_V0339.png,multiclass_values_0_1_2,0,1,2,REFUGE_val_V0339,True,paired_standardized_and_visual_sample_reviewed,"REFUGE image/mask pair matched by file ID within official split; mask standardized to project {0,1,2} convention.",val
glaucoma_fundus_imaging_bundle,REFUGE,V0340,data/external/kaggle/glaucoma_fundus_imaging_bundle/REFUGE/val/Images/V0340.jpg,data/processed/standardized_masks/refuge/val_V0340.png,data/external/kaggle/glaucoma_fundus_imaging_bundle/REFUGE/val/Images/V0340.jpg,data/processed/standardized_masks/refuge/val_V0340.png,V0340.jpg,val_V0340.png,multiclass_values_0_1_2,0,1,2,REFUGE_val_V0340,True,paired_standardized_and_visual_sample_reviewed,"REFUGE image/mask pair matched by file ID within official split; mask standardized to project {0,1,2} convention.",val
glaucoma_fundus_imaging_bundle,REFUGE,V0341,data/external/kaggle/glaucoma_fundus_imaging_bundle/REFUGE/val/Images/V0341.jpg,data/processed/standardized_masks/refuge/val_V0341.png,data/external/kaggle/glaucoma_fundus_imaging_bundle/REFUGE/val/Images/V0341.jpg,data/processed/standardized_masks/refuge/val_V0341.png,V0341.jpg,val_V0341.png,multiclass_values_0_1_2,0,1,2,REFUGE_val_V0341,True,paired_standardized_and_visual_sample_reviewed,"REFUGE image/mask pair matched by file ID within official split; mask standardized to project {0,1,2} convention.",val
glaucoma_fundus_imaging_bundle,REFUGE,V0342,data/external/kaggle/glaucoma_fundus_imaging_bundle/REFUGE/val/Images/V0342.jpg,data/processed/standardized_masks/refuge/val_V0342.png,data/external/kaggle/glaucoma_fundus_imaging_bundle/REFUGE/val/Images/V0342.jpg,data/processed/standardized_masks/refuge/val_V0342.png,V0342.jpg,val_V0342.png,multiclass_values_0_1_2,0,1,2,REFUGE_val_V0342,True,paired_standardized_and_visual_sample_reviewed,"REFUGE image/mask pair matched by file ID within official split; mask standardized to project {0,1,2} convention.",val
glaucoma_fundus_imaging_bundle,REFUGE,V0343,data/external/kaggle/glaucoma_fundus_imaging_bundle/REFUGE/val/Images/V0343.jpg,data/processed/standardized_masks/refuge/val_V0343.png,data/external/kaggle/glaucoma_fundus_imaging_bundle/REFUGE/val/Images/V0343.jpg,data/processed/standardized_masks/refuge/val_V0343.png,V0343.jpg,val_V0343.png,multiclass_values_0_1_2,0,1,2,REFUGE_val_V0343,True,paired_standardized_and_visual_sample_reviewed,"REFUGE image/mask pair matched by file ID within official split; mask standardized to project {0,1,2} convention.",val
glaucoma_fundus_imaging_bundle,REFUGE,V0344,data/external/kaggle/glaucoma_fundus_imaging_bundle/REFUGE/val/Images/V0344.jpg,data/processed/standardized_masks/refuge/val_V0344.png,data/external/kaggle/glaucoma_fundus_imaging_bundle/REFUGE/val/Images/V0344.jpg,data/processed/standardized_masks/refuge/val_V0344.png,V0344.jpg,val_V0344.png,multiclass_values_0_1_2,0,1,2,REFUGE_val_V0344,True,paired_standardized_and_visual_sample_reviewed,"REFUGE image/mask pair matched by file ID within official split; mask standardized to project {0,1,2} convention.",val
glaucoma_fundus_imaging_bundle,REFUGE,V0345,data/external/kaggle/glaucoma_fundus_imaging_bundle/REFUGE/val/Images/V0345.jpg,data/processed/standardized_masks/refuge/val_V0345.png,data/external/kaggle/glaucoma_fundus_imaging_bundle/REFUGE/val/Images/V0345.jpg,data/processed/standardized_masks/refuge/val_V0345.png,V0345.jpg,val_V0345.png,multiclass_values_0_1_2,0,1,2,REFUGE_val_V0345,True,paired_standardized_and_visual_sample_reviewed,"REFUGE image/mask pair matched by file ID within official split; mask standardized to project {0,1,2} convention.",val
glaucoma_fundus_imaging_bundle,REFUGE,V0346,data/external/kaggle/glaucoma_fundus_imaging_bundle/REFUGE/val/Images/V0346.jpg,data/processed/standardized_masks/refuge/val_V0346.png,data/external/kaggle/glaucoma_fundus_imaging_bundle/REFUGE/val/Images/V0346.jpg,data/processed/standardized_masks/refuge/val_V0346.png,V0346.jpg,val_V0346.png,multiclass_values_0_1_2,0,1,2,REFUGE_val_V0346,True,paired_standardized_and_visual_sample_reviewed,"REFUGE image/mask pair matched by file ID within official split; mask standardized to project {0,1,2} convention.",val
glaucoma_fundus_imaging_bundle,REFUGE,V0347,data/external/kaggle/glaucoma_fundus_imaging_bundle/REFUGE/val/Images/V0347.jpg,data/processed/standardized_masks/refuge/val_V0347.png,data/external/kaggle/glaucoma_fundus_imaging_bundle/REFUGE/val/Images/V0347.jpg,data/processed/standardized_masks/refuge/val_V0347.png,V0347.jpg,val_V0347.png,multiclass_values_0_1_2,0,1,2,REFUGE_val_V0347,True,paired_standardized_and_visual_sample_reviewed,"REFUGE image/mask pair matched by file ID within official split; mask standardized to project {0,1,2} convention.",val
glaucoma_fundus_imaging_bundle,REFUGE,V0348,data/external/kaggle/glaucoma_fundus_imaging_bundle/REFUGE/val/Images/V0348.jpg,data/processed/standardized_masks/refuge/val_V0348.png,data/external/kaggle/glaucoma_fundus_imaging_bundle/REFUGE/val/Images/V0348.jpg,data/processed/standardized_masks/refuge/val_V0348.png,V0348.jpg,val_V0348.png,multiclass_values_0_1_2,0,1,2,REFUGE_val_V0348,True,paired_standardized_and_visual_sample_reviewed,"REFUGE image/mask pair matched by file ID within official split; mask standardized to project {0,1,2} convention.",val
glaucoma_fundus_imaging_bundle,REFUGE,V0349,data/external/kaggle/glaucoma_fundus_imaging_bundle/REFUGE/val/Images/V0349.jpg,data/processed/standardized_masks/refuge/val_V0349.png,data/external/kaggle/glaucoma_fundus_imaging_bundle/REFUGE/val/Images/V0349.jpg,data/processed/standardized_masks/refuge/val_V0349.png,V0349.jpg,val_V0349.png,multiclass_values_0_1_2,0,1,2,REFUGE_val_V0349,True,paired_standardized_and_visual_sample_reviewed,"REFUGE image/mask pair matched by file ID within official split; mask standardized to project {0,1,2} convention.",val
glaucoma_fundus_imaging_bundle,REFUGE,V0350,data/external/kaggle/glaucoma_fundus_imaging_bundle/REFUGE/val/Images/V0350.jpg,data/processed/standardized_masks/refuge/val_V0350.png,data/external/kaggle/glaucoma_fundus_imaging_bundle/REFUGE/val/Images/V0350.jpg,data/processed/standardized_masks/refuge/val_V0350.png,V0350.jpg,val_V0350.png,multiclass_values_0_1_2,0,1,2,REFUGE_val_V0350,True,paired_standardized_and_visual_sample_reviewed,"REFUGE image/mask pair matched by file ID within official split; mask standardized to project {0,1,2} convention.",val
glaucoma_fundus_imaging_bundle,REFUGE,V0351,data/external/kaggle/glaucoma_fundus_imaging_bundle/REFUGE/val/Images/V0351.jpg,data/processed/standardized_masks/refuge/val_V0351.png,data/external/kaggle/glaucoma_fundus_imaging_bundle/REFUGE/val/Images/V0351.jpg,data/processed/standardized_masks/refuge/val_V0351.png,V0351.jpg,val_V0351.png,multiclass_values_0_1_2,0,1,2,REFUGE_val_V0351,True,paired_standardized_and_visual_sample_reviewed,"REFUGE image/mask pair matched by file ID within official split; mask standardized to project {0,1,2} convention.",val
glaucoma_fundus_imaging_bundle,REFUGE,V0352,data/external/kaggle/glaucoma_fundus_imaging_bundle/REFUGE/val/Images/V0352.jpg,data/processed/standardized_masks/refuge/val_V0352.png,data/external/kaggle/glaucoma_fundus_imaging_bundle/REFUGE/val/Images/V0352.jpg,data/processed/standardized_masks/refuge/val_V0352.png,V0352.jpg,val_V0352.png,multiclass_values_0_1_2,0,1,2,REFUGE_val_V0352,True,paired_standardized_and_visual_sample_reviewed,"REFUGE image/mask pair matched by file ID within official split; mask standardized to project {0,1,2} convention.",val
glaucoma_fundus_imaging_bundle,REFUGE,V0353,data/external/kaggle/glaucoma_fundus_imaging_bundle/REFUGE/val/Images/V0353.jpg,data/processed/standardized_masks/refuge/val_V0353.png,data/external/kaggle/glaucoma_fundus_imaging_bundle/REFUGE/val/Images/V0353.jpg,data/processed/standardized_masks/refuge/val_V0353.png,V0353.jpg,val_V0353.png,multiclass_values_0_1_2,0,1,2,REFUGE_val_V0353,True,paired_standardized_and_visual_sample_reviewed,"REFUGE image/mask pair matched by file ID within official split; mask standardized to project {0,1,2} convention.",val
glaucoma_fundus_imaging_bundle,REFUGE,V0354,data/external/kaggle/glaucoma_fundus_imaging_bundle/REFUGE/val/Images/V0354.jpg,data/processed/standardized_masks/refuge/val_V0354.png,data/external/kaggle/glaucoma_fundus_imaging_bundle/REFUGE/val/Images/V0354.jpg,data/processed/standardized_masks/refuge/val_V0354.png,V0354.jpg,val_V0354.png,multiclass_values_0_1_2,0,1,2,REFUGE_val_V0354,True,paired_standardized_and_visual_sample_reviewed,"REFUGE image/mask pair matched by file ID within official split; mask standardized to project {0,1,2} convention.",val
glaucoma_fundus_imaging_bundle,REFUGE,V0355,data/external/kaggle/glaucoma_fundus_imaging_bundle/REFUGE/val/Images/V0355.jpg,data/processed/standardized_masks/refuge/val_V0355.png,data/external/kaggle/glaucoma_fundus_imaging_bundle/REFUGE/val/Images/V0355.jpg,data/processed/standardized_masks/refuge/val_V0355.png,V0355.jpg,val_V0355.png,multiclass_values_0_1_2,0,1,2,REFUGE_val_V0355,True,paired_standardized_and_visual_sample_reviewed,"REFUGE image/mask pair matched by file ID within official split; mask standardized to project {0,1,2} convention.",val
glaucoma_fundus_imaging_bundle,REFUGE,V0356,data/external/kaggle/glaucoma_fundus_imaging_bundle/REFUGE/val/Images/V0356.jpg,data/processed/standardized_masks/refuge/val_V0356.png,data/external/kaggle/glaucoma_fundus_imaging_bundle/REFUGE/val/Images/V0356.jpg,data/processed/standardized_masks/refuge/val_V0356.png,V0356.jpg,val_V0356.png,multiclass_values_0_1_2,0,1,2,REFUGE_val_V0356,True,paired_standardized_and_visual_sample_reviewed,"REFUGE image/mask pair matched by file ID within official split; mask standardized to project {0,1,2} convention.",val
glaucoma_fundus_imaging_bundle,REFUGE,V0357,data/external/kaggle/glaucoma_fundus_imaging_bundle/REFUGE/val/Images/V0357.jpg,data/processed/standardized_masks/refuge/val_V0357.png,data/external/kaggle/glaucoma_fundus_imaging_bundle/REFUGE/val/Images/V0357.jpg,data/processed/standardized_masks/refuge/val_V0357.png,V0357.jpg,val_V0357.png,multiclass_values_0_1_2,0,1,2,REFUGE_val_V0357,True,paired_standardized_and_visual_sample_reviewed,"REFUGE image/mask pair matched by file ID within official split; mask standardized to project {0,1,2} convention.",val
glaucoma_fundus_imaging_bundle,REFUGE,V0358,data/external/kaggle/glaucoma_fundus_imaging_bundle/REFUGE/val/Images/V0358.jpg,data/processed/standardized_masks/refuge/val_V0358.png,data/external/kaggle/glaucoma_fundus_imaging_bundle/REFUGE/val/Images/V0358.jpg,data/processed/standardized_masks/refuge/val_V0358.png,V0358.jpg,val_V0358.png,multiclass_values_0_1_2,0,1,2,REFUGE_val_V0358,True,paired_standardized_and_visual_sample_reviewed,"REFUGE image/mask pair matched by file ID within official split; mask standardized to project {0,1,2} convention.",val
glaucoma_fundus_imaging_bundle,REFUGE,V0359,data/external/kaggle/glaucoma_fundus_imaging_bundle/REFUGE/val/Images/V0359.jpg,data/processed/standardized_masks/refuge/val_V0359.png,data/external/kaggle/glaucoma_fundus_imaging_bundle/REFUGE/val/Images/V0359.jpg,data/processed/standardized_masks/refuge/val_V0359.png,V0359.jpg,val_V0359.png,multiclass_values_0_1_2,0,1,2,REFUGE_val_V0359,True,paired_standardized_and_visual_sample_reviewed,"REFUGE image/mask pair matched by file ID within official split; mask standardized to project {0,1,2} convention.",val
glaucoma_fundus_imaging_bundle,REFUGE,V0360,data/external/kaggle/glaucoma_fundus_imaging_bundle/REFUGE/val/Images/V0360.jpg,data/processed/standardized_masks/refuge/val_V0360.png,data/external/kaggle/glaucoma_fundus_imaging_bundle/REFUGE/val/Images/V0360.jpg,data/processed/standardized_masks/refuge/val_V0360.png,V0360.jpg,val_V0360.png,multiclass_values_0_1_2,0,1,2,REFUGE_val_V0360,True,paired_standardized_and_visual_sample_reviewed,"REFUGE image/mask pair matched by file ID within official split; mask standardized to project {0,1,2} convention.",val
glaucoma_fundus_imaging_bundle,REFUGE,V0361,data/external/kaggle/glaucoma_fundus_imaging_bundle/REFUGE/val/Images/V0361.jpg,data/processed/standardized_masks/refuge/val_V0361.png,data/external/kaggle/glaucoma_fundus_imaging_bundle/REFUGE/val/Images/V0361.jpg,data/processed/standardized_masks/refuge/val_V0361.png,V0361.jpg,val_V0361.png,multiclass_values_0_1_2,0,1,2,REFUGE_val_V0361,True,paired_standardized_and_visual_sample_reviewed,"REFUGE image/mask pair matched by file ID within official split; mask standardized to project {0,1,2} convention.",val
glaucoma_fundus_imaging_bundle,REFUGE,V0362,data/external/kaggle/glaucoma_fundus_imaging_bundle/REFUGE/val/Images/V0362.jpg,data/processed/standardized_masks/refuge/val_V0362.png,data/external/kaggle/glaucoma_fundus_imaging_bundle/REFUGE/val/Images/V0362.jpg,data/processed/standardized_masks/refuge/val_V0362.png,V0362.jpg,val_V0362.png,multiclass_values_0_1_2,0,1,2,REFUGE_val_V0362,True,paired_standardized_and_visual_sample_reviewed,"REFUGE image/mask pair matched by file ID within official split; mask standardized to project {0,1,2} convention.",val
glaucoma_fundus_imaging_bundle,REFUGE,V0363,data/external/kaggle/glaucoma_fundus_imaging_bundle/REFUGE/val/Images/V0363.jpg,data/processed/standardized_masks/refuge/val_V0363.png,data/external/kaggle/glaucoma_fundus_imaging_bundle/REFUGE/val/Images/V0363.jpg,data/processed/standardized_masks/refuge/val_V0363.png,V0363.jpg,val_V0363.png,multiclass_values_0_1_2,0,1,2,REFUGE_val_V0363,True,paired_standardized_and_visual_sample_reviewed,"REFUGE image/mask pair matched by file ID within official split; mask standardized to project {0,1,2} convention.",val
glaucoma_fundus_imaging_bundle,REFUGE,V0364,data/external/kaggle/glaucoma_fundus_imaging_bundle/REFUGE/val/Images/V0364.jpg,data/processed/standardized_masks/refuge/val_V0364.png,data/external/kaggle/glaucoma_fundus_imaging_bundle/REFUGE/val/Images/V0364.jpg,data/processed/standardized_masks/refuge/val_V0364.png,V0364.jpg,val_V0364.png,multiclass_values_0_1_2,0,1,2,REFUGE_val_V0364,True,paired_standardized_and_visual_sample_reviewed,"REFUGE image/mask pair matched by file ID within official split; mask standardized to project {0,1,2} convention.",val
glaucoma_fundus_imaging_bundle,REFUGE,V0365,data/external/kaggle/glaucoma_fundus_imaging_bundle/REFUGE/val/Images/V0365.jpg,data/processed/standardized_masks/refuge/val_V0365.png,data/external/kaggle/glaucoma_fundus_imaging_bundle/REFUGE/val/Images/V0365.jpg,data/processed/standardized_masks/refuge/val_V0365.png,V0365.jpg,val_V0365.png,multiclass_values_0_1_2,0,1,2,REFUGE_val_V0365,True,paired_standardized_and_visual_sample_reviewed,"REFUGE image/mask pair matched by file ID within official split; mask standardized to project {0,1,2} convention.",val
glaucoma_fundus_imaging_bundle,REFUGE,V0366,data/external/kaggle/glaucoma_fundus_imaging_bundle/REFUGE/val/Images/V0366.jpg,data/processed/standardized_masks/refuge/val_V0366.png,data/external/kaggle/glaucoma_fundus_imaging_bundle/REFUGE/val/Images/V0366.jpg,data/processed/standardized_masks/refuge/val_V0366.png,V0366.jpg,val_V0366.png,multiclass_values_0_1_2,0,1,2,REFUGE_val_V0366,True,paired_standardized_and_visual_sample_reviewed,"REFUGE image/mask pair matched by file ID within official split; mask standardized to project {0,1,2} convention.",val
glaucoma_fundus_imaging_bundle,REFUGE,V0367,data/external/kaggle/glaucoma_fundus_imaging_bundle/REFUGE/val/Images/V0367.jpg,data/processed/standardized_masks/refuge/val_V0367.png,data/external/kaggle/glaucoma_fundus_imaging_bundle/REFUGE/val/Images/V0367.jpg,data/processed/standardized_masks/refuge/val_V0367.png,V0367.jpg,val_V0367.png,multiclass_values_0_1_2,0,1,2,REFUGE_val_V0367,True,paired_standardized_and_visual_sample_reviewed,"REFUGE image/mask pair matched by file ID within official split; mask standardized to project {0,1,2} convention.",val
glaucoma_fundus_imaging_bundle,REFUGE,V0368,data/external/kaggle/glaucoma_fundus_imaging_bundle/REFUGE/val/Images/V0368.jpg,data/processed/standardized_masks/refuge/val_V0368.png,data/external/kaggle/glaucoma_fundus_imaging_bundle/REFUGE/val/Images/V0368.jpg,data/processed/standardized_masks/refuge/val_V0368.png,V0368.jpg,val_V0368.png,multiclass_values_0_1_2,0,1,2,REFUGE_val_V0368,True,paired_standardized_and_visual_sample_reviewed,"REFUGE image/mask pair matched by file ID within official split; mask standardized to project {0,1,2} convention.",val
glaucoma_fundus_imaging_bundle,REFUGE,V0369,data/external/kaggle/glaucoma_fundus_imaging_bundle/REFUGE/val/Images/V0369.jpg,data/processed/standardized_masks/refuge/val_V0369.png,data/external/kaggle/glaucoma_fundus_imaging_bundle/REFUGE/val/Images/V0369.jpg,data/processed/standardized_masks/refuge/val_V0369.png,V0369.jpg,val_V0369.png,multiclass_values_0_1_2,0,1,2,REFUGE_val_V0369,True,paired_standardized_and_visual_sample_reviewed,"REFUGE image/mask pair matched by file ID within official split; mask standardized to project {0,1,2} convention.",val
glaucoma_fundus_imaging_bundle,REFUGE,V0370,data/external/kaggle/glaucoma_fundus_imaging_bundle/REFUGE/val/Images/V0370.jpg,data/processed/standardized_masks/refuge/val_V0370.png,data/external/kaggle/glaucoma_fundus_imaging_bundle/REFUGE/val/Images/V0370.jpg,data/processed/standardized_masks/refuge/val_V0370.png,V0370.jpg,val_V0370.png,multiclass_values_0_1_2,0,1,2,REFUGE_val_V0370,True,paired_standardized_and_visual_sample_reviewed,"REFUGE image/mask pair matched by file ID within official split; mask standardized to project {0,1,2} convention.",val
glaucoma_fundus_imaging_bundle,REFUGE,V0371,data/external/kaggle/glaucoma_fundus_imaging_bundle/REFUGE/val/Images/V0371.jpg,data/processed/standardized_masks/refuge/val_V0371.png,data/external/kaggle/glaucoma_fundus_imaging_bundle/REFUGE/val/Images/V0371.jpg,data/processed/standardized_masks/refuge/val_V0371.png,V0371.jpg,val_V0371.png,multiclass_values_0_1_2,0,1,2,REFUGE_val_V0371,True,paired_standardized_and_visual_sample_reviewed,"REFUGE image/mask pair matched by file ID within official split; mask standardized to project {0,1,2} convention.",val
glaucoma_fundus_imaging_bundle,REFUGE,V0372,data/external/kaggle/glaucoma_fundus_imaging_bundle/REFUGE/val/Images/V0372.jpg,data/processed/standardized_masks/refuge/val_V0372.png,data/external/kaggle/glaucoma_fundus_imaging_bundle/REFUGE/val/Images/V0372.jpg,data/processed/standardized_masks/refuge/val_V0372.png,V0372.jpg,val_V0372.png,multiclass_values_0_1_2,0,1,2,REFUGE_val_V0372,True,paired_standardized_and_visual_sample_reviewed,"REFUGE image/mask pair matched by file ID within official split; mask standardized to project {0,1,2} convention.",val
glaucoma_fundus_imaging_bundle,REFUGE,V0373,data/external/kaggle/glaucoma_fundus_imaging_bundle/REFUGE/val/Images/V0373.jpg,data/processed/standardized_masks/refuge/val_V0373.png,data/external/kaggle/glaucoma_fundus_imaging_bundle/REFUGE/val/Images/V0373.jpg,data/processed/standardized_masks/refuge/val_V0373.png,V0373.jpg,val_V0373.png,multiclass_values_0_1_2,0,1,2,REFUGE_val_V0373,True,paired_standardized_and_visual_sample_reviewed,"REFUGE image/mask pair matched by file ID within official split; mask standardized to project {0,1,2} convention.",val
glaucoma_fundus_imaging_bundle,REFUGE,V0374,data/external/kaggle/glaucoma_fundus_imaging_bundle/REFUGE/val/Images/V0374.jpg,data/processed/standardized_masks/refuge/val_V0374.png,data/external/kaggle/glaucoma_fundus_imaging_bundle/REFUGE/val/Images/V0374.jpg,data/processed/standardized_masks/refuge/val_V0374.png,V0374.jpg,val_V0374.png,multiclass_values_0_1_2,0,1,2,REFUGE_val_V0374,True,paired_standardized_and_visual_sample_reviewed,"REFUGE image/mask pair matched by file ID within official split; mask standardized to project {0,1,2} convention.",val
glaucoma_fundus_imaging_bundle,REFUGE,V0375,data/external/kaggle/glaucoma_fundus_imaging_bundle/REFUGE/val/Images/V0375.jpg,data/processed/standardized_masks/refuge/val_V0375.png,data/external/kaggle/glaucoma_fundus_imaging_bundle/REFUGE/val/Images/V0375.jpg,data/processed/standardized_masks/refuge/val_V0375.png,V0375.jpg,val_V0375.png,multiclass_values_0_1_2,0,1,2,REFUGE_val_V0375,True,paired_standardized_and_visual_sample_reviewed,"REFUGE image/mask pair matched by file ID within official split; mask standardized to project {0,1,2} convention.",val
glaucoma_fundus_imaging_bundle,REFUGE,V0376,data/external/kaggle/glaucoma_fundus_imaging_bundle/REFUGE/val/Images/V0376.jpg,data/processed/standardized_masks/refuge/val_V0376.png,data/external/kaggle/glaucoma_fundus_imaging_bundle/REFUGE/val/Images/V0376.jpg,data/processed/standardized_masks/refuge/val_V0376.png,V0376.jpg,val_V0376.png,multiclass_values_0_1_2,0,1,2,REFUGE_val_V0376,True,paired_standardized_and_visual_sample_reviewed,"REFUGE image/mask pair matched by file ID within official split; mask standardized to project {0,1,2} convention.",val
glaucoma_fundus_imaging_bundle,REFUGE,V0377,data/external/kaggle/glaucoma_fundus_imaging_bundle/REFUGE/val/Images/V0377.jpg,data/processed/standardized_masks/refuge/val_V0377.png,data/external/kaggle/glaucoma_fundus_imaging_bundle/REFUGE/val/Images/V0377.jpg,data/processed/standardized_masks/refuge/val_V0377.png,V0377.jpg,val_V0377.png,multiclass_values_0_1_2,0,1,2,REFUGE_val_V0377,True,paired_standardized_and_visual_sample_reviewed,"REFUGE image/mask pair matched by file ID within official split; mask standardized to project {0,1,2} convention.",val
glaucoma_fundus_imaging_bundle,REFUGE,V0378,data/external/kaggle/glaucoma_fundus_imaging_bundle/REFUGE/val/Images/V0378.jpg,data/processed/standardized_masks/refuge/val_V0378.png,data/external/kaggle/glaucoma_fundus_imaging_bundle/REFUGE/val/Images/V0378.jpg,data/processed/standardized_masks/refuge/val_V0378.png,V0378.jpg,val_V0378.png,multiclass_values_0_1_2,0,1,2,REFUGE_val_V0378,True,paired_standardized_and_visual_sample_reviewed,"REFUGE image/mask pair matched by file ID within official split; mask standardized to project {0,1,2} convention.",val
glaucoma_fundus_imaging_bundle,REFUGE,V0379,data/external/kaggle/glaucoma_fundus_imaging_bundle/REFUGE/val/Images/V0379.jpg,data/processed/standardized_masks/refuge/val_V0379.png,data/external/kaggle/glaucoma_fundus_imaging_bundle/REFUGE/val/Images/V0379.jpg,data/processed/standardized_masks/refuge/val_V0379.png,V0379.jpg,val_V0379.png,multiclass_values_0_1_2,0,1,2,REFUGE_val_V0379,True,paired_standardized_and_visual_sample_reviewed,"REFUGE image/mask pair matched by file ID within official split; mask standardized to project {0,1,2} convention.",val
glaucoma_fundus_imaging_bundle,REFUGE,V0380,data/external/kaggle/glaucoma_fundus_imaging_bundle/REFUGE/val/Images/V0380.jpg,data/processed/standardized_masks/refuge/val_V0380.png,data/external/kaggle/glaucoma_fundus_imaging_bundle/REFUGE/val/Images/V0380.jpg,data/processed/standardized_masks/refuge/val_V0380.png,V0380.jpg,val_V0380.png,multiclass_values_0_1_2,0,1,2,REFUGE_val_V0380,True,paired_standardized_and_visual_sample_reviewed,"REFUGE image/mask pair matched by file ID within official split; mask standardized to project {0,1,2} convention.",val
glaucoma_fundus_imaging_bundle,REFUGE,V0381,data/external/kaggle/glaucoma_fundus_imaging_bundle/REFUGE/val/Images/V0381.jpg,data/processed/standardized_masks/refuge/val_V0381.png,data/external/kaggle/glaucoma_fundus_imaging_bundle/REFUGE/val/Images/V0381.jpg,data/processed/standardized_masks/refuge/val_V0381.png,V0381.jpg,val_V0381.png,multiclass_values_0_1_2,0,1,2,REFUGE_val_V0381,True,paired_standardized_and_visual_sample_reviewed,"REFUGE image/mask pair matched by file ID within official split; mask standardized to project {0,1,2} convention.",val
glaucoma_fundus_imaging_bundle,REFUGE,V0382,data/external/kaggle/glaucoma_fundus_imaging_bundle/REFUGE/val/Images/V0382.jpg,data/processed/standardized_masks/refuge/val_V0382.png,data/external/kaggle/glaucoma_fundus_imaging_bundle/REFUGE/val/Images/V0382.jpg,data/processed/standardized_masks/refuge/val_V0382.png,V0382.jpg,val_V0382.png,multiclass_values_0_1_2,0,1,2,REFUGE_val_V0382,True,paired_standardized_and_visual_sample_reviewed,"REFUGE image/mask pair matched by file ID within official split; mask standardized to project {0,1,2} convention.",val
glaucoma_fundus_imaging_bundle,REFUGE,V0383,data/external/kaggle/glaucoma_fundus_imaging_bundle/REFUGE/val/Images/V0383.jpg,data/processed/standardized_masks/refuge/val_V0383.png,data/external/kaggle/glaucoma_fundus_imaging_bundle/REFUGE/val/Images/V0383.jpg,data/processed/standardized_masks/refuge/val_V0383.png,V0383.jpg,val_V0383.png,multiclass_values_0_1_2,0,1,2,REFUGE_val_V0383,True,paired_standardized_and_visual_sample_reviewed,"REFUGE image/mask pair matched by file ID within official split; mask standardized to project {0,1,2} convention.",val
glaucoma_fundus_imaging_bundle,REFUGE,V0384,data/external/kaggle/glaucoma_fundus_imaging_bundle/REFUGE/val/Images/V0384.jpg,data/processed/standardized_masks/refuge/val_V0384.png,data/external/kaggle/glaucoma_fundus_imaging_bundle/REFUGE/val/Images/V0384.jpg,data/processed/standardized_masks/refuge/val_V0384.png,V0384.jpg,val_V0384.png,multiclass_values_0_1_2,0,1,2,REFUGE_val_V0384,True,paired_standardized_and_visual_sample_reviewed,"REFUGE image/mask pair matched by file ID within official split; mask standardized to project {0,1,2} convention.",val
glaucoma_fundus_imaging_bundle,REFUGE,V0385,data/external/kaggle/glaucoma_fundus_imaging_bundle/REFUGE/val/Images/V0385.jpg,data/processed/standardized_masks/refuge/val_V0385.png,data/external/kaggle/glaucoma_fundus_imaging_bundle/REFUGE/val/Images/V0385.jpg,data/processed/standardized_masks/refuge/val_V0385.png,V0385.jpg,val_V0385.png,multiclass_values_0_1_2,0,1,2,REFUGE_val_V0385,True,paired_standardized_and_visual_sample_reviewed,"REFUGE image/mask pair matched by file ID within official split; mask standardized to project {0,1,2} convention.",val
glaucoma_fundus_imaging_bundle,REFUGE,V0386,data/external/kaggle/glaucoma_fundus_imaging_bundle/REFUGE/val/Images/V0386.jpg,data/processed/standardized_masks/refuge/val_V0386.png,data/external/kaggle/glaucoma_fundus_imaging_bundle/REFUGE/val/Images/V0386.jpg,data/processed/standardized_masks/refuge/val_V0386.png,V0386.jpg,val_V0386.png,multiclass_values_0_1_2,0,1,2,REFUGE_val_V0386,True,paired_standardized_and_visual_sample_reviewed,"REFUGE image/mask pair matched by file ID within official split; mask standardized to project {0,1,2} convention.",val
glaucoma_fundus_imaging_bundle,REFUGE,V0387,data/external/kaggle/glaucoma_fundus_imaging_bundle/REFUGE/val/Images/V0387.jpg,data/processed/standardized_masks/refuge/val_V0387.png,data/external/kaggle/glaucoma_fundus_imaging_bundle/REFUGE/val/Images/V0387.jpg,data/processed/standardized_masks/refuge/val_V0387.png,V0387.jpg,val_V0387.png,multiclass_values_0_1_2,0,1,2,REFUGE_val_V0387,True,paired_standardized_and_visual_sample_reviewed,"REFUGE image/mask pair matched by file ID within official split; mask standardized to project {0,1,2} convention.",val
glaucoma_fundus_imaging_bundle,REFUGE,V0388,data/external/kaggle/glaucoma_fundus_imaging_bundle/REFUGE/val/Images/V0388.jpg,data/processed/standardized_masks/refuge/val_V0388.png,data/external/kaggle/glaucoma_fundus_imaging_bundle/REFUGE/val/Images/V0388.jpg,data/processed/standardized_masks/refuge/val_V0388.png,V0388.jpg,val_V0388.png,multiclass_values_0_1_2,0,1,2,REFUGE_val_V0388,True,paired_standardized_and_visual_sample_reviewed,"REFUGE image/mask pair matched by file ID within official split; mask standardized to project {0,1,2} convention.",val
glaucoma_fundus_imaging_bundle,REFUGE,V0389,data/external/kaggle/glaucoma_fundus_imaging_bundle/REFUGE/val/Images/V0389.jpg,data/processed/standardized_masks/refuge/val_V0389.png,data/external/kaggle/glaucoma_fundus_imaging_bundle/REFUGE/val/Images/V0389.jpg,data/processed/standardized_masks/refuge/val_V0389.png,V0389.jpg,val_V0389.png,multiclass_values_0_1_2,0,1,2,REFUGE_val_V0389,True,paired_standardized_and_visual_sample_reviewed,"REFUGE image/mask pair matched by file ID within official split; mask standardized to project {0,1,2} convention.",val
glaucoma_fundus_imaging_bundle,REFUGE,V0390,data/external/kaggle/glaucoma_fundus_imaging_bundle/REFUGE/val/Images/V0390.jpg,data/processed/standardized_masks/refuge/val_V0390.png,data/external/kaggle/glaucoma_fundus_imaging_bundle/REFUGE/val/Images/V0390.jpg,data/processed/standardized_masks/refuge/val_V0390.png,V0390.jpg,val_V0390.png,multiclass_values_0_1_2,0,1,2,REFUGE_val_V0390,True,paired_standardized_and_visual_sample_reviewed,"REFUGE image/mask pair matched by file ID within official split; mask standardized to project {0,1,2} convention.",val
glaucoma_fundus_imaging_bundle,REFUGE,V0391,data/external/kaggle/glaucoma_fundus_imaging_bundle/REFUGE/val/Images/V0391.jpg,data/processed/standardized_masks/refuge/val_V0391.png,data/external/kaggle/glaucoma_fundus_imaging_bundle/REFUGE/val/Images/V0391.jpg,data/processed/standardized_masks/refuge/val_V0391.png,V0391.jpg,val_V0391.png,multiclass_values_0_1_2,0,1,2,REFUGE_val_V0391,True,paired_standardized_and_visual_sample_reviewed,"REFUGE image/mask pair matched by file ID within official split; mask standardized to project {0,1,2} convention.",val
glaucoma_fundus_imaging_bundle,REFUGE,V0392,data/external/kaggle/glaucoma_fundus_imaging_bundle/REFUGE/val/Images/V0392.jpg,data/processed/standardized_masks/refuge/val_V0392.png,data/external/kaggle/glaucoma_fundus_imaging_bundle/REFUGE/val/Images/V0392.jpg,data/processed/standardized_masks/refuge/val_V0392.png,V0392.jpg,val_V0392.png,multiclass_values_0_1_2,0,1,2,REFUGE_val_V0392,True,paired_standardized_and_visual_sample_reviewed,"REFUGE image/mask pair matched by file ID within official split; mask standardized to project {0,1,2} convention.",val
glaucoma_fundus_imaging_bundle,REFUGE,V0393,data/external/kaggle/glaucoma_fundus_imaging_bundle/REFUGE/val/Images/V0393.jpg,data/processed/standardized_masks/refuge/val_V0393.png,data/external/kaggle/glaucoma_fundus_imaging_bundle/REFUGE/val/Images/V0393.jpg,data/processed/standardized_masks/refuge/val_V0393.png,V0393.jpg,val_V0393.png,multiclass_values_0_1_2,0,1,2,REFUGE_val_V0393,True,paired_standardized_and_visual_sample_reviewed,"REFUGE image/mask pair matched by file ID within official split; mask standardized to project {0,1,2} convention.",val
glaucoma_fundus_imaging_bundle,REFUGE,V0394,data/external/kaggle/glaucoma_fundus_imaging_bundle/REFUGE/val/Images/V0394.jpg,data/processed/standardized_masks/refuge/val_V0394.png,data/external/kaggle/glaucoma_fundus_imaging_bundle/REFUGE/val/Images/V0394.jpg,data/processed/standardized_masks/refuge/val_V0394.png,V0394.jpg,val_V0394.png,multiclass_values_0_1_2,0,1,2,REFUGE_val_V0394,True,paired_standardized_and_visual_sample_reviewed,"REFUGE image/mask pair matched by file ID within official split; mask standardized to project {0,1,2} convention.",val
glaucoma_fundus_imaging_bundle,REFUGE,V0395,data/external/kaggle/glaucoma_fundus_imaging_bundle/REFUGE/val/Images/V0395.jpg,data/processed/standardized_masks/refuge/val_V0395.png,data/external/kaggle/glaucoma_fundus_imaging_bundle/REFUGE/val/Images/V0395.jpg,data/processed/standardized_masks/refuge/val_V0395.png,V0395.jpg,val_V0395.png,multiclass_values_0_1_2,0,1,2,REFUGE_val_V0395,True,paired_standardized_and_visual_sample_reviewed,"REFUGE image/mask pair matched by file ID within official split; mask standardized to project {0,1,2} convention.",val
glaucoma_fundus_imaging_bundle,REFUGE,V0396,data/external/kaggle/glaucoma_fundus_imaging_bundle/REFUGE/val/Images/V0396.jpg,data/processed/standardized_masks/refuge/val_V0396.png,data/external/kaggle/glaucoma_fundus_imaging_bundle/REFUGE/val/Images/V0396.jpg,data/processed/standardized_masks/refuge/val_V0396.png,V0396.jpg,val_V0396.png,multiclass_values_0_1_2,0,1,2,REFUGE_val_V0396,True,paired_standardized_and_visual_sample_reviewed,"REFUGE image/mask pair matched by file ID within official split; mask standardized to project {0,1,2} convention.",val
glaucoma_fundus_imaging_bundle,REFUGE,V0397,data/external/kaggle/glaucoma_fundus_imaging_bundle/REFUGE/val/Images/V0397.jpg,data/processed/standardized_masks/refuge/val_V0397.png,data/external/kaggle/glaucoma_fundus_imaging_bundle/REFUGE/val/Images/V0397.jpg,data/processed/standardized_masks/refuge/val_V0397.png,V0397.jpg,val_V0397.png,multiclass_values_0_1_2,0,1,2,REFUGE_val_V0397,True,paired_standardized_and_visual_sample_reviewed,"REFUGE image/mask pair matched by file ID within official split; mask standardized to project {0,1,2} convention.",val
glaucoma_fundus_imaging_bundle,REFUGE,V0398,data/external/kaggle/glaucoma_fundus_imaging_bundle/REFUGE/val/Images/V0398.jpg,data/processed/standardized_masks/refuge/val_V0398.png,data/external/kaggle/glaucoma_fundus_imaging_bundle/REFUGE/val/Images/V0398.jpg,data/processed/standardized_masks/refuge/val_V0398.png,V0398.jpg,val_V0398.png,multiclass_values_0_1_2,0,1,2,REFUGE_val_V0398,True,paired_standardized_and_visual_sample_reviewed,"REFUGE image/mask pair matched by file ID within official split; mask standardized to project {0,1,2} convention.",val
glaucoma_fundus_imaging_bundle,REFUGE,V0399,data/external/kaggle/glaucoma_fundus_imaging_bundle/REFUGE/val/Images/V0399.jpg,data/processed/standardized_masks/refuge/val_V0399.png,data/external/kaggle/glaucoma_fundus_imaging_bundle/REFUGE/val/Images/V0399.jpg,data/processed/standardized_masks/refuge/val_V0399.png,V0399.jpg,val_V0399.png,multiclass_values_0_1_2,0,1,2,REFUGE_val_V0399,True,paired_standardized_and_visual_sample_reviewed,"REFUGE image/mask pair matched by file ID within official split; mask standardized to project {0,1,2} convention.",val
glaucoma_fundus_imaging_bundle,REFUGE,V0400,data/external/kaggle/glaucoma_fundus_imaging_bundle/REFUGE/val/Images/V0400.jpg,data/processed/standardized_masks/refuge/val_V0400.png,data/external/kaggle/glaucoma_fundus_imaging_bundle/REFUGE/val/Images/V0400.jpg,data/processed/standardized_masks/refuge/val_V0400.png,V0400.jpg,val_V0400.png,multiclass_values_0_1_2,0,1,2,REFUGE_val_V0400,True,paired_standardized_and_visual_sample_reviewed,"REFUGE image/mask pair matched by file ID within official split; mask standardized to project {0,1,2} convention.",val
glaucoma_fundus_imaging_bundle,REFUGE,T0001,data/external/kaggle/glaucoma_fundus_imaging_bundle/REFUGE/test/Images/T0001.jpg,data/processed/standardized_masks/refuge/test_T0001.png,data/external/kaggle/glaucoma_fundus_imaging_bundle/REFUGE/test/Images/T0001.jpg,data/processed/standardized_masks/refuge/test_T0001.png,T0001.jpg,test_T0001.png,multiclass_values_0_1_2,0,1,2,REFUGE_test_T0001,True,paired_standardized_and_visual_sample_reviewed,"REFUGE image/mask pair matched by file ID within official split; mask standardized to project {0,1,2} convention.",test
glaucoma_fundus_imaging_bundle,REFUGE,T0002,data/external/kaggle/glaucoma_fundus_imaging_bundle/REFUGE/test/Images/T0002.jpg,data/processed/standardized_masks/refuge/test_T0002.png,data/external/kaggle/glaucoma_fundus_imaging_bundle/REFUGE/test/Images/T0002.jpg,data/processed/standardized_masks/refuge/test_T0002.png,T0002.jpg,test_T0002.png,multiclass_values_0_1_2,0,1,2,REFUGE_test_T0002,True,paired_standardized_and_visual_sample_reviewed,"REFUGE image/mask pair matched by file ID within official split; mask standardized to project {0,1,2} convention.",test
glaucoma_fundus_imaging_bundle,REFUGE,T0003,data/external/kaggle/glaucoma_fundus_imaging_bundle/REFUGE/test/Images/T0003.jpg,data/processed/standardized_masks/refuge/test_T0003.png,data/external/kaggle/glaucoma_fundus_imaging_bundle/REFUGE/test/Images/T0003.jpg,data/processed/standardized_masks/refuge/test_T0003.png,T0003.jpg,test_T0003.png,multiclass_values_0_1_2,0,1,2,REFUGE_test_T0003,True,paired_standardized_and_visual_sample_reviewed,"REFUGE image/mask pair matched by file ID within official split; mask standardized to project {0,1,2} convention.",test
glaucoma_fundus_imaging_bundle,REFUGE,T0004,data/external/kaggle/glaucoma_fundus_imaging_bundle/REFUGE/test/Images/T0004.jpg,data/processed/standardized_masks/refuge/test_T0004.png,data/external/kaggle/glaucoma_fundus_imaging_bundle/REFUGE/test/Images/T0004.jpg,data/processed/standardized_masks/refuge/test_T0004.png,T0004.jpg,test_T0004.png,multiclass_values_0_1_2,0,1,2,REFUGE_test_T0004,True,paired_standardized_and_visual_sample_reviewed,"REFUGE image/mask pair matched by file ID within official split; mask standardized to project {0,1,2} convention.",test
glaucoma_fundus_imaging_bundle,REFUGE,T0005,data/external/kaggle/glaucoma_fundus_imaging_bundle/REFUGE/test/Images/T0005.jpg,data/processed/standardized_masks/refuge/test_T0005.png,data/external/kaggle/glaucoma_fundus_imaging_bundle/REFUGE/test/Images/T0005.jpg,data/processed/standardized_masks/refuge/test_T0005.png,T0005.jpg,test_T0005.png,multiclass_values_0_1_2,0,1,2,REFUGE_test_T0005,True,paired_standardized_and_visual_sample_reviewed,"REFUGE image/mask pair matched by file ID within official split; mask standardized to project {0,1,2} convention.",test
glaucoma_fundus_imaging_bundle,REFUGE,T0006,data/external/kaggle/glaucoma_fundus_imaging_bundle/REFUGE/test/Images/T0006.jpg,data/processed/standardized_masks/refuge/test_T0006.png,data/external/kaggle/glaucoma_fundus_imaging_bundle/REFUGE/test/Images/T0006.jpg,data/processed/standardized_masks/refuge/test_T0006.png,T0006.jpg,test_T0006.png,multiclass_values_0_1_2,0,1,2,REFUGE_test_T0006,True,paired_standardized_and_visual_sample_reviewed,"REFUGE image/mask pair matched by file ID within official split; mask standardized to project {0,1,2} convention.",test
glaucoma_fundus_imaging_bundle,REFUGE,T0007,data/external/kaggle/glaucoma_fundus_imaging_bundle/REFUGE/test/Images/T0007.jpg,data/processed/standardized_masks/refuge/test_T0007.png,data/external/kaggle/glaucoma_fundus_imaging_bundle/REFUGE/test/Images/T0007.jpg,data/processed/standardized_masks/refuge/test_T0007.png,T0007.jpg,test_T0007.png,multiclass_values_0_1_2,0,1,2,REFUGE_test_T0007,True,paired_standardized_and_visual_sample_reviewed,"REFUGE image/mask pair matched by file ID within official split; mask standardized to project {0,1,2} convention.",test
glaucoma_fundus_imaging_bundle,REFUGE,T0008,data/external/kaggle/glaucoma_fundus_imaging_bundle/REFUGE/test/Images/T0008.jpg,data/processed/standardized_masks/refuge/test_T0008.png,data/external/kaggle/glaucoma_fundus_imaging_bundle/REFUGE/test/Images/T0008.jpg,data/processed/standardized_masks/refuge/test_T0008.png,T0008.jpg,test_T0008.png,multiclass_values_0_1_2,0,1,2,REFUGE_test_T0008,True,paired_standardized_and_visual_sample_reviewed,"REFUGE image/mask pair matched by file ID within official split; mask standardized to project {0,1,2} convention.",test
glaucoma_fundus_imaging_bundle,REFUGE,T0009,data/external/kaggle/glaucoma_fundus_imaging_bundle/REFUGE/test/Images/T0009.jpg,data/processed/standardized_masks/refuge/test_T0009.png,data/external/kaggle/glaucoma_fundus_imaging_bundle/REFUGE/test/Images/T0009.jpg,data/processed/standardized_masks/refuge/test_T0009.png,T0009.jpg,test_T0009.png,multiclass_values_0_1_2,0,1,2,REFUGE_test_T0009,True,paired_standardized_and_visual_sample_reviewed,"REFUGE image/mask pair matched by file ID within official split; mask standardized to project {0,1,2} convention.",test
glaucoma_fundus_imaging_bundle,REFUGE,T0010,data/external/kaggle/glaucoma_fundus_imaging_bundle/REFUGE/test/Images/T0010.jpg,data/processed/standardized_masks/refuge/test_T0010.png,data/external/kaggle/glaucoma_fundus_imaging_bundle/REFUGE/test/Images/T0010.jpg,data/processed/standardized_masks/refuge/test_T0010.png,T0010.jpg,test_T0010.png,multiclass_values_0_1_2,0,1,2,REFUGE_test_T0010,True,paired_standardized_and_visual_sample_reviewed,"REFUGE image/mask pair matched by file ID within official split; mask standardized to project {0,1,2} convention.",test
glaucoma_fundus_imaging_bundle,REFUGE,T0011,data/external/kaggle/glaucoma_fundus_imaging_bundle/REFUGE/test/Images/T0011.jpg,data/processed/standardized_masks/refuge/test_T0011.png,data/external/kaggle/glaucoma_fundus_imaging_bundle/REFUGE/test/Images/T0011.jpg,data/processed/standardized_masks/refuge/test_T0011.png,T0011.jpg,test_T0011.png,multiclass_values_0_1_2,0,1,2,REFUGE_test_T0011,True,paired_standardized_and_visual_sample_reviewed,"REFUGE image/mask pair matched by file ID within official split; mask standardized to project {0,1,2} convention.",test
glaucoma_fundus_imaging_bundle,REFUGE,T0012,data/external/kaggle/glaucoma_fundus_imaging_bundle/REFUGE/test/Images/T0012.jpg,data/processed/standardized_masks/refuge/test_T0012.png,data/external/kaggle/glaucoma_fundus_imaging_bundle/REFUGE/test/Images/T0012.jpg,data/processed/standardized_masks/refuge/test_T0012.png,T0012.jpg,test_T0012.png,multiclass_values_0_1_2,0,1,2,REFUGE_test_T0012,True,paired_standardized_and_visual_sample_reviewed,"REFUGE image/mask pair matched by file ID within official split; mask standardized to project {0,1,2} convention.",test
glaucoma_fundus_imaging_bundle,REFUGE,T0013,data/external/kaggle/glaucoma_fundus_imaging_bundle/REFUGE/test/Images/T0013.jpg,data/processed/standardized_masks/refuge/test_T0013.png,data/external/kaggle/glaucoma_fundus_imaging_bundle/REFUGE/test/Images/T0013.jpg,data/processed/standardized_masks/refuge/test_T0013.png,T0013.jpg,test_T0013.png,multiclass_values_0_1_2,0,1,2,REFUGE_test_T0013,True,paired_standardized_and_visual_sample_reviewed,"REFUGE image/mask pair matched by file ID within official split; mask standardized to project {0,1,2} convention.",test
glaucoma_fundus_imaging_bundle,REFUGE,T0014,data/external/kaggle/glaucoma_fundus_imaging_bundle/REFUGE/test/Images/T0014.jpg,data/processed/standardized_masks/refuge/test_T0014.png,data/external/kaggle/glaucoma_fundus_imaging_bundle/REFUGE/test/Images/T0014.jpg,data/processed/standardized_masks/refuge/test_T0014.png,T0014.jpg,test_T0014.png,multiclass_values_0_1_2,0,1,2,REFUGE_test_T0014,True,paired_standardized_and_visual_sample_reviewed,"REFUGE image/mask pair matched by file ID within official split; mask standardized to project {0,1,2} convention.",test
glaucoma_fundus_imaging_bundle,REFUGE,T0015,data/external/kaggle/glaucoma_fundus_imaging_bundle/REFUGE/test/Images/T0015.jpg,data/processed/standardized_masks/refuge/test_T0015.png,data/external/kaggle/glaucoma_fundus_imaging_bundle/REFUGE/test/Images/T0015.jpg,data/processed/standardized_masks/refuge/test_T0015.png,T0015.jpg,test_T0015.png,multiclass_values_0_1_2,0,1,2,REFUGE_test_T0015,True,paired_standardized_and_visual_sample_reviewed,"REFUGE image/mask pair matched by file ID within official split; mask standardized to project {0,1,2} convention.",test
glaucoma_fundus_imaging_bundle,REFUGE,T0016,data/external/kaggle/glaucoma_fundus_imaging_bundle/REFUGE/test/Images/T0016.jpg,data/processed/standardized_masks/refuge/test_T0016.png,data/external/kaggle/glaucoma_fundus_imaging_bundle/REFUGE/test/Images/T0016.jpg,data/processed/standardized_masks/refuge/test_T0016.png,T0016.jpg,test_T0016.png,multiclass_values_0_1_2,0,1,2,REFUGE_test_T0016,True,paired_standardized_and_visual_sample_reviewed,"REFUGE image/mask pair matched by file ID within official split; mask standardized to project {0,1,2} convention.",test
glaucoma_fundus_imaging_bundle,REFUGE,T0017,data/external/kaggle/glaucoma_fundus_imaging_bundle/REFUGE/test/Images/T0017.jpg,data/processed/standardized_masks/refuge/test_T0017.png,data/external/kaggle/glaucoma_fundus_imaging_bundle/REFUGE/test/Images/T0017.jpg,data/processed/standardized_masks/refuge/test_T0017.png,T0017.jpg,test_T0017.png,multiclass_values_0_1_2,0,1,2,REFUGE_test_T0017,True,paired_standardized_and_visual_sample_reviewed,"REFUGE image/mask pair matched by file ID within official split; mask standardized to project {0,1,2} convention.",test
glaucoma_fundus_imaging_bundle,REFUGE,T0018,data/external/kaggle/glaucoma_fundus_imaging_bundle/REFUGE/test/Images/T0018.jpg,data/processed/standardized_masks/refuge/test_T0018.png,data/external/kaggle/glaucoma_fundus_imaging_bundle/REFUGE/test/Images/T0018.jpg,data/processed/standardized_masks/refuge/test_T0018.png,T0018.jpg,test_T0018.png,multiclass_values_0_1_2,0,1,2,REFUGE_test_T0018,True,paired_standardized_and_visual_sample_reviewed,"REFUGE image/mask pair matched by file ID within official split; mask standardized to project {0,1,2} convention.",test
glaucoma_fundus_imaging_bundle,REFUGE,T0019,data/external/kaggle/glaucoma_fundus_imaging_bundle/REFUGE/test/Images/T0019.jpg,data/processed/standardized_masks/refuge/test_T0019.png,data/external/kaggle/glaucoma_fundus_imaging_bundle/REFUGE/test/Images/T0019.jpg,data/processed/standardized_masks/refuge/test_T0019.png,T0019.jpg,test_T0019.png,multiclass_values_0_1_2,0,1,2,REFUGE_test_T0019,True,paired_standardized_and_visual_sample_reviewed,"REFUGE image/mask pair matched by file ID within official split; mask standardized to project {0,1,2} convention.",test
glaucoma_fundus_imaging_bundle,REFUGE,T0020,data/external/kaggle/glaucoma_fundus_imaging_bundle/REFUGE/test/Images/T0020.jpg,data/processed/standardized_masks/refuge/test_T0020.png,data/external/kaggle/glaucoma_fundus_imaging_bundle/REFUGE/test/Images/T0020.jpg,data/processed/standardized_masks/refuge/test_T0020.png,T0020.jpg,test_T0020.png,multiclass_values_0_1_2,0,1,2,REFUGE_test_T0020,True,paired_standardized_and_visual_sample_reviewed,"REFUGE image/mask pair matched by file ID within official split; mask standardized to project {0,1,2} convention.",test
glaucoma_fundus_imaging_bundle,REFUGE,T0021,data/external/kaggle/glaucoma_fundus_imaging_bundle/REFUGE/test/Images/T0021.jpg,data/processed/standardized_masks/refuge/test_T0021.png,data/external/kaggle/glaucoma_fundus_imaging_bundle/REFUGE/test/Images/T0021.jpg,data/processed/standardized_masks/refuge/test_T0021.png,T0021.jpg,test_T0021.png,multiclass_values_0_1_2,0,1,2,REFUGE_test_T0021,True,paired_standardized_and_visual_sample_reviewed,"REFUGE image/mask pair matched by file ID within official split; mask standardized to project {0,1,2} convention.",test
glaucoma_fundus_imaging_bundle,REFUGE,T0022,data/external/kaggle/glaucoma_fundus_imaging_bundle/REFUGE/test/Images/T0022.jpg,data/processed/standardized_masks/refuge/test_T0022.png,data/external/kaggle/glaucoma_fundus_imaging_bundle/REFUGE/test/Images/T0022.jpg,data/processed/standardized_masks/refuge/test_T0022.png,T0022.jpg,test_T0022.png,multiclass_values_0_1_2,0,1,2,REFUGE_test_T0022,True,paired_standardized_and_visual_sample_reviewed,"REFUGE image/mask pair matched by file ID within official split; mask standardized to project {0,1,2} convention.",test
glaucoma_fundus_imaging_bundle,REFUGE,T0023,data/external/kaggle/glaucoma_fundus_imaging_bundle/REFUGE/test/Images/T0023.jpg,data/processed/standardized_masks/refuge/test_T0023.png,data/external/kaggle/glaucoma_fundus_imaging_bundle/REFUGE/test/Images/T0023.jpg,data/processed/standardized_masks/refuge/test_T0023.png,T0023.jpg,test_T0023.png,multiclass_values_0_1_2,0,1,2,REFUGE_test_T0023,True,paired_standardized_and_visual_sample_reviewed,"REFUGE image/mask pair matched by file ID within official split; mask standardized to project {0,1,2} convention.",test
glaucoma_fundus_imaging_bundle,REFUGE,T0024,data/external/kaggle/glaucoma_fundus_imaging_bundle/REFUGE/test/Images/T0024.jpg,data/processed/standardized_masks/refuge/test_T0024.png,data/external/kaggle/glaucoma_fundus_imaging_bundle/REFUGE/test/Images/T0024.jpg,data/processed/standardized_masks/refuge/test_T0024.png,T0024.jpg,test_T0024.png,multiclass_values_0_1_2,0,1,2,REFUGE_test_T0024,True,paired_standardized_and_visual_sample_reviewed,"REFUGE image/mask pair matched by file ID within official split; mask standardized to project {0,1,2} convention.",test
glaucoma_fundus_imaging_bundle,REFUGE,T0025,data/external/kaggle/glaucoma_fundus_imaging_bundle/REFUGE/test/Images/T0025.jpg,data/processed/standardized_masks/refuge/test_T0025.png,data/external/kaggle/glaucoma_fundus_imaging_bundle/REFUGE/test/Images/T0025.jpg,data/processed/standardized_masks/refuge/test_T0025.png,T0025.jpg,test_T0025.png,multiclass_values_0_1_2,0,1,2,REFUGE_test_T0025,True,paired_standardized_and_visual_sample_reviewed,"REFUGE image/mask pair matched by file ID within official split; mask standardized to project {0,1,2} convention.",test
glaucoma_fundus_imaging_bundle,REFUGE,T0026,data/external/kaggle/glaucoma_fundus_imaging_bundle/REFUGE/test/Images/T0026.jpg,data/processed/standardized_masks/refuge/test_T0026.png,data/external/kaggle/glaucoma_fundus_imaging_bundle/REFUGE/test/Images/T0026.jpg,data/processed/standardized_masks/refuge/test_T0026.png,T0026.jpg,test_T0026.png,multiclass_values_0_1_2,0,1,2,REFUGE_test_T0026,True,paired_standardized_and_visual_sample_reviewed,"REFUGE image/mask pair matched by file ID within official split; mask standardized to project {0,1,2} convention.",test
glaucoma_fundus_imaging_bundle,REFUGE,T0027,data/external/kaggle/glaucoma_fundus_imaging_bundle/REFUGE/test/Images/T0027.jpg,data/processed/standardized_masks/refuge/test_T0027.png,data/external/kaggle/glaucoma_fundus_imaging_bundle/REFUGE/test/Images/T0027.jpg,data/processed/standardized_masks/refuge/test_T0027.png,T0027.jpg,test_T0027.png,multiclass_values_0_1_2,0,1,2,REFUGE_test_T0027,True,paired_standardized_and_visual_sample_reviewed,"REFUGE image/mask pair matched by file ID within official split; mask standardized to project {0,1,2} convention.",test
glaucoma_fundus_imaging_bundle,REFUGE,T0028,data/external/kaggle/glaucoma_fundus_imaging_bundle/REFUGE/test/Images/T0028.jpg,data/processed/standardized_masks/refuge/test_T0028.png,data/external/kaggle/glaucoma_fundus_imaging_bundle/REFUGE/test/Images/T0028.jpg,data/processed/standardized_masks/refuge/test_T0028.png,T0028.jpg,test_T0028.png,multiclass_values_0_1_2,0,1,2,REFUGE_test_T0028,True,paired_standardized_and_visual_sample_reviewed,"REFUGE image/mask pair matched by file ID within official split; mask standardized to project {0,1,2} convention.",test
glaucoma_fundus_imaging_bundle,REFUGE,T0029,data/external/kaggle/glaucoma_fundus_imaging_bundle/REFUGE/test/Images/T0029.jpg,data/processed/standardized_masks/refuge/test_T0029.png,data/external/kaggle/glaucoma_fundus_imaging_bundle/REFUGE/test/Images/T0029.jpg,data/processed/standardized_masks/refuge/test_T0029.png,T0029.jpg,test_T0029.png,multiclass_values_0_1_2,0,1,2,REFUGE_test_T0029,True,paired_standardized_and_visual_sample_reviewed,"REFUGE image/mask pair matched by file ID within official split; mask standardized to project {0,1,2} convention.",test
glaucoma_fundus_imaging_bundle,REFUGE,T0030,data/external/kaggle/glaucoma_fundus_imaging_bundle/REFUGE/test/Images/T0030.jpg,data/processed/standardized_masks/refuge/test_T0030.png,data/external/kaggle/glaucoma_fundus_imaging_bundle/REFUGE/test/Images/T0030.jpg,data/processed/standardized_masks/refuge/test_T0030.png,T0030.jpg,test_T0030.png,multiclass_values_0_1_2,0,1,2,REFUGE_test_T0030,True,paired_standardized_and_visual_sample_reviewed,"REFUGE image/mask pair matched by file ID within official split; mask standardized to project {0,1,2} convention.",test
glaucoma_fundus_imaging_bundle,REFUGE,T0031,data/external/kaggle/glaucoma_fundus_imaging_bundle/REFUGE/test/Images/T0031.jpg,data/processed/standardized_masks/refuge/test_T0031.png,data/external/kaggle/glaucoma_fundus_imaging_bundle/REFUGE/test/Images/T0031.jpg,data/processed/standardized_masks/refuge/test_T0031.png,T0031.jpg,test_T0031.png,multiclass_values_0_1_2,0,1,2,REFUGE_test_T0031,True,paired_standardized_and_visual_sample_reviewed,"REFUGE image/mask pair matched by file ID within official split; mask standardized to project {0,1,2} convention.",test
glaucoma_fundus_imaging_bundle,REFUGE,T0032,data/external/kaggle/glaucoma_fundus_imaging_bundle/REFUGE/test/Images/T0032.jpg,data/processed/standardized_masks/refuge/test_T0032.png,data/external/kaggle/glaucoma_fundus_imaging_bundle/REFUGE/test/Images/T0032.jpg,data/processed/standardized_masks/refuge/test_T0032.png,T0032.jpg,test_T0032.png,multiclass_values_0_1_2,0,1,2,REFUGE_test_T0032,True,paired_standardized_and_visual_sample_reviewed,"REFUGE image/mask pair matched by file ID within official split; mask standardized to project {0,1,2} convention.",test
glaucoma_fundus_imaging_bundle,REFUGE,T0033,data/external/kaggle/glaucoma_fundus_imaging_bundle/REFUGE/test/Images/T0033.jpg,data/processed/standardized_masks/refuge/test_T0033.png,data/external/kaggle/glaucoma_fundus_imaging_bundle/REFUGE/test/Images/T0033.jpg,data/processed/standardized_masks/refuge/test_T0033.png,T0033.jpg,test_T0033.png,multiclass_values_0_1_2,0,1,2,REFUGE_test_T0033,True,paired_standardized_and_visual_sample_reviewed,"REFUGE image/mask pair matched by file ID within official split; mask standardized to project {0,1,2} convention.",test
glaucoma_fundus_imaging_bundle,REFUGE,T0034,data/external/kaggle/glaucoma_fundus_imaging_bundle/REFUGE/test/Images/T0034.jpg,data/processed/standardized_masks/refuge/test_T0034.png,data/external/kaggle/glaucoma_fundus_imaging_bundle/REFUGE/test/Images/T0034.jpg,data/processed/standardized_masks/refuge/test_T0034.png,T0034.jpg,test_T0034.png,multiclass_values_0_1_2,0,1,2,REFUGE_test_T0034,True,paired_standardized_and_visual_sample_reviewed,"REFUGE image/mask pair matched by file ID within official split; mask standardized to project {0,1,2} convention.",test
glaucoma_fundus_imaging_bundle,REFUGE,T0035,data/external/kaggle/glaucoma_fundus_imaging_bundle/REFUGE/test/Images/T0035.jpg,data/processed/standardized_masks/refuge/test_T0035.png,data/external/kaggle/glaucoma_fundus_imaging_bundle/REFUGE/test/Images/T0035.jpg,data/processed/standardized_masks/refuge/test_T0035.png,T0035.jpg,test_T0035.png,multiclass_values_0_1_2,0,1,2,REFUGE_test_T0035,True,paired_standardized_and_visual_sample_reviewed,"REFUGE image/mask pair matched by file ID within official split; mask standardized to project {0,1,2} convention.",test
glaucoma_fundus_imaging_bundle,REFUGE,T0036,data/external/kaggle/glaucoma_fundus_imaging_bundle/REFUGE/test/Images/T0036.jpg,data/processed/standardized_masks/refuge/test_T0036.png,data/external/kaggle/glaucoma_fundus_imaging_bundle/REFUGE/test/Images/T0036.jpg,data/processed/standardized_masks/refuge/test_T0036.png,T0036.jpg,test_T0036.png,multiclass_values_0_1_2,0,1,2,REFUGE_test_T0036,True,paired_standardized_and_visual_sample_reviewed,"REFUGE image/mask pair matched by file ID within official split; mask standardized to project {0,1,2} convention.",test
glaucoma_fundus_imaging_bundle,REFUGE,T0037,data/external/kaggle/glaucoma_fundus_imaging_bundle/REFUGE/test/Images/T0037.jpg,data/processed/standardized_masks/refuge/test_T0037.png,data/external/kaggle/glaucoma_fundus_imaging_bundle/REFUGE/test/Images/T0037.jpg,data/processed/standardized_masks/refuge/test_T0037.png,T0037.jpg,test_T0037.png,multiclass_values_0_1_2,0,1,2,REFUGE_test_T0037,True,paired_standardized_and_visual_sample_reviewed,"REFUGE image/mask pair matched by file ID within official split; mask standardized to project {0,1,2} convention.",test
glaucoma_fundus_imaging_bundle,REFUGE,T0038,data/external/kaggle/glaucoma_fundus_imaging_bundle/REFUGE/test/Images/T0038.jpg,data/processed/standardized_masks/refuge/test_T0038.png,data/external/kaggle/glaucoma_fundus_imaging_bundle/REFUGE/test/Images/T0038.jpg,data/processed/standardized_masks/refuge/test_T0038.png,T0038.jpg,test_T0038.png,multiclass_values_0_1_2,0,1,2,REFUGE_test_T0038,True,paired_standardized_and_visual_sample_reviewed,"REFUGE image/mask pair matched by file ID within official split; mask standardized to project {0,1,2} convention.",test
glaucoma_fundus_imaging_bundle,REFUGE,T0039,data/external/kaggle/glaucoma_fundus_imaging_bundle/REFUGE/test/Images/T0039.jpg,data/processed/standardized_masks/refuge/test_T0039.png,data/external/kaggle/glaucoma_fundus_imaging_bundle/REFUGE/test/Images/T0039.jpg,data/processed/standardized_masks/refuge/test_T0039.png,T0039.jpg,test_T0039.png,multiclass_values_0_1_2,0,1,2,REFUGE_test_T0039,True,paired_standardized_and_visual_sample_reviewed,"REFUGE image/mask pair matched by file ID within official split; mask standardized to project {0,1,2} convention.",test
glaucoma_fundus_imaging_bundle,REFUGE,T0040,data/external/kaggle/glaucoma_fundus_imaging_bundle/REFUGE/test/Images/T0040.jpg,data/processed/standardized_masks/refuge/test_T0040.png,data/external/kaggle/glaucoma_fundus_imaging_bundle/REFUGE/test/Images/T0040.jpg,data/processed/standardized_masks/refuge/test_T0040.png,T0040.jpg,test_T0040.png,multiclass_values_0_1_2,0,1,2,REFUGE_test_T0040,True,paired_standardized_and_visual_sample_reviewed,"REFUGE image/mask pair matched by file ID within official split; mask standardized to project {0,1,2} convention.",test
glaucoma_fundus_imaging_bundle,REFUGE,T0041,data/external/kaggle/glaucoma_fundus_imaging_bundle/REFUGE/test/Images/T0041.jpg,data/processed/standardized_masks/refuge/test_T0041.png,data/external/kaggle/glaucoma_fundus_imaging_bundle/REFUGE/test/Images/T0041.jpg,data/processed/standardized_masks/refuge/test_T0041.png,T0041.jpg,test_T0041.png,multiclass_values_0_1_2,0,1,2,REFUGE_test_T0041,True,paired_standardized_and_visual_sample_reviewed,"REFUGE image/mask pair matched by file ID within official split; mask standardized to project {0,1,2} convention.",test
glaucoma_fundus_imaging_bundle,REFUGE,T0042,data/external/kaggle/glaucoma_fundus_imaging_bundle/REFUGE/test/Images/T0042.jpg,data/processed/standardized_masks/refuge/test_T0042.png,data/external/kaggle/glaucoma_fundus_imaging_bundle/REFUGE/test/Images/T0042.jpg,data/processed/standardized_masks/refuge/test_T0042.png,T0042.jpg,test_T0042.png,multiclass_values_0_1_2,0,1,2,REFUGE_test_T0042,True,paired_standardized_and_visual_sample_reviewed,"REFUGE image/mask pair matched by file ID within official split; mask standardized to project {0,1,2} convention.",test
glaucoma_fundus_imaging_bundle,REFUGE,T0043,data/external/kaggle/glaucoma_fundus_imaging_bundle/REFUGE/test/Images/T0043.jpg,data/processed/standardized_masks/refuge/test_T0043.png,data/external/kaggle/glaucoma_fundus_imaging_bundle/REFUGE/test/Images/T0043.jpg,data/processed/standardized_masks/refuge/test_T0043.png,T0043.jpg,test_T0043.png,multiclass_values_0_1_2,0,1,2,REFUGE_test_T0043,True,paired_standardized_and_visual_sample_reviewed,"REFUGE image/mask pair matched by file ID within official split; mask standardized to project {0,1,2} convention.",test
glaucoma_fundus_imaging_bundle,REFUGE,T0044,data/external/kaggle/glaucoma_fundus_imaging_bundle/REFUGE/test/Images/T0044.jpg,data/processed/standardized_masks/refuge/test_T0044.png,data/external/kaggle/glaucoma_fundus_imaging_bundle/REFUGE/test/Images/T0044.jpg,data/processed/standardized_masks/refuge/test_T0044.png,T0044.jpg,test_T0044.png,multiclass_values_0_1_2,0,1,2,REFUGE_test_T0044,True,paired_standardized_and_visual_sample_reviewed,"REFUGE image/mask pair matched by file ID within official split; mask standardized to project {0,1,2} convention.",test
glaucoma_fundus_imaging_bundle,REFUGE,T0045,data/external/kaggle/glaucoma_fundus_imaging_bundle/REFUGE/test/Images/T0045.jpg,data/processed/standardized_masks/refuge/test_T0045.png,data/external/kaggle/glaucoma_fundus_imaging_bundle/REFUGE/test/Images/T0045.jpg,data/processed/standardized_masks/refuge/test_T0045.png,T0045.jpg,test_T0045.png,multiclass_values_0_1_2,0,1,2,REFUGE_test_T0045,True,paired_standardized_and_visual_sample_reviewed,"REFUGE image/mask pair matched by file ID within official split; mask standardized to project {0,1,2} convention.",test
glaucoma_fundus_imaging_bundle,REFUGE,T0046,data/external/kaggle/glaucoma_fundus_imaging_bundle/REFUGE/test/Images/T0046.jpg,data/processed/standardized_masks/refuge/test_T0046.png,data/external/kaggle/glaucoma_fundus_imaging_bundle/REFUGE/test/Images/T0046.jpg,data/processed/standardized_masks/refuge/test_T0046.png,T0046.jpg,test_T0046.png,multiclass_values_0_1_2,0,1,2,REFUGE_test_T0046,True,paired_standardized_and_visual_sample_reviewed,"REFUGE image/mask pair matched by file ID within official split; mask standardized to project {0,1,2} convention.",test
glaucoma_fundus_imaging_bundle,REFUGE,T0047,data/external/kaggle/glaucoma_fundus_imaging_bundle/REFUGE/test/Images/T0047.jpg,data/processed/standardized_masks/refuge/test_T0047.png,data/external/kaggle/glaucoma_fundus_imaging_bundle/REFUGE/test/Images/T0047.jpg,data/processed/standardized_masks/refuge/test_T0047.png,T0047.jpg,test_T0047.png,multiclass_values_0_1_2,0,1,2,REFUGE_test_T0047,True,paired_standardized_and_visual_sample_reviewed,"REFUGE image/mask pair matched by file ID within official split; mask standardized to project {0,1,2} convention.",test
glaucoma_fundus_imaging_bundle,REFUGE,T0048,data/external/kaggle/glaucoma_fundus_imaging_bundle/REFUGE/test/Images/T0048.jpg,data/processed/standardized_masks/refuge/test_T0048.png,data/external/kaggle/glaucoma_fundus_imaging_bundle/REFUGE/test/Images/T0048.jpg,data/processed/standardized_masks/refuge/test_T0048.png,T0048.jpg,test_T0048.png,multiclass_values_0_1_2,0,1,2,REFUGE_test_T0048,True,paired_standardized_and_visual_sample_reviewed,"REFUGE image/mask pair matched by file ID within official split; mask standardized to project {0,1,2} convention.",test
glaucoma_fundus_imaging_bundle,REFUGE,T0049,data/external/kaggle/glaucoma_fundus_imaging_bundle/REFUGE/test/Images/T0049.jpg,data/processed/standardized_masks/refuge/test_T0049.png,data/external/kaggle/glaucoma_fundus_imaging_bundle/REFUGE/test/Images/T0049.jpg,data/processed/standardized_masks/refuge/test_T0049.png,T0049.jpg,test_T0049.png,multiclass_values_0_1_2,0,1,2,REFUGE_test_T0049,True,paired_standardized_and_visual_sample_reviewed,"REFUGE image/mask pair matched by file ID within official split; mask standardized to project {0,1,2} convention.",test
glaucoma_fundus_imaging_bundle,REFUGE,T0050,data/external/kaggle/glaucoma_fundus_imaging_bundle/REFUGE/test/Images/T0050.jpg,data/processed/standardized_masks/refuge/test_T0050.png,data/external/kaggle/glaucoma_fundus_imaging_bundle/REFUGE/test/Images/T0050.jpg,data/processed/standardized_masks/refuge/test_T0050.png,T0050.jpg,test_T0050.png,multiclass_values_0_1_2,0,1,2,REFUGE_test_T0050,True,paired_standardized_and_visual_sample_reviewed,"REFUGE image/mask pair matched by file ID within official split; mask standardized to project {0,1,2} convention.",test
glaucoma_fundus_imaging_bundle,REFUGE,T0051,data/external/kaggle/glaucoma_fundus_imaging_bundle/REFUGE/test/Images/T0051.jpg,data/processed/standardized_masks/refuge/test_T0051.png,data/external/kaggle/glaucoma_fundus_imaging_bundle/REFUGE/test/Images/T0051.jpg,data/processed/standardized_masks/refuge/test_T0051.png,T0051.jpg,test_T0051.png,multiclass_values_0_1_2,0,1,2,REFUGE_test_T0051,True,paired_standardized_and_visual_sample_reviewed,"REFUGE image/mask pair matched by file ID within official split; mask standardized to project {0,1,2} convention.",test
glaucoma_fundus_imaging_bundle,REFUGE,T0052,data/external/kaggle/glaucoma_fundus_imaging_bundle/REFUGE/test/Images/T0052.jpg,data/processed/standardized_masks/refuge/test_T0052.png,data/external/kaggle/glaucoma_fundus_imaging_bundle/REFUGE/test/Images/T0052.jpg,data/processed/standardized_masks/refuge/test_T0052.png,T0052.jpg,test_T0052.png,multiclass_values_0_1_2,0,1,2,REFUGE_test_T0052,True,paired_standardized_and_visual_sample_reviewed,"REFUGE image/mask pair matched by file ID within official split; mask standardized to project {0,1,2} convention.",test
glaucoma_fundus_imaging_bundle,REFUGE,T0053,data/external/kaggle/glaucoma_fundus_imaging_bundle/REFUGE/test/Images/T0053.jpg,data/processed/standardized_masks/refuge/test_T0053.png,data/external/kaggle/glaucoma_fundus_imaging_bundle/REFUGE/test/Images/T0053.jpg,data/processed/standardized_masks/refuge/test_T0053.png,T0053.jpg,test_T0053.png,multiclass_values_0_1_2,0,1,2,REFUGE_test_T0053,True,paired_standardized_and_visual_sample_reviewed,"REFUGE image/mask pair matched by file ID within official split; mask standardized to project {0,1,2} convention.",test
glaucoma_fundus_imaging_bundle,REFUGE,T0054,data/external/kaggle/glaucoma_fundus_imaging_bundle/REFUGE/test/Images/T0054.jpg,data/processed/standardized_masks/refuge/test_T0054.png,data/external/kaggle/glaucoma_fundus_imaging_bundle/REFUGE/test/Images/T0054.jpg,data/processed/standardized_masks/refuge/test_T0054.png,T0054.jpg,test_T0054.png,multiclass_values_0_1_2,0,1,2,REFUGE_test_T0054,True,paired_standardized_and_visual_sample_reviewed,"REFUGE image/mask pair matched by file ID within official split; mask standardized to project {0,1,2} convention.",test
glaucoma_fundus_imaging_bundle,REFUGE,T0055,data/external/kaggle/glaucoma_fundus_imaging_bundle/REFUGE/test/Images/T0055.jpg,data/processed/standardized_masks/refuge/test_T0055.png,data/external/kaggle/glaucoma_fundus_imaging_bundle/REFUGE/test/Images/T0055.jpg,data/processed/standardized_masks/refuge/test_T0055.png,T0055.jpg,test_T0055.png,multiclass_values_0_1_2,0,1,2,REFUGE_test_T0055,True,paired_standardized_and_visual_sample_reviewed,"REFUGE image/mask pair matched by file ID within official split; mask standardized to project {0,1,2} convention.",test
glaucoma_fundus_imaging_bundle,REFUGE,T0056,data/external/kaggle/glaucoma_fundus_imaging_bundle/REFUGE/test/Images/T0056.jpg,data/processed/standardized_masks/refuge/test_T0056.png,data/external/kaggle/glaucoma_fundus_imaging_bundle/REFUGE/test/Images/T0056.jpg,data/processed/standardized_masks/refuge/test_T0056.png,T0056.jpg,test_T0056.png,multiclass_values_0_1_2,0,1,2,REFUGE_test_T0056,True,paired_standardized_and_visual_sample_reviewed,"REFUGE image/mask pair matched by file ID within official split; mask standardized to project {0,1,2} convention.",test
glaucoma_fundus_imaging_bundle,REFUGE,T0057,data/external/kaggle/glaucoma_fundus_imaging_bundle/REFUGE/test/Images/T0057.jpg,data/processed/standardized_masks/refuge/test_T0057.png,data/external/kaggle/glaucoma_fundus_imaging_bundle/REFUGE/test/Images/T0057.jpg,data/processed/standardized_masks/refuge/test_T0057.png,T0057.jpg,test_T0057.png,multiclass_values_0_1_2,0,1,2,REFUGE_test_T0057,True,paired_standardized_and_visual_sample_reviewed,"REFUGE image/mask pair matched by file ID within official split; mask standardized to project {0,1,2} convention.",test
glaucoma_fundus_imaging_bundle,REFUGE,T0058,data/external/kaggle/glaucoma_fundus_imaging_bundle/REFUGE/test/Images/T0058.jpg,data/processed/standardized_masks/refuge/test_T0058.png,data/external/kaggle/glaucoma_fundus_imaging_bundle/REFUGE/test/Images/T0058.jpg,data/processed/standardized_masks/refuge/test_T0058.png,T0058.jpg,test_T0058.png,multiclass_values_0_1_2,0,1,2,REFUGE_test_T0058,True,paired_standardized_and_visual_sample_reviewed,"REFUGE image/mask pair matched by file ID within official split; mask standardized to project {0,1,2} convention.",test
glaucoma_fundus_imaging_bundle,REFUGE,T0059,data/external/kaggle/glaucoma_fundus_imaging_bundle/REFUGE/test/Images/T0059.jpg,data/processed/standardized_masks/refuge/test_T0059.png,data/external/kaggle/glaucoma_fundus_imaging_bundle/REFUGE/test/Images/T0059.jpg,data/processed/standardized_masks/refuge/test_T0059.png,T0059.jpg,test_T0059.png,multiclass_values_0_1_2,0,1,2,REFUGE_test_T0059,True,paired_standardized_and_visual_sample_reviewed,"REFUGE image/mask pair matched by file ID within official split; mask standardized to project {0,1,2} convention.",test
glaucoma_fundus_imaging_bundle,REFUGE,T0060,data/external/kaggle/glaucoma_fundus_imaging_bundle/REFUGE/test/Images/T0060.jpg,data/processed/standardized_masks/refuge/test_T0060.png,data/external/kaggle/glaucoma_fundus_imaging_bundle/REFUGE/test/Images/T0060.jpg,data/processed/standardized_masks/refuge/test_T0060.png,T0060.jpg,test_T0060.png,multiclass_values_0_1_2,0,1,2,REFUGE_test_T0060,True,paired_standardized_and_visual_sample_reviewed,"REFUGE image/mask pair matched by file ID within official split; mask standardized to project {0,1,2} convention.",test
glaucoma_fundus_imaging_bundle,REFUGE,T0061,data/external/kaggle/glaucoma_fundus_imaging_bundle/REFUGE/test/Images/T0061.jpg,data/processed/standardized_masks/refuge/test_T0061.png,data/external/kaggle/glaucoma_fundus_imaging_bundle/REFUGE/test/Images/T0061.jpg,data/processed/standardized_masks/refuge/test_T0061.png,T0061.jpg,test_T0061.png,multiclass_values_0_1_2,0,1,2,REFUGE_test_T0061,True,paired_standardized_and_visual_sample_reviewed,"REFUGE image/mask pair matched by file ID within official split; mask standardized to project {0,1,2} convention.",test
glaucoma_fundus_imaging_bundle,REFUGE,T0062,data/external/kaggle/glaucoma_fundus_imaging_bundle/REFUGE/test/Images/T0062.jpg,data/processed/standardized_masks/refuge/test_T0062.png,data/external/kaggle/glaucoma_fundus_imaging_bundle/REFUGE/test/Images/T0062.jpg,data/processed/standardized_masks/refuge/test_T0062.png,T0062.jpg,test_T0062.png,multiclass_values_0_1_2,0,1,2,REFUGE_test_T0062,True,paired_standardized_and_visual_sample_reviewed,"REFUGE image/mask pair matched by file ID within official split; mask standardized to project {0,1,2} convention.",test
glaucoma_fundus_imaging_bundle,REFUGE,T0063,data/external/kaggle/glaucoma_fundus_imaging_bundle/REFUGE/test/Images/T0063.jpg,data/processed/standardized_masks/refuge/test_T0063.png,data/external/kaggle/glaucoma_fundus_imaging_bundle/REFUGE/test/Images/T0063.jpg,data/processed/standardized_masks/refuge/test_T0063.png,T0063.jpg,test_T0063.png,multiclass_values_0_1_2,0,1,2,REFUGE_test_T0063,True,paired_standardized_and_visual_sample_reviewed,"REFUGE image/mask pair matched by file ID within official split; mask standardized to project {0,1,2} convention.",test
glaucoma_fundus_imaging_bundle,REFUGE,T0064,data/external/kaggle/glaucoma_fundus_imaging_bundle/REFUGE/test/Images/T0064.jpg,data/processed/standardized_masks/refuge/test_T0064.png,data/external/kaggle/glaucoma_fundus_imaging_bundle/REFUGE/test/Images/T0064.jpg,data/processed/standardized_masks/refuge/test_T0064.png,T0064.jpg,test_T0064.png,multiclass_values_0_1_2,0,1,2,REFUGE_test_T0064,True,paired_standardized_and_visual_sample_reviewed,"REFUGE image/mask pair matched by file ID within official split; mask standardized to project {0,1,2} convention.",test
glaucoma_fundus_imaging_bundle,REFUGE,T0065,data/external/kaggle/glaucoma_fundus_imaging_bundle/REFUGE/test/Images/T0065.jpg,data/processed/standardized_masks/refuge/test_T0065.png,data/external/kaggle/glaucoma_fundus_imaging_bundle/REFUGE/test/Images/T0065.jpg,data/processed/standardized_masks/refuge/test_T0065.png,T0065.jpg,test_T0065.png,multiclass_values_0_1_2,0,1,2,REFUGE_test_T0065,True,paired_standardized_and_visual_sample_reviewed,"REFUGE image/mask pair matched by file ID within official split; mask standardized to project {0,1,2} convention.",test
glaucoma_fundus_imaging_bundle,REFUGE,T0066,data/external/kaggle/glaucoma_fundus_imaging_bundle/REFUGE/test/Images/T0066.jpg,data/processed/standardized_masks/refuge/test_T0066.png,data/external/kaggle/glaucoma_fundus_imaging_bundle/REFUGE/test/Images/T0066.jpg,data/processed/standardized_masks/refuge/test_T0066.png,T0066.jpg,test_T0066.png,multiclass_values_0_1_2,0,1,2,REFUGE_test_T0066,True,paired_standardized_and_visual_sample_reviewed,"REFUGE image/mask pair matched by file ID within official split; mask standardized to project {0,1,2} convention.",test
glaucoma_fundus_imaging_bundle,REFUGE,T0067,data/external/kaggle/glaucoma_fundus_imaging_bundle/REFUGE/test/Images/T0067.jpg,data/processed/standardized_masks/refuge/test_T0067.png,data/external/kaggle/glaucoma_fundus_imaging_bundle/REFUGE/test/Images/T0067.jpg,data/processed/standardized_masks/refuge/test_T0067.png,T0067.jpg,test_T0067.png,multiclass_values_0_1_2,0,1,2,REFUGE_test_T0067,True,paired_standardized_and_visual_sample_reviewed,"REFUGE image/mask pair matched by file ID within official split; mask standardized to project {0,1,2} convention.",test
glaucoma_fundus_imaging_bundle,REFUGE,T0068,data/external/kaggle/glaucoma_fundus_imaging_bundle/REFUGE/test/Images/T0068.jpg,data/processed/standardized_masks/refuge/test_T0068.png,data/external/kaggle/glaucoma_fundus_imaging_bundle/REFUGE/test/Images/T0068.jpg,data/processed/standardized_masks/refuge/test_T0068.png,T0068.jpg,test_T0068.png,multiclass_values_0_1_2,0,1,2,REFUGE_test_T0068,True,paired_standardized_and_visual_sample_reviewed,"REFUGE image/mask pair matched by file ID within official split; mask standardized to project {0,1,2} convention.",test
glaucoma_fundus_imaging_bundle,REFUGE,T0069,data/external/kaggle/glaucoma_fundus_imaging_bundle/REFUGE/test/Images/T0069.jpg,data/processed/standardized_masks/refuge/test_T0069.png,data/external/kaggle/glaucoma_fundus_imaging_bundle/REFUGE/test/Images/T0069.jpg,data/processed/standardized_masks/refuge/test_T0069.png,T0069.jpg,test_T0069.png,multiclass_values_0_1_2,0,1,2,REFUGE_test_T0069,True,paired_standardized_and_visual_sample_reviewed,"REFUGE image/mask pair matched by file ID within official split; mask standardized to project {0,1,2} convention.",test
glaucoma_fundus_imaging_bundle,REFUGE,T0070,data/external/kaggle/glaucoma_fundus_imaging_bundle/REFUGE/test/Images/T0070.jpg,data/processed/standardized_masks/refuge/test_T0070.png,data/external/kaggle/glaucoma_fundus_imaging_bundle/REFUGE/test/Images/T0070.jpg,data/processed/standardized_masks/refuge/test_T0070.png,T0070.jpg,test_T0070.png,multiclass_values_0_1_2,0,1,2,REFUGE_test_T0070,True,paired_standardized_and_visual_sample_reviewed,"REFUGE image/mask pair matched by file ID within official split; mask standardized to project {0,1,2} convention.",test
glaucoma_fundus_imaging_bundle,REFUGE,T0071,data/external/kaggle/glaucoma_fundus_imaging_bundle/REFUGE/test/Images/T0071.jpg,data/processed/standardized_masks/refuge/test_T0071.png,data/external/kaggle/glaucoma_fundus_imaging_bundle/REFUGE/test/Images/T0071.jpg,data/processed/standardized_masks/refuge/test_T0071.png,T0071.jpg,test_T0071.png,multiclass_values_0_1_2,0,1,2,REFUGE_test_T0071,True,paired_standardized_and_visual_sample_reviewed,"REFUGE image/mask pair matched by file ID within official split; mask standardized to project {0,1,2} convention.",test
glaucoma_fundus_imaging_bundle,REFUGE,T0072,data/external/kaggle/glaucoma_fundus_imaging_bundle/REFUGE/test/Images/T0072.jpg,data/processed/standardized_masks/refuge/test_T0072.png,data/external/kaggle/glaucoma_fundus_imaging_bundle/REFUGE/test/Images/T0072.jpg,data/processed/standardized_masks/refuge/test_T0072.png,T0072.jpg,test_T0072.png,multiclass_values_0_1_2,0,1,2,REFUGE_test_T0072,True,paired_standardized_and_visual_sample_reviewed,"REFUGE image/mask pair matched by file ID within official split; mask standardized to project {0,1,2} convention.",test
glaucoma_fundus_imaging_bundle,REFUGE,T0073,data/external/kaggle/glaucoma_fundus_imaging_bundle/REFUGE/test/Images/T0073.jpg,data/processed/standardized_masks/refuge/test_T0073.png,data/external/kaggle/glaucoma_fundus_imaging_bundle/REFUGE/test/Images/T0073.jpg,data/processed/standardized_masks/refuge/test_T0073.png,T0073.jpg,test_T0073.png,multiclass_values_0_1_2,0,1,2,REFUGE_test_T0073,True,paired_standardized_and_visual_sample_reviewed,"REFUGE image/mask pair matched by file ID within official split; mask standardized to project {0,1,2} convention.",test
glaucoma_fundus_imaging_bundle,REFUGE,T0074,data/external/kaggle/glaucoma_fundus_imaging_bundle/REFUGE/test/Images/T0074.jpg,data/processed/standardized_masks/refuge/test_T0074.png,data/external/kaggle/glaucoma_fundus_imaging_bundle/REFUGE/test/Images/T0074.jpg,data/processed/standardized_masks/refuge/test_T0074.png,T0074.jpg,test_T0074.png,multiclass_values_0_1_2,0,1,2,REFUGE_test_T0074,True,paired_standardized_and_visual_sample_reviewed,"REFUGE image/mask pair matched by file ID within official split; mask standardized to project {0,1,2} convention.",test
glaucoma_fundus_imaging_bundle,REFUGE,T0075,data/external/kaggle/glaucoma_fundus_imaging_bundle/REFUGE/test/Images/T0075.jpg,data/processed/standardized_masks/refuge/test_T0075.png,data/external/kaggle/glaucoma_fundus_imaging_bundle/REFUGE/test/Images/T0075.jpg,data/processed/standardized_masks/refuge/test_T0075.png,T0075.jpg,test_T0075.png,multiclass_values_0_1_2,0,1,2,REFUGE_test_T0075,True,paired_standardized_and_visual_sample_reviewed,"REFUGE image/mask pair matched by file ID within official split; mask standardized to project {0,1,2} convention.",test
glaucoma_fundus_imaging_bundle,REFUGE,T0076,data/external/kaggle/glaucoma_fundus_imaging_bundle/REFUGE/test/Images/T0076.jpg,data/processed/standardized_masks/refuge/test_T0076.png,data/external/kaggle/glaucoma_fundus_imaging_bundle/REFUGE/test/Images/T0076.jpg,data/processed/standardized_masks/refuge/test_T0076.png,T0076.jpg,test_T0076.png,multiclass_values_0_1_2,0,1,2,REFUGE_test_T0076,True,paired_standardized_and_visual_sample_reviewed,"REFUGE image/mask pair matched by file ID within official split; mask standardized to project {0,1,2} convention.",test
glaucoma_fundus_imaging_bundle,REFUGE,T0077,data/external/kaggle/glaucoma_fundus_imaging_bundle/REFUGE/test/Images/T0077.jpg,data/processed/standardized_masks/refuge/test_T0077.png,data/external/kaggle/glaucoma_fundus_imaging_bundle/REFUGE/test/Images/T0077.jpg,data/processed/standardized_masks/refuge/test_T0077.png,T0077.jpg,test_T0077.png,multiclass_values_0_1_2,0,1,2,REFUGE_test_T0077,True,paired_standardized_and_visual_sample_reviewed,"REFUGE image/mask pair matched by file ID within official split; mask standardized to project {0,1,2} convention.",test
glaucoma_fundus_imaging_bundle,REFUGE,T0078,data/external/kaggle/glaucoma_fundus_imaging_bundle/REFUGE/test/Images/T0078.jpg,data/processed/standardized_masks/refuge/test_T0078.png,data/external/kaggle/glaucoma_fundus_imaging_bundle/REFUGE/test/Images/T0078.jpg,data/processed/standardized_masks/refuge/test_T0078.png,T0078.jpg,test_T0078.png,multiclass_values_0_1_2,0,1,2,REFUGE_test_T0078,True,paired_standardized_and_visual_sample_reviewed,"REFUGE image/mask pair matched by file ID within official split; mask standardized to project {0,1,2} convention.",test
glaucoma_fundus_imaging_bundle,REFUGE,T0079,data/external/kaggle/glaucoma_fundus_imaging_bundle/REFUGE/test/Images/T0079.jpg,data/processed/standardized_masks/refuge/test_T0079.png,data/external/kaggle/glaucoma_fundus_imaging_bundle/REFUGE/test/Images/T0079.jpg,data/processed/standardized_masks/refuge/test_T0079.png,T0079.jpg,test_T0079.png,multiclass_values_0_1_2,0,1,2,REFUGE_test_T0079,True,paired_standardized_and_visual_sample_reviewed,"REFUGE image/mask pair matched by file ID within official split; mask standardized to project {0,1,2} convention.",test
glaucoma_fundus_imaging_bundle,REFUGE,T0080,data/external/kaggle/glaucoma_fundus_imaging_bundle/REFUGE/test/Images/T0080.jpg,data/processed/standardized_masks/refuge/test_T0080.png,data/external/kaggle/glaucoma_fundus_imaging_bundle/REFUGE/test/Images/T0080.jpg,data/processed/standardized_masks/refuge/test_T0080.png,T0080.jpg,test_T0080.png,multiclass_values_0_1_2,0,1,2,REFUGE_test_T0080,True,paired_standardized_and_visual_sample_reviewed,"REFUGE image/mask pair matched by file ID within official split; mask standardized to project {0,1,2} convention.",test
glaucoma_fundus_imaging_bundle,REFUGE,T0081,data/external/kaggle/glaucoma_fundus_imaging_bundle/REFUGE/test/Images/T0081.jpg,data/processed/standardized_masks/refuge/test_T0081.png,data/external/kaggle/glaucoma_fundus_imaging_bundle/REFUGE/test/Images/T0081.jpg,data/processed/standardized_masks/refuge/test_T0081.png,T0081.jpg,test_T0081.png,multiclass_values_0_1_2,0,1,2,REFUGE_test_T0081,True,paired_standardized_and_visual_sample_reviewed,"REFUGE image/mask pair matched by file ID within official split; mask standardized to project {0,1,2} convention.",test
glaucoma_fundus_imaging_bundle,REFUGE,T0082,data/external/kaggle/glaucoma_fundus_imaging_bundle/REFUGE/test/Images/T0082.jpg,data/processed/standardized_masks/refuge/test_T0082.png,data/external/kaggle/glaucoma_fundus_imaging_bundle/REFUGE/test/Images/T0082.jpg,data/processed/standardized_masks/refuge/test_T0082.png,T0082.jpg,test_T0082.png,multiclass_values_0_1_2,0,1,2,REFUGE_test_T0082,True,paired_standardized_and_visual_sample_reviewed,"REFUGE image/mask pair matched by file ID within official split; mask standardized to project {0,1,2} convention.",test
glaucoma_fundus_imaging_bundle,REFUGE,T0083,data/external/kaggle/glaucoma_fundus_imaging_bundle/REFUGE/test/Images/T0083.jpg,data/processed/standardized_masks/refuge/test_T0083.png,data/external/kaggle/glaucoma_fundus_imaging_bundle/REFUGE/test/Images/T0083.jpg,data/processed/standardized_masks/refuge/test_T0083.png,T0083.jpg,test_T0083.png,multiclass_values_0_1_2,0,1,2,REFUGE_test_T0083,True,paired_standardized_and_visual_sample_reviewed,"REFUGE image/mask pair matched by file ID within official split; mask standardized to project {0,1,2} convention.",test
glaucoma_fundus_imaging_bundle,REFUGE,T0084,data/external/kaggle/glaucoma_fundus_imaging_bundle/REFUGE/test/Images/T0084.jpg,data/processed/standardized_masks/refuge/test_T0084.png,data/external/kaggle/glaucoma_fundus_imaging_bundle/REFUGE/test/Images/T0084.jpg,data/processed/standardized_masks/refuge/test_T0084.png,T0084.jpg,test_T0084.png,multiclass_values_0_1_2,0,1,2,REFUGE_test_T0084,True,paired_standardized_and_visual_sample_reviewed,"REFUGE image/mask pair matched by file ID within official split; mask standardized to project {0,1,2} convention.",test
glaucoma_fundus_imaging_bundle,REFUGE,T0085,data/external/kaggle/glaucoma_fundus_imaging_bundle/REFUGE/test/Images/T0085.jpg,data/processed/standardized_masks/refuge/test_T0085.png,data/external/kaggle/glaucoma_fundus_imaging_bundle/REFUGE/test/Images/T0085.jpg,data/processed/standardized_masks/refuge/test_T0085.png,T0085.jpg,test_T0085.png,multiclass_values_0_1_2,0,1,2,REFUGE_test_T0085,True,paired_standardized_and_visual_sample_reviewed,"REFUGE image/mask pair matched by file ID within official split; mask standardized to project {0,1,2} convention.",test
glaucoma_fundus_imaging_bundle,REFUGE,T0086,data/external/kaggle/glaucoma_fundus_imaging_bundle/REFUGE/test/Images/T0086.jpg,data/processed/standardized_masks/refuge/test_T0086.png,data/external/kaggle/glaucoma_fundus_imaging_bundle/REFUGE/test/Images/T0086.jpg,data/processed/standardized_masks/refuge/test_T0086.png,T0086.jpg,test_T0086.png,multiclass_values_0_1_2,0,1,2,REFUGE_test_T0086,True,paired_standardized_and_visual_sample_reviewed,"REFUGE image/mask pair matched by file ID within official split; mask standardized to project {0,1,2} convention.",test
glaucoma_fundus_imaging_bundle,REFUGE,T0087,data/external/kaggle/glaucoma_fundus_imaging_bundle/REFUGE/test/Images/T0087.jpg,data/processed/standardized_masks/refuge/test_T0087.png,data/external/kaggle/glaucoma_fundus_imaging_bundle/REFUGE/test/Images/T0087.jpg,data/processed/standardized_masks/refuge/test_T0087.png,T0087.jpg,test_T0087.png,multiclass_values_0_1_2,0,1,2,REFUGE_test_T0087,True,paired_standardized_and_visual_sample_reviewed,"REFUGE image/mask pair matched by file ID within official split; mask standardized to project {0,1,2} convention.",test
glaucoma_fundus_imaging_bundle,REFUGE,T0088,data/external/kaggle/glaucoma_fundus_imaging_bundle/REFUGE/test/Images/T0088.jpg,data/processed/standardized_masks/refuge/test_T0088.png,data/external/kaggle/glaucoma_fundus_imaging_bundle/REFUGE/test/Images/T0088.jpg,data/processed/standardized_masks/refuge/test_T0088.png,T0088.jpg,test_T0088.png,multiclass_values_0_1_2,0,1,2,REFUGE_test_T0088,True,paired_standardized_and_visual_sample_reviewed,"REFUGE image/mask pair matched by file ID within official split; mask standardized to project {0,1,2} convention.",test
glaucoma_fundus_imaging_bundle,REFUGE,T0089,data/external/kaggle/glaucoma_fundus_imaging_bundle/REFUGE/test/Images/T0089.jpg,data/processed/standardized_masks/refuge/test_T0089.png,data/external/kaggle/glaucoma_fundus_imaging_bundle/REFUGE/test/Images/T0089.jpg,data/processed/standardized_masks/refuge/test_T0089.png,T0089.jpg,test_T0089.png,multiclass_values_0_1_2,0,1,2,REFUGE_test_T0089,True,paired_standardized_and_visual_sample_reviewed,"REFUGE image/mask pair matched by file ID within official split; mask standardized to project {0,1,2} convention.",test
glaucoma_fundus_imaging_bundle,REFUGE,T0090,data/external/kaggle/glaucoma_fundus_imaging_bundle/REFUGE/test/Images/T0090.jpg,data/processed/standardized_masks/refuge/test_T0090.png,data/external/kaggle/glaucoma_fundus_imaging_bundle/REFUGE/test/Images/T0090.jpg,data/processed/standardized_masks/refuge/test_T0090.png,T0090.jpg,test_T0090.png,multiclass_values_0_1_2,0,1,2,REFUGE_test_T0090,True,paired_standardized_and_visual_sample_reviewed,"REFUGE image/mask pair matched by file ID within official split; mask standardized to project {0,1,2} convention.",test
glaucoma_fundus_imaging_bundle,REFUGE,T0091,data/external/kaggle/glaucoma_fundus_imaging_bundle/REFUGE/test/Images/T0091.jpg,data/processed/standardized_masks/refuge/test_T0091.png,data/external/kaggle/glaucoma_fundus_imaging_bundle/REFUGE/test/Images/T0091.jpg,data/processed/standardized_masks/refuge/test_T0091.png,T0091.jpg,test_T0091.png,multiclass_values_0_1_2,0,1,2,REFUGE_test_T0091,True,paired_standardized_and_visual_sample_reviewed,"REFUGE image/mask pair matched by file ID within official split; mask standardized to project {0,1,2} convention.",test
glaucoma_fundus_imaging_bundle,REFUGE,T0092,data/external/kaggle/glaucoma_fundus_imaging_bundle/REFUGE/test/Images/T0092.jpg,data/processed/standardized_masks/refuge/test_T0092.png,data/external/kaggle/glaucoma_fundus_imaging_bundle/REFUGE/test/Images/T0092.jpg,data/processed/standardized_masks/refuge/test_T0092.png,T0092.jpg,test_T0092.png,multiclass_values_0_1_2,0,1,2,REFUGE_test_T0092,True,paired_standardized_and_visual_sample_reviewed,"REFUGE image/mask pair matched by file ID within official split; mask standardized to project {0,1,2} convention.",test
glaucoma_fundus_imaging_bundle,REFUGE,T0093,data/external/kaggle/glaucoma_fundus_imaging_bundle/REFUGE/test/Images/T0093.jpg,data/processed/standardized_masks/refuge/test_T0093.png,data/external/kaggle/glaucoma_fundus_imaging_bundle/REFUGE/test/Images/T0093.jpg,data/processed/standardized_masks/refuge/test_T0093.png,T0093.jpg,test_T0093.png,multiclass_values_0_1_2,0,1,2,REFUGE_test_T0093,True,paired_standardized_and_visual_sample_reviewed,"REFUGE image/mask pair matched by file ID within official split; mask standardized to project {0,1,2} convention.",test
glaucoma_fundus_imaging_bundle,REFUGE,T0094,data/external/kaggle/glaucoma_fundus_imaging_bundle/REFUGE/test/Images/T0094.jpg,data/processed/standardized_masks/refuge/test_T0094.png,data/external/kaggle/glaucoma_fundus_imaging_bundle/REFUGE/test/Images/T0094.jpg,data/processed/standardized_masks/refuge/test_T0094.png,T0094.jpg,test_T0094.png,multiclass_values_0_1_2,0,1,2,REFUGE_test_T0094,True,paired_standardized_and_visual_sample_reviewed,"REFUGE image/mask pair matched by file ID within official split; mask standardized to project {0,1,2} convention.",test
glaucoma_fundus_imaging_bundle,REFUGE,T0095,data/external/kaggle/glaucoma_fundus_imaging_bundle/REFUGE/test/Images/T0095.jpg,data/processed/standardized_masks/refuge/test_T0095.png,data/external/kaggle/glaucoma_fundus_imaging_bundle/REFUGE/test/Images/T0095.jpg,data/processed/standardized_masks/refuge/test_T0095.png,T0095.jpg,test_T0095.png,multiclass_values_0_1_2,0,1,2,REFUGE_test_T0095,True,paired_standardized_and_visual_sample_reviewed,"REFUGE image/mask pair matched by file ID within official split; mask standardized to project {0,1,2} convention.",test
glaucoma_fundus_imaging_bundle,REFUGE,T0096,data/external/kaggle/glaucoma_fundus_imaging_bundle/REFUGE/test/Images/T0096.jpg,data/processed/standardized_masks/refuge/test_T0096.png,data/external/kaggle/glaucoma_fundus_imaging_bundle/REFUGE/test/Images/T0096.jpg,data/processed/standardized_masks/refuge/test_T0096.png,T0096.jpg,test_T0096.png,multiclass_values_0_1_2,0,1,2,REFUGE_test_T0096,True,paired_standardized_and_visual_sample_reviewed,"REFUGE image/mask pair matched by file ID within official split; mask standardized to project {0,1,2} convention.",test
glaucoma_fundus_imaging_bundle,REFUGE,T0097,data/external/kaggle/glaucoma_fundus_imaging_bundle/REFUGE/test/Images/T0097.jpg,data/processed/standardized_masks/refuge/test_T0097.png,data/external/kaggle/glaucoma_fundus_imaging_bundle/REFUGE/test/Images/T0097.jpg,data/processed/standardized_masks/refuge/test_T0097.png,T0097.jpg,test_T0097.png,multiclass_values_0_1_2,0,1,2,REFUGE_test_T0097,True,paired_standardized_and_visual_sample_reviewed,"REFUGE image/mask pair matched by file ID within official split; mask standardized to project {0,1,2} convention.",test
glaucoma_fundus_imaging_bundle,REFUGE,T0098,data/external/kaggle/glaucoma_fundus_imaging_bundle/REFUGE/test/Images/T0098.jpg,data/processed/standardized_masks/refuge/test_T0098.png,data/external/kaggle/glaucoma_fundus_imaging_bundle/REFUGE/test/Images/T0098.jpg,data/processed/standardized_masks/refuge/test_T0098.png,T0098.jpg,test_T0098.png,multiclass_values_0_1_2,0,1,2,REFUGE_test_T0098,True,paired_standardized_and_visual_sample_reviewed,"REFUGE image/mask pair matched by file ID within official split; mask standardized to project {0,1,2} convention.",test
glaucoma_fundus_imaging_bundle,REFUGE,T0099,data/external/kaggle/glaucoma_fundus_imaging_bundle/REFUGE/test/Images/T0099.jpg,data/processed/standardized_masks/refuge/test_T0099.png,data/external/kaggle/glaucoma_fundus_imaging_bundle/REFUGE/test/Images/T0099.jpg,data/processed/standardized_masks/refuge/test_T0099.png,T0099.jpg,test_T0099.png,multiclass_values_0_1_2,0,1,2,REFUGE_test_T0099,True,paired_standardized_and_visual_sample_reviewed,"REFUGE image/mask pair matched by file ID within official split; mask standardized to project {0,1,2} convention.",test
glaucoma_fundus_imaging_bundle,REFUGE,T0100,data/external/kaggle/glaucoma_fundus_imaging_bundle/REFUGE/test/Images/T0100.jpg,data/processed/standardized_masks/refuge/test_T0100.png,data/external/kaggle/glaucoma_fundus_imaging_bundle/REFUGE/test/Images/T0100.jpg,data/processed/standardized_masks/refuge/test_T0100.png,T0100.jpg,test_T0100.png,multiclass_values_0_1_2,0,1,2,REFUGE_test_T0100,True,paired_standardized_and_visual_sample_reviewed,"REFUGE image/mask pair matched by file ID within official split; mask standardized to project {0,1,2} convention.",test
glaucoma_fundus_imaging_bundle,REFUGE,T0101,data/external/kaggle/glaucoma_fundus_imaging_bundle/REFUGE/test/Images/T0101.jpg,data/processed/standardized_masks/refuge/test_T0101.png,data/external/kaggle/glaucoma_fundus_imaging_bundle/REFUGE/test/Images/T0101.jpg,data/processed/standardized_masks/refuge/test_T0101.png,T0101.jpg,test_T0101.png,multiclass_values_0_1_2,0,1,2,REFUGE_test_T0101,True,paired_standardized_and_visual_sample_reviewed,"REFUGE image/mask pair matched by file ID within official split; mask standardized to project {0,1,2} convention.",test
glaucoma_fundus_imaging_bundle,REFUGE,T0102,data/external/kaggle/glaucoma_fundus_imaging_bundle/REFUGE/test/Images/T0102.jpg,data/processed/standardized_masks/refuge/test_T0102.png,data/external/kaggle/glaucoma_fundus_imaging_bundle/REFUGE/test/Images/T0102.jpg,data/processed/standardized_masks/refuge/test_T0102.png,T0102.jpg,test_T0102.png,multiclass_values_0_1_2,0,1,2,REFUGE_test_T0102,True,paired_standardized_and_visual_sample_reviewed,"REFUGE image/mask pair matched by file ID within official split; mask standardized to project {0,1,2} convention.",test
glaucoma_fundus_imaging_bundle,REFUGE,T0103,data/external/kaggle/glaucoma_fundus_imaging_bundle/REFUGE/test/Images/T0103.jpg,data/processed/standardized_masks/refuge/test_T0103.png,data/external/kaggle/glaucoma_fundus_imaging_bundle/REFUGE/test/Images/T0103.jpg,data/processed/standardized_masks/refuge/test_T0103.png,T0103.jpg,test_T0103.png,multiclass_values_0_1_2,0,1,2,REFUGE_test_T0103,True,paired_standardized_and_visual_sample_reviewed,"REFUGE image/mask pair matched by file ID within official split; mask standardized to project {0,1,2} convention.",test
glaucoma_fundus_imaging_bundle,REFUGE,T0104,data/external/kaggle/glaucoma_fundus_imaging_bundle/REFUGE/test/Images/T0104.jpg,data/processed/standardized_masks/refuge/test_T0104.png,data/external/kaggle/glaucoma_fundus_imaging_bundle/REFUGE/test/Images/T0104.jpg,data/processed/standardized_masks/refuge/test_T0104.png,T0104.jpg,test_T0104.png,multiclass_values_0_1_2,0,1,2,REFUGE_test_T0104,True,paired_standardized_and_visual_sample_reviewed,"REFUGE image/mask pair matched by file ID within official split; mask standardized to project {0,1,2} convention.",test
glaucoma_fundus_imaging_bundle,REFUGE,T0105,data/external/kaggle/glaucoma_fundus_imaging_bundle/REFUGE/test/Images/T0105.jpg,data/processed/standardized_masks/refuge/test_T0105.png,data/external/kaggle/glaucoma_fundus_imaging_bundle/REFUGE/test/Images/T0105.jpg,data/processed/standardized_masks/refuge/test_T0105.png,T0105.jpg,test_T0105.png,multiclass_values_0_1_2,0,1,2,REFUGE_test_T0105,True,paired_standardized_and_visual_sample_reviewed,"REFUGE image/mask pair matched by file ID within official split; mask standardized to project {0,1,2} convention.",test
glaucoma_fundus_imaging_bundle,REFUGE,T0106,data/external/kaggle/glaucoma_fundus_imaging_bundle/REFUGE/test/Images/T0106.jpg,data/processed/standardized_masks/refuge/test_T0106.png,data/external/kaggle/glaucoma_fundus_imaging_bundle/REFUGE/test/Images/T0106.jpg,data/processed/standardized_masks/refuge/test_T0106.png,T0106.jpg,test_T0106.png,multiclass_values_0_1_2,0,1,2,REFUGE_test_T0106,True,paired_standardized_and_visual_sample_reviewed,"REFUGE image/mask pair matched by file ID within official split; mask standardized to project {0,1,2} convention.",test
glaucoma_fundus_imaging_bundle,REFUGE,T0107,data/external/kaggle/glaucoma_fundus_imaging_bundle/REFUGE/test/Images/T0107.jpg,data/processed/standardized_masks/refuge/test_T0107.png,data/external/kaggle/glaucoma_fundus_imaging_bundle/REFUGE/test/Images/T0107.jpg,data/processed/standardized_masks/refuge/test_T0107.png,T0107.jpg,test_T0107.png,multiclass_values_0_1_2,0,1,2,REFUGE_test_T0107,True,paired_standardized_and_visual_sample_reviewed,"REFUGE image/mask pair matched by file ID within official split; mask standardized to project {0,1,2} convention.",test
glaucoma_fundus_imaging_bundle,REFUGE,T0108,data/external/kaggle/glaucoma_fundus_imaging_bundle/REFUGE/test/Images/T0108.jpg,data/processed/standardized_masks/refuge/test_T0108.png,data/external/kaggle/glaucoma_fundus_imaging_bundle/REFUGE/test/Images/T0108.jpg,data/processed/standardized_masks/refuge/test_T0108.png,T0108.jpg,test_T0108.png,multiclass_values_0_1_2,0,1,2,REFUGE_test_T0108,True,paired_standardized_and_visual_sample_reviewed,"REFUGE image/mask pair matched by file ID within official split; mask standardized to project {0,1,2} convention.",test
glaucoma_fundus_imaging_bundle,REFUGE,T0109,data/external/kaggle/glaucoma_fundus_imaging_bundle/REFUGE/test/Images/T0109.jpg,data/processed/standardized_masks/refuge/test_T0109.png,data/external/kaggle/glaucoma_fundus_imaging_bundle/REFUGE/test/Images/T0109.jpg,data/processed/standardized_masks/refuge/test_T0109.png,T0109.jpg,test_T0109.png,multiclass_values_0_1_2,0,1,2,REFUGE_test_T0109,True,paired_standardized_and_visual_sample_reviewed,"REFUGE image/mask pair matched by file ID within official split; mask standardized to project {0,1,2} convention.",test
glaucoma_fundus_imaging_bundle,REFUGE,T0110,data/external/kaggle/glaucoma_fundus_imaging_bundle/REFUGE/test/Images/T0110.jpg,data/processed/standardized_masks/refuge/test_T0110.png,data/external/kaggle/glaucoma_fundus_imaging_bundle/REFUGE/test/Images/T0110.jpg,data/processed/standardized_masks/refuge/test_T0110.png,T0110.jpg,test_T0110.png,multiclass_values_0_1_2,0,1,2,REFUGE_test_T0110,True,paired_standardized_and_visual_sample_reviewed,"REFUGE image/mask pair matched by file ID within official split; mask standardized to project {0,1,2} convention.",test
glaucoma_fundus_imaging_bundle,REFUGE,T0111,data/external/kaggle/glaucoma_fundus_imaging_bundle/REFUGE/test/Images/T0111.jpg,data/processed/standardized_masks/refuge/test_T0111.png,data/external/kaggle/glaucoma_fundus_imaging_bundle/REFUGE/test/Images/T0111.jpg,data/processed/standardized_masks/refuge/test_T0111.png,T0111.jpg,test_T0111.png,multiclass_values_0_1_2,0,1,2,REFUGE_test_T0111,True,paired_standardized_and_visual_sample_reviewed,"REFUGE image/mask pair matched by file ID within official split; mask standardized to project {0,1,2} convention.",test
glaucoma_fundus_imaging_bundle,REFUGE,T0112,data/external/kaggle/glaucoma_fundus_imaging_bundle/REFUGE/test/Images/T0112.jpg,data/processed/standardized_masks/refuge/test_T0112.png,data/external/kaggle/glaucoma_fundus_imaging_bundle/REFUGE/test/Images/T0112.jpg,data/processed/standardized_masks/refuge/test_T0112.png,T0112.jpg,test_T0112.png,multiclass_values_0_1_2,0,1,2,REFUGE_test_T0112,True,paired_standardized_and_visual_sample_reviewed,"REFUGE image/mask pair matched by file ID within official split; mask standardized to project {0,1,2} convention.",test
glaucoma_fundus_imaging_bundle,REFUGE,T0113,data/external/kaggle/glaucoma_fundus_imaging_bundle/REFUGE/test/Images/T0113.jpg,data/processed/standardized_masks/refuge/test_T0113.png,data/external/kaggle/glaucoma_fundus_imaging_bundle/REFUGE/test/Images/T0113.jpg,data/processed/standardized_masks/refuge/test_T0113.png,T0113.jpg,test_T0113.png,multiclass_values_0_1_2,0,1,2,REFUGE_test_T0113,True,paired_standardized_and_visual_sample_reviewed,"REFUGE image/mask pair matched by file ID within official split; mask standardized to project {0,1,2} convention.",test
glaucoma_fundus_imaging_bundle,REFUGE,T0114,data/external/kaggle/glaucoma_fundus_imaging_bundle/REFUGE/test/Images/T0114.jpg,data/processed/standardized_masks/refuge/test_T0114.png,data/external/kaggle/glaucoma_fundus_imaging_bundle/REFUGE/test/Images/T0114.jpg,data/processed/standardized_masks/refuge/test_T0114.png,T0114.jpg,test_T0114.png,multiclass_values_0_1_2,0,1,2,REFUGE_test_T0114,True,paired_standardized_and_visual_sample_reviewed,"REFUGE image/mask pair matched by file ID within official split; mask standardized to project {0,1,2} convention.",test
glaucoma_fundus_imaging_bundle,REFUGE,T0115,data/external/kaggle/glaucoma_fundus_imaging_bundle/REFUGE/test/Images/T0115.jpg,data/processed/standardized_masks/refuge/test_T0115.png,data/external/kaggle/glaucoma_fundus_imaging_bundle/REFUGE/test/Images/T0115.jpg,data/processed/standardized_masks/refuge/test_T0115.png,T0115.jpg,test_T0115.png,multiclass_values_0_1_2,0,1,2,REFUGE_test_T0115,True,paired_standardized_and_visual_sample_reviewed,"REFUGE image/mask pair matched by file ID within official split; mask standardized to project {0,1,2} convention.",test
glaucoma_fundus_imaging_bundle,REFUGE,T0116,data/external/kaggle/glaucoma_fundus_imaging_bundle/REFUGE/test/Images/T0116.jpg,data/processed/standardized_masks/refuge/test_T0116.png,data/external/kaggle/glaucoma_fundus_imaging_bundle/REFUGE/test/Images/T0116.jpg,data/processed/standardized_masks/refuge/test_T0116.png,T0116.jpg,test_T0116.png,multiclass_values_0_1_2,0,1,2,REFUGE_test_T0116,True,paired_standardized_and_visual_sample_reviewed,"REFUGE image/mask pair matched by file ID within official split; mask standardized to project {0,1,2} convention.",test
glaucoma_fundus_imaging_bundle,REFUGE,T0117,data/external/kaggle/glaucoma_fundus_imaging_bundle/REFUGE/test/Images/T0117.jpg,data/processed/standardized_masks/refuge/test_T0117.png,data/external/kaggle/glaucoma_fundus_imaging_bundle/REFUGE/test/Images/T0117.jpg,data/processed/standardized_masks/refuge/test_T0117.png,T0117.jpg,test_T0117.png,multiclass_values_0_1_2,0,1,2,REFUGE_test_T0117,True,paired_standardized_and_visual_sample_reviewed,"REFUGE image/mask pair matched by file ID within official split; mask standardized to project {0,1,2} convention.",test
glaucoma_fundus_imaging_bundle,REFUGE,T0118,data/external/kaggle/glaucoma_fundus_imaging_bundle/REFUGE/test/Images/T0118.jpg,data/processed/standardized_masks/refuge/test_T0118.png,data/external/kaggle/glaucoma_fundus_imaging_bundle/REFUGE/test/Images/T0118.jpg,data/processed/standardized_masks/refuge/test_T0118.png,T0118.jpg,test_T0118.png,multiclass_values_0_1_2,0,1,2,REFUGE_test_T0118,True,paired_standardized_and_visual_sample_reviewed,"REFUGE image/mask pair matched by file ID within official split; mask standardized to project {0,1,2} convention.",test
glaucoma_fundus_imaging_bundle,REFUGE,T0119,data/external/kaggle/glaucoma_fundus_imaging_bundle/REFUGE/test/Images/T0119.jpg,data/processed/standardized_masks/refuge/test_T0119.png,data/external/kaggle/glaucoma_fundus_imaging_bundle/REFUGE/test/Images/T0119.jpg,data/processed/standardized_masks/refuge/test_T0119.png,T0119.jpg,test_T0119.png,multiclass_values_0_1_2,0,1,2,REFUGE_test_T0119,True,paired_standardized_and_visual_sample_reviewed,"REFUGE image/mask pair matched by file ID within official split; mask standardized to project {0,1,2} convention.",test
glaucoma_fundus_imaging_bundle,REFUGE,T0120,data/external/kaggle/glaucoma_fundus_imaging_bundle/REFUGE/test/Images/T0120.jpg,data/processed/standardized_masks/refuge/test_T0120.png,data/external/kaggle/glaucoma_fundus_imaging_bundle/REFUGE/test/Images/T0120.jpg,data/processed/standardized_masks/refuge/test_T0120.png,T0120.jpg,test_T0120.png,multiclass_values_0_1_2,0,1,2,REFUGE_test_T0120,True,paired_standardized_and_visual_sample_reviewed,"REFUGE image/mask pair matched by file ID within official split; mask standardized to project {0,1,2} convention.",test
glaucoma_fundus_imaging_bundle,REFUGE,T0121,data/external/kaggle/glaucoma_fundus_imaging_bundle/REFUGE/test/Images/T0121.jpg,data/processed/standardized_masks/refuge/test_T0121.png,data/external/kaggle/glaucoma_fundus_imaging_bundle/REFUGE/test/Images/T0121.jpg,data/processed/standardized_masks/refuge/test_T0121.png,T0121.jpg,test_T0121.png,multiclass_values_0_1_2,0,1,2,REFUGE_test_T0121,True,paired_standardized_and_visual_sample_reviewed,"REFUGE image/mask pair matched by file ID within official split; mask standardized to project {0,1,2} convention.",test
glaucoma_fundus_imaging_bundle,REFUGE,T0122,data/external/kaggle/glaucoma_fundus_imaging_bundle/REFUGE/test/Images/T0122.jpg,data/processed/standardized_masks/refuge/test_T0122.png,data/external/kaggle/glaucoma_fundus_imaging_bundle/REFUGE/test/Images/T0122.jpg,data/processed/standardized_masks/refuge/test_T0122.png,T0122.jpg,test_T0122.png,multiclass_values_0_1_2,0,1,2,REFUGE_test_T0122,True,paired_standardized_and_visual_sample_reviewed,"REFUGE image/mask pair matched by file ID within official split; mask standardized to project {0,1,2} convention.",test
glaucoma_fundus_imaging_bundle,REFUGE,T0123,data/external/kaggle/glaucoma_fundus_imaging_bundle/REFUGE/test/Images/T0123.jpg,data/processed/standardized_masks/refuge/test_T0123.png,data/external/kaggle/glaucoma_fundus_imaging_bundle/REFUGE/test/Images/T0123.jpg,data/processed/standardized_masks/refuge/test_T0123.png,T0123.jpg,test_T0123.png,multiclass_values_0_1_2,0,1,2,REFUGE_test_T0123,True,paired_standardized_and_visual_sample_reviewed,"REFUGE image/mask pair matched by file ID within official split; mask standardized to project {0,1,2} convention.",test
glaucoma_fundus_imaging_bundle,REFUGE,T0124,data/external/kaggle/glaucoma_fundus_imaging_bundle/REFUGE/test/Images/T0124.jpg,data/processed/standardized_masks/refuge/test_T0124.png,data/external/kaggle/glaucoma_fundus_imaging_bundle/REFUGE/test/Images/T0124.jpg,data/processed/standardized_masks/refuge/test_T0124.png,T0124.jpg,test_T0124.png,multiclass_values_0_1_2,0,1,2,REFUGE_test_T0124,True,paired_standardized_and_visual_sample_reviewed,"REFUGE image/mask pair matched by file ID within official split; mask standardized to project {0,1,2} convention.",test
glaucoma_fundus_imaging_bundle,REFUGE,T0125,data/external/kaggle/glaucoma_fundus_imaging_bundle/REFUGE/test/Images/T0125.jpg,data/processed/standardized_masks/refuge/test_T0125.png,data/external/kaggle/glaucoma_fundus_imaging_bundle/REFUGE/test/Images/T0125.jpg,data/processed/standardized_masks/refuge/test_T0125.png,T0125.jpg,test_T0125.png,multiclass_values_0_1_2,0,1,2,REFUGE_test_T0125,True,paired_standardized_and_visual_sample_reviewed,"REFUGE image/mask pair matched by file ID within official split; mask standardized to project {0,1,2} convention.",test
glaucoma_fundus_imaging_bundle,REFUGE,T0126,data/external/kaggle/glaucoma_fundus_imaging_bundle/REFUGE/test/Images/T0126.jpg,data/processed/standardized_masks/refuge/test_T0126.png,data/external/kaggle/glaucoma_fundus_imaging_bundle/REFUGE/test/Images/T0126.jpg,data/processed/standardized_masks/refuge/test_T0126.png,T0126.jpg,test_T0126.png,multiclass_values_0_1_2,0,1,2,REFUGE_test_T0126,True,paired_standardized_and_visual_sample_reviewed,"REFUGE image/mask pair matched by file ID within official split; mask standardized to project {0,1,2} convention.",test
glaucoma_fundus_imaging_bundle,REFUGE,T0127,data/external/kaggle/glaucoma_fundus_imaging_bundle/REFUGE/test/Images/T0127.jpg,data/processed/standardized_masks/refuge/test_T0127.png,data/external/kaggle/glaucoma_fundus_imaging_bundle/REFUGE/test/Images/T0127.jpg,data/processed/standardized_masks/refuge/test_T0127.png,T0127.jpg,test_T0127.png,multiclass_values_0_1_2,0,1,2,REFUGE_test_T0127,True,paired_standardized_and_visual_sample_reviewed,"REFUGE image/mask pair matched by file ID within official split; mask standardized to project {0,1,2} convention.",test
glaucoma_fundus_imaging_bundle,REFUGE,T0128,data/external/kaggle/glaucoma_fundus_imaging_bundle/REFUGE/test/Images/T0128.jpg,data/processed/standardized_masks/refuge/test_T0128.png,data/external/kaggle/glaucoma_fundus_imaging_bundle/REFUGE/test/Images/T0128.jpg,data/processed/standardized_masks/refuge/test_T0128.png,T0128.jpg,test_T0128.png,multiclass_values_0_1_2,0,1,2,REFUGE_test_T0128,True,paired_standardized_and_visual_sample_reviewed,"REFUGE image/mask pair matched by file ID within official split; mask standardized to project {0,1,2} convention.",test
glaucoma_fundus_imaging_bundle,REFUGE,T0129,data/external/kaggle/glaucoma_fundus_imaging_bundle/REFUGE/test/Images/T0129.jpg,data/processed/standardized_masks/refuge/test_T0129.png,data/external/kaggle/glaucoma_fundus_imaging_bundle/REFUGE/test/Images/T0129.jpg,data/processed/standardized_masks/refuge/test_T0129.png,T0129.jpg,test_T0129.png,multiclass_values_0_1_2,0,1,2,REFUGE_test_T0129,True,paired_standardized_and_visual_sample_reviewed,"REFUGE image/mask pair matched by file ID within official split; mask standardized to project {0,1,2} convention.",test
glaucoma_fundus_imaging_bundle,REFUGE,T0130,data/external/kaggle/glaucoma_fundus_imaging_bundle/REFUGE/test/Images/T0130.jpg,data/processed/standardized_masks/refuge/test_T0130.png,data/external/kaggle/glaucoma_fundus_imaging_bundle/REFUGE/test/Images/T0130.jpg,data/processed/standardized_masks/refuge/test_T0130.png,T0130.jpg,test_T0130.png,multiclass_values_0_1_2,0,1,2,REFUGE_test_T0130,True,paired_standardized_and_visual_sample_reviewed,"REFUGE image/mask pair matched by file ID within official split; mask standardized to project {0,1,2} convention.",test
glaucoma_fundus_imaging_bundle,REFUGE,T0131,data/external/kaggle/glaucoma_fundus_imaging_bundle/REFUGE/test/Images/T0131.jpg,data/processed/standardized_masks/refuge/test_T0131.png,data/external/kaggle/glaucoma_fundus_imaging_bundle/REFUGE/test/Images/T0131.jpg,data/processed/standardized_masks/refuge/test_T0131.png,T0131.jpg,test_T0131.png,multiclass_values_0_1_2,0,1,2,REFUGE_test_T0131,True,paired_standardized_and_visual_sample_reviewed,"REFUGE image/mask pair matched by file ID within official split; mask standardized to project {0,1,2} convention.",test
glaucoma_fundus_imaging_bundle,REFUGE,T0132,data/external/kaggle/glaucoma_fundus_imaging_bundle/REFUGE/test/Images/T0132.jpg,data/processed/standardized_masks/refuge/test_T0132.png,data/external/kaggle/glaucoma_fundus_imaging_bundle/REFUGE/test/Images/T0132.jpg,data/processed/standardized_masks/refuge/test_T0132.png,T0132.jpg,test_T0132.png,multiclass_values_0_1_2,0,1,2,REFUGE_test_T0132,True,paired_standardized_and_visual_sample_reviewed,"REFUGE image/mask pair matched by file ID within official split; mask standardized to project {0,1,2} convention.",test
glaucoma_fundus_imaging_bundle,REFUGE,T0133,data/external/kaggle/glaucoma_fundus_imaging_bundle/REFUGE/test/Images/T0133.jpg,data/processed/standardized_masks/refuge/test_T0133.png,data/external/kaggle/glaucoma_fundus_imaging_bundle/REFUGE/test/Images/T0133.jpg,data/processed/standardized_masks/refuge/test_T0133.png,T0133.jpg,test_T0133.png,multiclass_values_0_1_2,0,1,2,REFUGE_test_T0133,True,paired_standardized_and_visual_sample_reviewed,"REFUGE image/mask pair matched by file ID within official split; mask standardized to project {0,1,2} convention.",test
glaucoma_fundus_imaging_bundle,REFUGE,T0134,data/external/kaggle/glaucoma_fundus_imaging_bundle/REFUGE/test/Images/T0134.jpg,data/processed/standardized_masks/refuge/test_T0134.png,data/external/kaggle/glaucoma_fundus_imaging_bundle/REFUGE/test/Images/T0134.jpg,data/processed/standardized_masks/refuge/test_T0134.png,T0134.jpg,test_T0134.png,multiclass_values_0_1_2,0,1,2,REFUGE_test_T0134,True,paired_standardized_and_visual_sample_reviewed,"REFUGE image/mask pair matched by file ID within official split; mask standardized to project {0,1,2} convention.",test
glaucoma_fundus_imaging_bundle,REFUGE,T0135,data/external/kaggle/glaucoma_fundus_imaging_bundle/REFUGE/test/Images/T0135.jpg,data/processed/standardized_masks/refuge/test_T0135.png,data/external/kaggle/glaucoma_fundus_imaging_bundle/REFUGE/test/Images/T0135.jpg,data/processed/standardized_masks/refuge/test_T0135.png,T0135.jpg,test_T0135.png,multiclass_values_0_1_2,0,1,2,REFUGE_test_T0135,True,paired_standardized_and_visual_sample_reviewed,"REFUGE image/mask pair matched by file ID within official split; mask standardized to project {0,1,2} convention.",test
glaucoma_fundus_imaging_bundle,REFUGE,T0136,data/external/kaggle/glaucoma_fundus_imaging_bundle/REFUGE/test/Images/T0136.jpg,data/processed/standardized_masks/refuge/test_T0136.png,data/external/kaggle/glaucoma_fundus_imaging_bundle/REFUGE/test/Images/T0136.jpg,data/processed/standardized_masks/refuge/test_T0136.png,T0136.jpg,test_T0136.png,multiclass_values_0_1_2,0,1,2,REFUGE_test_T0136,True,paired_standardized_and_visual_sample_reviewed,"REFUGE image/mask pair matched by file ID within official split; mask standardized to project {0,1,2} convention.",test
glaucoma_fundus_imaging_bundle,REFUGE,T0137,data/external/kaggle/glaucoma_fundus_imaging_bundle/REFUGE/test/Images/T0137.jpg,data/processed/standardized_masks/refuge/test_T0137.png,data/external/kaggle/glaucoma_fundus_imaging_bundle/REFUGE/test/Images/T0137.jpg,data/processed/standardized_masks/refuge/test_T0137.png,T0137.jpg,test_T0137.png,multiclass_values_0_1_2,0,1,2,REFUGE_test_T0137,True,paired_standardized_and_visual_sample_reviewed,"REFUGE image/mask pair matched by file ID within official split; mask standardized to project {0,1,2} convention.",test
glaucoma_fundus_imaging_bundle,REFUGE,T0138,data/external/kaggle/glaucoma_fundus_imaging_bundle/REFUGE/test/Images/T0138.jpg,data/processed/standardized_masks/refuge/test_T0138.png,data/external/kaggle/glaucoma_fundus_imaging_bundle/REFUGE/test/Images/T0138.jpg,data/processed/standardized_masks/refuge/test_T0138.png,T0138.jpg,test_T0138.png,multiclass_values_0_1_2,0,1,2,REFUGE_test_T0138,True,paired_standardized_and_visual_sample_reviewed,"REFUGE image/mask pair matched by file ID within official split; mask standardized to project {0,1,2} convention.",test
glaucoma_fundus_imaging_bundle,REFUGE,T0139,data/external/kaggle/glaucoma_fundus_imaging_bundle/REFUGE/test/Images/T0139.jpg,data/processed/standardized_masks/refuge/test_T0139.png,data/external/kaggle/glaucoma_fundus_imaging_bundle/REFUGE/test/Images/T0139.jpg,data/processed/standardized_masks/refuge/test_T0139.png,T0139.jpg,test_T0139.png,multiclass_values_0_1_2,0,1,2,REFUGE_test_T0139,True,paired_standardized_and_visual_sample_reviewed,"REFUGE image/mask pair matched by file ID within official split; mask standardized to project {0,1,2} convention.",test
glaucoma_fundus_imaging_bundle,REFUGE,T0140,data/external/kaggle/glaucoma_fundus_imaging_bundle/REFUGE/test/Images/T0140.jpg,data/processed/standardized_masks/refuge/test_T0140.png,data/external/kaggle/glaucoma_fundus_imaging_bundle/REFUGE/test/Images/T0140.jpg,data/processed/standardized_masks/refuge/test_T0140.png,T0140.jpg,test_T0140.png,multiclass_values_0_1_2,0,1,2,REFUGE_test_T0140,True,paired_standardized_and_visual_sample_reviewed,"REFUGE image/mask pair matched by file ID within official split; mask standardized to project {0,1,2} convention.",test
glaucoma_fundus_imaging_bundle,REFUGE,T0141,data/external/kaggle/glaucoma_fundus_imaging_bundle/REFUGE/test/Images/T0141.jpg,data/processed/standardized_masks/refuge/test_T0141.png,data/external/kaggle/glaucoma_fundus_imaging_bundle/REFUGE/test/Images/T0141.jpg,data/processed/standardized_masks/refuge/test_T0141.png,T0141.jpg,test_T0141.png,multiclass_values_0_1_2,0,1,2,REFUGE_test_T0141,True,paired_standardized_and_visual_sample_reviewed,"REFUGE image/mask pair matched by file ID within official split; mask standardized to project {0,1,2} convention.",test
glaucoma_fundus_imaging_bundle,REFUGE,T0142,data/external/kaggle/glaucoma_fundus_imaging_bundle/REFUGE/test/Images/T0142.jpg,data/processed/standardized_masks/refuge/test_T0142.png,data/external/kaggle/glaucoma_fundus_imaging_bundle/REFUGE/test/Images/T0142.jpg,data/processed/standardized_masks/refuge/test_T0142.png,T0142.jpg,test_T0142.png,multiclass_values_0_1_2,0,1,2,REFUGE_test_T0142,True,paired_standardized_and_visual_sample_reviewed,"REFUGE image/mask pair matched by file ID within official split; mask standardized to project {0,1,2} convention.",test
glaucoma_fundus_imaging_bundle,REFUGE,T0143,data/external/kaggle/glaucoma_fundus_imaging_bundle/REFUGE/test/Images/T0143.jpg,data/processed/standardized_masks/refuge/test_T0143.png,data/external/kaggle/glaucoma_fundus_imaging_bundle/REFUGE/test/Images/T0143.jpg,data/processed/standardized_masks/refuge/test_T0143.png,T0143.jpg,test_T0143.png,multiclass_values_0_1_2,0,1,2,REFUGE_test_T0143,True,paired_standardized_and_visual_sample_reviewed,"REFUGE image/mask pair matched by file ID within official split; mask standardized to project {0,1,2} convention.",test
glaucoma_fundus_imaging_bundle,REFUGE,T0144,data/external/kaggle/glaucoma_fundus_imaging_bundle/REFUGE/test/Images/T0144.jpg,data/processed/standardized_masks/refuge/test_T0144.png,data/external/kaggle/glaucoma_fundus_imaging_bundle/REFUGE/test/Images/T0144.jpg,data/processed/standardized_masks/refuge/test_T0144.png,T0144.jpg,test_T0144.png,multiclass_values_0_1_2,0,1,2,REFUGE_test_T0144,True,paired_standardized_and_visual_sample_reviewed,"REFUGE image/mask pair matched by file ID within official split; mask standardized to project {0,1,2} convention.",test
glaucoma_fundus_imaging_bundle,REFUGE,T0145,data/external/kaggle/glaucoma_fundus_imaging_bundle/REFUGE/test/Images/T0145.jpg,data/processed/standardized_masks/refuge/test_T0145.png,data/external/kaggle/glaucoma_fundus_imaging_bundle/REFUGE/test/Images/T0145.jpg,data/processed/standardized_masks/refuge/test_T0145.png,T0145.jpg,test_T0145.png,multiclass_values_0_1_2,0,1,2,REFUGE_test_T0145,True,paired_standardized_and_visual_sample_reviewed,"REFUGE image/mask pair matched by file ID within official split; mask standardized to project {0,1,2} convention.",test
glaucoma_fundus_imaging_bundle,REFUGE,T0146,data/external/kaggle/glaucoma_fundus_imaging_bundle/REFUGE/test/Images/T0146.jpg,data/processed/standardized_masks/refuge/test_T0146.png,data/external/kaggle/glaucoma_fundus_imaging_bundle/REFUGE/test/Images/T0146.jpg,data/processed/standardized_masks/refuge/test_T0146.png,T0146.jpg,test_T0146.png,multiclass_values_0_1_2,0,1,2,REFUGE_test_T0146,True,paired_standardized_and_visual_sample_reviewed,"REFUGE image/mask pair matched by file ID within official split; mask standardized to project {0,1,2} convention.",test
glaucoma_fundus_imaging_bundle,REFUGE,T0147,data/external/kaggle/glaucoma_fundus_imaging_bundle/REFUGE/test/Images/T0147.jpg,data/processed/standardized_masks/refuge/test_T0147.png,data/external/kaggle/glaucoma_fundus_imaging_bundle/REFUGE/test/Images/T0147.jpg,data/processed/standardized_masks/refuge/test_T0147.png,T0147.jpg,test_T0147.png,multiclass_values_0_1_2,0,1,2,REFUGE_test_T0147,True,paired_standardized_and_visual_sample_reviewed,"REFUGE image/mask pair matched by file ID within official split; mask standardized to project {0,1,2} convention.",test
glaucoma_fundus_imaging_bundle,REFUGE,T0148,data/external/kaggle/glaucoma_fundus_imaging_bundle/REFUGE/test/Images/T0148.jpg,data/processed/standardized_masks/refuge/test_T0148.png,data/external/kaggle/glaucoma_fundus_imaging_bundle/REFUGE/test/Images/T0148.jpg,data/processed/standardized_masks/refuge/test_T0148.png,T0148.jpg,test_T0148.png,multiclass_values_0_1_2,0,1,2,REFUGE_test_T0148,True,paired_standardized_and_visual_sample_reviewed,"REFUGE image/mask pair matched by file ID within official split; mask standardized to project {0,1,2} convention.",test
glaucoma_fundus_imaging_bundle,REFUGE,T0149,data/external/kaggle/glaucoma_fundus_imaging_bundle/REFUGE/test/Images/T0149.jpg,data/processed/standardized_masks/refuge/test_T0149.png,data/external/kaggle/glaucoma_fundus_imaging_bundle/REFUGE/test/Images/T0149.jpg,data/processed/standardized_masks/refuge/test_T0149.png,T0149.jpg,test_T0149.png,multiclass_values_0_1_2,0,1,2,REFUGE_test_T0149,True,paired_standardized_and_visual_sample_reviewed,"REFUGE image/mask pair matched by file ID within official split; mask standardized to project {0,1,2} convention.",test
glaucoma_fundus_imaging_bundle,REFUGE,T0150,data/external/kaggle/glaucoma_fundus_imaging_bundle/REFUGE/test/Images/T0150.jpg,data/processed/standardized_masks/refuge/test_T0150.png,data/external/kaggle/glaucoma_fundus_imaging_bundle/REFUGE/test/Images/T0150.jpg,data/processed/standardized_masks/refuge/test_T0150.png,T0150.jpg,test_T0150.png,multiclass_values_0_1_2,0,1,2,REFUGE_test_T0150,True,paired_standardized_and_visual_sample_reviewed,"REFUGE image/mask pair matched by file ID within official split; mask standardized to project {0,1,2} convention.",test
glaucoma_fundus_imaging_bundle,REFUGE,T0151,data/external/kaggle/glaucoma_fundus_imaging_bundle/REFUGE/test/Images/T0151.jpg,data/processed/standardized_masks/refuge/test_T0151.png,data/external/kaggle/glaucoma_fundus_imaging_bundle/REFUGE/test/Images/T0151.jpg,data/processed/standardized_masks/refuge/test_T0151.png,T0151.jpg,test_T0151.png,multiclass_values_0_1_2,0,1,2,REFUGE_test_T0151,True,paired_standardized_and_visual_sample_reviewed,"REFUGE image/mask pair matched by file ID within official split; mask standardized to project {0,1,2} convention.",test
glaucoma_fundus_imaging_bundle,REFUGE,T0152,data/external/kaggle/glaucoma_fundus_imaging_bundle/REFUGE/test/Images/T0152.jpg,data/processed/standardized_masks/refuge/test_T0152.png,data/external/kaggle/glaucoma_fundus_imaging_bundle/REFUGE/test/Images/T0152.jpg,data/processed/standardized_masks/refuge/test_T0152.png,T0152.jpg,test_T0152.png,multiclass_values_0_1_2,0,1,2,REFUGE_test_T0152,True,paired_standardized_and_visual_sample_reviewed,"REFUGE image/mask pair matched by file ID within official split; mask standardized to project {0,1,2} convention.",test
glaucoma_fundus_imaging_bundle,REFUGE,T0153,data/external/kaggle/glaucoma_fundus_imaging_bundle/REFUGE/test/Images/T0153.jpg,data/processed/standardized_masks/refuge/test_T0153.png,data/external/kaggle/glaucoma_fundus_imaging_bundle/REFUGE/test/Images/T0153.jpg,data/processed/standardized_masks/refuge/test_T0153.png,T0153.jpg,test_T0153.png,multiclass_values_0_1_2,0,1,2,REFUGE_test_T0153,True,paired_standardized_and_visual_sample_reviewed,"REFUGE image/mask pair matched by file ID within official split; mask standardized to project {0,1,2} convention.",test
glaucoma_fundus_imaging_bundle,REFUGE,T0154,data/external/kaggle/glaucoma_fundus_imaging_bundle/REFUGE/test/Images/T0154.jpg,data/processed/standardized_masks/refuge/test_T0154.png,data/external/kaggle/glaucoma_fundus_imaging_bundle/REFUGE/test/Images/T0154.jpg,data/processed/standardized_masks/refuge/test_T0154.png,T0154.jpg,test_T0154.png,multiclass_values_0_1_2,0,1,2,REFUGE_test_T0154,True,paired_standardized_and_visual_sample_reviewed,"REFUGE image/mask pair matched by file ID within official split; mask standardized to project {0,1,2} convention.",test
glaucoma_fundus_imaging_bundle,REFUGE,T0155,data/external/kaggle/glaucoma_fundus_imaging_bundle/REFUGE/test/Images/T0155.jpg,data/processed/standardized_masks/refuge/test_T0155.png,data/external/kaggle/glaucoma_fundus_imaging_bundle/REFUGE/test/Images/T0155.jpg,data/processed/standardized_masks/refuge/test_T0155.png,T0155.jpg,test_T0155.png,multiclass_values_0_1_2,0,1,2,REFUGE_test_T0155,True,paired_standardized_and_visual_sample_reviewed,"REFUGE image/mask pair matched by file ID within official split; mask standardized to project {0,1,2} convention.",test
glaucoma_fundus_imaging_bundle,REFUGE,T0156,data/external/kaggle/glaucoma_fundus_imaging_bundle/REFUGE/test/Images/T0156.jpg,data/processed/standardized_masks/refuge/test_T0156.png,data/external/kaggle/glaucoma_fundus_imaging_bundle/REFUGE/test/Images/T0156.jpg,data/processed/standardized_masks/refuge/test_T0156.png,T0156.jpg,test_T0156.png,multiclass_values_0_1_2,0,1,2,REFUGE_test_T0156,True,paired_standardized_and_visual_sample_reviewed,"REFUGE image/mask pair matched by file ID within official split; mask standardized to project {0,1,2} convention.",test
glaucoma_fundus_imaging_bundle,REFUGE,T0157,data/external/kaggle/glaucoma_fundus_imaging_bundle/REFUGE/test/Images/T0157.jpg,data/processed/standardized_masks/refuge/test_T0157.png,data/external/kaggle/glaucoma_fundus_imaging_bundle/REFUGE/test/Images/T0157.jpg,data/processed/standardized_masks/refuge/test_T0157.png,T0157.jpg,test_T0157.png,multiclass_values_0_1_2,0,1,2,REFUGE_test_T0157,True,paired_standardized_and_visual_sample_reviewed,"REFUGE image/mask pair matched by file ID within official split; mask standardized to project {0,1,2} convention.",test
glaucoma_fundus_imaging_bundle,REFUGE,T0158,data/external/kaggle/glaucoma_fundus_imaging_bundle/REFUGE/test/Images/T0158.jpg,data/processed/standardized_masks/refuge/test_T0158.png,data/external/kaggle/glaucoma_fundus_imaging_bundle/REFUGE/test/Images/T0158.jpg,data/processed/standardized_masks/refuge/test_T0158.png,T0158.jpg,test_T0158.png,multiclass_values_0_1_2,0,1,2,REFUGE_test_T0158,True,paired_standardized_and_visual_sample_reviewed,"REFUGE image/mask pair matched by file ID within official split; mask standardized to project {0,1,2} convention.",test
glaucoma_fundus_imaging_bundle,REFUGE,T0159,data/external/kaggle/glaucoma_fundus_imaging_bundle/REFUGE/test/Images/T0159.jpg,data/processed/standardized_masks/refuge/test_T0159.png,data/external/kaggle/glaucoma_fundus_imaging_bundle/REFUGE/test/Images/T0159.jpg,data/processed/standardized_masks/refuge/test_T0159.png,T0159.jpg,test_T0159.png,multiclass_values_0_1_2,0,1,2,REFUGE_test_T0159,True,paired_standardized_and_visual_sample_reviewed,"REFUGE image/mask pair matched by file ID within official split; mask standardized to project {0,1,2} convention.",test
glaucoma_fundus_imaging_bundle,REFUGE,T0160,data/external/kaggle/glaucoma_fundus_imaging_bundle/REFUGE/test/Images/T0160.jpg,data/processed/standardized_masks/refuge/test_T0160.png,data/external/kaggle/glaucoma_fundus_imaging_bundle/REFUGE/test/Images/T0160.jpg,data/processed/standardized_masks/refuge/test_T0160.png,T0160.jpg,test_T0160.png,multiclass_values_0_1_2,0,1,2,REFUGE_test_T0160,True,paired_standardized_and_visual_sample_reviewed,"REFUGE image/mask pair matched by file ID within official split; mask standardized to project {0,1,2} convention.",test
glaucoma_fundus_imaging_bundle,REFUGE,T0161,data/external/kaggle/glaucoma_fundus_imaging_bundle/REFUGE/test/Images/T0161.jpg,data/processed/standardized_masks/refuge/test_T0161.png,data/external/kaggle/glaucoma_fundus_imaging_bundle/REFUGE/test/Images/T0161.jpg,data/processed/standardized_masks/refuge/test_T0161.png,T0161.jpg,test_T0161.png,multiclass_values_0_1_2,0,1,2,REFUGE_test_T0161,True,paired_standardized_and_visual_sample_reviewed,"REFUGE image/mask pair matched by file ID within official split; mask standardized to project {0,1,2} convention.",test
glaucoma_fundus_imaging_bundle,REFUGE,T0162,data/external/kaggle/glaucoma_fundus_imaging_bundle/REFUGE/test/Images/T0162.jpg,data/processed/standardized_masks/refuge/test_T0162.png,data/external/kaggle/glaucoma_fundus_imaging_bundle/REFUGE/test/Images/T0162.jpg,data/processed/standardized_masks/refuge/test_T0162.png,T0162.jpg,test_T0162.png,multiclass_values_0_1_2,0,1,2,REFUGE_test_T0162,True,paired_standardized_and_visual_sample_reviewed,"REFUGE image/mask pair matched by file ID within official split; mask standardized to project {0,1,2} convention.",test
glaucoma_fundus_imaging_bundle,REFUGE,T0163,data/external/kaggle/glaucoma_fundus_imaging_bundle/REFUGE/test/Images/T0163.jpg,data/processed/standardized_masks/refuge/test_T0163.png,data/external/kaggle/glaucoma_fundus_imaging_bundle/REFUGE/test/Images/T0163.jpg,data/processed/standardized_masks/refuge/test_T0163.png,T0163.jpg,test_T0163.png,multiclass_values_0_1_2,0,1,2,REFUGE_test_T0163,True,paired_standardized_and_visual_sample_reviewed,"REFUGE image/mask pair matched by file ID within official split; mask standardized to project {0,1,2} convention.",test
glaucoma_fundus_imaging_bundle,REFUGE,T0164,data/external/kaggle/glaucoma_fundus_imaging_bundle/REFUGE/test/Images/T0164.jpg,data/processed/standardized_masks/refuge/test_T0164.png,data/external/kaggle/glaucoma_fundus_imaging_bundle/REFUGE/test/Images/T0164.jpg,data/processed/standardized_masks/refuge/test_T0164.png,T0164.jpg,test_T0164.png,multiclass_values_0_1_2,0,1,2,REFUGE_test_T0164,True,paired_standardized_and_visual_sample_reviewed,"REFUGE image/mask pair matched by file ID within official split; mask standardized to project {0,1,2} convention.",test
glaucoma_fundus_imaging_bundle,REFUGE,T0165,data/external/kaggle/glaucoma_fundus_imaging_bundle/REFUGE/test/Images/T0165.jpg,data/processed/standardized_masks/refuge/test_T0165.png,data/external/kaggle/glaucoma_fundus_imaging_bundle/REFUGE/test/Images/T0165.jpg,data/processed/standardized_masks/refuge/test_T0165.png,T0165.jpg,test_T0165.png,multiclass_values_0_1_2,0,1,2,REFUGE_test_T0165,True,paired_standardized_and_visual_sample_reviewed,"REFUGE image/mask pair matched by file ID within official split; mask standardized to project {0,1,2} convention.",test
glaucoma_fundus_imaging_bundle,REFUGE,T0166,data/external/kaggle/glaucoma_fundus_imaging_bundle/REFUGE/test/Images/T0166.jpg,data/processed/standardized_masks/refuge/test_T0166.png,data/external/kaggle/glaucoma_fundus_imaging_bundle/REFUGE/test/Images/T0166.jpg,data/processed/standardized_masks/refuge/test_T0166.png,T0166.jpg,test_T0166.png,multiclass_values_0_1_2,0,1,2,REFUGE_test_T0166,True,paired_standardized_and_visual_sample_reviewed,"REFUGE image/mask pair matched by file ID within official split; mask standardized to project {0,1,2} convention.",test
glaucoma_fundus_imaging_bundle,REFUGE,T0167,data/external/kaggle/glaucoma_fundus_imaging_bundle/REFUGE/test/Images/T0167.jpg,data/processed/standardized_masks/refuge/test_T0167.png,data/external/kaggle/glaucoma_fundus_imaging_bundle/REFUGE/test/Images/T0167.jpg,data/processed/standardized_masks/refuge/test_T0167.png,T0167.jpg,test_T0167.png,multiclass_values_0_1_2,0,1,2,REFUGE_test_T0167,True,paired_standardized_and_visual_sample_reviewed,"REFUGE image/mask pair matched by file ID within official split; mask standardized to project {0,1,2} convention.",test
glaucoma_fundus_imaging_bundle,REFUGE,T0168,data/external/kaggle/glaucoma_fundus_imaging_bundle/REFUGE/test/Images/T0168.jpg,data/processed/standardized_masks/refuge/test_T0168.png,data/external/kaggle/glaucoma_fundus_imaging_bundle/REFUGE/test/Images/T0168.jpg,data/processed/standardized_masks/refuge/test_T0168.png,T0168.jpg,test_T0168.png,multiclass_values_0_1_2,0,1,2,REFUGE_test_T0168,True,paired_standardized_and_visual_sample_reviewed,"REFUGE image/mask pair matched by file ID within official split; mask standardized to project {0,1,2} convention.",test
glaucoma_fundus_imaging_bundle,REFUGE,T0169,data/external/kaggle/glaucoma_fundus_imaging_bundle/REFUGE/test/Images/T0169.jpg,data/processed/standardized_masks/refuge/test_T0169.png,data/external/kaggle/glaucoma_fundus_imaging_bundle/REFUGE/test/Images/T0169.jpg,data/processed/standardized_masks/refuge/test_T0169.png,T0169.jpg,test_T0169.png,multiclass_values_0_1_2,0,1,2,REFUGE_test_T0169,True,paired_standardized_and_visual_sample_reviewed,"REFUGE image/mask pair matched by file ID within official split; mask standardized to project {0,1,2} convention.",test
glaucoma_fundus_imaging_bundle,REFUGE,T0170,data/external/kaggle/glaucoma_fundus_imaging_bundle/REFUGE/test/Images/T0170.jpg,data/processed/standardized_masks/refuge/test_T0170.png,data/external/kaggle/glaucoma_fundus_imaging_bundle/REFUGE/test/Images/T0170.jpg,data/processed/standardized_masks/refuge/test_T0170.png,T0170.jpg,test_T0170.png,multiclass_values_0_1_2,0,1,2,REFUGE_test_T0170,True,paired_standardized_and_visual_sample_reviewed,"REFUGE image/mask pair matched by file ID within official split; mask standardized to project {0,1,2} convention.",test
glaucoma_fundus_imaging_bundle,REFUGE,T0171,data/external/kaggle/glaucoma_fundus_imaging_bundle/REFUGE/test/Images/T0171.jpg,data/processed/standardized_masks/refuge/test_T0171.png,data/external/kaggle/glaucoma_fundus_imaging_bundle/REFUGE/test/Images/T0171.jpg,data/processed/standardized_masks/refuge/test_T0171.png,T0171.jpg,test_T0171.png,multiclass_values_0_1_2,0,1,2,REFUGE_test_T0171,True,paired_standardized_and_visual_sample_reviewed,"REFUGE image/mask pair matched by file ID within official split; mask standardized to project {0,1,2} convention.",test
glaucoma_fundus_imaging_bundle,REFUGE,T0172,data/external/kaggle/glaucoma_fundus_imaging_bundle/REFUGE/test/Images/T0172.jpg,data/processed/standardized_masks/refuge/test_T0172.png,data/external/kaggle/glaucoma_fundus_imaging_bundle/REFUGE/test/Images/T0172.jpg,data/processed/standardized_masks/refuge/test_T0172.png,T0172.jpg,test_T0172.png,multiclass_values_0_1_2,0,1,2,REFUGE_test_T0172,True,paired_standardized_and_visual_sample_reviewed,"REFUGE image/mask pair matched by file ID within official split; mask standardized to project {0,1,2} convention.",test
glaucoma_fundus_imaging_bundle,REFUGE,T0173,data/external/kaggle/glaucoma_fundus_imaging_bundle/REFUGE/test/Images/T0173.jpg,data/processed/standardized_masks/refuge/test_T0173.png,data/external/kaggle/glaucoma_fundus_imaging_bundle/REFUGE/test/Images/T0173.jpg,data/processed/standardized_masks/refuge/test_T0173.png,T0173.jpg,test_T0173.png,multiclass_values_0_1_2,0,1,2,REFUGE_test_T0173,True,paired_standardized_and_visual_sample_reviewed,"REFUGE image/mask pair matched by file ID within official split; mask standardized to project {0,1,2} convention.",test
glaucoma_fundus_imaging_bundle,REFUGE,T0174,data/external/kaggle/glaucoma_fundus_imaging_bundle/REFUGE/test/Images/T0174.jpg,data/processed/standardized_masks/refuge/test_T0174.png,data/external/kaggle/glaucoma_fundus_imaging_bundle/REFUGE/test/Images/T0174.jpg,data/processed/standardized_masks/refuge/test_T0174.png,T0174.jpg,test_T0174.png,multiclass_values_0_1_2,0,1,2,REFUGE_test_T0174,True,paired_standardized_and_visual_sample_reviewed,"REFUGE image/mask pair matched by file ID within official split; mask standardized to project {0,1,2} convention.",test
glaucoma_fundus_imaging_bundle,REFUGE,T0175,data/external/kaggle/glaucoma_fundus_imaging_bundle/REFUGE/test/Images/T0175.jpg,data/processed/standardized_masks/refuge/test_T0175.png,data/external/kaggle/glaucoma_fundus_imaging_bundle/REFUGE/test/Images/T0175.jpg,data/processed/standardized_masks/refuge/test_T0175.png,T0175.jpg,test_T0175.png,multiclass_values_0_1_2,0,1,2,REFUGE_test_T0175,True,paired_standardized_and_visual_sample_reviewed,"REFUGE image/mask pair matched by file ID within official split; mask standardized to project {0,1,2} convention.",test
glaucoma_fundus_imaging_bundle,REFUGE,T0176,data/external/kaggle/glaucoma_fundus_imaging_bundle/REFUGE/test/Images/T0176.jpg,data/processed/standardized_masks/refuge/test_T0176.png,data/external/kaggle/glaucoma_fundus_imaging_bundle/REFUGE/test/Images/T0176.jpg,data/processed/standardized_masks/refuge/test_T0176.png,T0176.jpg,test_T0176.png,multiclass_values_0_1_2,0,1,2,REFUGE_test_T0176,True,paired_standardized_and_visual_sample_reviewed,"REFUGE image/mask pair matched by file ID within official split; mask standardized to project {0,1,2} convention.",test
glaucoma_fundus_imaging_bundle,REFUGE,T0177,data/external/kaggle/glaucoma_fundus_imaging_bundle/REFUGE/test/Images/T0177.jpg,data/processed/standardized_masks/refuge/test_T0177.png,data/external/kaggle/glaucoma_fundus_imaging_bundle/REFUGE/test/Images/T0177.jpg,data/processed/standardized_masks/refuge/test_T0177.png,T0177.jpg,test_T0177.png,multiclass_values_0_1_2,0,1,2,REFUGE_test_T0177,True,paired_standardized_and_visual_sample_reviewed,"REFUGE image/mask pair matched by file ID within official split; mask standardized to project {0,1,2} convention.",test
glaucoma_fundus_imaging_bundle,REFUGE,T0178,data/external/kaggle/glaucoma_fundus_imaging_bundle/REFUGE/test/Images/T0178.jpg,data/processed/standardized_masks/refuge/test_T0178.png,data/external/kaggle/glaucoma_fundus_imaging_bundle/REFUGE/test/Images/T0178.jpg,data/processed/standardized_masks/refuge/test_T0178.png,T0178.jpg,test_T0178.png,multiclass_values_0_1_2,0,1,2,REFUGE_test_T0178,True,paired_standardized_and_visual_sample_reviewed,"REFUGE image/mask pair matched by file ID within official split; mask standardized to project {0,1,2} convention.",test
glaucoma_fundus_imaging_bundle,REFUGE,T0179,data/external/kaggle/glaucoma_fundus_imaging_bundle/REFUGE/test/Images/T0179.jpg,data/processed/standardized_masks/refuge/test_T0179.png,data/external/kaggle/glaucoma_fundus_imaging_bundle/REFUGE/test/Images/T0179.jpg,data/processed/standardized_masks/refuge/test_T0179.png,T0179.jpg,test_T0179.png,multiclass_values_0_1_2,0,1,2,REFUGE_test_T0179,True,paired_standardized_and_visual_sample_reviewed,"REFUGE image/mask pair matched by file ID within official split; mask standardized to project {0,1,2} convention.",test
glaucoma_fundus_imaging_bundle,REFUGE,T0180,data/external/kaggle/glaucoma_fundus_imaging_bundle/REFUGE/test/Images/T0180.jpg,data/processed/standardized_masks/refuge/test_T0180.png,data/external/kaggle/glaucoma_fundus_imaging_bundle/REFUGE/test/Images/T0180.jpg,data/processed/standardized_masks/refuge/test_T0180.png,T0180.jpg,test_T0180.png,multiclass_values_0_1_2,0,1,2,REFUGE_test_T0180,True,paired_standardized_and_visual_sample_reviewed,"REFUGE image/mask pair matched by file ID within official split; mask standardized to project {0,1,2} convention.",test
glaucoma_fundus_imaging_bundle,REFUGE,T0181,data/external/kaggle/glaucoma_fundus_imaging_bundle/REFUGE/test/Images/T0181.jpg,data/processed/standardized_masks/refuge/test_T0181.png,data/external/kaggle/glaucoma_fundus_imaging_bundle/REFUGE/test/Images/T0181.jpg,data/processed/standardized_masks/refuge/test_T0181.png,T0181.jpg,test_T0181.png,multiclass_values_0_1_2,0,1,2,REFUGE_test_T0181,True,paired_standardized_and_visual_sample_reviewed,"REFUGE image/mask pair matched by file ID within official split; mask standardized to project {0,1,2} convention.",test
glaucoma_fundus_imaging_bundle,REFUGE,T0182,data/external/kaggle/glaucoma_fundus_imaging_bundle/REFUGE/test/Images/T0182.jpg,data/processed/standardized_masks/refuge/test_T0182.png,data/external/kaggle/glaucoma_fundus_imaging_bundle/REFUGE/test/Images/T0182.jpg,data/processed/standardized_masks/refuge/test_T0182.png,T0182.jpg,test_T0182.png,multiclass_values_0_1_2,0,1,2,REFUGE_test_T0182,True,paired_standardized_and_visual_sample_reviewed,"REFUGE image/mask pair matched by file ID within official split; mask standardized to project {0,1,2} convention.",test
glaucoma_fundus_imaging_bundle,REFUGE,T0183,data/external/kaggle/glaucoma_fundus_imaging_bundle/REFUGE/test/Images/T0183.jpg,data/processed/standardized_masks/refuge/test_T0183.png,data/external/kaggle/glaucoma_fundus_imaging_bundle/REFUGE/test/Images/T0183.jpg,data/processed/standardized_masks/refuge/test_T0183.png,T0183.jpg,test_T0183.png,multiclass_values_0_1_2,0,1,2,REFUGE_test_T0183,True,paired_standardized_and_visual_sample_reviewed,"REFUGE image/mask pair matched by file ID within official split; mask standardized to project {0,1,2} convention.",test
glaucoma_fundus_imaging_bundle,REFUGE,T0184,data/external/kaggle/glaucoma_fundus_imaging_bundle/REFUGE/test/Images/T0184.jpg,data/processed/standardized_masks/refuge/test_T0184.png,data/external/kaggle/glaucoma_fundus_imaging_bundle/REFUGE/test/Images/T0184.jpg,data/processed/standardized_masks/refuge/test_T0184.png,T0184.jpg,test_T0184.png,multiclass_values_0_1_2,0,1,2,REFUGE_test_T0184,True,paired_standardized_and_visual_sample_reviewed,"REFUGE image/mask pair matched by file ID within official split; mask standardized to project {0,1,2} convention.",test
glaucoma_fundus_imaging_bundle,REFUGE,T0185,data/external/kaggle/glaucoma_fundus_imaging_bundle/REFUGE/test/Images/T0185.jpg,data/processed/standardized_masks/refuge/test_T0185.png,data/external/kaggle/glaucoma_fundus_imaging_bundle/REFUGE/test/Images/T0185.jpg,data/processed/standardized_masks/refuge/test_T0185.png,T0185.jpg,test_T0185.png,multiclass_values_0_1_2,0,1,2,REFUGE_test_T0185,True,paired_standardized_and_visual_sample_reviewed,"REFUGE image/mask pair matched by file ID within official split; mask standardized to project {0,1,2} convention.",test
glaucoma_fundus_imaging_bundle,REFUGE,T0186,data/external/kaggle/glaucoma_fundus_imaging_bundle/REFUGE/test/Images/T0186.jpg,data/processed/standardized_masks/refuge/test_T0186.png,data/external/kaggle/glaucoma_fundus_imaging_bundle/REFUGE/test/Images/T0186.jpg,data/processed/standardized_masks/refuge/test_T0186.png,T0186.jpg,test_T0186.png,multiclass_values_0_1_2,0,1,2,REFUGE_test_T0186,True,paired_standardized_and_visual_sample_reviewed,"REFUGE image/mask pair matched by file ID within official split; mask standardized to project {0,1,2} convention.",test
glaucoma_fundus_imaging_bundle,REFUGE,T0187,data/external/kaggle/glaucoma_fundus_imaging_bundle/REFUGE/test/Images/T0187.jpg,data/processed/standardized_masks/refuge/test_T0187.png,data/external/kaggle/glaucoma_fundus_imaging_bundle/REFUGE/test/Images/T0187.jpg,data/processed/standardized_masks/refuge/test_T0187.png,T0187.jpg,test_T0187.png,multiclass_values_0_1_2,0,1,2,REFUGE_test_T0187,True,paired_standardized_and_visual_sample_reviewed,"REFUGE image/mask pair matched by file ID within official split; mask standardized to project {0,1,2} convention.",test
glaucoma_fundus_imaging_bundle,REFUGE,T0188,data/external/kaggle/glaucoma_fundus_imaging_bundle/REFUGE/test/Images/T0188.jpg,data/processed/standardized_masks/refuge/test_T0188.png,data/external/kaggle/glaucoma_fundus_imaging_bundle/REFUGE/test/Images/T0188.jpg,data/processed/standardized_masks/refuge/test_T0188.png,T0188.jpg,test_T0188.png,multiclass_values_0_1_2,0,1,2,REFUGE_test_T0188,True,paired_standardized_and_visual_sample_reviewed,"REFUGE image/mask pair matched by file ID within official split; mask standardized to project {0,1,2} convention.",test
glaucoma_fundus_imaging_bundle,REFUGE,T0189,data/external/kaggle/glaucoma_fundus_imaging_bundle/REFUGE/test/Images/T0189.jpg,data/processed/standardized_masks/refuge/test_T0189.png,data/external/kaggle/glaucoma_fundus_imaging_bundle/REFUGE/test/Images/T0189.jpg,data/processed/standardized_masks/refuge/test_T0189.png,T0189.jpg,test_T0189.png,multiclass_values_0_1_2,0,1,2,REFUGE_test_T0189,True,paired_standardized_and_visual_sample_reviewed,"REFUGE image/mask pair matched by file ID within official split; mask standardized to project {0,1,2} convention.",test
glaucoma_fundus_imaging_bundle,REFUGE,T0190,data/external/kaggle/glaucoma_fundus_imaging_bundle/REFUGE/test/Images/T0190.jpg,data/processed/standardized_masks/refuge/test_T0190.png,data/external/kaggle/glaucoma_fundus_imaging_bundle/REFUGE/test/Images/T0190.jpg,data/processed/standardized_masks/refuge/test_T0190.png,T0190.jpg,test_T0190.png,multiclass_values_0_1_2,0,1,2,REFUGE_test_T0190,True,paired_standardized_and_visual_sample_reviewed,"REFUGE image/mask pair matched by file ID within official split; mask standardized to project {0,1,2} convention.",test
glaucoma_fundus_imaging_bundle,REFUGE,T0191,data/external/kaggle/glaucoma_fundus_imaging_bundle/REFUGE/test/Images/T0191.jpg,data/processed/standardized_masks/refuge/test_T0191.png,data/external/kaggle/glaucoma_fundus_imaging_bundle/REFUGE/test/Images/T0191.jpg,data/processed/standardized_masks/refuge/test_T0191.png,T0191.jpg,test_T0191.png,multiclass_values_0_1_2,0,1,2,REFUGE_test_T0191,True,paired_standardized_and_visual_sample_reviewed,"REFUGE image/mask pair matched by file ID within official split; mask standardized to project {0,1,2} convention.",test
glaucoma_fundus_imaging_bundle,REFUGE,T0192,data/external/kaggle/glaucoma_fundus_imaging_bundle/REFUGE/test/Images/T0192.jpg,data/processed/standardized_masks/refuge/test_T0192.png,data/external/kaggle/glaucoma_fundus_imaging_bundle/REFUGE/test/Images/T0192.jpg,data/processed/standardized_masks/refuge/test_T0192.png,T0192.jpg,test_T0192.png,multiclass_values_0_1_2,0,1,2,REFUGE_test_T0192,True,paired_standardized_and_visual_sample_reviewed,"REFUGE image/mask pair matched by file ID within official split; mask standardized to project {0,1,2} convention.",test
glaucoma_fundus_imaging_bundle,REFUGE,T0193,data/external/kaggle/glaucoma_fundus_imaging_bundle/REFUGE/test/Images/T0193.jpg,data/processed/standardized_masks/refuge/test_T0193.png,data/external/kaggle/glaucoma_fundus_imaging_bundle/REFUGE/test/Images/T0193.jpg,data/processed/standardized_masks/refuge/test_T0193.png,T0193.jpg,test_T0193.png,multiclass_values_0_1_2,0,1,2,REFUGE_test_T0193,True,paired_standardized_and_visual_sample_reviewed,"REFUGE image/mask pair matched by file ID within official split; mask standardized to project {0,1,2} convention.",test
glaucoma_fundus_imaging_bundle,REFUGE,T0194,data/external/kaggle/glaucoma_fundus_imaging_bundle/REFUGE/test/Images/T0194.jpg,data/processed/standardized_masks/refuge/test_T0194.png,data/external/kaggle/glaucoma_fundus_imaging_bundle/REFUGE/test/Images/T0194.jpg,data/processed/standardized_masks/refuge/test_T0194.png,T0194.jpg,test_T0194.png,multiclass_values_0_1_2,0,1,2,REFUGE_test_T0194,True,paired_standardized_and_visual_sample_reviewed,"REFUGE image/mask pair matched by file ID within official split; mask standardized to project {0,1,2} convention.",test
glaucoma_fundus_imaging_bundle,REFUGE,T0195,data/external/kaggle/glaucoma_fundus_imaging_bundle/REFUGE/test/Images/T0195.jpg,data/processed/standardized_masks/refuge/test_T0195.png,data/external/kaggle/glaucoma_fundus_imaging_bundle/REFUGE/test/Images/T0195.jpg,data/processed/standardized_masks/refuge/test_T0195.png,T0195.jpg,test_T0195.png,multiclass_values_0_1_2,0,1,2,REFUGE_test_T0195,True,paired_standardized_and_visual_sample_reviewed,"REFUGE image/mask pair matched by file ID within official split; mask standardized to project {0,1,2} convention.",test
glaucoma_fundus_imaging_bundle,REFUGE,T0196,data/external/kaggle/glaucoma_fundus_imaging_bundle/REFUGE/test/Images/T0196.jpg,data/processed/standardized_masks/refuge/test_T0196.png,data/external/kaggle/glaucoma_fundus_imaging_bundle/REFUGE/test/Images/T0196.jpg,data/processed/standardized_masks/refuge/test_T0196.png,T0196.jpg,test_T0196.png,multiclass_values_0_1_2,0,1,2,REFUGE_test_T0196,True,paired_standardized_and_visual_sample_reviewed,"REFUGE image/mask pair matched by file ID within official split; mask standardized to project {0,1,2} convention.",test
glaucoma_fundus_imaging_bundle,REFUGE,T0197,data/external/kaggle/glaucoma_fundus_imaging_bundle/REFUGE/test/Images/T0197.jpg,data/processed/standardized_masks/refuge/test_T0197.png,data/external/kaggle/glaucoma_fundus_imaging_bundle/REFUGE/test/Images/T0197.jpg,data/processed/standardized_masks/refuge/test_T0197.png,T0197.jpg,test_T0197.png,multiclass_values_0_1_2,0,1,2,REFUGE_test_T0197,True,paired_standardized_and_visual_sample_reviewed,"REFUGE image/mask pair matched by file ID within official split; mask standardized to project {0,1,2} convention.",test
glaucoma_fundus_imaging_bundle,REFUGE,T0198,data/external/kaggle/glaucoma_fundus_imaging_bundle/REFUGE/test/Images/T0198.jpg,data/processed/standardized_masks/refuge/test_T0198.png,data/external/kaggle/glaucoma_fundus_imaging_bundle/REFUGE/test/Images/T0198.jpg,data/processed/standardized_masks/refuge/test_T0198.png,T0198.jpg,test_T0198.png,multiclass_values_0_1_2,0,1,2,REFUGE_test_T0198,True,paired_standardized_and_visual_sample_reviewed,"REFUGE image/mask pair matched by file ID within official split; mask standardized to project {0,1,2} convention.",test
glaucoma_fundus_imaging_bundle,REFUGE,T0199,data/external/kaggle/glaucoma_fundus_imaging_bundle/REFUGE/test/Images/T0199.jpg,data/processed/standardized_masks/refuge/test_T0199.png,data/external/kaggle/glaucoma_fundus_imaging_bundle/REFUGE/test/Images/T0199.jpg,data/processed/standardized_masks/refuge/test_T0199.png,T0199.jpg,test_T0199.png,multiclass_values_0_1_2,0,1,2,REFUGE_test_T0199,True,paired_standardized_and_visual_sample_reviewed,"REFUGE image/mask pair matched by file ID within official split; mask standardized to project {0,1,2} convention.",test
glaucoma_fundus_imaging_bundle,REFUGE,T0200,data/external/kaggle/glaucoma_fundus_imaging_bundle/REFUGE/test/Images/T0200.jpg,data/processed/standardized_masks/refuge/test_T0200.png,data/external/kaggle/glaucoma_fundus_imaging_bundle/REFUGE/test/Images/T0200.jpg,data/processed/standardized_masks/refuge/test_T0200.png,T0200.jpg,test_T0200.png,multiclass_values_0_1_2,0,1,2,REFUGE_test_T0200,True,paired_standardized_and_visual_sample_reviewed,"REFUGE image/mask pair matched by file ID within official split; mask standardized to project {0,1,2} convention.",test
glaucoma_fundus_imaging_bundle,REFUGE,T0201,data/external/kaggle/glaucoma_fundus_imaging_bundle/REFUGE/test/Images/T0201.jpg,data/processed/standardized_masks/refuge/test_T0201.png,data/external/kaggle/glaucoma_fundus_imaging_bundle/REFUGE/test/Images/T0201.jpg,data/processed/standardized_masks/refuge/test_T0201.png,T0201.jpg,test_T0201.png,multiclass_values_0_1_2,0,1,2,REFUGE_test_T0201,True,paired_standardized_and_visual_sample_reviewed,"REFUGE image/mask pair matched by file ID within official split; mask standardized to project {0,1,2} convention.",test
glaucoma_fundus_imaging_bundle,REFUGE,T0202,data/external/kaggle/glaucoma_fundus_imaging_bundle/REFUGE/test/Images/T0202.jpg,data/processed/standardized_masks/refuge/test_T0202.png,data/external/kaggle/glaucoma_fundus_imaging_bundle/REFUGE/test/Images/T0202.jpg,data/processed/standardized_masks/refuge/test_T0202.png,T0202.jpg,test_T0202.png,multiclass_values_0_1_2,0,1,2,REFUGE_test_T0202,True,paired_standardized_and_visual_sample_reviewed,"REFUGE image/mask pair matched by file ID within official split; mask standardized to project {0,1,2} convention.",test
glaucoma_fundus_imaging_bundle,REFUGE,T0203,data/external/kaggle/glaucoma_fundus_imaging_bundle/REFUGE/test/Images/T0203.jpg,data/processed/standardized_masks/refuge/test_T0203.png,data/external/kaggle/glaucoma_fundus_imaging_bundle/REFUGE/test/Images/T0203.jpg,data/processed/standardized_masks/refuge/test_T0203.png,T0203.jpg,test_T0203.png,multiclass_values_0_1_2,0,1,2,REFUGE_test_T0203,True,paired_standardized_and_visual_sample_reviewed,"REFUGE image/mask pair matched by file ID within official split; mask standardized to project {0,1,2} convention.",test
glaucoma_fundus_imaging_bundle,REFUGE,T0204,data/external/kaggle/glaucoma_fundus_imaging_bundle/REFUGE/test/Images/T0204.jpg,data/processed/standardized_masks/refuge/test_T0204.png,data/external/kaggle/glaucoma_fundus_imaging_bundle/REFUGE/test/Images/T0204.jpg,data/processed/standardized_masks/refuge/test_T0204.png,T0204.jpg,test_T0204.png,multiclass_values_0_1_2,0,1,2,REFUGE_test_T0204,True,paired_standardized_and_visual_sample_reviewed,"REFUGE image/mask pair matched by file ID within official split; mask standardized to project {0,1,2} convention.",test
glaucoma_fundus_imaging_bundle,REFUGE,T0205,data/external/kaggle/glaucoma_fundus_imaging_bundle/REFUGE/test/Images/T0205.jpg,data/processed/standardized_masks/refuge/test_T0205.png,data/external/kaggle/glaucoma_fundus_imaging_bundle/REFUGE/test/Images/T0205.jpg,data/processed/standardized_masks/refuge/test_T0205.png,T0205.jpg,test_T0205.png,multiclass_values_0_1_2,0,1,2,REFUGE_test_T0205,True,paired_standardized_and_visual_sample_reviewed,"REFUGE image/mask pair matched by file ID within official split; mask standardized to project {0,1,2} convention.",test
glaucoma_fundus_imaging_bundle,REFUGE,T0206,data/external/kaggle/glaucoma_fundus_imaging_bundle/REFUGE/test/Images/T0206.jpg,data/processed/standardized_masks/refuge/test_T0206.png,data/external/kaggle/glaucoma_fundus_imaging_bundle/REFUGE/test/Images/T0206.jpg,data/processed/standardized_masks/refuge/test_T0206.png,T0206.jpg,test_T0206.png,multiclass_values_0_1_2,0,1,2,REFUGE_test_T0206,True,paired_standardized_and_visual_sample_reviewed,"REFUGE image/mask pair matched by file ID within official split; mask standardized to project {0,1,2} convention.",test
glaucoma_fundus_imaging_bundle,REFUGE,T0207,data/external/kaggle/glaucoma_fundus_imaging_bundle/REFUGE/test/Images/T0207.jpg,data/processed/standardized_masks/refuge/test_T0207.png,data/external/kaggle/glaucoma_fundus_imaging_bundle/REFUGE/test/Images/T0207.jpg,data/processed/standardized_masks/refuge/test_T0207.png,T0207.jpg,test_T0207.png,multiclass_values_0_1_2,0,1,2,REFUGE_test_T0207,True,paired_standardized_and_visual_sample_reviewed,"REFUGE image/mask pair matched by file ID within official split; mask standardized to project {0,1,2} convention.",test
glaucoma_fundus_imaging_bundle,REFUGE,T0208,data/external/kaggle/glaucoma_fundus_imaging_bundle/REFUGE/test/Images/T0208.jpg,data/processed/standardized_masks/refuge/test_T0208.png,data/external/kaggle/glaucoma_fundus_imaging_bundle/REFUGE/test/Images/T0208.jpg,data/processed/standardized_masks/refuge/test_T0208.png,T0208.jpg,test_T0208.png,multiclass_values_0_1_2,0,1,2,REFUGE_test_T0208,True,paired_standardized_and_visual_sample_reviewed,"REFUGE image/mask pair matched by file ID within official split; mask standardized to project {0,1,2} convention.",test
glaucoma_fundus_imaging_bundle,REFUGE,T0209,data/external/kaggle/glaucoma_fundus_imaging_bundle/REFUGE/test/Images/T0209.jpg,data/processed/standardized_masks/refuge/test_T0209.png,data/external/kaggle/glaucoma_fundus_imaging_bundle/REFUGE/test/Images/T0209.jpg,data/processed/standardized_masks/refuge/test_T0209.png,T0209.jpg,test_T0209.png,multiclass_values_0_1_2,0,1,2,REFUGE_test_T0209,True,paired_standardized_and_visual_sample_reviewed,"REFUGE image/mask pair matched by file ID within official split; mask standardized to project {0,1,2} convention.",test
glaucoma_fundus_imaging_bundle,REFUGE,T0210,data/external/kaggle/glaucoma_fundus_imaging_bundle/REFUGE/test/Images/T0210.jpg,data/processed/standardized_masks/refuge/test_T0210.png,data/external/kaggle/glaucoma_fundus_imaging_bundle/REFUGE/test/Images/T0210.jpg,data/processed/standardized_masks/refuge/test_T0210.png,T0210.jpg,test_T0210.png,multiclass_values_0_1_2,0,1,2,REFUGE_test_T0210,True,paired_standardized_and_visual_sample_reviewed,"REFUGE image/mask pair matched by file ID within official split; mask standardized to project {0,1,2} convention.",test
glaucoma_fundus_imaging_bundle,REFUGE,T0211,data/external/kaggle/glaucoma_fundus_imaging_bundle/REFUGE/test/Images/T0211.jpg,data/processed/standardized_masks/refuge/test_T0211.png,data/external/kaggle/glaucoma_fundus_imaging_bundle/REFUGE/test/Images/T0211.jpg,data/processed/standardized_masks/refuge/test_T0211.png,T0211.jpg,test_T0211.png,multiclass_values_0_1_2,0,1,2,REFUGE_test_T0211,True,paired_standardized_and_visual_sample_reviewed,"REFUGE image/mask pair matched by file ID within official split; mask standardized to project {0,1,2} convention.",test
glaucoma_fundus_imaging_bundle,REFUGE,T0212,data/external/kaggle/glaucoma_fundus_imaging_bundle/REFUGE/test/Images/T0212.jpg,data/processed/standardized_masks/refuge/test_T0212.png,data/external/kaggle/glaucoma_fundus_imaging_bundle/REFUGE/test/Images/T0212.jpg,data/processed/standardized_masks/refuge/test_T0212.png,T0212.jpg,test_T0212.png,multiclass_values_0_1_2,0,1,2,REFUGE_test_T0212,True,paired_standardized_and_visual_sample_reviewed,"REFUGE image/mask pair matched by file ID within official split; mask standardized to project {0,1,2} convention.",test
glaucoma_fundus_imaging_bundle,REFUGE,T0213,data/external/kaggle/glaucoma_fundus_imaging_bundle/REFUGE/test/Images/T0213.jpg,data/processed/standardized_masks/refuge/test_T0213.png,data/external/kaggle/glaucoma_fundus_imaging_bundle/REFUGE/test/Images/T0213.jpg,data/processed/standardized_masks/refuge/test_T0213.png,T0213.jpg,test_T0213.png,multiclass_values_0_1_2,0,1,2,REFUGE_test_T0213,True,paired_standardized_and_visual_sample_reviewed,"REFUGE image/mask pair matched by file ID within official split; mask standardized to project {0,1,2} convention.",test
glaucoma_fundus_imaging_bundle,REFUGE,T0214,data/external/kaggle/glaucoma_fundus_imaging_bundle/REFUGE/test/Images/T0214.jpg,data/processed/standardized_masks/refuge/test_T0214.png,data/external/kaggle/glaucoma_fundus_imaging_bundle/REFUGE/test/Images/T0214.jpg,data/processed/standardized_masks/refuge/test_T0214.png,T0214.jpg,test_T0214.png,multiclass_values_0_1_2,0,1,2,REFUGE_test_T0214,True,paired_standardized_and_visual_sample_reviewed,"REFUGE image/mask pair matched by file ID within official split; mask standardized to project {0,1,2} convention.",test
glaucoma_fundus_imaging_bundle,REFUGE,T0215,data/external/kaggle/glaucoma_fundus_imaging_bundle/REFUGE/test/Images/T0215.jpg,data/processed/standardized_masks/refuge/test_T0215.png,data/external/kaggle/glaucoma_fundus_imaging_bundle/REFUGE/test/Images/T0215.jpg,data/processed/standardized_masks/refuge/test_T0215.png,T0215.jpg,test_T0215.png,multiclass_values_0_1_2,0,1,2,REFUGE_test_T0215,True,paired_standardized_and_visual_sample_reviewed,"REFUGE image/mask pair matched by file ID within official split; mask standardized to project {0,1,2} convention.",test
glaucoma_fundus_imaging_bundle,REFUGE,T0216,data/external/kaggle/glaucoma_fundus_imaging_bundle/REFUGE/test/Images/T0216.jpg,data/processed/standardized_masks/refuge/test_T0216.png,data/external/kaggle/glaucoma_fundus_imaging_bundle/REFUGE/test/Images/T0216.jpg,data/processed/standardized_masks/refuge/test_T0216.png,T0216.jpg,test_T0216.png,multiclass_values_0_1_2,0,1,2,REFUGE_test_T0216,True,paired_standardized_and_visual_sample_reviewed,"REFUGE image/mask pair matched by file ID within official split; mask standardized to project {0,1,2} convention.",test
glaucoma_fundus_imaging_bundle,REFUGE,T0217,data/external/kaggle/glaucoma_fundus_imaging_bundle/REFUGE/test/Images/T0217.jpg,data/processed/standardized_masks/refuge/test_T0217.png,data/external/kaggle/glaucoma_fundus_imaging_bundle/REFUGE/test/Images/T0217.jpg,data/processed/standardized_masks/refuge/test_T0217.png,T0217.jpg,test_T0217.png,multiclass_values_0_1_2,0,1,2,REFUGE_test_T0217,True,paired_standardized_and_visual_sample_reviewed,"REFUGE image/mask pair matched by file ID within official split; mask standardized to project {0,1,2} convention.",test
glaucoma_fundus_imaging_bundle,REFUGE,T0218,data/external/kaggle/glaucoma_fundus_imaging_bundle/REFUGE/test/Images/T0218.jpg,data/processed/standardized_masks/refuge/test_T0218.png,data/external/kaggle/glaucoma_fundus_imaging_bundle/REFUGE/test/Images/T0218.jpg,data/processed/standardized_masks/refuge/test_T0218.png,T0218.jpg,test_T0218.png,multiclass_values_0_1_2,0,1,2,REFUGE_test_T0218,True,paired_standardized_and_visual_sample_reviewed,"REFUGE image/mask pair matched by file ID within official split; mask standardized to project {0,1,2} convention.",test
glaucoma_fundus_imaging_bundle,REFUGE,T0219,data/external/kaggle/glaucoma_fundus_imaging_bundle/REFUGE/test/Images/T0219.jpg,data/processed/standardized_masks/refuge/test_T0219.png,data/external/kaggle/glaucoma_fundus_imaging_bundle/REFUGE/test/Images/T0219.jpg,data/processed/standardized_masks/refuge/test_T0219.png,T0219.jpg,test_T0219.png,multiclass_values_0_1_2,0,1,2,REFUGE_test_T0219,True,paired_standardized_and_visual_sample_reviewed,"REFUGE image/mask pair matched by file ID within official split; mask standardized to project {0,1,2} convention.",test
glaucoma_fundus_imaging_bundle,REFUGE,T0220,data/external/kaggle/glaucoma_fundus_imaging_bundle/REFUGE/test/Images/T0220.jpg,data/processed/standardized_masks/refuge/test_T0220.png,data/external/kaggle/glaucoma_fundus_imaging_bundle/REFUGE/test/Images/T0220.jpg,data/processed/standardized_masks/refuge/test_T0220.png,T0220.jpg,test_T0220.png,multiclass_values_0_1_2,0,1,2,REFUGE_test_T0220,True,paired_standardized_and_visual_sample_reviewed,"REFUGE image/mask pair matched by file ID within official split; mask standardized to project {0,1,2} convention.",test
glaucoma_fundus_imaging_bundle,REFUGE,T0221,data/external/kaggle/glaucoma_fundus_imaging_bundle/REFUGE/test/Images/T0221.jpg,data/processed/standardized_masks/refuge/test_T0221.png,data/external/kaggle/glaucoma_fundus_imaging_bundle/REFUGE/test/Images/T0221.jpg,data/processed/standardized_masks/refuge/test_T0221.png,T0221.jpg,test_T0221.png,multiclass_values_0_1_2,0,1,2,REFUGE_test_T0221,True,paired_standardized_and_visual_sample_reviewed,"REFUGE image/mask pair matched by file ID within official split; mask standardized to project {0,1,2} convention.",test
glaucoma_fundus_imaging_bundle,REFUGE,T0222,data/external/kaggle/glaucoma_fundus_imaging_bundle/REFUGE/test/Images/T0222.jpg,data/processed/standardized_masks/refuge/test_T0222.png,data/external/kaggle/glaucoma_fundus_imaging_bundle/REFUGE/test/Images/T0222.jpg,data/processed/standardized_masks/refuge/test_T0222.png,T0222.jpg,test_T0222.png,multiclass_values_0_1_2,0,1,2,REFUGE_test_T0222,True,paired_standardized_and_visual_sample_reviewed,"REFUGE image/mask pair matched by file ID within official split; mask standardized to project {0,1,2} convention.",test
glaucoma_fundus_imaging_bundle,REFUGE,T0223,data/external/kaggle/glaucoma_fundus_imaging_bundle/REFUGE/test/Images/T0223.jpg,data/processed/standardized_masks/refuge/test_T0223.png,data/external/kaggle/glaucoma_fundus_imaging_bundle/REFUGE/test/Images/T0223.jpg,data/processed/standardized_masks/refuge/test_T0223.png,T0223.jpg,test_T0223.png,multiclass_values_0_1_2,0,1,2,REFUGE_test_T0223,True,paired_standardized_and_visual_sample_reviewed,"REFUGE image/mask pair matched by file ID within official split; mask standardized to project {0,1,2} convention.",test
glaucoma_fundus_imaging_bundle,REFUGE,T0224,data/external/kaggle/glaucoma_fundus_imaging_bundle/REFUGE/test/Images/T0224.jpg,data/processed/standardized_masks/refuge/test_T0224.png,data/external/kaggle/glaucoma_fundus_imaging_bundle/REFUGE/test/Images/T0224.jpg,data/processed/standardized_masks/refuge/test_T0224.png,T0224.jpg,test_T0224.png,multiclass_values_0_1_2,0,1,2,REFUGE_test_T0224,True,paired_standardized_and_visual_sample_reviewed,"REFUGE image/mask pair matched by file ID within official split; mask standardized to project {0,1,2} convention.",test
glaucoma_fundus_imaging_bundle,REFUGE,T0225,data/external/kaggle/glaucoma_fundus_imaging_bundle/REFUGE/test/Images/T0225.jpg,data/processed/standardized_masks/refuge/test_T0225.png,data/external/kaggle/glaucoma_fundus_imaging_bundle/REFUGE/test/Images/T0225.jpg,data/processed/standardized_masks/refuge/test_T0225.png,T0225.jpg,test_T0225.png,multiclass_values_0_1_2,0,1,2,REFUGE_test_T0225,True,paired_standardized_and_visual_sample_reviewed,"REFUGE image/mask pair matched by file ID within official split; mask standardized to project {0,1,2} convention.",test
glaucoma_fundus_imaging_bundle,REFUGE,T0226,data/external/kaggle/glaucoma_fundus_imaging_bundle/REFUGE/test/Images/T0226.jpg,data/processed/standardized_masks/refuge/test_T0226.png,data/external/kaggle/glaucoma_fundus_imaging_bundle/REFUGE/test/Images/T0226.jpg,data/processed/standardized_masks/refuge/test_T0226.png,T0226.jpg,test_T0226.png,multiclass_values_0_1_2,0,1,2,REFUGE_test_T0226,True,paired_standardized_and_visual_sample_reviewed,"REFUGE image/mask pair matched by file ID within official split; mask standardized to project {0,1,2} convention.",test
glaucoma_fundus_imaging_bundle,REFUGE,T0227,data/external/kaggle/glaucoma_fundus_imaging_bundle/REFUGE/test/Images/T0227.jpg,data/processed/standardized_masks/refuge/test_T0227.png,data/external/kaggle/glaucoma_fundus_imaging_bundle/REFUGE/test/Images/T0227.jpg,data/processed/standardized_masks/refuge/test_T0227.png,T0227.jpg,test_T0227.png,multiclass_values_0_1_2,0,1,2,REFUGE_test_T0227,True,paired_standardized_and_visual_sample_reviewed,"REFUGE image/mask pair matched by file ID within official split; mask standardized to project {0,1,2} convention.",test
glaucoma_fundus_imaging_bundle,REFUGE,T0228,data/external/kaggle/glaucoma_fundus_imaging_bundle/REFUGE/test/Images/T0228.jpg,data/processed/standardized_masks/refuge/test_T0228.png,data/external/kaggle/glaucoma_fundus_imaging_bundle/REFUGE/test/Images/T0228.jpg,data/processed/standardized_masks/refuge/test_T0228.png,T0228.jpg,test_T0228.png,multiclass_values_0_1_2,0,1,2,REFUGE_test_T0228,True,paired_standardized_and_visual_sample_reviewed,"REFUGE image/mask pair matched by file ID within official split; mask standardized to project {0,1,2} convention.",test
glaucoma_fundus_imaging_bundle,REFUGE,T0229,data/external/kaggle/glaucoma_fundus_imaging_bundle/REFUGE/test/Images/T0229.jpg,data/processed/standardized_masks/refuge/test_T0229.png,data/external/kaggle/glaucoma_fundus_imaging_bundle/REFUGE/test/Images/T0229.jpg,data/processed/standardized_masks/refuge/test_T0229.png,T0229.jpg,test_T0229.png,multiclass_values_0_1_2,0,1,2,REFUGE_test_T0229,True,paired_standardized_and_visual_sample_reviewed,"REFUGE image/mask pair matched by file ID within official split; mask standardized to project {0,1,2} convention.",test
glaucoma_fundus_imaging_bundle,REFUGE,T0230,data/external/kaggle/glaucoma_fundus_imaging_bundle/REFUGE/test/Images/T0230.jpg,data/processed/standardized_masks/refuge/test_T0230.png,data/external/kaggle/glaucoma_fundus_imaging_bundle/REFUGE/test/Images/T0230.jpg,data/processed/standardized_masks/refuge/test_T0230.png,T0230.jpg,test_T0230.png,multiclass_values_0_1_2,0,1,2,REFUGE_test_T0230,True,paired_standardized_and_visual_sample_reviewed,"REFUGE image/mask pair matched by file ID within official split; mask standardized to project {0,1,2} convention.",test
glaucoma_fundus_imaging_bundle,REFUGE,T0231,data/external/kaggle/glaucoma_fundus_imaging_bundle/REFUGE/test/Images/T0231.jpg,data/processed/standardized_masks/refuge/test_T0231.png,data/external/kaggle/glaucoma_fundus_imaging_bundle/REFUGE/test/Images/T0231.jpg,data/processed/standardized_masks/refuge/test_T0231.png,T0231.jpg,test_T0231.png,multiclass_values_0_1_2,0,1,2,REFUGE_test_T0231,True,paired_standardized_and_visual_sample_reviewed,"REFUGE image/mask pair matched by file ID within official split; mask standardized to project {0,1,2} convention.",test
glaucoma_fundus_imaging_bundle,REFUGE,T0232,data/external/kaggle/glaucoma_fundus_imaging_bundle/REFUGE/test/Images/T0232.jpg,data/processed/standardized_masks/refuge/test_T0232.png,data/external/kaggle/glaucoma_fundus_imaging_bundle/REFUGE/test/Images/T0232.jpg,data/processed/standardized_masks/refuge/test_T0232.png,T0232.jpg,test_T0232.png,multiclass_values_0_1_2,0,1,2,REFUGE_test_T0232,True,paired_standardized_and_visual_sample_reviewed,"REFUGE image/mask pair matched by file ID within official split; mask standardized to project {0,1,2} convention.",test
glaucoma_fundus_imaging_bundle,REFUGE,T0233,data/external/kaggle/glaucoma_fundus_imaging_bundle/REFUGE/test/Images/T0233.jpg,data/processed/standardized_masks/refuge/test_T0233.png,data/external/kaggle/glaucoma_fundus_imaging_bundle/REFUGE/test/Images/T0233.jpg,data/processed/standardized_masks/refuge/test_T0233.png,T0233.jpg,test_T0233.png,multiclass_values_0_1_2,0,1,2,REFUGE_test_T0233,True,paired_standardized_and_visual_sample_reviewed,"REFUGE image/mask pair matched by file ID within official split; mask standardized to project {0,1,2} convention.",test
glaucoma_fundus_imaging_bundle,REFUGE,T0234,data/external/kaggle/glaucoma_fundus_imaging_bundle/REFUGE/test/Images/T0234.jpg,data/processed/standardized_masks/refuge/test_T0234.png,data/external/kaggle/glaucoma_fundus_imaging_bundle/REFUGE/test/Images/T0234.jpg,data/processed/standardized_masks/refuge/test_T0234.png,T0234.jpg,test_T0234.png,multiclass_values_0_1_2,0,1,2,REFUGE_test_T0234,True,paired_standardized_and_visual_sample_reviewed,"REFUGE image/mask pair matched by file ID within official split; mask standardized to project {0,1,2} convention.",test
glaucoma_fundus_imaging_bundle,REFUGE,T0235,data/external/kaggle/glaucoma_fundus_imaging_bundle/REFUGE/test/Images/T0235.jpg,data/processed/standardized_masks/refuge/test_T0235.png,data/external/kaggle/glaucoma_fundus_imaging_bundle/REFUGE/test/Images/T0235.jpg,data/processed/standardized_masks/refuge/test_T0235.png,T0235.jpg,test_T0235.png,multiclass_values_0_1_2,0,1,2,REFUGE_test_T0235,True,paired_standardized_and_visual_sample_reviewed,"REFUGE image/mask pair matched by file ID within official split; mask standardized to project {0,1,2} convention.",test
glaucoma_fundus_imaging_bundle,REFUGE,T0236,data/external/kaggle/glaucoma_fundus_imaging_bundle/REFUGE/test/Images/T0236.jpg,data/processed/standardized_masks/refuge/test_T0236.png,data/external/kaggle/glaucoma_fundus_imaging_bundle/REFUGE/test/Images/T0236.jpg,data/processed/standardized_masks/refuge/test_T0236.png,T0236.jpg,test_T0236.png,multiclass_values_0_1_2,0,1,2,REFUGE_test_T0236,True,paired_standardized_and_visual_sample_reviewed,"REFUGE image/mask pair matched by file ID within official split; mask standardized to project {0,1,2} convention.",test
glaucoma_fundus_imaging_bundle,REFUGE,T0237,data/external/kaggle/glaucoma_fundus_imaging_bundle/REFUGE/test/Images/T0237.jpg,data/processed/standardized_masks/refuge/test_T0237.png,data/external/kaggle/glaucoma_fundus_imaging_bundle/REFUGE/test/Images/T0237.jpg,data/processed/standardized_masks/refuge/test_T0237.png,T0237.jpg,test_T0237.png,multiclass_values_0_1_2,0,1,2,REFUGE_test_T0237,True,paired_standardized_and_visual_sample_reviewed,"REFUGE image/mask pair matched by file ID within official split; mask standardized to project {0,1,2} convention.",test
glaucoma_fundus_imaging_bundle,REFUGE,T0238,data/external/kaggle/glaucoma_fundus_imaging_bundle/REFUGE/test/Images/T0238.jpg,data/processed/standardized_masks/refuge/test_T0238.png,data/external/kaggle/glaucoma_fundus_imaging_bundle/REFUGE/test/Images/T0238.jpg,data/processed/standardized_masks/refuge/test_T0238.png,T0238.jpg,test_T0238.png,multiclass_values_0_1_2,0,1,2,REFUGE_test_T0238,True,paired_standardized_and_visual_sample_reviewed,"REFUGE image/mask pair matched by file ID within official split; mask standardized to project {0,1,2} convention.",test
glaucoma_fundus_imaging_bundle,REFUGE,T0239,data/external/kaggle/glaucoma_fundus_imaging_bundle/REFUGE/test/Images/T0239.jpg,data/processed/standardized_masks/refuge/test_T0239.png,data/external/kaggle/glaucoma_fundus_imaging_bundle/REFUGE/test/Images/T0239.jpg,data/processed/standardized_masks/refuge/test_T0239.png,T0239.jpg,test_T0239.png,multiclass_values_0_1_2,0,1,2,REFUGE_test_T0239,True,paired_standardized_and_visual_sample_reviewed,"REFUGE image/mask pair matched by file ID within official split; mask standardized to project {0,1,2} convention.",test
glaucoma_fundus_imaging_bundle,REFUGE,T0240,data/external/kaggle/glaucoma_fundus_imaging_bundle/REFUGE/test/Images/T0240.jpg,data/processed/standardized_masks/refuge/test_T0240.png,data/external/kaggle/glaucoma_fundus_imaging_bundle/REFUGE/test/Images/T0240.jpg,data/processed/standardized_masks/refuge/test_T0240.png,T0240.jpg,test_T0240.png,multiclass_values_0_1_2,0,1,2,REFUGE_test_T0240,True,paired_standardized_and_visual_sample_reviewed,"REFUGE image/mask pair matched by file ID within official split; mask standardized to project {0,1,2} convention.",test
glaucoma_fundus_imaging_bundle,REFUGE,T0241,data/external/kaggle/glaucoma_fundus_imaging_bundle/REFUGE/test/Images/T0241.jpg,data/processed/standardized_masks/refuge/test_T0241.png,data/external/kaggle/glaucoma_fundus_imaging_bundle/REFUGE/test/Images/T0241.jpg,data/processed/standardized_masks/refuge/test_T0241.png,T0241.jpg,test_T0241.png,multiclass_values_0_1_2,0,1,2,REFUGE_test_T0241,True,paired_standardized_and_visual_sample_reviewed,"REFUGE image/mask pair matched by file ID within official split; mask standardized to project {0,1,2} convention.",test
glaucoma_fundus_imaging_bundle,REFUGE,T0242,data/external/kaggle/glaucoma_fundus_imaging_bundle/REFUGE/test/Images/T0242.jpg,data/processed/standardized_masks/refuge/test_T0242.png,data/external/kaggle/glaucoma_fundus_imaging_bundle/REFUGE/test/Images/T0242.jpg,data/processed/standardized_masks/refuge/test_T0242.png,T0242.jpg,test_T0242.png,multiclass_values_0_1_2,0,1,2,REFUGE_test_T0242,True,paired_standardized_and_visual_sample_reviewed,"REFUGE image/mask pair matched by file ID within official split; mask standardized to project {0,1,2} convention.",test
glaucoma_fundus_imaging_bundle,REFUGE,T0243,data/external/kaggle/glaucoma_fundus_imaging_bundle/REFUGE/test/Images/T0243.jpg,data/processed/standardized_masks/refuge/test_T0243.png,data/external/kaggle/glaucoma_fundus_imaging_bundle/REFUGE/test/Images/T0243.jpg,data/processed/standardized_masks/refuge/test_T0243.png,T0243.jpg,test_T0243.png,multiclass_values_0_1_2,0,1,2,REFUGE_test_T0243,True,paired_standardized_and_visual_sample_reviewed,"REFUGE image/mask pair matched by file ID within official split; mask standardized to project {0,1,2} convention.",test
glaucoma_fundus_imaging_bundle,REFUGE,T0244,data/external/kaggle/glaucoma_fundus_imaging_bundle/REFUGE/test/Images/T0244.jpg,data/processed/standardized_masks/refuge/test_T0244.png,data/external/kaggle/glaucoma_fundus_imaging_bundle/REFUGE/test/Images/T0244.jpg,data/processed/standardized_masks/refuge/test_T0244.png,T0244.jpg,test_T0244.png,multiclass_values_0_1_2,0,1,2,REFUGE_test_T0244,True,paired_standardized_and_visual_sample_reviewed,"REFUGE image/mask pair matched by file ID within official split; mask standardized to project {0,1,2} convention.",test
glaucoma_fundus_imaging_bundle,REFUGE,T0245,data/external/kaggle/glaucoma_fundus_imaging_bundle/REFUGE/test/Images/T0245.jpg,data/processed/standardized_masks/refuge/test_T0245.png,data/external/kaggle/glaucoma_fundus_imaging_bundle/REFUGE/test/Images/T0245.jpg,data/processed/standardized_masks/refuge/test_T0245.png,T0245.jpg,test_T0245.png,multiclass_values_0_1_2,0,1,2,REFUGE_test_T0245,True,paired_standardized_and_visual_sample_reviewed,"REFUGE image/mask pair matched by file ID within official split; mask standardized to project {0,1,2} convention.",test
glaucoma_fundus_imaging_bundle,REFUGE,T0246,data/external/kaggle/glaucoma_fundus_imaging_bundle/REFUGE/test/Images/T0246.jpg,data/processed/standardized_masks/refuge/test_T0246.png,data/external/kaggle/glaucoma_fundus_imaging_bundle/REFUGE/test/Images/T0246.jpg,data/processed/standardized_masks/refuge/test_T0246.png,T0246.jpg,test_T0246.png,multiclass_values_0_1_2,0,1,2,REFUGE_test_T0246,True,paired_standardized_and_visual_sample_reviewed,"REFUGE image/mask pair matched by file ID within official split; mask standardized to project {0,1,2} convention.",test
glaucoma_fundus_imaging_bundle,REFUGE,T0247,data/external/kaggle/glaucoma_fundus_imaging_bundle/REFUGE/test/Images/T0247.jpg,data/processed/standardized_masks/refuge/test_T0247.png,data/external/kaggle/glaucoma_fundus_imaging_bundle/REFUGE/test/Images/T0247.jpg,data/processed/standardized_masks/refuge/test_T0247.png,T0247.jpg,test_T0247.png,multiclass_values_0_1_2,0,1,2,REFUGE_test_T0247,True,paired_standardized_and_visual_sample_reviewed,"REFUGE image/mask pair matched by file ID within official split; mask standardized to project {0,1,2} convention.",test
glaucoma_fundus_imaging_bundle,REFUGE,T0248,data/external/kaggle/glaucoma_fundus_imaging_bundle/REFUGE/test/Images/T0248.jpg,data/processed/standardized_masks/refuge/test_T0248.png,data/external/kaggle/glaucoma_fundus_imaging_bundle/REFUGE/test/Images/T0248.jpg,data/processed/standardized_masks/refuge/test_T0248.png,T0248.jpg,test_T0248.png,multiclass_values_0_1_2,0,1,2,REFUGE_test_T0248,True,paired_standardized_and_visual_sample_reviewed,"REFUGE image/mask pair matched by file ID within official split; mask standardized to project {0,1,2} convention.",test
glaucoma_fundus_imaging_bundle,REFUGE,T0249,data/external/kaggle/glaucoma_fundus_imaging_bundle/REFUGE/test/Images/T0249.jpg,data/processed/standardized_masks/refuge/test_T0249.png,data/external/kaggle/glaucoma_fundus_imaging_bundle/REFUGE/test/Images/T0249.jpg,data/processed/standardized_masks/refuge/test_T0249.png,T0249.jpg,test_T0249.png,multiclass_values_0_1_2,0,1,2,REFUGE_test_T0249,True,paired_standardized_and_visual_sample_reviewed,"REFUGE image/mask pair matched by file ID within official split; mask standardized to project {0,1,2} convention.",test
glaucoma_fundus_imaging_bundle,REFUGE,T0250,data/external/kaggle/glaucoma_fundus_imaging_bundle/REFUGE/test/Images/T0250.jpg,data/processed/standardized_masks/refuge/test_T0250.png,data/external/kaggle/glaucoma_fundus_imaging_bundle/REFUGE/test/Images/T0250.jpg,data/processed/standardized_masks/refuge/test_T0250.png,T0250.jpg,test_T0250.png,multiclass_values_0_1_2,0,1,2,REFUGE_test_T0250,True,paired_standardized_and_visual_sample_reviewed,"REFUGE image/mask pair matched by file ID within official split; mask standardized to project {0,1,2} convention.",test
glaucoma_fundus_imaging_bundle,REFUGE,T0251,data/external/kaggle/glaucoma_fundus_imaging_bundle/REFUGE/test/Images/T0251.jpg,data/processed/standardized_masks/refuge/test_T0251.png,data/external/kaggle/glaucoma_fundus_imaging_bundle/REFUGE/test/Images/T0251.jpg,data/processed/standardized_masks/refuge/test_T0251.png,T0251.jpg,test_T0251.png,multiclass_values_0_1_2,0,1,2,REFUGE_test_T0251,True,paired_standardized_and_visual_sample_reviewed,"REFUGE image/mask pair matched by file ID within official split; mask standardized to project {0,1,2} convention.",test
glaucoma_fundus_imaging_bundle,REFUGE,T0252,data/external/kaggle/glaucoma_fundus_imaging_bundle/REFUGE/test/Images/T0252.jpg,data/processed/standardized_masks/refuge/test_T0252.png,data/external/kaggle/glaucoma_fundus_imaging_bundle/REFUGE/test/Images/T0252.jpg,data/processed/standardized_masks/refuge/test_T0252.png,T0252.jpg,test_T0252.png,multiclass_values_0_1_2,0,1,2,REFUGE_test_T0252,True,paired_standardized_and_visual_sample_reviewed,"REFUGE image/mask pair matched by file ID within official split; mask standardized to project {0,1,2} convention.",test
glaucoma_fundus_imaging_bundle,REFUGE,T0253,data/external/kaggle/glaucoma_fundus_imaging_bundle/REFUGE/test/Images/T0253.jpg,data/processed/standardized_masks/refuge/test_T0253.png,data/external/kaggle/glaucoma_fundus_imaging_bundle/REFUGE/test/Images/T0253.jpg,data/processed/standardized_masks/refuge/test_T0253.png,T0253.jpg,test_T0253.png,multiclass_values_0_1_2,0,1,2,REFUGE_test_T0253,True,paired_standardized_and_visual_sample_reviewed,"REFUGE image/mask pair matched by file ID within official split; mask standardized to project {0,1,2} convention.",test
glaucoma_fundus_imaging_bundle,REFUGE,T0254,data/external/kaggle/glaucoma_fundus_imaging_bundle/REFUGE/test/Images/T0254.jpg,data/processed/standardized_masks/refuge/test_T0254.png,data/external/kaggle/glaucoma_fundus_imaging_bundle/REFUGE/test/Images/T0254.jpg,data/processed/standardized_masks/refuge/test_T0254.png,T0254.jpg,test_T0254.png,multiclass_values_0_1_2,0,1,2,REFUGE_test_T0254,True,paired_standardized_and_visual_sample_reviewed,"REFUGE image/mask pair matched by file ID within official split; mask standardized to project {0,1,2} convention.",test
glaucoma_fundus_imaging_bundle,REFUGE,T0255,data/external/kaggle/glaucoma_fundus_imaging_bundle/REFUGE/test/Images/T0255.jpg,data/processed/standardized_masks/refuge/test_T0255.png,data/external/kaggle/glaucoma_fundus_imaging_bundle/REFUGE/test/Images/T0255.jpg,data/processed/standardized_masks/refuge/test_T0255.png,T0255.jpg,test_T0255.png,multiclass_values_0_1_2,0,1,2,REFUGE_test_T0255,True,paired_standardized_and_visual_sample_reviewed,"REFUGE image/mask pair matched by file ID within official split; mask standardized to project {0,1,2} convention.",test
glaucoma_fundus_imaging_bundle,REFUGE,T0256,data/external/kaggle/glaucoma_fundus_imaging_bundle/REFUGE/test/Images/T0256.jpg,data/processed/standardized_masks/refuge/test_T0256.png,data/external/kaggle/glaucoma_fundus_imaging_bundle/REFUGE/test/Images/T0256.jpg,data/processed/standardized_masks/refuge/test_T0256.png,T0256.jpg,test_T0256.png,multiclass_values_0_1_2,0,1,2,REFUGE_test_T0256,True,paired_standardized_and_visual_sample_reviewed,"REFUGE image/mask pair matched by file ID within official split; mask standardized to project {0,1,2} convention.",test
glaucoma_fundus_imaging_bundle,REFUGE,T0257,data/external/kaggle/glaucoma_fundus_imaging_bundle/REFUGE/test/Images/T0257.jpg,data/processed/standardized_masks/refuge/test_T0257.png,data/external/kaggle/glaucoma_fundus_imaging_bundle/REFUGE/test/Images/T0257.jpg,data/processed/standardized_masks/refuge/test_T0257.png,T0257.jpg,test_T0257.png,multiclass_values_0_1_2,0,1,2,REFUGE_test_T0257,True,paired_standardized_and_visual_sample_reviewed,"REFUGE image/mask pair matched by file ID within official split; mask standardized to project {0,1,2} convention.",test
glaucoma_fundus_imaging_bundle,REFUGE,T0258,data/external/kaggle/glaucoma_fundus_imaging_bundle/REFUGE/test/Images/T0258.jpg,data/processed/standardized_masks/refuge/test_T0258.png,data/external/kaggle/glaucoma_fundus_imaging_bundle/REFUGE/test/Images/T0258.jpg,data/processed/standardized_masks/refuge/test_T0258.png,T0258.jpg,test_T0258.png,multiclass_values_0_1_2,0,1,2,REFUGE_test_T0258,True,paired_standardized_and_visual_sample_reviewed,"REFUGE image/mask pair matched by file ID within official split; mask standardized to project {0,1,2} convention.",test
glaucoma_fundus_imaging_bundle,REFUGE,T0259,data/external/kaggle/glaucoma_fundus_imaging_bundle/REFUGE/test/Images/T0259.jpg,data/processed/standardized_masks/refuge/test_T0259.png,data/external/kaggle/glaucoma_fundus_imaging_bundle/REFUGE/test/Images/T0259.jpg,data/processed/standardized_masks/refuge/test_T0259.png,T0259.jpg,test_T0259.png,multiclass_values_0_1_2,0,1,2,REFUGE_test_T0259,True,paired_standardized_and_visual_sample_reviewed,"REFUGE image/mask pair matched by file ID within official split; mask standardized to project {0,1,2} convention.",test
glaucoma_fundus_imaging_bundle,REFUGE,T0260,data/external/kaggle/glaucoma_fundus_imaging_bundle/REFUGE/test/Images/T0260.jpg,data/processed/standardized_masks/refuge/test_T0260.png,data/external/kaggle/glaucoma_fundus_imaging_bundle/REFUGE/test/Images/T0260.jpg,data/processed/standardized_masks/refuge/test_T0260.png,T0260.jpg,test_T0260.png,multiclass_values_0_1_2,0,1,2,REFUGE_test_T0260,True,paired_standardized_and_visual_sample_reviewed,"REFUGE image/mask pair matched by file ID within official split; mask standardized to project {0,1,2} convention.",test
glaucoma_fundus_imaging_bundle,REFUGE,T0261,data/external/kaggle/glaucoma_fundus_imaging_bundle/REFUGE/test/Images/T0261.jpg,data/processed/standardized_masks/refuge/test_T0261.png,data/external/kaggle/glaucoma_fundus_imaging_bundle/REFUGE/test/Images/T0261.jpg,data/processed/standardized_masks/refuge/test_T0261.png,T0261.jpg,test_T0261.png,multiclass_values_0_1_2,0,1,2,REFUGE_test_T0261,True,paired_standardized_and_visual_sample_reviewed,"REFUGE image/mask pair matched by file ID within official split; mask standardized to project {0,1,2} convention.",test
glaucoma_fundus_imaging_bundle,REFUGE,T0262,data/external/kaggle/glaucoma_fundus_imaging_bundle/REFUGE/test/Images/T0262.jpg,data/processed/standardized_masks/refuge/test_T0262.png,data/external/kaggle/glaucoma_fundus_imaging_bundle/REFUGE/test/Images/T0262.jpg,data/processed/standardized_masks/refuge/test_T0262.png,T0262.jpg,test_T0262.png,multiclass_values_0_1_2,0,1,2,REFUGE_test_T0262,True,paired_standardized_and_visual_sample_reviewed,"REFUGE image/mask pair matched by file ID within official split; mask standardized to project {0,1,2} convention.",test
glaucoma_fundus_imaging_bundle,REFUGE,T0263,data/external/kaggle/glaucoma_fundus_imaging_bundle/REFUGE/test/Images/T0263.jpg,data/processed/standardized_masks/refuge/test_T0263.png,data/external/kaggle/glaucoma_fundus_imaging_bundle/REFUGE/test/Images/T0263.jpg,data/processed/standardized_masks/refuge/test_T0263.png,T0263.jpg,test_T0263.png,multiclass_values_0_1_2,0,1,2,REFUGE_test_T0263,True,paired_standardized_and_visual_sample_reviewed,"REFUGE image/mask pair matched by file ID within official split; mask standardized to project {0,1,2} convention.",test
glaucoma_fundus_imaging_bundle,REFUGE,T0264,data/external/kaggle/glaucoma_fundus_imaging_bundle/REFUGE/test/Images/T0264.jpg,data/processed/standardized_masks/refuge/test_T0264.png,data/external/kaggle/glaucoma_fundus_imaging_bundle/REFUGE/test/Images/T0264.jpg,data/processed/standardized_masks/refuge/test_T0264.png,T0264.jpg,test_T0264.png,multiclass_values_0_1_2,0,1,2,REFUGE_test_T0264,True,paired_standardized_and_visual_sample_reviewed,"REFUGE image/mask pair matched by file ID within official split; mask standardized to project {0,1,2} convention.",test
glaucoma_fundus_imaging_bundle,REFUGE,T0265,data/external/kaggle/glaucoma_fundus_imaging_bundle/REFUGE/test/Images/T0265.jpg,data/processed/standardized_masks/refuge/test_T0265.png,data/external/kaggle/glaucoma_fundus_imaging_bundle/REFUGE/test/Images/T0265.jpg,data/processed/standardized_masks/refuge/test_T0265.png,T0265.jpg,test_T0265.png,multiclass_values_0_1_2,0,1,2,REFUGE_test_T0265,True,paired_standardized_and_visual_sample_reviewed,"REFUGE image/mask pair matched by file ID within official split; mask standardized to project {0,1,2} convention.",test
glaucoma_fundus_imaging_bundle,REFUGE,T0266,data/external/kaggle/glaucoma_fundus_imaging_bundle/REFUGE/test/Images/T0266.jpg,data/processed/standardized_masks/refuge/test_T0266.png,data/external/kaggle/glaucoma_fundus_imaging_bundle/REFUGE/test/Images/T0266.jpg,data/processed/standardized_masks/refuge/test_T0266.png,T0266.jpg,test_T0266.png,multiclass_values_0_1_2,0,1,2,REFUGE_test_T0266,True,paired_standardized_and_visual_sample_reviewed,"REFUGE image/mask pair matched by file ID within official split; mask standardized to project {0,1,2} convention.",test
glaucoma_fundus_imaging_bundle,REFUGE,T0267,data/external/kaggle/glaucoma_fundus_imaging_bundle/REFUGE/test/Images/T0267.jpg,data/processed/standardized_masks/refuge/test_T0267.png,data/external/kaggle/glaucoma_fundus_imaging_bundle/REFUGE/test/Images/T0267.jpg,data/processed/standardized_masks/refuge/test_T0267.png,T0267.jpg,test_T0267.png,multiclass_values_0_1_2,0,1,2,REFUGE_test_T0267,True,paired_standardized_and_visual_sample_reviewed,"REFUGE image/mask pair matched by file ID within official split; mask standardized to project {0,1,2} convention.",test
glaucoma_fundus_imaging_bundle,REFUGE,T0268,data/external/kaggle/glaucoma_fundus_imaging_bundle/REFUGE/test/Images/T0268.jpg,data/processed/standardized_masks/refuge/test_T0268.png,data/external/kaggle/glaucoma_fundus_imaging_bundle/REFUGE/test/Images/T0268.jpg,data/processed/standardized_masks/refuge/test_T0268.png,T0268.jpg,test_T0268.png,multiclass_values_0_1_2,0,1,2,REFUGE_test_T0268,True,paired_standardized_and_visual_sample_reviewed,"REFUGE image/mask pair matched by file ID within official split; mask standardized to project {0,1,2} convention.",test
glaucoma_fundus_imaging_bundle,REFUGE,T0269,data/external/kaggle/glaucoma_fundus_imaging_bundle/REFUGE/test/Images/T0269.jpg,data/processed/standardized_masks/refuge/test_T0269.png,data/external/kaggle/glaucoma_fundus_imaging_bundle/REFUGE/test/Images/T0269.jpg,data/processed/standardized_masks/refuge/test_T0269.png,T0269.jpg,test_T0269.png,multiclass_values_0_1_2,0,1,2,REFUGE_test_T0269,True,paired_standardized_and_visual_sample_reviewed,"REFUGE image/mask pair matched by file ID within official split; mask standardized to project {0,1,2} convention.",test
glaucoma_fundus_imaging_bundle,REFUGE,T0270,data/external/kaggle/glaucoma_fundus_imaging_bundle/REFUGE/test/Images/T0270.jpg,data/processed/standardized_masks/refuge/test_T0270.png,data/external/kaggle/glaucoma_fundus_imaging_bundle/REFUGE/test/Images/T0270.jpg,data/processed/standardized_masks/refuge/test_T0270.png,T0270.jpg,test_T0270.png,multiclass_values_0_1_2,0,1,2,REFUGE_test_T0270,True,paired_standardized_and_visual_sample_reviewed,"REFUGE image/mask pair matched by file ID within official split; mask standardized to project {0,1,2} convention.",test
glaucoma_fundus_imaging_bundle,REFUGE,T0271,data/external/kaggle/glaucoma_fundus_imaging_bundle/REFUGE/test/Images/T0271.jpg,data/processed/standardized_masks/refuge/test_T0271.png,data/external/kaggle/glaucoma_fundus_imaging_bundle/REFUGE/test/Images/T0271.jpg,data/processed/standardized_masks/refuge/test_T0271.png,T0271.jpg,test_T0271.png,multiclass_values_0_1_2,0,1,2,REFUGE_test_T0271,True,paired_standardized_and_visual_sample_reviewed,"REFUGE image/mask pair matched by file ID within official split; mask standardized to project {0,1,2} convention.",test
glaucoma_fundus_imaging_bundle,REFUGE,T0272,data/external/kaggle/glaucoma_fundus_imaging_bundle/REFUGE/test/Images/T0272.jpg,data/processed/standardized_masks/refuge/test_T0272.png,data/external/kaggle/glaucoma_fundus_imaging_bundle/REFUGE/test/Images/T0272.jpg,data/processed/standardized_masks/refuge/test_T0272.png,T0272.jpg,test_T0272.png,multiclass_values_0_1_2,0,1,2,REFUGE_test_T0272,True,paired_standardized_and_visual_sample_reviewed,"REFUGE image/mask pair matched by file ID within official split; mask standardized to project {0,1,2} convention.",test
glaucoma_fundus_imaging_bundle,REFUGE,T0273,data/external/kaggle/glaucoma_fundus_imaging_bundle/REFUGE/test/Images/T0273.jpg,data/processed/standardized_masks/refuge/test_T0273.png,data/external/kaggle/glaucoma_fundus_imaging_bundle/REFUGE/test/Images/T0273.jpg,data/processed/standardized_masks/refuge/test_T0273.png,T0273.jpg,test_T0273.png,multiclass_values_0_1_2,0,1,2,REFUGE_test_T0273,True,paired_standardized_and_visual_sample_reviewed,"REFUGE image/mask pair matched by file ID within official split; mask standardized to project {0,1,2} convention.",test
glaucoma_fundus_imaging_bundle,REFUGE,T0274,data/external/kaggle/glaucoma_fundus_imaging_bundle/REFUGE/test/Images/T0274.jpg,data/processed/standardized_masks/refuge/test_T0274.png,data/external/kaggle/glaucoma_fundus_imaging_bundle/REFUGE/test/Images/T0274.jpg,data/processed/standardized_masks/refuge/test_T0274.png,T0274.jpg,test_T0274.png,multiclass_values_0_1_2,0,1,2,REFUGE_test_T0274,True,paired_standardized_and_visual_sample_reviewed,"REFUGE image/mask pair matched by file ID within official split; mask standardized to project {0,1,2} convention.",test
glaucoma_fundus_imaging_bundle,REFUGE,T0275,data/external/kaggle/glaucoma_fundus_imaging_bundle/REFUGE/test/Images/T0275.jpg,data/processed/standardized_masks/refuge/test_T0275.png,data/external/kaggle/glaucoma_fundus_imaging_bundle/REFUGE/test/Images/T0275.jpg,data/processed/standardized_masks/refuge/test_T0275.png,T0275.jpg,test_T0275.png,multiclass_values_0_1_2,0,1,2,REFUGE_test_T0275,True,paired_standardized_and_visual_sample_reviewed,"REFUGE image/mask pair matched by file ID within official split; mask standardized to project {0,1,2} convention.",test
glaucoma_fundus_imaging_bundle,REFUGE,T0276,data/external/kaggle/glaucoma_fundus_imaging_bundle/REFUGE/test/Images/T0276.jpg,data/processed/standardized_masks/refuge/test_T0276.png,data/external/kaggle/glaucoma_fundus_imaging_bundle/REFUGE/test/Images/T0276.jpg,data/processed/standardized_masks/refuge/test_T0276.png,T0276.jpg,test_T0276.png,multiclass_values_0_1_2,0,1,2,REFUGE_test_T0276,True,paired_standardized_and_visual_sample_reviewed,"REFUGE image/mask pair matched by file ID within official split; mask standardized to project {0,1,2} convention.",test
glaucoma_fundus_imaging_bundle,REFUGE,T0277,data/external/kaggle/glaucoma_fundus_imaging_bundle/REFUGE/test/Images/T0277.jpg,data/processed/standardized_masks/refuge/test_T0277.png,data/external/kaggle/glaucoma_fundus_imaging_bundle/REFUGE/test/Images/T0277.jpg,data/processed/standardized_masks/refuge/test_T0277.png,T0277.jpg,test_T0277.png,multiclass_values_0_1_2,0,1,2,REFUGE_test_T0277,True,paired_standardized_and_visual_sample_reviewed,"REFUGE image/mask pair matched by file ID within official split; mask standardized to project {0,1,2} convention.",test
glaucoma_fundus_imaging_bundle,REFUGE,T0278,data/external/kaggle/glaucoma_fundus_imaging_bundle/REFUGE/test/Images/T0278.jpg,data/processed/standardized_masks/refuge/test_T0278.png,data/external/kaggle/glaucoma_fundus_imaging_bundle/REFUGE/test/Images/T0278.jpg,data/processed/standardized_masks/refuge/test_T0278.png,T0278.jpg,test_T0278.png,multiclass_values_0_1_2,0,1,2,REFUGE_test_T0278,True,paired_standardized_and_visual_sample_reviewed,"REFUGE image/mask pair matched by file ID within official split; mask standardized to project {0,1,2} convention.",test
glaucoma_fundus_imaging_bundle,REFUGE,T0279,data/external/kaggle/glaucoma_fundus_imaging_bundle/REFUGE/test/Images/T0279.jpg,data/processed/standardized_masks/refuge/test_T0279.png,data/external/kaggle/glaucoma_fundus_imaging_bundle/REFUGE/test/Images/T0279.jpg,data/processed/standardized_masks/refuge/test_T0279.png,T0279.jpg,test_T0279.png,multiclass_values_0_1_2,0,1,2,REFUGE_test_T0279,True,paired_standardized_and_visual_sample_reviewed,"REFUGE image/mask pair matched by file ID within official split; mask standardized to project {0,1,2} convention.",test
glaucoma_fundus_imaging_bundle,REFUGE,T0280,data/external/kaggle/glaucoma_fundus_imaging_bundle/REFUGE/test/Images/T0280.jpg,data/processed/standardized_masks/refuge/test_T0280.png,data/external/kaggle/glaucoma_fundus_imaging_bundle/REFUGE/test/Images/T0280.jpg,data/processed/standardized_masks/refuge/test_T0280.png,T0280.jpg,test_T0280.png,multiclass_values_0_1_2,0,1,2,REFUGE_test_T0280,True,paired_standardized_and_visual_sample_reviewed,"REFUGE image/mask pair matched by file ID within official split; mask standardized to project {0,1,2} convention.",test
glaucoma_fundus_imaging_bundle,REFUGE,T0281,data/external/kaggle/glaucoma_fundus_imaging_bundle/REFUGE/test/Images/T0281.jpg,data/processed/standardized_masks/refuge/test_T0281.png,data/external/kaggle/glaucoma_fundus_imaging_bundle/REFUGE/test/Images/T0281.jpg,data/processed/standardized_masks/refuge/test_T0281.png,T0281.jpg,test_T0281.png,multiclass_values_0_1_2,0,1,2,REFUGE_test_T0281,True,paired_standardized_and_visual_sample_reviewed,"REFUGE image/mask pair matched by file ID within official split; mask standardized to project {0,1,2} convention.",test
glaucoma_fundus_imaging_bundle,REFUGE,T0282,data/external/kaggle/glaucoma_fundus_imaging_bundle/REFUGE/test/Images/T0282.jpg,data/processed/standardized_masks/refuge/test_T0282.png,data/external/kaggle/glaucoma_fundus_imaging_bundle/REFUGE/test/Images/T0282.jpg,data/processed/standardized_masks/refuge/test_T0282.png,T0282.jpg,test_T0282.png,multiclass_values_0_1_2,0,1,2,REFUGE_test_T0282,True,paired_standardized_and_visual_sample_reviewed,"REFUGE image/mask pair matched by file ID within official split; mask standardized to project {0,1,2} convention.",test
glaucoma_fundus_imaging_bundle,REFUGE,T0283,data/external/kaggle/glaucoma_fundus_imaging_bundle/REFUGE/test/Images/T0283.jpg,data/processed/standardized_masks/refuge/test_T0283.png,data/external/kaggle/glaucoma_fundus_imaging_bundle/REFUGE/test/Images/T0283.jpg,data/processed/standardized_masks/refuge/test_T0283.png,T0283.jpg,test_T0283.png,multiclass_values_0_1_2,0,1,2,REFUGE_test_T0283,True,paired_standardized_and_visual_sample_reviewed,"REFUGE image/mask pair matched by file ID within official split; mask standardized to project {0,1,2} convention.",test
glaucoma_fundus_imaging_bundle,REFUGE,T0284,data/external/kaggle/glaucoma_fundus_imaging_bundle/REFUGE/test/Images/T0284.jpg,data/processed/standardized_masks/refuge/test_T0284.png,data/external/kaggle/glaucoma_fundus_imaging_bundle/REFUGE/test/Images/T0284.jpg,data/processed/standardized_masks/refuge/test_T0284.png,T0284.jpg,test_T0284.png,multiclass_values_0_1_2,0,1,2,REFUGE_test_T0284,True,paired_standardized_and_visual_sample_reviewed,"REFUGE image/mask pair matched by file ID within official split; mask standardized to project {0,1,2} convention.",test
glaucoma_fundus_imaging_bundle,REFUGE,T0285,data/external/kaggle/glaucoma_fundus_imaging_bundle/REFUGE/test/Images/T0285.jpg,data/processed/standardized_masks/refuge/test_T0285.png,data/external/kaggle/glaucoma_fundus_imaging_bundle/REFUGE/test/Images/T0285.jpg,data/processed/standardized_masks/refuge/test_T0285.png,T0285.jpg,test_T0285.png,multiclass_values_0_1_2,0,1,2,REFUGE_test_T0285,True,paired_standardized_and_visual_sample_reviewed,"REFUGE image/mask pair matched by file ID within official split; mask standardized to project {0,1,2} convention.",test
glaucoma_fundus_imaging_bundle,REFUGE,T0286,data/external/kaggle/glaucoma_fundus_imaging_bundle/REFUGE/test/Images/T0286.jpg,data/processed/standardized_masks/refuge/test_T0286.png,data/external/kaggle/glaucoma_fundus_imaging_bundle/REFUGE/test/Images/T0286.jpg,data/processed/standardized_masks/refuge/test_T0286.png,T0286.jpg,test_T0286.png,multiclass_values_0_1_2,0,1,2,REFUGE_test_T0286,True,paired_standardized_and_visual_sample_reviewed,"REFUGE image/mask pair matched by file ID within official split; mask standardized to project {0,1,2} convention.",test
glaucoma_fundus_imaging_bundle,REFUGE,T0287,data/external/kaggle/glaucoma_fundus_imaging_bundle/REFUGE/test/Images/T0287.jpg,data/processed/standardized_masks/refuge/test_T0287.png,data/external/kaggle/glaucoma_fundus_imaging_bundle/REFUGE/test/Images/T0287.jpg,data/processed/standardized_masks/refuge/test_T0287.png,T0287.jpg,test_T0287.png,multiclass_values_0_1_2,0,1,2,REFUGE_test_T0287,True,paired_standardized_and_visual_sample_reviewed,"REFUGE image/mask pair matched by file ID within official split; mask standardized to project {0,1,2} convention.",test
glaucoma_fundus_imaging_bundle,REFUGE,T0288,data/external/kaggle/glaucoma_fundus_imaging_bundle/REFUGE/test/Images/T0288.jpg,data/processed/standardized_masks/refuge/test_T0288.png,data/external/kaggle/glaucoma_fundus_imaging_bundle/REFUGE/test/Images/T0288.jpg,data/processed/standardized_masks/refuge/test_T0288.png,T0288.jpg,test_T0288.png,multiclass_values_0_1_2,0,1,2,REFUGE_test_T0288,True,paired_standardized_and_visual_sample_reviewed,"REFUGE image/mask pair matched by file ID within official split; mask standardized to project {0,1,2} convention.",test
glaucoma_fundus_imaging_bundle,REFUGE,T0289,data/external/kaggle/glaucoma_fundus_imaging_bundle/REFUGE/test/Images/T0289.jpg,data/processed/standardized_masks/refuge/test_T0289.png,data/external/kaggle/glaucoma_fundus_imaging_bundle/REFUGE/test/Images/T0289.jpg,data/processed/standardized_masks/refuge/test_T0289.png,T0289.jpg,test_T0289.png,multiclass_values_0_1_2,0,1,2,REFUGE_test_T0289,True,paired_standardized_and_visual_sample_reviewed,"REFUGE image/mask pair matched by file ID within official split; mask standardized to project {0,1,2} convention.",test
glaucoma_fundus_imaging_bundle,REFUGE,T0290,data/external/kaggle/glaucoma_fundus_imaging_bundle/REFUGE/test/Images/T0290.jpg,data/processed/standardized_masks/refuge/test_T0290.png,data/external/kaggle/glaucoma_fundus_imaging_bundle/REFUGE/test/Images/T0290.jpg,data/processed/standardized_masks/refuge/test_T0290.png,T0290.jpg,test_T0290.png,multiclass_values_0_1_2,0,1,2,REFUGE_test_T0290,True,paired_standardized_and_visual_sample_reviewed,"REFUGE image/mask pair matched by file ID within official split; mask standardized to project {0,1,2} convention.",test
glaucoma_fundus_imaging_bundle,REFUGE,T0291,data/external/kaggle/glaucoma_fundus_imaging_bundle/REFUGE/test/Images/T0291.jpg,data/processed/standardized_masks/refuge/test_T0291.png,data/external/kaggle/glaucoma_fundus_imaging_bundle/REFUGE/test/Images/T0291.jpg,data/processed/standardized_masks/refuge/test_T0291.png,T0291.jpg,test_T0291.png,multiclass_values_0_1_2,0,1,2,REFUGE_test_T0291,True,paired_standardized_and_visual_sample_reviewed,"REFUGE image/mask pair matched by file ID within official split; mask standardized to project {0,1,2} convention.",test
glaucoma_fundus_imaging_bundle,REFUGE,T0292,data/external/kaggle/glaucoma_fundus_imaging_bundle/REFUGE/test/Images/T0292.jpg,data/processed/standardized_masks/refuge/test_T0292.png,data/external/kaggle/glaucoma_fundus_imaging_bundle/REFUGE/test/Images/T0292.jpg,data/processed/standardized_masks/refuge/test_T0292.png,T0292.jpg,test_T0292.png,multiclass_values_0_1_2,0,1,2,REFUGE_test_T0292,True,paired_standardized_and_visual_sample_reviewed,"REFUGE image/mask pair matched by file ID within official split; mask standardized to project {0,1,2} convention.",test
glaucoma_fundus_imaging_bundle,REFUGE,T0293,data/external/kaggle/glaucoma_fundus_imaging_bundle/REFUGE/test/Images/T0293.jpg,data/processed/standardized_masks/refuge/test_T0293.png,data/external/kaggle/glaucoma_fundus_imaging_bundle/REFUGE/test/Images/T0293.jpg,data/processed/standardized_masks/refuge/test_T0293.png,T0293.jpg,test_T0293.png,multiclass_values_0_1_2,0,1,2,REFUGE_test_T0293,True,paired_standardized_and_visual_sample_reviewed,"REFUGE image/mask pair matched by file ID within official split; mask standardized to project {0,1,2} convention.",test
glaucoma_fundus_imaging_bundle,REFUGE,T0294,data/external/kaggle/glaucoma_fundus_imaging_bundle/REFUGE/test/Images/T0294.jpg,data/processed/standardized_masks/refuge/test_T0294.png,data/external/kaggle/glaucoma_fundus_imaging_bundle/REFUGE/test/Images/T0294.jpg,data/processed/standardized_masks/refuge/test_T0294.png,T0294.jpg,test_T0294.png,multiclass_values_0_1_2,0,1,2,REFUGE_test_T0294,True,paired_standardized_and_visual_sample_reviewed,"REFUGE image/mask pair matched by file ID within official split; mask standardized to project {0,1,2} convention.",test
glaucoma_fundus_imaging_bundle,REFUGE,T0295,data/external/kaggle/glaucoma_fundus_imaging_bundle/REFUGE/test/Images/T0295.jpg,data/processed/standardized_masks/refuge/test_T0295.png,data/external/kaggle/glaucoma_fundus_imaging_bundle/REFUGE/test/Images/T0295.jpg,data/processed/standardized_masks/refuge/test_T0295.png,T0295.jpg,test_T0295.png,multiclass_values_0_1_2,0,1,2,REFUGE_test_T0295,True,paired_standardized_and_visual_sample_reviewed,"REFUGE image/mask pair matched by file ID within official split; mask standardized to project {0,1,2} convention.",test
glaucoma_fundus_imaging_bundle,REFUGE,T0296,data/external/kaggle/glaucoma_fundus_imaging_bundle/REFUGE/test/Images/T0296.jpg,data/processed/standardized_masks/refuge/test_T0296.png,data/external/kaggle/glaucoma_fundus_imaging_bundle/REFUGE/test/Images/T0296.jpg,data/processed/standardized_masks/refuge/test_T0296.png,T0296.jpg,test_T0296.png,multiclass_values_0_1_2,0,1,2,REFUGE_test_T0296,True,paired_standardized_and_visual_sample_reviewed,"REFUGE image/mask pair matched by file ID within official split; mask standardized to project {0,1,2} convention.",test
glaucoma_fundus_imaging_bundle,REFUGE,T0297,data/external/kaggle/glaucoma_fundus_imaging_bundle/REFUGE/test/Images/T0297.jpg,data/processed/standardized_masks/refuge/test_T0297.png,data/external/kaggle/glaucoma_fundus_imaging_bundle/REFUGE/test/Images/T0297.jpg,data/processed/standardized_masks/refuge/test_T0297.png,T0297.jpg,test_T0297.png,multiclass_values_0_1_2,0,1,2,REFUGE_test_T0297,True,paired_standardized_and_visual_sample_reviewed,"REFUGE image/mask pair matched by file ID within official split; mask standardized to project {0,1,2} convention.",test
glaucoma_fundus_imaging_bundle,REFUGE,T0298,data/external/kaggle/glaucoma_fundus_imaging_bundle/REFUGE/test/Images/T0298.jpg,data/processed/standardized_masks/refuge/test_T0298.png,data/external/kaggle/glaucoma_fundus_imaging_bundle/REFUGE/test/Images/T0298.jpg,data/processed/standardized_masks/refuge/test_T0298.png,T0298.jpg,test_T0298.png,multiclass_values_0_1_2,0,1,2,REFUGE_test_T0298,True,paired_standardized_and_visual_sample_reviewed,"REFUGE image/mask pair matched by file ID within official split; mask standardized to project {0,1,2} convention.",test
glaucoma_fundus_imaging_bundle,REFUGE,T0299,data/external/kaggle/glaucoma_fundus_imaging_bundle/REFUGE/test/Images/T0299.jpg,data/processed/standardized_masks/refuge/test_T0299.png,data/external/kaggle/glaucoma_fundus_imaging_bundle/REFUGE/test/Images/T0299.jpg,data/processed/standardized_masks/refuge/test_T0299.png,T0299.jpg,test_T0299.png,multiclass_values_0_1_2,0,1,2,REFUGE_test_T0299,True,paired_standardized_and_visual_sample_reviewed,"REFUGE image/mask pair matched by file ID within official split; mask standardized to project {0,1,2} convention.",test
glaucoma_fundus_imaging_bundle,REFUGE,T0300,data/external/kaggle/glaucoma_fundus_imaging_bundle/REFUGE/test/Images/T0300.jpg,data/processed/standardized_masks/refuge/test_T0300.png,data/external/kaggle/glaucoma_fundus_imaging_bundle/REFUGE/test/Images/T0300.jpg,data/processed/standardized_masks/refuge/test_T0300.png,T0300.jpg,test_T0300.png,multiclass_values_0_1_2,0,1,2,REFUGE_test_T0300,True,paired_standardized_and_visual_sample_reviewed,"REFUGE image/mask pair matched by file ID within official split; mask standardized to project {0,1,2} convention.",test
glaucoma_fundus_imaging_bundle,REFUGE,T0301,data/external/kaggle/glaucoma_fundus_imaging_bundle/REFUGE/test/Images/T0301.jpg,data/processed/standardized_masks/refuge/test_T0301.png,data/external/kaggle/glaucoma_fundus_imaging_bundle/REFUGE/test/Images/T0301.jpg,data/processed/standardized_masks/refuge/test_T0301.png,T0301.jpg,test_T0301.png,multiclass_values_0_1_2,0,1,2,REFUGE_test_T0301,True,paired_standardized_and_visual_sample_reviewed,"REFUGE image/mask pair matched by file ID within official split; mask standardized to project {0,1,2} convention.",test
glaucoma_fundus_imaging_bundle,REFUGE,T0302,data/external/kaggle/glaucoma_fundus_imaging_bundle/REFUGE/test/Images/T0302.jpg,data/processed/standardized_masks/refuge/test_T0302.png,data/external/kaggle/glaucoma_fundus_imaging_bundle/REFUGE/test/Images/T0302.jpg,data/processed/standardized_masks/refuge/test_T0302.png,T0302.jpg,test_T0302.png,multiclass_values_0_1_2,0,1,2,REFUGE_test_T0302,True,paired_standardized_and_visual_sample_reviewed,"REFUGE image/mask pair matched by file ID within official split; mask standardized to project {0,1,2} convention.",test
glaucoma_fundus_imaging_bundle,REFUGE,T0303,data/external/kaggle/glaucoma_fundus_imaging_bundle/REFUGE/test/Images/T0303.jpg,data/processed/standardized_masks/refuge/test_T0303.png,data/external/kaggle/glaucoma_fundus_imaging_bundle/REFUGE/test/Images/T0303.jpg,data/processed/standardized_masks/refuge/test_T0303.png,T0303.jpg,test_T0303.png,multiclass_values_0_1_2,0,1,2,REFUGE_test_T0303,True,paired_standardized_and_visual_sample_reviewed,"REFUGE image/mask pair matched by file ID within official split; mask standardized to project {0,1,2} convention.",test
glaucoma_fundus_imaging_bundle,REFUGE,T0304,data/external/kaggle/glaucoma_fundus_imaging_bundle/REFUGE/test/Images/T0304.jpg,data/processed/standardized_masks/refuge/test_T0304.png,data/external/kaggle/glaucoma_fundus_imaging_bundle/REFUGE/test/Images/T0304.jpg,data/processed/standardized_masks/refuge/test_T0304.png,T0304.jpg,test_T0304.png,multiclass_values_0_1_2,0,1,2,REFUGE_test_T0304,True,paired_standardized_and_visual_sample_reviewed,"REFUGE image/mask pair matched by file ID within official split; mask standardized to project {0,1,2} convention.",test
glaucoma_fundus_imaging_bundle,REFUGE,T0305,data/external/kaggle/glaucoma_fundus_imaging_bundle/REFUGE/test/Images/T0305.jpg,data/processed/standardized_masks/refuge/test_T0305.png,data/external/kaggle/glaucoma_fundus_imaging_bundle/REFUGE/test/Images/T0305.jpg,data/processed/standardized_masks/refuge/test_T0305.png,T0305.jpg,test_T0305.png,multiclass_values_0_1_2,0,1,2,REFUGE_test_T0305,True,paired_standardized_and_visual_sample_reviewed,"REFUGE image/mask pair matched by file ID within official split; mask standardized to project {0,1,2} convention.",test
glaucoma_fundus_imaging_bundle,REFUGE,T0306,data/external/kaggle/glaucoma_fundus_imaging_bundle/REFUGE/test/Images/T0306.jpg,data/processed/standardized_masks/refuge/test_T0306.png,data/external/kaggle/glaucoma_fundus_imaging_bundle/REFUGE/test/Images/T0306.jpg,data/processed/standardized_masks/refuge/test_T0306.png,T0306.jpg,test_T0306.png,multiclass_values_0_1_2,0,1,2,REFUGE_test_T0306,True,paired_standardized_and_visual_sample_reviewed,"REFUGE image/mask pair matched by file ID within official split; mask standardized to project {0,1,2} convention.",test
glaucoma_fundus_imaging_bundle,REFUGE,T0307,data/external/kaggle/glaucoma_fundus_imaging_bundle/REFUGE/test/Images/T0307.jpg,data/processed/standardized_masks/refuge/test_T0307.png,data/external/kaggle/glaucoma_fundus_imaging_bundle/REFUGE/test/Images/T0307.jpg,data/processed/standardized_masks/refuge/test_T0307.png,T0307.jpg,test_T0307.png,multiclass_values_0_1_2,0,1,2,REFUGE_test_T0307,True,paired_standardized_and_visual_sample_reviewed,"REFUGE image/mask pair matched by file ID within official split; mask standardized to project {0,1,2} convention.",test
glaucoma_fundus_imaging_bundle,REFUGE,T0308,data/external/kaggle/glaucoma_fundus_imaging_bundle/REFUGE/test/Images/T0308.jpg,data/processed/standardized_masks/refuge/test_T0308.png,data/external/kaggle/glaucoma_fundus_imaging_bundle/REFUGE/test/Images/T0308.jpg,data/processed/standardized_masks/refuge/test_T0308.png,T0308.jpg,test_T0308.png,multiclass_values_0_1_2,0,1,2,REFUGE_test_T0308,True,paired_standardized_and_visual_sample_reviewed,"REFUGE image/mask pair matched by file ID within official split; mask standardized to project {0,1,2} convention.",test
glaucoma_fundus_imaging_bundle,REFUGE,T0309,data/external/kaggle/glaucoma_fundus_imaging_bundle/REFUGE/test/Images/T0309.jpg,data/processed/standardized_masks/refuge/test_T0309.png,data/external/kaggle/glaucoma_fundus_imaging_bundle/REFUGE/test/Images/T0309.jpg,data/processed/standardized_masks/refuge/test_T0309.png,T0309.jpg,test_T0309.png,multiclass_values_0_1_2,0,1,2,REFUGE_test_T0309,True,paired_standardized_and_visual_sample_reviewed,"REFUGE image/mask pair matched by file ID within official split; mask standardized to project {0,1,2} convention.",test
glaucoma_fundus_imaging_bundle,REFUGE,T0310,data/external/kaggle/glaucoma_fundus_imaging_bundle/REFUGE/test/Images/T0310.jpg,data/processed/standardized_masks/refuge/test_T0310.png,data/external/kaggle/glaucoma_fundus_imaging_bundle/REFUGE/test/Images/T0310.jpg,data/processed/standardized_masks/refuge/test_T0310.png,T0310.jpg,test_T0310.png,multiclass_values_0_1_2,0,1,2,REFUGE_test_T0310,True,paired_standardized_and_visual_sample_reviewed,"REFUGE image/mask pair matched by file ID within official split; mask standardized to project {0,1,2} convention.",test
glaucoma_fundus_imaging_bundle,REFUGE,T0311,data/external/kaggle/glaucoma_fundus_imaging_bundle/REFUGE/test/Images/T0311.jpg,data/processed/standardized_masks/refuge/test_T0311.png,data/external/kaggle/glaucoma_fundus_imaging_bundle/REFUGE/test/Images/T0311.jpg,data/processed/standardized_masks/refuge/test_T0311.png,T0311.jpg,test_T0311.png,multiclass_values_0_1_2,0,1,2,REFUGE_test_T0311,True,paired_standardized_and_visual_sample_reviewed,"REFUGE image/mask pair matched by file ID within official split; mask standardized to project {0,1,2} convention.",test
glaucoma_fundus_imaging_bundle,REFUGE,T0312,data/external/kaggle/glaucoma_fundus_imaging_bundle/REFUGE/test/Images/T0312.jpg,data/processed/standardized_masks/refuge/test_T0312.png,data/external/kaggle/glaucoma_fundus_imaging_bundle/REFUGE/test/Images/T0312.jpg,data/processed/standardized_masks/refuge/test_T0312.png,T0312.jpg,test_T0312.png,multiclass_values_0_1_2,0,1,2,REFUGE_test_T0312,True,paired_standardized_and_visual_sample_reviewed,"REFUGE image/mask pair matched by file ID within official split; mask standardized to project {0,1,2} convention.",test
glaucoma_fundus_imaging_bundle,REFUGE,T0313,data/external/kaggle/glaucoma_fundus_imaging_bundle/REFUGE/test/Images/T0313.jpg,data/processed/standardized_masks/refuge/test_T0313.png,data/external/kaggle/glaucoma_fundus_imaging_bundle/REFUGE/test/Images/T0313.jpg,data/processed/standardized_masks/refuge/test_T0313.png,T0313.jpg,test_T0313.png,multiclass_values_0_1_2,0,1,2,REFUGE_test_T0313,True,paired_standardized_and_visual_sample_reviewed,"REFUGE image/mask pair matched by file ID within official split; mask standardized to project {0,1,2} convention.",test
glaucoma_fundus_imaging_bundle,REFUGE,T0314,data/external/kaggle/glaucoma_fundus_imaging_bundle/REFUGE/test/Images/T0314.jpg,data/processed/standardized_masks/refuge/test_T0314.png,data/external/kaggle/glaucoma_fundus_imaging_bundle/REFUGE/test/Images/T0314.jpg,data/processed/standardized_masks/refuge/test_T0314.png,T0314.jpg,test_T0314.png,multiclass_values_0_1_2,0,1,2,REFUGE_test_T0314,True,paired_standardized_and_visual_sample_reviewed,"REFUGE image/mask pair matched by file ID within official split; mask standardized to project {0,1,2} convention.",test
glaucoma_fundus_imaging_bundle,REFUGE,T0315,data/external/kaggle/glaucoma_fundus_imaging_bundle/REFUGE/test/Images/T0315.jpg,data/processed/standardized_masks/refuge/test_T0315.png,data/external/kaggle/glaucoma_fundus_imaging_bundle/REFUGE/test/Images/T0315.jpg,data/processed/standardized_masks/refuge/test_T0315.png,T0315.jpg,test_T0315.png,multiclass_values_0_1_2,0,1,2,REFUGE_test_T0315,True,paired_standardized_and_visual_sample_reviewed,"REFUGE image/mask pair matched by file ID within official split; mask standardized to project {0,1,2} convention.",test
glaucoma_fundus_imaging_bundle,REFUGE,T0316,data/external/kaggle/glaucoma_fundus_imaging_bundle/REFUGE/test/Images/T0316.jpg,data/processed/standardized_masks/refuge/test_T0316.png,data/external/kaggle/glaucoma_fundus_imaging_bundle/REFUGE/test/Images/T0316.jpg,data/processed/standardized_masks/refuge/test_T0316.png,T0316.jpg,test_T0316.png,multiclass_values_0_1_2,0,1,2,REFUGE_test_T0316,True,paired_standardized_and_visual_sample_reviewed,"REFUGE image/mask pair matched by file ID within official split; mask standardized to project {0,1,2} convention.",test
glaucoma_fundus_imaging_bundle,REFUGE,T0317,data/external/kaggle/glaucoma_fundus_imaging_bundle/REFUGE/test/Images/T0317.jpg,data/processed/standardized_masks/refuge/test_T0317.png,data/external/kaggle/glaucoma_fundus_imaging_bundle/REFUGE/test/Images/T0317.jpg,data/processed/standardized_masks/refuge/test_T0317.png,T0317.jpg,test_T0317.png,multiclass_values_0_1_2,0,1,2,REFUGE_test_T0317,True,paired_standardized_and_visual_sample_reviewed,"REFUGE image/mask pair matched by file ID within official split; mask standardized to project {0,1,2} convention.",test
glaucoma_fundus_imaging_bundle,REFUGE,T0318,data/external/kaggle/glaucoma_fundus_imaging_bundle/REFUGE/test/Images/T0318.jpg,data/processed/standardized_masks/refuge/test_T0318.png,data/external/kaggle/glaucoma_fundus_imaging_bundle/REFUGE/test/Images/T0318.jpg,data/processed/standardized_masks/refuge/test_T0318.png,T0318.jpg,test_T0318.png,multiclass_values_0_1_2,0,1,2,REFUGE_test_T0318,True,paired_standardized_and_visual_sample_reviewed,"REFUGE image/mask pair matched by file ID within official split; mask standardized to project {0,1,2} convention.",test
glaucoma_fundus_imaging_bundle,REFUGE,T0319,data/external/kaggle/glaucoma_fundus_imaging_bundle/REFUGE/test/Images/T0319.jpg,data/processed/standardized_masks/refuge/test_T0319.png,data/external/kaggle/glaucoma_fundus_imaging_bundle/REFUGE/test/Images/T0319.jpg,data/processed/standardized_masks/refuge/test_T0319.png,T0319.jpg,test_T0319.png,multiclass_values_0_1_2,0,1,2,REFUGE_test_T0319,True,paired_standardized_and_visual_sample_reviewed,"REFUGE image/mask pair matched by file ID within official split; mask standardized to project {0,1,2} convention.",test
glaucoma_fundus_imaging_bundle,REFUGE,T0320,data/external/kaggle/glaucoma_fundus_imaging_bundle/REFUGE/test/Images/T0320.jpg,data/processed/standardized_masks/refuge/test_T0320.png,data/external/kaggle/glaucoma_fundus_imaging_bundle/REFUGE/test/Images/T0320.jpg,data/processed/standardized_masks/refuge/test_T0320.png,T0320.jpg,test_T0320.png,multiclass_values_0_1_2,0,1,2,REFUGE_test_T0320,True,paired_standardized_and_visual_sample_reviewed,"REFUGE image/mask pair matched by file ID within official split; mask standardized to project {0,1,2} convention.",test
glaucoma_fundus_imaging_bundle,REFUGE,T0321,data/external/kaggle/glaucoma_fundus_imaging_bundle/REFUGE/test/Images/T0321.jpg,data/processed/standardized_masks/refuge/test_T0321.png,data/external/kaggle/glaucoma_fundus_imaging_bundle/REFUGE/test/Images/T0321.jpg,data/processed/standardized_masks/refuge/test_T0321.png,T0321.jpg,test_T0321.png,multiclass_values_0_1_2,0,1,2,REFUGE_test_T0321,True,paired_standardized_and_visual_sample_reviewed,"REFUGE image/mask pair matched by file ID within official split; mask standardized to project {0,1,2} convention.",test
glaucoma_fundus_imaging_bundle,REFUGE,T0322,data/external/kaggle/glaucoma_fundus_imaging_bundle/REFUGE/test/Images/T0322.jpg,data/processed/standardized_masks/refuge/test_T0322.png,data/external/kaggle/glaucoma_fundus_imaging_bundle/REFUGE/test/Images/T0322.jpg,data/processed/standardized_masks/refuge/test_T0322.png,T0322.jpg,test_T0322.png,multiclass_values_0_1_2,0,1,2,REFUGE_test_T0322,True,paired_standardized_and_visual_sample_reviewed,"REFUGE image/mask pair matched by file ID within official split; mask standardized to project {0,1,2} convention.",test
glaucoma_fundus_imaging_bundle,REFUGE,T0323,data/external/kaggle/glaucoma_fundus_imaging_bundle/REFUGE/test/Images/T0323.jpg,data/processed/standardized_masks/refuge/test_T0323.png,data/external/kaggle/glaucoma_fundus_imaging_bundle/REFUGE/test/Images/T0323.jpg,data/processed/standardized_masks/refuge/test_T0323.png,T0323.jpg,test_T0323.png,multiclass_values_0_1_2,0,1,2,REFUGE_test_T0323,True,paired_standardized_and_visual_sample_reviewed,"REFUGE image/mask pair matched by file ID within official split; mask standardized to project {0,1,2} convention.",test
glaucoma_fundus_imaging_bundle,REFUGE,T0324,data/external/kaggle/glaucoma_fundus_imaging_bundle/REFUGE/test/Images/T0324.jpg,data/processed/standardized_masks/refuge/test_T0324.png,data/external/kaggle/glaucoma_fundus_imaging_bundle/REFUGE/test/Images/T0324.jpg,data/processed/standardized_masks/refuge/test_T0324.png,T0324.jpg,test_T0324.png,multiclass_values_0_1_2,0,1,2,REFUGE_test_T0324,True,paired_standardized_and_visual_sample_reviewed,"REFUGE image/mask pair matched by file ID within official split; mask standardized to project {0,1,2} convention.",test
glaucoma_fundus_imaging_bundle,REFUGE,T0325,data/external/kaggle/glaucoma_fundus_imaging_bundle/REFUGE/test/Images/T0325.jpg,data/processed/standardized_masks/refuge/test_T0325.png,data/external/kaggle/glaucoma_fundus_imaging_bundle/REFUGE/test/Images/T0325.jpg,data/processed/standardized_masks/refuge/test_T0325.png,T0325.jpg,test_T0325.png,multiclass_values_0_1_2,0,1,2,REFUGE_test_T0325,True,paired_standardized_and_visual_sample_reviewed,"REFUGE image/mask pair matched by file ID within official split; mask standardized to project {0,1,2} convention.",test
glaucoma_fundus_imaging_bundle,REFUGE,T0326,data/external/kaggle/glaucoma_fundus_imaging_bundle/REFUGE/test/Images/T0326.jpg,data/processed/standardized_masks/refuge/test_T0326.png,data/external/kaggle/glaucoma_fundus_imaging_bundle/REFUGE/test/Images/T0326.jpg,data/processed/standardized_masks/refuge/test_T0326.png,T0326.jpg,test_T0326.png,multiclass_values_0_1_2,0,1,2,REFUGE_test_T0326,True,paired_standardized_and_visual_sample_reviewed,"REFUGE image/mask pair matched by file ID within official split; mask standardized to project {0,1,2} convention.",test
glaucoma_fundus_imaging_bundle,REFUGE,T0327,data/external/kaggle/glaucoma_fundus_imaging_bundle/REFUGE/test/Images/T0327.jpg,data/processed/standardized_masks/refuge/test_T0327.png,data/external/kaggle/glaucoma_fundus_imaging_bundle/REFUGE/test/Images/T0327.jpg,data/processed/standardized_masks/refuge/test_T0327.png,T0327.jpg,test_T0327.png,multiclass_values_0_1_2,0,1,2,REFUGE_test_T0327,True,paired_standardized_and_visual_sample_reviewed,"REFUGE image/mask pair matched by file ID within official split; mask standardized to project {0,1,2} convention.",test
glaucoma_fundus_imaging_bundle,REFUGE,T0328,data/external/kaggle/glaucoma_fundus_imaging_bundle/REFUGE/test/Images/T0328.jpg,data/processed/standardized_masks/refuge/test_T0328.png,data/external/kaggle/glaucoma_fundus_imaging_bundle/REFUGE/test/Images/T0328.jpg,data/processed/standardized_masks/refuge/test_T0328.png,T0328.jpg,test_T0328.png,multiclass_values_0_1_2,0,1,2,REFUGE_test_T0328,True,paired_standardized_and_visual_sample_reviewed,"REFUGE image/mask pair matched by file ID within official split; mask standardized to project {0,1,2} convention.",test
glaucoma_fundus_imaging_bundle,REFUGE,T0329,data/external/kaggle/glaucoma_fundus_imaging_bundle/REFUGE/test/Images/T0329.jpg,data/processed/standardized_masks/refuge/test_T0329.png,data/external/kaggle/glaucoma_fundus_imaging_bundle/REFUGE/test/Images/T0329.jpg,data/processed/standardized_masks/refuge/test_T0329.png,T0329.jpg,test_T0329.png,multiclass_values_0_1_2,0,1,2,REFUGE_test_T0329,True,paired_standardized_and_visual_sample_reviewed,"REFUGE image/mask pair matched by file ID within official split; mask standardized to project {0,1,2} convention.",test
glaucoma_fundus_imaging_bundle,REFUGE,T0330,data/external/kaggle/glaucoma_fundus_imaging_bundle/REFUGE/test/Images/T0330.jpg,data/processed/standardized_masks/refuge/test_T0330.png,data/external/kaggle/glaucoma_fundus_imaging_bundle/REFUGE/test/Images/T0330.jpg,data/processed/standardized_masks/refuge/test_T0330.png,T0330.jpg,test_T0330.png,multiclass_values_0_1_2,0,1,2,REFUGE_test_T0330,True,paired_standardized_and_visual_sample_reviewed,"REFUGE image/mask pair matched by file ID within official split; mask standardized to project {0,1,2} convention.",test
glaucoma_fundus_imaging_bundle,REFUGE,T0331,data/external/kaggle/glaucoma_fundus_imaging_bundle/REFUGE/test/Images/T0331.jpg,data/processed/standardized_masks/refuge/test_T0331.png,data/external/kaggle/glaucoma_fundus_imaging_bundle/REFUGE/test/Images/T0331.jpg,data/processed/standardized_masks/refuge/test_T0331.png,T0331.jpg,test_T0331.png,multiclass_values_0_1_2,0,1,2,REFUGE_test_T0331,True,paired_standardized_and_visual_sample_reviewed,"REFUGE image/mask pair matched by file ID within official split; mask standardized to project {0,1,2} convention.",test
glaucoma_fundus_imaging_bundle,REFUGE,T0332,data/external/kaggle/glaucoma_fundus_imaging_bundle/REFUGE/test/Images/T0332.jpg,data/processed/standardized_masks/refuge/test_T0332.png,data/external/kaggle/glaucoma_fundus_imaging_bundle/REFUGE/test/Images/T0332.jpg,data/processed/standardized_masks/refuge/test_T0332.png,T0332.jpg,test_T0332.png,multiclass_values_0_1_2,0,1,2,REFUGE_test_T0332,True,paired_standardized_and_visual_sample_reviewed,"REFUGE image/mask pair matched by file ID within official split; mask standardized to project {0,1,2} convention.",test
glaucoma_fundus_imaging_bundle,REFUGE,T0333,data/external/kaggle/glaucoma_fundus_imaging_bundle/REFUGE/test/Images/T0333.jpg,data/processed/standardized_masks/refuge/test_T0333.png,data/external/kaggle/glaucoma_fundus_imaging_bundle/REFUGE/test/Images/T0333.jpg,data/processed/standardized_masks/refuge/test_T0333.png,T0333.jpg,test_T0333.png,multiclass_values_0_1_2,0,1,2,REFUGE_test_T0333,True,paired_standardized_and_visual_sample_reviewed,"REFUGE image/mask pair matched by file ID within official split; mask standardized to project {0,1,2} convention.",test
glaucoma_fundus_imaging_bundle,REFUGE,T0334,data/external/kaggle/glaucoma_fundus_imaging_bundle/REFUGE/test/Images/T0334.jpg,data/processed/standardized_masks/refuge/test_T0334.png,data/external/kaggle/glaucoma_fundus_imaging_bundle/REFUGE/test/Images/T0334.jpg,data/processed/standardized_masks/refuge/test_T0334.png,T0334.jpg,test_T0334.png,multiclass_values_0_1_2,0,1,2,REFUGE_test_T0334,True,paired_standardized_and_visual_sample_reviewed,"REFUGE image/mask pair matched by file ID within official split; mask standardized to project {0,1,2} convention.",test
glaucoma_fundus_imaging_bundle,REFUGE,T0335,data/external/kaggle/glaucoma_fundus_imaging_bundle/REFUGE/test/Images/T0335.jpg,data/processed/standardized_masks/refuge/test_T0335.png,data/external/kaggle/glaucoma_fundus_imaging_bundle/REFUGE/test/Images/T0335.jpg,data/processed/standardized_masks/refuge/test_T0335.png,T0335.jpg,test_T0335.png,multiclass_values_0_1_2,0,1,2,REFUGE_test_T0335,True,paired_standardized_and_visual_sample_reviewed,"REFUGE image/mask pair matched by file ID within official split; mask standardized to project {0,1,2} convention.",test
glaucoma_fundus_imaging_bundle,REFUGE,T0336,data/external/kaggle/glaucoma_fundus_imaging_bundle/REFUGE/test/Images/T0336.jpg,data/processed/standardized_masks/refuge/test_T0336.png,data/external/kaggle/glaucoma_fundus_imaging_bundle/REFUGE/test/Images/T0336.jpg,data/processed/standardized_masks/refuge/test_T0336.png,T0336.jpg,test_T0336.png,multiclass_values_0_1_2,0,1,2,REFUGE_test_T0336,True,paired_standardized_and_visual_sample_reviewed,"REFUGE image/mask pair matched by file ID within official split; mask standardized to project {0,1,2} convention.",test
glaucoma_fundus_imaging_bundle,REFUGE,T0337,data/external/kaggle/glaucoma_fundus_imaging_bundle/REFUGE/test/Images/T0337.jpg,data/processed/standardized_masks/refuge/test_T0337.png,data/external/kaggle/glaucoma_fundus_imaging_bundle/REFUGE/test/Images/T0337.jpg,data/processed/standardized_masks/refuge/test_T0337.png,T0337.jpg,test_T0337.png,multiclass_values_0_1_2,0,1,2,REFUGE_test_T0337,True,paired_standardized_and_visual_sample_reviewed,"REFUGE image/mask pair matched by file ID within official split; mask standardized to project {0,1,2} convention.",test
glaucoma_fundus_imaging_bundle,REFUGE,T0338,data/external/kaggle/glaucoma_fundus_imaging_bundle/REFUGE/test/Images/T0338.jpg,data/processed/standardized_masks/refuge/test_T0338.png,data/external/kaggle/glaucoma_fundus_imaging_bundle/REFUGE/test/Images/T0338.jpg,data/processed/standardized_masks/refuge/test_T0338.png,T0338.jpg,test_T0338.png,multiclass_values_0_1_2,0,1,2,REFUGE_test_T0338,True,paired_standardized_and_visual_sample_reviewed,"REFUGE image/mask pair matched by file ID within official split; mask standardized to project {0,1,2} convention.",test
glaucoma_fundus_imaging_bundle,REFUGE,T0339,data/external/kaggle/glaucoma_fundus_imaging_bundle/REFUGE/test/Images/T0339.jpg,data/processed/standardized_masks/refuge/test_T0339.png,data/external/kaggle/glaucoma_fundus_imaging_bundle/REFUGE/test/Images/T0339.jpg,data/processed/standardized_masks/refuge/test_T0339.png,T0339.jpg,test_T0339.png,multiclass_values_0_1_2,0,1,2,REFUGE_test_T0339,True,paired_standardized_and_visual_sample_reviewed,"REFUGE image/mask pair matched by file ID within official split; mask standardized to project {0,1,2} convention.",test
glaucoma_fundus_imaging_bundle,REFUGE,T0340,data/external/kaggle/glaucoma_fundus_imaging_bundle/REFUGE/test/Images/T0340.jpg,data/processed/standardized_masks/refuge/test_T0340.png,data/external/kaggle/glaucoma_fundus_imaging_bundle/REFUGE/test/Images/T0340.jpg,data/processed/standardized_masks/refuge/test_T0340.png,T0340.jpg,test_T0340.png,multiclass_values_0_1_2,0,1,2,REFUGE_test_T0340,True,paired_standardized_and_visual_sample_reviewed,"REFUGE image/mask pair matched by file ID within official split; mask standardized to project {0,1,2} convention.",test
glaucoma_fundus_imaging_bundle,REFUGE,T0341,data/external/kaggle/glaucoma_fundus_imaging_bundle/REFUGE/test/Images/T0341.jpg,data/processed/standardized_masks/refuge/test_T0341.png,data/external/kaggle/glaucoma_fundus_imaging_bundle/REFUGE/test/Images/T0341.jpg,data/processed/standardized_masks/refuge/test_T0341.png,T0341.jpg,test_T0341.png,multiclass_values_0_1_2,0,1,2,REFUGE_test_T0341,True,paired_standardized_and_visual_sample_reviewed,"REFUGE image/mask pair matched by file ID within official split; mask standardized to project {0,1,2} convention.",test
glaucoma_fundus_imaging_bundle,REFUGE,T0342,data/external/kaggle/glaucoma_fundus_imaging_bundle/REFUGE/test/Images/T0342.jpg,data/processed/standardized_masks/refuge/test_T0342.png,data/external/kaggle/glaucoma_fundus_imaging_bundle/REFUGE/test/Images/T0342.jpg,data/processed/standardized_masks/refuge/test_T0342.png,T0342.jpg,test_T0342.png,multiclass_values_0_1_2,0,1,2,REFUGE_test_T0342,True,paired_standardized_and_visual_sample_reviewed,"REFUGE image/mask pair matched by file ID within official split; mask standardized to project {0,1,2} convention.",test
glaucoma_fundus_imaging_bundle,REFUGE,T0343,data/external/kaggle/glaucoma_fundus_imaging_bundle/REFUGE/test/Images/T0343.jpg,data/processed/standardized_masks/refuge/test_T0343.png,data/external/kaggle/glaucoma_fundus_imaging_bundle/REFUGE/test/Images/T0343.jpg,data/processed/standardized_masks/refuge/test_T0343.png,T0343.jpg,test_T0343.png,multiclass_values_0_1_2,0,1,2,REFUGE_test_T0343,True,paired_standardized_and_visual_sample_reviewed,"REFUGE image/mask pair matched by file ID within official split; mask standardized to project {0,1,2} convention.",test
glaucoma_fundus_imaging_bundle,REFUGE,T0344,data/external/kaggle/glaucoma_fundus_imaging_bundle/REFUGE/test/Images/T0344.jpg,data/processed/standardized_masks/refuge/test_T0344.png,data/external/kaggle/glaucoma_fundus_imaging_bundle/REFUGE/test/Images/T0344.jpg,data/processed/standardized_masks/refuge/test_T0344.png,T0344.jpg,test_T0344.png,multiclass_values_0_1_2,0,1,2,REFUGE_test_T0344,True,paired_standardized_and_visual_sample_reviewed,"REFUGE image/mask pair matched by file ID within official split; mask standardized to project {0,1,2} convention.",test
glaucoma_fundus_imaging_bundle,REFUGE,T0345,data/external/kaggle/glaucoma_fundus_imaging_bundle/REFUGE/test/Images/T0345.jpg,data/processed/standardized_masks/refuge/test_T0345.png,data/external/kaggle/glaucoma_fundus_imaging_bundle/REFUGE/test/Images/T0345.jpg,data/processed/standardized_masks/refuge/test_T0345.png,T0345.jpg,test_T0345.png,multiclass_values_0_1_2,0,1,2,REFUGE_test_T0345,True,paired_standardized_and_visual_sample_reviewed,"REFUGE image/mask pair matched by file ID within official split; mask standardized to project {0,1,2} convention.",test
glaucoma_fundus_imaging_bundle,REFUGE,T0346,data/external/kaggle/glaucoma_fundus_imaging_bundle/REFUGE/test/Images/T0346.jpg,data/processed/standardized_masks/refuge/test_T0346.png,data/external/kaggle/glaucoma_fundus_imaging_bundle/REFUGE/test/Images/T0346.jpg,data/processed/standardized_masks/refuge/test_T0346.png,T0346.jpg,test_T0346.png,multiclass_values_0_1_2,0,1,2,REFUGE_test_T0346,True,paired_standardized_and_visual_sample_reviewed,"REFUGE image/mask pair matched by file ID within official split; mask standardized to project {0,1,2} convention.",test
glaucoma_fundus_imaging_bundle,REFUGE,T0347,data/external/kaggle/glaucoma_fundus_imaging_bundle/REFUGE/test/Images/T0347.jpg,data/processed/standardized_masks/refuge/test_T0347.png,data/external/kaggle/glaucoma_fundus_imaging_bundle/REFUGE/test/Images/T0347.jpg,data/processed/standardized_masks/refuge/test_T0347.png,T0347.jpg,test_T0347.png,multiclass_values_0_1_2,0,1,2,REFUGE_test_T0347,True,paired_standardized_and_visual_sample_reviewed,"REFUGE image/mask pair matched by file ID within official split; mask standardized to project {0,1,2} convention.",test
glaucoma_fundus_imaging_bundle,REFUGE,T0348,data/external/kaggle/glaucoma_fundus_imaging_bundle/REFUGE/test/Images/T0348.jpg,data/processed/standardized_masks/refuge/test_T0348.png,data/external/kaggle/glaucoma_fundus_imaging_bundle/REFUGE/test/Images/T0348.jpg,data/processed/standardized_masks/refuge/test_T0348.png,T0348.jpg,test_T0348.png,multiclass_values_0_1_2,0,1,2,REFUGE_test_T0348,True,paired_standardized_and_visual_sample_reviewed,"REFUGE image/mask pair matched by file ID within official split; mask standardized to project {0,1,2} convention.",test
glaucoma_fundus_imaging_bundle,REFUGE,T0349,data/external/kaggle/glaucoma_fundus_imaging_bundle/REFUGE/test/Images/T0349.jpg,data/processed/standardized_masks/refuge/test_T0349.png,data/external/kaggle/glaucoma_fundus_imaging_bundle/REFUGE/test/Images/T0349.jpg,data/processed/standardized_masks/refuge/test_T0349.png,T0349.jpg,test_T0349.png,multiclass_values_0_1_2,0,1,2,REFUGE_test_T0349,True,paired_standardized_and_visual_sample_reviewed,"REFUGE image/mask pair matched by file ID within official split; mask standardized to project {0,1,2} convention.",test
glaucoma_fundus_imaging_bundle,REFUGE,T0350,data/external/kaggle/glaucoma_fundus_imaging_bundle/REFUGE/test/Images/T0350.jpg,data/processed/standardized_masks/refuge/test_T0350.png,data/external/kaggle/glaucoma_fundus_imaging_bundle/REFUGE/test/Images/T0350.jpg,data/processed/standardized_masks/refuge/test_T0350.png,T0350.jpg,test_T0350.png,multiclass_values_0_1_2,0,1,2,REFUGE_test_T0350,True,paired_standardized_and_visual_sample_reviewed,"REFUGE image/mask pair matched by file ID within official split; mask standardized to project {0,1,2} convention.",test
glaucoma_fundus_imaging_bundle,REFUGE,T0351,data/external/kaggle/glaucoma_fundus_imaging_bundle/REFUGE/test/Images/T0351.jpg,data/processed/standardized_masks/refuge/test_T0351.png,data/external/kaggle/glaucoma_fundus_imaging_bundle/REFUGE/test/Images/T0351.jpg,data/processed/standardized_masks/refuge/test_T0351.png,T0351.jpg,test_T0351.png,multiclass_values_0_1_2,0,1,2,REFUGE_test_T0351,True,paired_standardized_and_visual_sample_reviewed,"REFUGE image/mask pair matched by file ID within official split; mask standardized to project {0,1,2} convention.",test
glaucoma_fundus_imaging_bundle,REFUGE,T0352,data/external/kaggle/glaucoma_fundus_imaging_bundle/REFUGE/test/Images/T0352.jpg,data/processed/standardized_masks/refuge/test_T0352.png,data/external/kaggle/glaucoma_fundus_imaging_bundle/REFUGE/test/Images/T0352.jpg,data/processed/standardized_masks/refuge/test_T0352.png,T0352.jpg,test_T0352.png,multiclass_values_0_1_2,0,1,2,REFUGE_test_T0352,True,paired_standardized_and_visual_sample_reviewed,"REFUGE image/mask pair matched by file ID within official split; mask standardized to project {0,1,2} convention.",test
glaucoma_fundus_imaging_bundle,REFUGE,T0353,data/external/kaggle/glaucoma_fundus_imaging_bundle/REFUGE/test/Images/T0353.jpg,data/processed/standardized_masks/refuge/test_T0353.png,data/external/kaggle/glaucoma_fundus_imaging_bundle/REFUGE/test/Images/T0353.jpg,data/processed/standardized_masks/refuge/test_T0353.png,T0353.jpg,test_T0353.png,multiclass_values_0_1_2,0,1,2,REFUGE_test_T0353,True,paired_standardized_and_visual_sample_reviewed,"REFUGE image/mask pair matched by file ID within official split; mask standardized to project {0,1,2} convention.",test
glaucoma_fundus_imaging_bundle,REFUGE,T0354,data/external/kaggle/glaucoma_fundus_imaging_bundle/REFUGE/test/Images/T0354.jpg,data/processed/standardized_masks/refuge/test_T0354.png,data/external/kaggle/glaucoma_fundus_imaging_bundle/REFUGE/test/Images/T0354.jpg,data/processed/standardized_masks/refuge/test_T0354.png,T0354.jpg,test_T0354.png,multiclass_values_0_1_2,0,1,2,REFUGE_test_T0354,True,paired_standardized_and_visual_sample_reviewed,"REFUGE image/mask pair matched by file ID within official split; mask standardized to project {0,1,2} convention.",test
glaucoma_fundus_imaging_bundle,REFUGE,T0355,data/external/kaggle/glaucoma_fundus_imaging_bundle/REFUGE/test/Images/T0355.jpg,data/processed/standardized_masks/refuge/test_T0355.png,data/external/kaggle/glaucoma_fundus_imaging_bundle/REFUGE/test/Images/T0355.jpg,data/processed/standardized_masks/refuge/test_T0355.png,T0355.jpg,test_T0355.png,multiclass_values_0_1_2,0,1,2,REFUGE_test_T0355,True,paired_standardized_and_visual_sample_reviewed,"REFUGE image/mask pair matched by file ID within official split; mask standardized to project {0,1,2} convention.",test
glaucoma_fundus_imaging_bundle,REFUGE,T0356,data/external/kaggle/glaucoma_fundus_imaging_bundle/REFUGE/test/Images/T0356.jpg,data/processed/standardized_masks/refuge/test_T0356.png,data/external/kaggle/glaucoma_fundus_imaging_bundle/REFUGE/test/Images/T0356.jpg,data/processed/standardized_masks/refuge/test_T0356.png,T0356.jpg,test_T0356.png,multiclass_values_0_1_2,0,1,2,REFUGE_test_T0356,True,paired_standardized_and_visual_sample_reviewed,"REFUGE image/mask pair matched by file ID within official split; mask standardized to project {0,1,2} convention.",test
glaucoma_fundus_imaging_bundle,REFUGE,T0357,data/external/kaggle/glaucoma_fundus_imaging_bundle/REFUGE/test/Images/T0357.jpg,data/processed/standardized_masks/refuge/test_T0357.png,data/external/kaggle/glaucoma_fundus_imaging_bundle/REFUGE/test/Images/T0357.jpg,data/processed/standardized_masks/refuge/test_T0357.png,T0357.jpg,test_T0357.png,multiclass_values_0_1_2,0,1,2,REFUGE_test_T0357,True,paired_standardized_and_visual_sample_reviewed,"REFUGE image/mask pair matched by file ID within official split; mask standardized to project {0,1,2} convention.",test
glaucoma_fundus_imaging_bundle,REFUGE,T0358,data/external/kaggle/glaucoma_fundus_imaging_bundle/REFUGE/test/Images/T0358.jpg,data/processed/standardized_masks/refuge/test_T0358.png,data/external/kaggle/glaucoma_fundus_imaging_bundle/REFUGE/test/Images/T0358.jpg,data/processed/standardized_masks/refuge/test_T0358.png,T0358.jpg,test_T0358.png,multiclass_values_0_1_2,0,1,2,REFUGE_test_T0358,True,paired_standardized_and_visual_sample_reviewed,"REFUGE image/mask pair matched by file ID within official split; mask standardized to project {0,1,2} convention.",test
glaucoma_fundus_imaging_bundle,REFUGE,T0359,data/external/kaggle/glaucoma_fundus_imaging_bundle/REFUGE/test/Images/T0359.jpg,data/processed/standardized_masks/refuge/test_T0359.png,data/external/kaggle/glaucoma_fundus_imaging_bundle/REFUGE/test/Images/T0359.jpg,data/processed/standardized_masks/refuge/test_T0359.png,T0359.jpg,test_T0359.png,multiclass_values_0_1_2,0,1,2,REFUGE_test_T0359,True,paired_standardized_and_visual_sample_reviewed,"REFUGE image/mask pair matched by file ID within official split; mask standardized to project {0,1,2} convention.",test
glaucoma_fundus_imaging_bundle,REFUGE,T0360,data/external/kaggle/glaucoma_fundus_imaging_bundle/REFUGE/test/Images/T0360.jpg,data/processed/standardized_masks/refuge/test_T0360.png,data/external/kaggle/glaucoma_fundus_imaging_bundle/REFUGE/test/Images/T0360.jpg,data/processed/standardized_masks/refuge/test_T0360.png,T0360.jpg,test_T0360.png,multiclass_values_0_1_2,0,1,2,REFUGE_test_T0360,True,paired_standardized_and_visual_sample_reviewed,"REFUGE image/mask pair matched by file ID within official split; mask standardized to project {0,1,2} convention.",test
glaucoma_fundus_imaging_bundle,REFUGE,T0361,data/external/kaggle/glaucoma_fundus_imaging_bundle/REFUGE/test/Images/T0361.jpg,data/processed/standardized_masks/refuge/test_T0361.png,data/external/kaggle/glaucoma_fundus_imaging_bundle/REFUGE/test/Images/T0361.jpg,data/processed/standardized_masks/refuge/test_T0361.png,T0361.jpg,test_T0361.png,multiclass_values_0_1_2,0,1,2,REFUGE_test_T0361,True,paired_standardized_and_visual_sample_reviewed,"REFUGE image/mask pair matched by file ID within official split; mask standardized to project {0,1,2} convention.",test
glaucoma_fundus_imaging_bundle,REFUGE,T0362,data/external/kaggle/glaucoma_fundus_imaging_bundle/REFUGE/test/Images/T0362.jpg,data/processed/standardized_masks/refuge/test_T0362.png,data/external/kaggle/glaucoma_fundus_imaging_bundle/REFUGE/test/Images/T0362.jpg,data/processed/standardized_masks/refuge/test_T0362.png,T0362.jpg,test_T0362.png,multiclass_values_0_1_2,0,1,2,REFUGE_test_T0362,True,paired_standardized_and_visual_sample_reviewed,"REFUGE image/mask pair matched by file ID within official split; mask standardized to project {0,1,2} convention.",test
glaucoma_fundus_imaging_bundle,REFUGE,T0363,data/external/kaggle/glaucoma_fundus_imaging_bundle/REFUGE/test/Images/T0363.jpg,data/processed/standardized_masks/refuge/test_T0363.png,data/external/kaggle/glaucoma_fundus_imaging_bundle/REFUGE/test/Images/T0363.jpg,data/processed/standardized_masks/refuge/test_T0363.png,T0363.jpg,test_T0363.png,multiclass_values_0_1_2,0,1,2,REFUGE_test_T0363,True,paired_standardized_and_visual_sample_reviewed,"REFUGE image/mask pair matched by file ID within official split; mask standardized to project {0,1,2} convention.",test
glaucoma_fundus_imaging_bundle,REFUGE,T0364,data/external/kaggle/glaucoma_fundus_imaging_bundle/REFUGE/test/Images/T0364.jpg,data/processed/standardized_masks/refuge/test_T0364.png,data/external/kaggle/glaucoma_fundus_imaging_bundle/REFUGE/test/Images/T0364.jpg,data/processed/standardized_masks/refuge/test_T0364.png,T0364.jpg,test_T0364.png,multiclass_values_0_1_2,0,1,2,REFUGE_test_T0364,True,paired_standardized_and_visual_sample_reviewed,"REFUGE image/mask pair matched by file ID within official split; mask standardized to project {0,1,2} convention.",test
glaucoma_fundus_imaging_bundle,REFUGE,T0365,data/external/kaggle/glaucoma_fundus_imaging_bundle/REFUGE/test/Images/T0365.jpg,data/processed/standardized_masks/refuge/test_T0365.png,data/external/kaggle/glaucoma_fundus_imaging_bundle/REFUGE/test/Images/T0365.jpg,data/processed/standardized_masks/refuge/test_T0365.png,T0365.jpg,test_T0365.png,multiclass_values_0_1_2,0,1,2,REFUGE_test_T0365,True,paired_standardized_and_visual_sample_reviewed,"REFUGE image/mask pair matched by file ID within official split; mask standardized to project {0,1,2} convention.",test
glaucoma_fundus_imaging_bundle,REFUGE,T0366,data/external/kaggle/glaucoma_fundus_imaging_bundle/REFUGE/test/Images/T0366.jpg,data/processed/standardized_masks/refuge/test_T0366.png,data/external/kaggle/glaucoma_fundus_imaging_bundle/REFUGE/test/Images/T0366.jpg,data/processed/standardized_masks/refuge/test_T0366.png,T0366.jpg,test_T0366.png,multiclass_values_0_1_2,0,1,2,REFUGE_test_T0366,True,paired_standardized_and_visual_sample_reviewed,"REFUGE image/mask pair matched by file ID within official split; mask standardized to project {0,1,2} convention.",test
glaucoma_fundus_imaging_bundle,REFUGE,T0367,data/external/kaggle/glaucoma_fundus_imaging_bundle/REFUGE/test/Images/T0367.jpg,data/processed/standardized_masks/refuge/test_T0367.png,data/external/kaggle/glaucoma_fundus_imaging_bundle/REFUGE/test/Images/T0367.jpg,data/processed/standardized_masks/refuge/test_T0367.png,T0367.jpg,test_T0367.png,multiclass_values_0_1_2,0,1,2,REFUGE_test_T0367,True,paired_standardized_and_visual_sample_reviewed,"REFUGE image/mask pair matched by file ID within official split; mask standardized to project {0,1,2} convention.",test
glaucoma_fundus_imaging_bundle,REFUGE,T0368,data/external/kaggle/glaucoma_fundus_imaging_bundle/REFUGE/test/Images/T0368.jpg,data/processed/standardized_masks/refuge/test_T0368.png,data/external/kaggle/glaucoma_fundus_imaging_bundle/REFUGE/test/Images/T0368.jpg,data/processed/standardized_masks/refuge/test_T0368.png,T0368.jpg,test_T0368.png,multiclass_values_0_1_2,0,1,2,REFUGE_test_T0368,True,paired_standardized_and_visual_sample_reviewed,"REFUGE image/mask pair matched by file ID within official split; mask standardized to project {0,1,2} convention.",test
glaucoma_fundus_imaging_bundle,REFUGE,T0369,data/external/kaggle/glaucoma_fundus_imaging_bundle/REFUGE/test/Images/T0369.jpg,data/processed/standardized_masks/refuge/test_T0369.png,data/external/kaggle/glaucoma_fundus_imaging_bundle/REFUGE/test/Images/T0369.jpg,data/processed/standardized_masks/refuge/test_T0369.png,T0369.jpg,test_T0369.png,multiclass_values_0_1_2,0,1,2,REFUGE_test_T0369,True,paired_standardized_and_visual_sample_reviewed,"REFUGE image/mask pair matched by file ID within official split; mask standardized to project {0,1,2} convention.",test
glaucoma_fundus_imaging_bundle,REFUGE,T0370,data/external/kaggle/glaucoma_fundus_imaging_bundle/REFUGE/test/Images/T0370.jpg,data/processed/standardized_masks/refuge/test_T0370.png,data/external/kaggle/glaucoma_fundus_imaging_bundle/REFUGE/test/Images/T0370.jpg,data/processed/standardized_masks/refuge/test_T0370.png,T0370.jpg,test_T0370.png,multiclass_values_0_1_2,0,1,2,REFUGE_test_T0370,True,paired_standardized_and_visual_sample_reviewed,"REFUGE image/mask pair matched by file ID within official split; mask standardized to project {0,1,2} convention.",test
glaucoma_fundus_imaging_bundle,REFUGE,T0371,data/external/kaggle/glaucoma_fundus_imaging_bundle/REFUGE/test/Images/T0371.jpg,data/processed/standardized_masks/refuge/test_T0371.png,data/external/kaggle/glaucoma_fundus_imaging_bundle/REFUGE/test/Images/T0371.jpg,data/processed/standardized_masks/refuge/test_T0371.png,T0371.jpg,test_T0371.png,multiclass_values_0_1_2,0,1,2,REFUGE_test_T0371,True,paired_standardized_and_visual_sample_reviewed,"REFUGE image/mask pair matched by file ID within official split; mask standardized to project {0,1,2} convention.",test
glaucoma_fundus_imaging_bundle,REFUGE,T0372,data/external/kaggle/glaucoma_fundus_imaging_bundle/REFUGE/test/Images/T0372.jpg,data/processed/standardized_masks/refuge/test_T0372.png,data/external/kaggle/glaucoma_fundus_imaging_bundle/REFUGE/test/Images/T0372.jpg,data/processed/standardized_masks/refuge/test_T0372.png,T0372.jpg,test_T0372.png,multiclass_values_0_1_2,0,1,2,REFUGE_test_T0372,True,paired_standardized_and_visual_sample_reviewed,"REFUGE image/mask pair matched by file ID within official split; mask standardized to project {0,1,2} convention.",test
glaucoma_fundus_imaging_bundle,REFUGE,T0373,data/external/kaggle/glaucoma_fundus_imaging_bundle/REFUGE/test/Images/T0373.jpg,data/processed/standardized_masks/refuge/test_T0373.png,data/external/kaggle/glaucoma_fundus_imaging_bundle/REFUGE/test/Images/T0373.jpg,data/processed/standardized_masks/refuge/test_T0373.png,T0373.jpg,test_T0373.png,multiclass_values_0_1_2,0,1,2,REFUGE_test_T0373,True,paired_standardized_and_visual_sample_reviewed,"REFUGE image/mask pair matched by file ID within official split; mask standardized to project {0,1,2} convention.",test
glaucoma_fundus_imaging_bundle,REFUGE,T0374,data/external/kaggle/glaucoma_fundus_imaging_bundle/REFUGE/test/Images/T0374.jpg,data/processed/standardized_masks/refuge/test_T0374.png,data/external/kaggle/glaucoma_fundus_imaging_bundle/REFUGE/test/Images/T0374.jpg,data/processed/standardized_masks/refuge/test_T0374.png,T0374.jpg,test_T0374.png,multiclass_values_0_1_2,0,1,2,REFUGE_test_T0374,True,paired_standardized_and_visual_sample_reviewed,"REFUGE image/mask pair matched by file ID within official split; mask standardized to project {0,1,2} convention.",test
glaucoma_fundus_imaging_bundle,REFUGE,T0375,data/external/kaggle/glaucoma_fundus_imaging_bundle/REFUGE/test/Images/T0375.jpg,data/processed/standardized_masks/refuge/test_T0375.png,data/external/kaggle/glaucoma_fundus_imaging_bundle/REFUGE/test/Images/T0375.jpg,data/processed/standardized_masks/refuge/test_T0375.png,T0375.jpg,test_T0375.png,multiclass_values_0_1_2,0,1,2,REFUGE_test_T0375,True,paired_standardized_and_visual_sample_reviewed,"REFUGE image/mask pair matched by file ID within official split; mask standardized to project {0,1,2} convention.",test
glaucoma_fundus_imaging_bundle,REFUGE,T0376,data/external/kaggle/glaucoma_fundus_imaging_bundle/REFUGE/test/Images/T0376.jpg,data/processed/standardized_masks/refuge/test_T0376.png,data/external/kaggle/glaucoma_fundus_imaging_bundle/REFUGE/test/Images/T0376.jpg,data/processed/standardized_masks/refuge/test_T0376.png,T0376.jpg,test_T0376.png,multiclass_values_0_1_2,0,1,2,REFUGE_test_T0376,True,paired_standardized_and_visual_sample_reviewed,"REFUGE image/mask pair matched by file ID within official split; mask standardized to project {0,1,2} convention.",test
glaucoma_fundus_imaging_bundle,REFUGE,T0377,data/external/kaggle/glaucoma_fundus_imaging_bundle/REFUGE/test/Images/T0377.jpg,data/processed/standardized_masks/refuge/test_T0377.png,data/external/kaggle/glaucoma_fundus_imaging_bundle/REFUGE/test/Images/T0377.jpg,data/processed/standardized_masks/refuge/test_T0377.png,T0377.jpg,test_T0377.png,multiclass_values_0_1_2,0,1,2,REFUGE_test_T0377,True,paired_standardized_and_visual_sample_reviewed,"REFUGE image/mask pair matched by file ID within official split; mask standardized to project {0,1,2} convention.",test
glaucoma_fundus_imaging_bundle,REFUGE,T0378,data/external/kaggle/glaucoma_fundus_imaging_bundle/REFUGE/test/Images/T0378.jpg,data/processed/standardized_masks/refuge/test_T0378.png,data/external/kaggle/glaucoma_fundus_imaging_bundle/REFUGE/test/Images/T0378.jpg,data/processed/standardized_masks/refuge/test_T0378.png,T0378.jpg,test_T0378.png,multiclass_values_0_1_2,0,1,2,REFUGE_test_T0378,True,paired_standardized_and_visual_sample_reviewed,"REFUGE image/mask pair matched by file ID within official split; mask standardized to project {0,1,2} convention.",test
glaucoma_fundus_imaging_bundle,REFUGE,T0379,data/external/kaggle/glaucoma_fundus_imaging_bundle/REFUGE/test/Images/T0379.jpg,data/processed/standardized_masks/refuge/test_T0379.png,data/external/kaggle/glaucoma_fundus_imaging_bundle/REFUGE/test/Images/T0379.jpg,data/processed/standardized_masks/refuge/test_T0379.png,T0379.jpg,test_T0379.png,multiclass_values_0_1_2,0,1,2,REFUGE_test_T0379,True,paired_standardized_and_visual_sample_reviewed,"REFUGE image/mask pair matched by file ID within official split; mask standardized to project {0,1,2} convention.",test
glaucoma_fundus_imaging_bundle,REFUGE,T0380,data/external/kaggle/glaucoma_fundus_imaging_bundle/REFUGE/test/Images/T0380.jpg,data/processed/standardized_masks/refuge/test_T0380.png,data/external/kaggle/glaucoma_fundus_imaging_bundle/REFUGE/test/Images/T0380.jpg,data/processed/standardized_masks/refuge/test_T0380.png,T0380.jpg,test_T0380.png,multiclass_values_0_1_2,0,1,2,REFUGE_test_T0380,True,paired_standardized_and_visual_sample_reviewed,"REFUGE image/mask pair matched by file ID within official split; mask standardized to project {0,1,2} convention.",test
glaucoma_fundus_imaging_bundle,REFUGE,T0381,data/external/kaggle/glaucoma_fundus_imaging_bundle/REFUGE/test/Images/T0381.jpg,data/processed/standardized_masks/refuge/test_T0381.png,data/external/kaggle/glaucoma_fundus_imaging_bundle/REFUGE/test/Images/T0381.jpg,data/processed/standardized_masks/refuge/test_T0381.png,T0381.jpg,test_T0381.png,multiclass_values_0_1_2,0,1,2,REFUGE_test_T0381,True,paired_standardized_and_visual_sample_reviewed,"REFUGE image/mask pair matched by file ID within official split; mask standardized to project {0,1,2} convention.",test
glaucoma_fundus_imaging_bundle,REFUGE,T0382,data/external/kaggle/glaucoma_fundus_imaging_bundle/REFUGE/test/Images/T0382.jpg,data/processed/standardized_masks/refuge/test_T0382.png,data/external/kaggle/glaucoma_fundus_imaging_bundle/REFUGE/test/Images/T0382.jpg,data/processed/standardized_masks/refuge/test_T0382.png,T0382.jpg,test_T0382.png,multiclass_values_0_1_2,0,1,2,REFUGE_test_T0382,True,paired_standardized_and_visual_sample_reviewed,"REFUGE image/mask pair matched by file ID within official split; mask standardized to project {0,1,2} convention.",test
glaucoma_fundus_imaging_bundle,REFUGE,T0383,data/external/kaggle/glaucoma_fundus_imaging_bundle/REFUGE/test/Images/T0383.jpg,data/processed/standardized_masks/refuge/test_T0383.png,data/external/kaggle/glaucoma_fundus_imaging_bundle/REFUGE/test/Images/T0383.jpg,data/processed/standardized_masks/refuge/test_T0383.png,T0383.jpg,test_T0383.png,multiclass_values_0_1_2,0,1,2,REFUGE_test_T0383,True,paired_standardized_and_visual_sample_reviewed,"REFUGE image/mask pair matched by file ID within official split; mask standardized to project {0,1,2} convention.",test
glaucoma_fundus_imaging_bundle,REFUGE,T0384,data/external/kaggle/glaucoma_fundus_imaging_bundle/REFUGE/test/Images/T0384.jpg,data/processed/standardized_masks/refuge/test_T0384.png,data/external/kaggle/glaucoma_fundus_imaging_bundle/REFUGE/test/Images/T0384.jpg,data/processed/standardized_masks/refuge/test_T0384.png,T0384.jpg,test_T0384.png,multiclass_values_0_1_2,0,1,2,REFUGE_test_T0384,True,paired_standardized_and_visual_sample_reviewed,"REFUGE image/mask pair matched by file ID within official split; mask standardized to project {0,1,2} convention.",test
glaucoma_fundus_imaging_bundle,REFUGE,T0385,data/external/kaggle/glaucoma_fundus_imaging_bundle/REFUGE/test/Images/T0385.jpg,data/processed/standardized_masks/refuge/test_T0385.png,data/external/kaggle/glaucoma_fundus_imaging_bundle/REFUGE/test/Images/T0385.jpg,data/processed/standardized_masks/refuge/test_T0385.png,T0385.jpg,test_T0385.png,multiclass_values_0_1_2,0,1,2,REFUGE_test_T0385,True,paired_standardized_and_visual_sample_reviewed,"REFUGE image/mask pair matched by file ID within official split; mask standardized to project {0,1,2} convention.",test
glaucoma_fundus_imaging_bundle,REFUGE,T0386,data/external/kaggle/glaucoma_fundus_imaging_bundle/REFUGE/test/Images/T0386.jpg,data/processed/standardized_masks/refuge/test_T0386.png,data/external/kaggle/glaucoma_fundus_imaging_bundle/REFUGE/test/Images/T0386.jpg,data/processed/standardized_masks/refuge/test_T0386.png,T0386.jpg,test_T0386.png,multiclass_values_0_1_2,0,1,2,REFUGE_test_T0386,True,paired_standardized_and_visual_sample_reviewed,"REFUGE image/mask pair matched by file ID within official split; mask standardized to project {0,1,2} convention.",test
glaucoma_fundus_imaging_bundle,REFUGE,T0387,data/external/kaggle/glaucoma_fundus_imaging_bundle/REFUGE/test/Images/T0387.jpg,data/processed/standardized_masks/refuge/test_T0387.png,data/external/kaggle/glaucoma_fundus_imaging_bundle/REFUGE/test/Images/T0387.jpg,data/processed/standardized_masks/refuge/test_T0387.png,T0387.jpg,test_T0387.png,multiclass_values_0_1_2,0,1,2,REFUGE_test_T0387,True,paired_standardized_and_visual_sample_reviewed,"REFUGE image/mask pair matched by file ID within official split; mask standardized to project {0,1,2} convention.",test
glaucoma_fundus_imaging_bundle,REFUGE,T0388,data/external/kaggle/glaucoma_fundus_imaging_bundle/REFUGE/test/Images/T0388.jpg,data/processed/standardized_masks/refuge/test_T0388.png,data/external/kaggle/glaucoma_fundus_imaging_bundle/REFUGE/test/Images/T0388.jpg,data/processed/standardized_masks/refuge/test_T0388.png,T0388.jpg,test_T0388.png,multiclass_values_0_1_2,0,1,2,REFUGE_test_T0388,True,paired_standardized_and_visual_sample_reviewed,"REFUGE image/mask pair matched by file ID within official split; mask standardized to project {0,1,2} convention.",test
glaucoma_fundus_imaging_bundle,REFUGE,T0389,data/external/kaggle/glaucoma_fundus_imaging_bundle/REFUGE/test/Images/T0389.jpg,data/processed/standardized_masks/refuge/test_T0389.png,data/external/kaggle/glaucoma_fundus_imaging_bundle/REFUGE/test/Images/T0389.jpg,data/processed/standardized_masks/refuge/test_T0389.png,T0389.jpg,test_T0389.png,multiclass_values_0_1_2,0,1,2,REFUGE_test_T0389,True,paired_standardized_and_visual_sample_reviewed,"REFUGE image/mask pair matched by file ID within official split; mask standardized to project {0,1,2} convention.",test
glaucoma_fundus_imaging_bundle,REFUGE,T0390,data/external/kaggle/glaucoma_fundus_imaging_bundle/REFUGE/test/Images/T0390.jpg,data/processed/standardized_masks/refuge/test_T0390.png,data/external/kaggle/glaucoma_fundus_imaging_bundle/REFUGE/test/Images/T0390.jpg,data/processed/standardized_masks/refuge/test_T0390.png,T0390.jpg,test_T0390.png,multiclass_values_0_1_2,0,1,2,REFUGE_test_T0390,True,paired_standardized_and_visual_sample_reviewed,"REFUGE image/mask pair matched by file ID within official split; mask standardized to project {0,1,2} convention.",test
glaucoma_fundus_imaging_bundle,REFUGE,T0391,data/external/kaggle/glaucoma_fundus_imaging_bundle/REFUGE/test/Images/T0391.jpg,data/processed/standardized_masks/refuge/test_T0391.png,data/external/kaggle/glaucoma_fundus_imaging_bundle/REFUGE/test/Images/T0391.jpg,data/processed/standardized_masks/refuge/test_T0391.png,T0391.jpg,test_T0391.png,multiclass_values_0_1_2,0,1,2,REFUGE_test_T0391,True,paired_standardized_and_visual_sample_reviewed,"REFUGE image/mask pair matched by file ID within official split; mask standardized to project {0,1,2} convention.",test
glaucoma_fundus_imaging_bundle,REFUGE,T0392,data/external/kaggle/glaucoma_fundus_imaging_bundle/REFUGE/test/Images/T0392.jpg,data/processed/standardized_masks/refuge/test_T0392.png,data/external/kaggle/glaucoma_fundus_imaging_bundle/REFUGE/test/Images/T0392.jpg,data/processed/standardized_masks/refuge/test_T0392.png,T0392.jpg,test_T0392.png,multiclass_values_0_1_2,0,1,2,REFUGE_test_T0392,True,paired_standardized_and_visual_sample_reviewed,"REFUGE image/mask pair matched by file ID within official split; mask standardized to project {0,1,2} convention.",test
glaucoma_fundus_imaging_bundle,REFUGE,T0393,data/external/kaggle/glaucoma_fundus_imaging_bundle/REFUGE/test/Images/T0393.jpg,data/processed/standardized_masks/refuge/test_T0393.png,data/external/kaggle/glaucoma_fundus_imaging_bundle/REFUGE/test/Images/T0393.jpg,data/processed/standardized_masks/refuge/test_T0393.png,T0393.jpg,test_T0393.png,multiclass_values_0_1_2,0,1,2,REFUGE_test_T0393,True,paired_standardized_and_visual_sample_reviewed,"REFUGE image/mask pair matched by file ID within official split; mask standardized to project {0,1,2} convention.",test
glaucoma_fundus_imaging_bundle,REFUGE,T0394,data/external/kaggle/glaucoma_fundus_imaging_bundle/REFUGE/test/Images/T0394.jpg,data/processed/standardized_masks/refuge/test_T0394.png,data/external/kaggle/glaucoma_fundus_imaging_bundle/REFUGE/test/Images/T0394.jpg,data/processed/standardized_masks/refuge/test_T0394.png,T0394.jpg,test_T0394.png,multiclass_values_0_1_2,0,1,2,REFUGE_test_T0394,True,paired_standardized_and_visual_sample_reviewed,"REFUGE image/mask pair matched by file ID within official split; mask standardized to project {0,1,2} convention.",test
glaucoma_fundus_imaging_bundle,REFUGE,T0395,data/external/kaggle/glaucoma_fundus_imaging_bundle/REFUGE/test/Images/T0395.jpg,data/processed/standardized_masks/refuge/test_T0395.png,data/external/kaggle/glaucoma_fundus_imaging_bundle/REFUGE/test/Images/T0395.jpg,data/processed/standardized_masks/refuge/test_T0395.png,T0395.jpg,test_T0395.png,multiclass_values_0_1_2,0,1,2,REFUGE_test_T0395,True,paired_standardized_and_visual_sample_reviewed,"REFUGE image/mask pair matched by file ID within official split; mask standardized to project {0,1,2} convention.",test
glaucoma_fundus_imaging_bundle,REFUGE,T0396,data/external/kaggle/glaucoma_fundus_imaging_bundle/REFUGE/test/Images/T0396.jpg,data/processed/standardized_masks/refuge/test_T0396.png,data/external/kaggle/glaucoma_fundus_imaging_bundle/REFUGE/test/Images/T0396.jpg,data/processed/standardized_masks/refuge/test_T0396.png,T0396.jpg,test_T0396.png,multiclass_values_0_1_2,0,1,2,REFUGE_test_T0396,True,paired_standardized_and_visual_sample_reviewed,"REFUGE image/mask pair matched by file ID within official split; mask standardized to project {0,1,2} convention.",test
glaucoma_fundus_imaging_bundle,REFUGE,T0397,data/external/kaggle/glaucoma_fundus_imaging_bundle/REFUGE/test/Images/T0397.jpg,data/processed/standardized_masks/refuge/test_T0397.png,data/external/kaggle/glaucoma_fundus_imaging_bundle/REFUGE/test/Images/T0397.jpg,data/processed/standardized_masks/refuge/test_T0397.png,T0397.jpg,test_T0397.png,multiclass_values_0_1_2,0,1,2,REFUGE_test_T0397,True,paired_standardized_and_visual_sample_reviewed,"REFUGE image/mask pair matched by file ID within official split; mask standardized to project {0,1,2} convention.",test
glaucoma_fundus_imaging_bundle,REFUGE,T0398,data/external/kaggle/glaucoma_fundus_imaging_bundle/REFUGE/test/Images/T0398.jpg,data/processed/standardized_masks/refuge/test_T0398.png,data/external/kaggle/glaucoma_fundus_imaging_bundle/REFUGE/test/Images/T0398.jpg,data/processed/standardized_masks/refuge/test_T0398.png,T0398.jpg,test_T0398.png,multiclass_values_0_1_2,0,1,2,REFUGE_test_T0398,True,paired_standardized_and_visual_sample_reviewed,"REFUGE image/mask pair matched by file ID within official split; mask standardized to project {0,1,2} convention.",test
glaucoma_fundus_imaging_bundle,REFUGE,T0399,data/external/kaggle/glaucoma_fundus_imaging_bundle/REFUGE/test/Images/T0399.jpg,data/processed/standardized_masks/refuge/test_T0399.png,data/external/kaggle/glaucoma_fundus_imaging_bundle/REFUGE/test/Images/T0399.jpg,data/processed/standardized_masks/refuge/test_T0399.png,T0399.jpg,test_T0399.png,multiclass_values_0_1_2,0,1,2,REFUGE_test_T0399,True,paired_standardized_and_visual_sample_reviewed,"REFUGE image/mask pair matched by file ID within official split; mask standardized to project {0,1,2} convention.",test
glaucoma_fundus_imaging_bundle,REFUGE,T0400,data/external/kaggle/glaucoma_fundus_imaging_bundle/REFUGE/test/Images/T0400.jpg,data/processed/standardized_masks/refuge/test_T0400.png,data/external/kaggle/glaucoma_fundus_imaging_bundle/REFUGE/test/Images/T0400.jpg,data/processed/standardized_masks/refuge/test_T0400.png,T0400.jpg,test_T0400.png,multiclass_values_0_1_2,0,1,2,REFUGE_test_T0400,True,paired_standardized_and_visual_sample_reviewed,"REFUGE image/mask pair matched by file ID within official split; mask standardized to project {0,1,2} convention.",test
