dataset_key,source_dataset,file_id,image_path,mask_path,split_group_id,split
glaucoma_fundus_imaging_bundle,ORIGA,001,data/external/kaggle/glaucoma_fundus_imaging_bundle/ORIGA/Images/001.jpg,data/external/kaggle/glaucoma_fundus_imaging_bundle/ORIGA/Masks/001.png,ORIGA_001,train
glaucoma_fundus_imaging_bundle,ORIGA,002,data/external/kaggle/glaucoma_fundus_imaging_bundle/ORIGA/Images/002.jpg,data/external/kaggle/glaucoma_fundus_imaging_bundle/ORIGA/Masks/002.png,ORIGA_002,train
glaucoma_fundus_imaging_bundle,ORIGA,003,data/external/kaggle/glaucoma_fundus_imaging_bundle/ORIGA/Images/003.jpg,data/external/kaggle/glaucoma_fundus_imaging_bundle/ORIGA/Masks/003.png,ORIGA_003,test
glaucoma_fundus_imaging_bundle,ORIGA,004,data/external/kaggle/glaucoma_fundus_imaging_bundle/ORIGA/Images/004.jpg,data/external/kaggle/glaucoma_fundus_imaging_bundle/ORIGA/Masks/004.png,ORIGA_004,train
glaucoma_fundus_imaging_bundle,ORIGA,005,data/external/kaggle/glaucoma_fundus_imaging_bundle/ORIGA/Images/005.jpg,data/external/kaggle/glaucoma_fundus_imaging_bundle/ORIGA/Masks/005.png,ORIGA_005,train
glaucoma_fundus_imaging_bundle,ORIGA,006,data/external/kaggle/glaucoma_fundus_imaging_bundle/ORIGA/Images/006.jpg,data/external/kaggle/glaucoma_fundus_imaging_bundle/ORIGA/Masks/006.png,ORIGA_006,train
glaucoma_fundus_imaging_bundle,ORIGA,007,data/external/kaggle/glaucoma_fundus_imaging_bundle/ORIGA/Images/007.jpg,data/external/kaggle/glaucoma_fundus_imaging_bundle/ORIGA/Masks/007.png,ORIGA_007,test
glaucoma_fundus_imaging_bundle,ORIGA,008,data/external/kaggle/glaucoma_fundus_imaging_bundle/ORIGA/Images/008.jpg,data/external/kaggle/glaucoma_fundus_imaging_bundle/ORIGA/Masks/008.png,ORIGA_008,test
glaucoma_fundus_imaging_bundle,ORIGA,009,data/external/kaggle/glaucoma_fundus_imaging_bundle/ORIGA/Images/009.jpg,data/external/kaggle/glaucoma_fundus_imaging_bundle/ORIGA/Masks/009.png,ORIGA_009,train
glaucoma_fundus_imaging_bundle,ORIGA,010,data/external/kaggle/glaucoma_fundus_imaging_bundle/ORIGA/Images/010.jpg,data/external/kaggle/glaucoma_fundus_imaging_bundle/ORIGA/Masks/010.png,ORIGA_010,train
glaucoma_fundus_imaging_bundle,ORIGA,011,data/external/kaggle/glaucoma_fundus_imaging_bundle/ORIGA/Images/011.jpg,data/external/kaggle/glaucoma_fundus_imaging_bundle/ORIGA/Masks/011.png,ORIGA_011,test
glaucoma_fundus_imaging_bundle,ORIGA,012,data/external/kaggle/glaucoma_fundus_imaging_bundle/ORIGA/Images/012.jpg,data/external/kaggle/glaucoma_fundus_imaging_bundle/ORIGA/Masks/012.png,ORIGA_012,val
glaucoma_fundus_imaging_bundle,ORIGA,013,data/external/kaggle/glaucoma_fundus_imaging_bundle/ORIGA/Images/013.jpg,data/external/kaggle/glaucoma_fundus_imaging_bundle/ORIGA/Masks/013.png,ORIGA_013,train
glaucoma_fundus_imaging_bundle,ORIGA,014,data/external/kaggle/glaucoma_fundus_imaging_bundle/ORIGA/Images/014.jpg,data/external/kaggle/glaucoma_fundus_imaging_bundle/ORIGA/Masks/014.png,ORIGA_014,train
glaucoma_fundus_imaging_bundle,ORIGA,015,data/external/kaggle/glaucoma_fundus_imaging_bundle/ORIGA/Images/015.jpg,data/external/kaggle/glaucoma_fundus_imaging_bundle/ORIGA/Masks/015.png,ORIGA_015,train
glaucoma_fundus_imaging_bundle,ORIGA,016,data/external/kaggle/glaucoma_fundus_imaging_bundle/ORIGA/Images/016.jpg,data/external/kaggle/glaucoma_fundus_imaging_bundle/ORIGA/Masks/016.png,ORIGA_016,train
glaucoma_fundus_imaging_bundle,ORIGA,017,data/external/kaggle/glaucoma_fundus_imaging_bundle/ORIGA/Images/017.jpg,data/external/kaggle/glaucoma_fundus_imaging_bundle/ORIGA/Masks/017.png,ORIGA_017,train
glaucoma_fundus_imaging_bundle,ORIGA,018,data/external/kaggle/glaucoma_fundus_imaging_bundle/ORIGA/Images/018.jpg,data/external/kaggle/glaucoma_fundus_imaging_bundle/ORIGA/Masks/018.png,ORIGA_018,train
glaucoma_fundus_imaging_bundle,ORIGA,019,data/external/kaggle/glaucoma_fundus_imaging_bundle/ORIGA/Images/019.jpg,data/external/kaggle/glaucoma_fundus_imaging_bundle/ORIGA/Masks/019.png,ORIGA_019,train
glaucoma_fundus_imaging_bundle,ORIGA,020,data/external/kaggle/glaucoma_fundus_imaging_bundle/ORIGA/Images/020.jpg,data/external/kaggle/glaucoma_fundus_imaging_bundle/ORIGA/Masks/020.png,ORIGA_020,train
glaucoma_fundus_imaging_bundle,ORIGA,021,data/external/kaggle/glaucoma_fundus_imaging_bundle/ORIGA/Images/021.jpg,data/external/kaggle/glaucoma_fundus_imaging_bundle/ORIGA/Masks/021.png,ORIGA_021,train
glaucoma_fundus_imaging_bundle,ORIGA,022,data/external/kaggle/glaucoma_fundus_imaging_bundle/ORIGA/Images/022.jpg,data/external/kaggle/glaucoma_fundus_imaging_bundle/ORIGA/Masks/022.png,ORIGA_022,train
glaucoma_fundus_imaging_bundle,ORIGA,023,data/external/kaggle/glaucoma_fundus_imaging_bundle/ORIGA/Images/023.jpg,data/external/kaggle/glaucoma_fundus_imaging_bundle/ORIGA/Masks/023.png,ORIGA_023,train
glaucoma_fundus_imaging_bundle,ORIGA,024,data/external/kaggle/glaucoma_fundus_imaging_bundle/ORIGA/Images/024.jpg,data/external/kaggle/glaucoma_fundus_imaging_bundle/ORIGA/Masks/024.png,ORIGA_024,test
glaucoma_fundus_imaging_bundle,ORIGA,025,data/external/kaggle/glaucoma_fundus_imaging_bundle/ORIGA/Images/025.jpg,data/external/kaggle/glaucoma_fundus_imaging_bundle/ORIGA/Masks/025.png,ORIGA_025,val
glaucoma_fundus_imaging_bundle,ORIGA,026,data/external/kaggle/glaucoma_fundus_imaging_bundle/ORIGA/Images/026.jpg,data/external/kaggle/glaucoma_fundus_imaging_bundle/ORIGA/Masks/026.png,ORIGA_026,train
glaucoma_fundus_imaging_bundle,ORIGA,027,data/external/kaggle/glaucoma_fundus_imaging_bundle/ORIGA/Images/027.jpg,data/external/kaggle/glaucoma_fundus_imaging_bundle/ORIGA/Masks/027.png,ORIGA_027,train
glaucoma_fundus_imaging_bundle,ORIGA,028,data/external/kaggle/glaucoma_fundus_imaging_bundle/ORIGA/Images/028.jpg,data/external/kaggle/glaucoma_fundus_imaging_bundle/ORIGA/Masks/028.png,ORIGA_028,train
glaucoma_fundus_imaging_bundle,ORIGA,029,data/external/kaggle/glaucoma_fundus_imaging_bundle/ORIGA/Images/029.jpg,data/external/kaggle/glaucoma_fundus_imaging_bundle/ORIGA/Masks/029.png,ORIGA_029,train
glaucoma_fundus_imaging_bundle,ORIGA,030,data/external/kaggle/glaucoma_fundus_imaging_bundle/ORIGA/Images/030.jpg,data/external/kaggle/glaucoma_fundus_imaging_bundle/ORIGA/Masks/030.png,ORIGA_030,val
glaucoma_fundus_imaging_bundle,ORIGA,031,data/external/kaggle/glaucoma_fundus_imaging_bundle/ORIGA/Images/031.jpg,data/external/kaggle/glaucoma_fundus_imaging_bundle/ORIGA/Masks/031.png,ORIGA_031,val
glaucoma_fundus_imaging_bundle,ORIGA,032,data/external/kaggle/glaucoma_fundus_imaging_bundle/ORIGA/Images/032.jpg,data/external/kaggle/glaucoma_fundus_imaging_bundle/ORIGA/Masks/032.png,ORIGA_032,test
glaucoma_fundus_imaging_bundle,ORIGA,033,data/external/kaggle/glaucoma_fundus_imaging_bundle/ORIGA/Images/033.jpg,data/external/kaggle/glaucoma_fundus_imaging_bundle/ORIGA/Masks/033.png,ORIGA_033,train
glaucoma_fundus_imaging_bundle,ORIGA,034,data/external/kaggle/glaucoma_fundus_imaging_bundle/ORIGA/Images/034.jpg,data/external/kaggle/glaucoma_fundus_imaging_bundle/ORIGA/Masks/034.png,ORIGA_034,train
glaucoma_fundus_imaging_bundle,ORIGA,035,data/external/kaggle/glaucoma_fundus_imaging_bundle/ORIGA/Images/035.jpg,data/external/kaggle/glaucoma_fundus_imaging_bundle/ORIGA/Masks/035.png,ORIGA_035,train
glaucoma_fundus_imaging_bundle,ORIGA,036,data/external/kaggle/glaucoma_fundus_imaging_bundle/ORIGA/Images/036.jpg,data/external/kaggle/glaucoma_fundus_imaging_bundle/ORIGA/Masks/036.png,ORIGA_036,train
glaucoma_fundus_imaging_bundle,ORIGA,037,data/external/kaggle/glaucoma_fundus_imaging_bundle/ORIGA/Images/037.jpg,data/external/kaggle/glaucoma_fundus_imaging_bundle/ORIGA/Masks/037.png,ORIGA_037,train
glaucoma_fundus_imaging_bundle,ORIGA,038,data/external/kaggle/glaucoma_fundus_imaging_bundle/ORIGA/Images/038.jpg,data/external/kaggle/glaucoma_fundus_imaging_bundle/ORIGA/Masks/038.png,ORIGA_038,train
glaucoma_fundus_imaging_bundle,ORIGA,039,data/external/kaggle/glaucoma_fundus_imaging_bundle/ORIGA/Images/039.jpg,data/external/kaggle/glaucoma_fundus_imaging_bundle/ORIGA/Masks/039.png,ORIGA_039,train
glaucoma_fundus_imaging_bundle,ORIGA,040,data/external/kaggle/glaucoma_fundus_imaging_bundle/ORIGA/Images/040.jpg,data/external/kaggle/glaucoma_fundus_imaging_bundle/ORIGA/Masks/040.png,ORIGA_040,test
glaucoma_fundus_imaging_bundle,ORIGA,041,data/external/kaggle/glaucoma_fundus_imaging_bundle/ORIGA/Images/041.jpg,data/external/kaggle/glaucoma_fundus_imaging_bundle/ORIGA/Masks/041.png,ORIGA_041,train
glaucoma_fundus_imaging_bundle,ORIGA,042,data/external/kaggle/glaucoma_fundus_imaging_bundle/ORIGA/Images/042.jpg,data/external/kaggle/glaucoma_fundus_imaging_bundle/ORIGA/Masks/042.png,ORIGA_042,val
glaucoma_fundus_imaging_bundle,ORIGA,043,data/external/kaggle/glaucoma_fundus_imaging_bundle/ORIGA/Images/043.jpg,data/external/kaggle/glaucoma_fundus_imaging_bundle/ORIGA/Masks/043.png,ORIGA_043,test
glaucoma_fundus_imaging_bundle,ORIGA,044,data/external/kaggle/glaucoma_fundus_imaging_bundle/ORIGA/Images/044.jpg,data/external/kaggle/glaucoma_fundus_imaging_bundle/ORIGA/Masks/044.png,ORIGA_044,test
glaucoma_fundus_imaging_bundle,ORIGA,045,data/external/kaggle/glaucoma_fundus_imaging_bundle/ORIGA/Images/045.jpg,data/external/kaggle/glaucoma_fundus_imaging_bundle/ORIGA/Masks/045.png,ORIGA_045,val
glaucoma_fundus_imaging_bundle,ORIGA,046,data/external/kaggle/glaucoma_fundus_imaging_bundle/ORIGA/Images/046.jpg,data/external/kaggle/glaucoma_fundus_imaging_bundle/ORIGA/Masks/046.png,ORIGA_046,train
glaucoma_fundus_imaging_bundle,ORIGA,047,data/external/kaggle/glaucoma_fundus_imaging_bundle/ORIGA/Images/047.jpg,data/external/kaggle/glaucoma_fundus_imaging_bundle/ORIGA/Masks/047.png,ORIGA_047,train
glaucoma_fundus_imaging_bundle,ORIGA,048,data/external/kaggle/glaucoma_fundus_imaging_bundle/ORIGA/Images/048.jpg,data/external/kaggle/glaucoma_fundus_imaging_bundle/ORIGA/Masks/048.png,ORIGA_048,train
glaucoma_fundus_imaging_bundle,ORIGA,049,data/external/kaggle/glaucoma_fundus_imaging_bundle/ORIGA/Images/049.jpg,data/external/kaggle/glaucoma_fundus_imaging_bundle/ORIGA/Masks/049.png,ORIGA_049,train
glaucoma_fundus_imaging_bundle,ORIGA,050,data/external/kaggle/glaucoma_fundus_imaging_bundle/ORIGA/Images/050.jpg,data/external/kaggle/glaucoma_fundus_imaging_bundle/ORIGA/Masks/050.png,ORIGA_050,val
glaucoma_fundus_imaging_bundle,ORIGA,051,data/external/kaggle/glaucoma_fundus_imaging_bundle/ORIGA/Images/051.jpg,data/external/kaggle/glaucoma_fundus_imaging_bundle/ORIGA/Masks/051.png,ORIGA_051,train
glaucoma_fundus_imaging_bundle,ORIGA,052,data/external/kaggle/glaucoma_fundus_imaging_bundle/ORIGA/Images/052.jpg,data/external/kaggle/glaucoma_fundus_imaging_bundle/ORIGA/Masks/052.png,ORIGA_052,train
glaucoma_fundus_imaging_bundle,ORIGA,053,data/external/kaggle/glaucoma_fundus_imaging_bundle/ORIGA/Images/053.jpg,data/external/kaggle/glaucoma_fundus_imaging_bundle/ORIGA/Masks/053.png,ORIGA_053,train
glaucoma_fundus_imaging_bundle,ORIGA,054,data/external/kaggle/glaucoma_fundus_imaging_bundle/ORIGA/Images/054.jpg,data/external/kaggle/glaucoma_fundus_imaging_bundle/ORIGA/Masks/054.png,ORIGA_054,train
glaucoma_fundus_imaging_bundle,ORIGA,055,data/external/kaggle/glaucoma_fundus_imaging_bundle/ORIGA/Images/055.jpg,data/external/kaggle/glaucoma_fundus_imaging_bundle/ORIGA/Masks/055.png,ORIGA_055,val
glaucoma_fundus_imaging_bundle,ORIGA,056,data/external/kaggle/glaucoma_fundus_imaging_bundle/ORIGA/Images/056.jpg,data/external/kaggle/glaucoma_fundus_imaging_bundle/ORIGA/Masks/056.png,ORIGA_056,test
glaucoma_fundus_imaging_bundle,ORIGA,057,data/external/kaggle/glaucoma_fundus_imaging_bundle/ORIGA/Images/057.jpg,data/external/kaggle/glaucoma_fundus_imaging_bundle/ORIGA/Masks/057.png,ORIGA_057,test
glaucoma_fundus_imaging_bundle,ORIGA,058,data/external/kaggle/glaucoma_fundus_imaging_bundle/ORIGA/Images/058.jpg,data/external/kaggle/glaucoma_fundus_imaging_bundle/ORIGA/Masks/058.png,ORIGA_058,train
glaucoma_fundus_imaging_bundle,ORIGA,059,data/external/kaggle/glaucoma_fundus_imaging_bundle/ORIGA/Images/059.jpg,data/external/kaggle/glaucoma_fundus_imaging_bundle/ORIGA/Masks/059.png,ORIGA_059,train
glaucoma_fundus_imaging_bundle,ORIGA,060,data/external/kaggle/glaucoma_fundus_imaging_bundle/ORIGA/Images/060.jpg,data/external/kaggle/glaucoma_fundus_imaging_bundle/ORIGA/Masks/060.png,ORIGA_060,train
glaucoma_fundus_imaging_bundle,ORIGA,061,data/external/kaggle/glaucoma_fundus_imaging_bundle/ORIGA/Images/061.jpg,data/external/kaggle/glaucoma_fundus_imaging_bundle/ORIGA/Masks/061.png,ORIGA_061,test
glaucoma_fundus_imaging_bundle,ORIGA,062,data/external/kaggle/glaucoma_fundus_imaging_bundle/ORIGA/Images/062.jpg,data/external/kaggle/glaucoma_fundus_imaging_bundle/ORIGA/Masks/062.png,ORIGA_062,train
glaucoma_fundus_imaging_bundle,ORIGA,063,data/external/kaggle/glaucoma_fundus_imaging_bundle/ORIGA/Images/063.jpg,data/external/kaggle/glaucoma_fundus_imaging_bundle/ORIGA/Masks/063.png,ORIGA_063,train
glaucoma_fundus_imaging_bundle,ORIGA,064,data/external/kaggle/glaucoma_fundus_imaging_bundle/ORIGA/Images/064.jpg,data/external/kaggle/glaucoma_fundus_imaging_bundle/ORIGA/Masks/064.png,ORIGA_064,val
glaucoma_fundus_imaging_bundle,ORIGA,065,data/external/kaggle/glaucoma_fundus_imaging_bundle/ORIGA/Images/065.jpg,data/external/kaggle/glaucoma_fundus_imaging_bundle/ORIGA/Masks/065.png,ORIGA_065,train
glaucoma_fundus_imaging_bundle,ORIGA,066,data/external/kaggle/glaucoma_fundus_imaging_bundle/ORIGA/Images/066.jpg,data/external/kaggle/glaucoma_fundus_imaging_bundle/ORIGA/Masks/066.png,ORIGA_066,val
glaucoma_fundus_imaging_bundle,ORIGA,067,data/external/kaggle/glaucoma_fundus_imaging_bundle/ORIGA/Images/067.jpg,data/external/kaggle/glaucoma_fundus_imaging_bundle/ORIGA/Masks/067.png,ORIGA_067,test
glaucoma_fundus_imaging_bundle,ORIGA,068,data/external/kaggle/glaucoma_fundus_imaging_bundle/ORIGA/Images/068.jpg,data/external/kaggle/glaucoma_fundus_imaging_bundle/ORIGA/Masks/068.png,ORIGA_068,train
glaucoma_fundus_imaging_bundle,ORIGA,069,data/external/kaggle/glaucoma_fundus_imaging_bundle/ORIGA/Images/069.jpg,data/external/kaggle/glaucoma_fundus_imaging_bundle/ORIGA/Masks/069.png,ORIGA_069,train
glaucoma_fundus_imaging_bundle,ORIGA,070,data/external/kaggle/glaucoma_fundus_imaging_bundle/ORIGA/Images/070.jpg,data/external/kaggle/glaucoma_fundus_imaging_bundle/ORIGA/Masks/070.png,ORIGA_070,test
glaucoma_fundus_imaging_bundle,ORIGA,071,data/external/kaggle/glaucoma_fundus_imaging_bundle/ORIGA/Images/071.jpg,data/external/kaggle/glaucoma_fundus_imaging_bundle/ORIGA/Masks/071.png,ORIGA_071,test
glaucoma_fundus_imaging_bundle,ORIGA,072,data/external/kaggle/glaucoma_fundus_imaging_bundle/ORIGA/Images/072.jpg,data/external/kaggle/glaucoma_fundus_imaging_bundle/ORIGA/Masks/072.png,ORIGA_072,train
glaucoma_fundus_imaging_bundle,ORIGA,073,data/external/kaggle/glaucoma_fundus_imaging_bundle/ORIGA/Images/073.jpg,data/external/kaggle/glaucoma_fundus_imaging_bundle/ORIGA/Masks/073.png,ORIGA_073,test
glaucoma_fundus_imaging_bundle,ORIGA,074,data/external/kaggle/glaucoma_fundus_imaging_bundle/ORIGA/Images/074.jpg,data/external/kaggle/glaucoma_fundus_imaging_bundle/ORIGA/Masks/074.png,ORIGA_074,val
glaucoma_fundus_imaging_bundle,ORIGA,075,data/external/kaggle/glaucoma_fundus_imaging_bundle/ORIGA/Images/075.jpg,data/external/kaggle/glaucoma_fundus_imaging_bundle/ORIGA/Masks/075.png,ORIGA_075,train
glaucoma_fundus_imaging_bundle,ORIGA,076,data/external/kaggle/glaucoma_fundus_imaging_bundle/ORIGA/Images/076.jpg,data/external/kaggle/glaucoma_fundus_imaging_bundle/ORIGA/Masks/076.png,ORIGA_076,train
glaucoma_fundus_imaging_bundle,ORIGA,077,data/external/kaggle/glaucoma_fundus_imaging_bundle/ORIGA/Images/077.jpg,data/external/kaggle/glaucoma_fundus_imaging_bundle/ORIGA/Masks/077.png,ORIGA_077,val
glaucoma_fundus_imaging_bundle,ORIGA,078,data/external/kaggle/glaucoma_fundus_imaging_bundle/ORIGA/Images/078.jpg,data/external/kaggle/glaucoma_fundus_imaging_bundle/ORIGA/Masks/078.png,ORIGA_078,val
glaucoma_fundus_imaging_bundle,ORIGA,079,data/external/kaggle/glaucoma_fundus_imaging_bundle/ORIGA/Images/079.jpg,data/external/kaggle/glaucoma_fundus_imaging_bundle/ORIGA/Masks/079.png,ORIGA_079,test
glaucoma_fundus_imaging_bundle,ORIGA,080,data/external/kaggle/glaucoma_fundus_imaging_bundle/ORIGA/Images/080.jpg,data/external/kaggle/glaucoma_fundus_imaging_bundle/ORIGA/Masks/080.png,ORIGA_080,val
glaucoma_fundus_imaging_bundle,ORIGA,081,data/external/kaggle/glaucoma_fundus_imaging_bundle/ORIGA/Images/081.jpg,data/external/kaggle/glaucoma_fundus_imaging_bundle/ORIGA/Masks/081.png,ORIGA_081,train
glaucoma_fundus_imaging_bundle,ORIGA,082,data/external/kaggle/glaucoma_fundus_imaging_bundle/ORIGA/Images/082.jpg,data/external/kaggle/glaucoma_fundus_imaging_bundle/ORIGA/Masks/082.png,ORIGA_082,val
glaucoma_fundus_imaging_bundle,ORIGA,083,data/external/kaggle/glaucoma_fundus_imaging_bundle/ORIGA/Images/083.jpg,data/external/kaggle/glaucoma_fundus_imaging_bundle/ORIGA/Masks/083.png,ORIGA_083,val
glaucoma_fundus_imaging_bundle,ORIGA,084,data/external/kaggle/glaucoma_fundus_imaging_bundle/ORIGA/Images/084.jpg,data/external/kaggle/glaucoma_fundus_imaging_bundle/ORIGA/Masks/084.png,ORIGA_084,val
glaucoma_fundus_imaging_bundle,ORIGA,085,data/external/kaggle/glaucoma_fundus_imaging_bundle/ORIGA/Images/085.jpg,data/external/kaggle/glaucoma_fundus_imaging_bundle/ORIGA/Masks/085.png,ORIGA_085,train
glaucoma_fundus_imaging_bundle,ORIGA,086,data/external/kaggle/glaucoma_fundus_imaging_bundle/ORIGA/Images/086.jpg,data/external/kaggle/glaucoma_fundus_imaging_bundle/ORIGA/Masks/086.png,ORIGA_086,train
glaucoma_fundus_imaging_bundle,ORIGA,087,data/external/kaggle/glaucoma_fundus_imaging_bundle/ORIGA/Images/087.jpg,data/external/kaggle/glaucoma_fundus_imaging_bundle/ORIGA/Masks/087.png,ORIGA_087,val
glaucoma_fundus_imaging_bundle,ORIGA,088,data/external/kaggle/glaucoma_fundus_imaging_bundle/ORIGA/Images/088.jpg,data/external/kaggle/glaucoma_fundus_imaging_bundle/ORIGA/Masks/088.png,ORIGA_088,train
glaucoma_fundus_imaging_bundle,ORIGA,089,data/external/kaggle/glaucoma_fundus_imaging_bundle/ORIGA/Images/089.jpg,data/external/kaggle/glaucoma_fundus_imaging_bundle/ORIGA/Masks/089.png,ORIGA_089,train
glaucoma_fundus_imaging_bundle,ORIGA,090,data/external/kaggle/glaucoma_fundus_imaging_bundle/ORIGA/Images/090.jpg,data/external/kaggle/glaucoma_fundus_imaging_bundle/ORIGA/Masks/090.png,ORIGA_090,train
glaucoma_fundus_imaging_bundle,ORIGA,091,data/external/kaggle/glaucoma_fundus_imaging_bundle/ORIGA/Images/091.jpg,data/external/kaggle/glaucoma_fundus_imaging_bundle/ORIGA/Masks/091.png,ORIGA_091,test
glaucoma_fundus_imaging_bundle,ORIGA,092,data/external/kaggle/glaucoma_fundus_imaging_bundle/ORIGA/Images/092.jpg,data/external/kaggle/glaucoma_fundus_imaging_bundle/ORIGA/Masks/092.png,ORIGA_092,train
glaucoma_fundus_imaging_bundle,ORIGA,093,data/external/kaggle/glaucoma_fundus_imaging_bundle/ORIGA/Images/093.jpg,data/external/kaggle/glaucoma_fundus_imaging_bundle/ORIGA/Masks/093.png,ORIGA_093,train
glaucoma_fundus_imaging_bundle,ORIGA,094,data/external/kaggle/glaucoma_fundus_imaging_bundle/ORIGA/Images/094.jpg,data/external/kaggle/glaucoma_fundus_imaging_bundle/ORIGA/Masks/094.png,ORIGA_094,train
glaucoma_fundus_imaging_bundle,ORIGA,095,data/external/kaggle/glaucoma_fundus_imaging_bundle/ORIGA/Images/095.jpg,data/external/kaggle/glaucoma_fundus_imaging_bundle/ORIGA/Masks/095.png,ORIGA_095,train
glaucoma_fundus_imaging_bundle,ORIGA,096,data/external/kaggle/glaucoma_fundus_imaging_bundle/ORIGA/Images/096.jpg,data/external/kaggle/glaucoma_fundus_imaging_bundle/ORIGA/Masks/096.png,ORIGA_096,train
glaucoma_fundus_imaging_bundle,ORIGA,097,data/external/kaggle/glaucoma_fundus_imaging_bundle/ORIGA/Images/097.jpg,data/external/kaggle/glaucoma_fundus_imaging_bundle/ORIGA/Masks/097.png,ORIGA_097,train
glaucoma_fundus_imaging_bundle,ORIGA,098,data/external/kaggle/glaucoma_fundus_imaging_bundle/ORIGA/Images/098.jpg,data/external/kaggle/glaucoma_fundus_imaging_bundle/ORIGA/Masks/098.png,ORIGA_098,train
glaucoma_fundus_imaging_bundle,ORIGA,099,data/external/kaggle/glaucoma_fundus_imaging_bundle/ORIGA/Images/099.jpg,data/external/kaggle/glaucoma_fundus_imaging_bundle/ORIGA/Masks/099.png,ORIGA_099,train
glaucoma_fundus_imaging_bundle,ORIGA,100,data/external/kaggle/glaucoma_fundus_imaging_bundle/ORIGA/Images/100.jpg,data/external/kaggle/glaucoma_fundus_imaging_bundle/ORIGA/Masks/100.png,ORIGA_100,train
glaucoma_fundus_imaging_bundle,ORIGA,101,data/external/kaggle/glaucoma_fundus_imaging_bundle/ORIGA/Images/101.jpg,data/external/kaggle/glaucoma_fundus_imaging_bundle/ORIGA/Masks/101.png,ORIGA_101,train
glaucoma_fundus_imaging_bundle,ORIGA,102,data/external/kaggle/glaucoma_fundus_imaging_bundle/ORIGA/Images/102.jpg,data/external/kaggle/glaucoma_fundus_imaging_bundle/ORIGA/Masks/102.png,ORIGA_102,test
glaucoma_fundus_imaging_bundle,ORIGA,103,data/external/kaggle/glaucoma_fundus_imaging_bundle/ORIGA/Images/103.jpg,data/external/kaggle/glaucoma_fundus_imaging_bundle/ORIGA/Masks/103.png,ORIGA_103,train
glaucoma_fundus_imaging_bundle,ORIGA,104,data/external/kaggle/glaucoma_fundus_imaging_bundle/ORIGA/Images/104.jpg,data/external/kaggle/glaucoma_fundus_imaging_bundle/ORIGA/Masks/104.png,ORIGA_104,train
glaucoma_fundus_imaging_bundle,ORIGA,105,data/external/kaggle/glaucoma_fundus_imaging_bundle/ORIGA/Images/105.jpg,data/external/kaggle/glaucoma_fundus_imaging_bundle/ORIGA/Masks/105.png,ORIGA_105,val
glaucoma_fundus_imaging_bundle,ORIGA,106,data/external/kaggle/glaucoma_fundus_imaging_bundle/ORIGA/Images/106.jpg,data/external/kaggle/glaucoma_fundus_imaging_bundle/ORIGA/Masks/106.png,ORIGA_106,train
glaucoma_fundus_imaging_bundle,ORIGA,107,data/external/kaggle/glaucoma_fundus_imaging_bundle/ORIGA/Images/107.jpg,data/external/kaggle/glaucoma_fundus_imaging_bundle/ORIGA/Masks/107.png,ORIGA_107,train
glaucoma_fundus_imaging_bundle,ORIGA,108,data/external/kaggle/glaucoma_fundus_imaging_bundle/ORIGA/Images/108.jpg,data/external/kaggle/glaucoma_fundus_imaging_bundle/ORIGA/Masks/108.png,ORIGA_108,train
glaucoma_fundus_imaging_bundle,ORIGA,109,data/external/kaggle/glaucoma_fundus_imaging_bundle/ORIGA/Images/109.jpg,data/external/kaggle/glaucoma_fundus_imaging_bundle/ORIGA/Masks/109.png,ORIGA_109,test
glaucoma_fundus_imaging_bundle,ORIGA,110,data/external/kaggle/glaucoma_fundus_imaging_bundle/ORIGA/Images/110.jpg,data/external/kaggle/glaucoma_fundus_imaging_bundle/ORIGA/Masks/110.png,ORIGA_110,test
glaucoma_fundus_imaging_bundle,ORIGA,111,data/external/kaggle/glaucoma_fundus_imaging_bundle/ORIGA/Images/111.jpg,data/external/kaggle/glaucoma_fundus_imaging_bundle/ORIGA/Masks/111.png,ORIGA_111,test
glaucoma_fundus_imaging_bundle,ORIGA,112,data/external/kaggle/glaucoma_fundus_imaging_bundle/ORIGA/Images/112.jpg,data/external/kaggle/glaucoma_fundus_imaging_bundle/ORIGA/Masks/112.png,ORIGA_112,train
glaucoma_fundus_imaging_bundle,ORIGA,113,data/external/kaggle/glaucoma_fundus_imaging_bundle/ORIGA/Images/113.jpg,data/external/kaggle/glaucoma_fundus_imaging_bundle/ORIGA/Masks/113.png,ORIGA_113,train
glaucoma_fundus_imaging_bundle,ORIGA,114,data/external/kaggle/glaucoma_fundus_imaging_bundle/ORIGA/Images/114.jpg,data/external/kaggle/glaucoma_fundus_imaging_bundle/ORIGA/Masks/114.png,ORIGA_114,train
glaucoma_fundus_imaging_bundle,ORIGA,115,data/external/kaggle/glaucoma_fundus_imaging_bundle/ORIGA/Images/115.jpg,data/external/kaggle/glaucoma_fundus_imaging_bundle/ORIGA/Masks/115.png,ORIGA_115,val
glaucoma_fundus_imaging_bundle,ORIGA,116,data/external/kaggle/glaucoma_fundus_imaging_bundle/ORIGA/Images/116.jpg,data/external/kaggle/glaucoma_fundus_imaging_bundle/ORIGA/Masks/116.png,ORIGA_116,train
glaucoma_fundus_imaging_bundle,ORIGA,117,data/external/kaggle/glaucoma_fundus_imaging_bundle/ORIGA/Images/117.jpg,data/external/kaggle/glaucoma_fundus_imaging_bundle/ORIGA/Masks/117.png,ORIGA_117,train
glaucoma_fundus_imaging_bundle,ORIGA,118,data/external/kaggle/glaucoma_fundus_imaging_bundle/ORIGA/Images/118.jpg,data/external/kaggle/glaucoma_fundus_imaging_bundle/ORIGA/Masks/118.png,ORIGA_118,train
glaucoma_fundus_imaging_bundle,ORIGA,119,data/external/kaggle/glaucoma_fundus_imaging_bundle/ORIGA/Images/119.jpg,data/external/kaggle/glaucoma_fundus_imaging_bundle/ORIGA/Masks/119.png,ORIGA_119,val
glaucoma_fundus_imaging_bundle,ORIGA,120,data/external/kaggle/glaucoma_fundus_imaging_bundle/ORIGA/Images/120.jpg,data/external/kaggle/glaucoma_fundus_imaging_bundle/ORIGA/Masks/120.png,ORIGA_120,train
glaucoma_fundus_imaging_bundle,ORIGA,121,data/external/kaggle/glaucoma_fundus_imaging_bundle/ORIGA/Images/121.jpg,data/external/kaggle/glaucoma_fundus_imaging_bundle/ORIGA/Masks/121.png,ORIGA_121,train
glaucoma_fundus_imaging_bundle,ORIGA,122,data/external/kaggle/glaucoma_fundus_imaging_bundle/ORIGA/Images/122.jpg,data/external/kaggle/glaucoma_fundus_imaging_bundle/ORIGA/Masks/122.png,ORIGA_122,train
glaucoma_fundus_imaging_bundle,ORIGA,123,data/external/kaggle/glaucoma_fundus_imaging_bundle/ORIGA/Images/123.jpg,data/external/kaggle/glaucoma_fundus_imaging_bundle/ORIGA/Masks/123.png,ORIGA_123,train
glaucoma_fundus_imaging_bundle,ORIGA,124,data/external/kaggle/glaucoma_fundus_imaging_bundle/ORIGA/Images/124.jpg,data/external/kaggle/glaucoma_fundus_imaging_bundle/ORIGA/Masks/124.png,ORIGA_124,train
glaucoma_fundus_imaging_bundle,ORIGA,125,data/external/kaggle/glaucoma_fundus_imaging_bundle/ORIGA/Images/125.jpg,data/external/kaggle/glaucoma_fundus_imaging_bundle/ORIGA/Masks/125.png,ORIGA_125,train
glaucoma_fundus_imaging_bundle,ORIGA,126,data/external/kaggle/glaucoma_fundus_imaging_bundle/ORIGA/Images/126.jpg,data/external/kaggle/glaucoma_fundus_imaging_bundle/ORIGA/Masks/126.png,ORIGA_126,train
glaucoma_fundus_imaging_bundle,ORIGA,127,data/external/kaggle/glaucoma_fundus_imaging_bundle/ORIGA/Images/127.jpg,data/external/kaggle/glaucoma_fundus_imaging_bundle/ORIGA/Masks/127.png,ORIGA_127,train
glaucoma_fundus_imaging_bundle,ORIGA,128,data/external/kaggle/glaucoma_fundus_imaging_bundle/ORIGA/Images/128.jpg,data/external/kaggle/glaucoma_fundus_imaging_bundle/ORIGA/Masks/128.png,ORIGA_128,train
glaucoma_fundus_imaging_bundle,ORIGA,129,data/external/kaggle/glaucoma_fundus_imaging_bundle/ORIGA/Images/129.jpg,data/external/kaggle/glaucoma_fundus_imaging_bundle/ORIGA/Masks/129.png,ORIGA_129,train
glaucoma_fundus_imaging_bundle,ORIGA,130,data/external/kaggle/glaucoma_fundus_imaging_bundle/ORIGA/Images/130.jpg,data/external/kaggle/glaucoma_fundus_imaging_bundle/ORIGA/Masks/130.png,ORIGA_130,train
glaucoma_fundus_imaging_bundle,ORIGA,131,data/external/kaggle/glaucoma_fundus_imaging_bundle/ORIGA/Images/131.jpg,data/external/kaggle/glaucoma_fundus_imaging_bundle/ORIGA/Masks/131.png,ORIGA_131,train
glaucoma_fundus_imaging_bundle,ORIGA,132,data/external/kaggle/glaucoma_fundus_imaging_bundle/ORIGA/Images/132.jpg,data/external/kaggle/glaucoma_fundus_imaging_bundle/ORIGA/Masks/132.png,ORIGA_132,val
glaucoma_fundus_imaging_bundle,ORIGA,133,data/external/kaggle/glaucoma_fundus_imaging_bundle/ORIGA/Images/133.jpg,data/external/kaggle/glaucoma_fundus_imaging_bundle/ORIGA/Masks/133.png,ORIGA_133,val
glaucoma_fundus_imaging_bundle,ORIGA,134,data/external/kaggle/glaucoma_fundus_imaging_bundle/ORIGA/Images/134.jpg,data/external/kaggle/glaucoma_fundus_imaging_bundle/ORIGA/Masks/134.png,ORIGA_134,test
glaucoma_fundus_imaging_bundle,ORIGA,135,data/external/kaggle/glaucoma_fundus_imaging_bundle/ORIGA/Images/135.jpg,data/external/kaggle/glaucoma_fundus_imaging_bundle/ORIGA/Masks/135.png,ORIGA_135,train
glaucoma_fundus_imaging_bundle,ORIGA,136,data/external/kaggle/glaucoma_fundus_imaging_bundle/ORIGA/Images/136.jpg,data/external/kaggle/glaucoma_fundus_imaging_bundle/ORIGA/Masks/136.png,ORIGA_136,test
glaucoma_fundus_imaging_bundle,ORIGA,137,data/external/kaggle/glaucoma_fundus_imaging_bundle/ORIGA/Images/137.jpg,data/external/kaggle/glaucoma_fundus_imaging_bundle/ORIGA/Masks/137.png,ORIGA_137,train
glaucoma_fundus_imaging_bundle,ORIGA,138,data/external/kaggle/glaucoma_fundus_imaging_bundle/ORIGA/Images/138.jpg,data/external/kaggle/glaucoma_fundus_imaging_bundle/ORIGA/Masks/138.png,ORIGA_138,test
glaucoma_fundus_imaging_bundle,ORIGA,139,data/external/kaggle/glaucoma_fundus_imaging_bundle/ORIGA/Images/139.jpg,data/external/kaggle/glaucoma_fundus_imaging_bundle/ORIGA/Masks/139.png,ORIGA_139,train
glaucoma_fundus_imaging_bundle,ORIGA,140,data/external/kaggle/glaucoma_fundus_imaging_bundle/ORIGA/Images/140.jpg,data/external/kaggle/glaucoma_fundus_imaging_bundle/ORIGA/Masks/140.png,ORIGA_140,train
glaucoma_fundus_imaging_bundle,ORIGA,141,data/external/kaggle/glaucoma_fundus_imaging_bundle/ORIGA/Images/141.jpg,data/external/kaggle/glaucoma_fundus_imaging_bundle/ORIGA/Masks/141.png,ORIGA_141,val
glaucoma_fundus_imaging_bundle,ORIGA,142,data/external/kaggle/glaucoma_fundus_imaging_bundle/ORIGA/Images/142.jpg,data/external/kaggle/glaucoma_fundus_imaging_bundle/ORIGA/Masks/142.png,ORIGA_142,train
glaucoma_fundus_imaging_bundle,ORIGA,143,data/external/kaggle/glaucoma_fundus_imaging_bundle/ORIGA/Images/143.jpg,data/external/kaggle/glaucoma_fundus_imaging_bundle/ORIGA/Masks/143.png,ORIGA_143,train
glaucoma_fundus_imaging_bundle,ORIGA,144,data/external/kaggle/glaucoma_fundus_imaging_bundle/ORIGA/Images/144.jpg,data/external/kaggle/glaucoma_fundus_imaging_bundle/ORIGA/Masks/144.png,ORIGA_144,train
glaucoma_fundus_imaging_bundle,ORIGA,145,data/external/kaggle/glaucoma_fundus_imaging_bundle/ORIGA/Images/145.jpg,data/external/kaggle/glaucoma_fundus_imaging_bundle/ORIGA/Masks/145.png,ORIGA_145,train
glaucoma_fundus_imaging_bundle,ORIGA,146,data/external/kaggle/glaucoma_fundus_imaging_bundle/ORIGA/Images/146.jpg,data/external/kaggle/glaucoma_fundus_imaging_bundle/ORIGA/Masks/146.png,ORIGA_146,val
glaucoma_fundus_imaging_bundle,ORIGA,147,data/external/kaggle/glaucoma_fundus_imaging_bundle/ORIGA/Images/147.jpg,data/external/kaggle/glaucoma_fundus_imaging_bundle/ORIGA/Masks/147.png,ORIGA_147,train
glaucoma_fundus_imaging_bundle,ORIGA,148,data/external/kaggle/glaucoma_fundus_imaging_bundle/ORIGA/Images/148.jpg,data/external/kaggle/glaucoma_fundus_imaging_bundle/ORIGA/Masks/148.png,ORIGA_148,train
glaucoma_fundus_imaging_bundle,ORIGA,149,data/external/kaggle/glaucoma_fundus_imaging_bundle/ORIGA/Images/149.jpg,data/external/kaggle/glaucoma_fundus_imaging_bundle/ORIGA/Masks/149.png,ORIGA_149,val
glaucoma_fundus_imaging_bundle,ORIGA,150,data/external/kaggle/glaucoma_fundus_imaging_bundle/ORIGA/Images/150.jpg,data/external/kaggle/glaucoma_fundus_imaging_bundle/ORIGA/Masks/150.png,ORIGA_150,train
glaucoma_fundus_imaging_bundle,ORIGA,151,data/external/kaggle/glaucoma_fundus_imaging_bundle/ORIGA/Images/151.jpg,data/external/kaggle/glaucoma_fundus_imaging_bundle/ORIGA/Masks/151.png,ORIGA_151,train
glaucoma_fundus_imaging_bundle,ORIGA,152,data/external/kaggle/glaucoma_fundus_imaging_bundle/ORIGA/Images/152.jpg,data/external/kaggle/glaucoma_fundus_imaging_bundle/ORIGA/Masks/152.png,ORIGA_152,train
glaucoma_fundus_imaging_bundle,ORIGA,153,data/external/kaggle/glaucoma_fundus_imaging_bundle/ORIGA/Images/153.jpg,data/external/kaggle/glaucoma_fundus_imaging_bundle/ORIGA/Masks/153.png,ORIGA_153,train
glaucoma_fundus_imaging_bundle,ORIGA,154,data/external/kaggle/glaucoma_fundus_imaging_bundle/ORIGA/Images/154.jpg,data/external/kaggle/glaucoma_fundus_imaging_bundle/ORIGA/Masks/154.png,ORIGA_154,train
glaucoma_fundus_imaging_bundle,ORIGA,155,data/external/kaggle/glaucoma_fundus_imaging_bundle/ORIGA/Images/155.jpg,data/external/kaggle/glaucoma_fundus_imaging_bundle/ORIGA/Masks/155.png,ORIGA_155,train
glaucoma_fundus_imaging_bundle,ORIGA,156,data/external/kaggle/glaucoma_fundus_imaging_bundle/ORIGA/Images/156.jpg,data/external/kaggle/glaucoma_fundus_imaging_bundle/ORIGA/Masks/156.png,ORIGA_156,val
glaucoma_fundus_imaging_bundle,ORIGA,157,data/external/kaggle/glaucoma_fundus_imaging_bundle/ORIGA/Images/157.jpg,data/external/kaggle/glaucoma_fundus_imaging_bundle/ORIGA/Masks/157.png,ORIGA_157,train
glaucoma_fundus_imaging_bundle,ORIGA,158,data/external/kaggle/glaucoma_fundus_imaging_bundle/ORIGA/Images/158.jpg,data/external/kaggle/glaucoma_fundus_imaging_bundle/ORIGA/Masks/158.png,ORIGA_158,train
glaucoma_fundus_imaging_bundle,ORIGA,159,data/external/kaggle/glaucoma_fundus_imaging_bundle/ORIGA/Images/159.jpg,data/external/kaggle/glaucoma_fundus_imaging_bundle/ORIGA/Masks/159.png,ORIGA_159,val
glaucoma_fundus_imaging_bundle,ORIGA,160,data/external/kaggle/glaucoma_fundus_imaging_bundle/ORIGA/Images/160.jpg,data/external/kaggle/glaucoma_fundus_imaging_bundle/ORIGA/Masks/160.png,ORIGA_160,train
glaucoma_fundus_imaging_bundle,ORIGA,161,data/external/kaggle/glaucoma_fundus_imaging_bundle/ORIGA/Images/161.jpg,data/external/kaggle/glaucoma_fundus_imaging_bundle/ORIGA/Masks/161.png,ORIGA_161,train
glaucoma_fundus_imaging_bundle,ORIGA,162,data/external/kaggle/glaucoma_fundus_imaging_bundle/ORIGA/Images/162.jpg,data/external/kaggle/glaucoma_fundus_imaging_bundle/ORIGA/Masks/162.png,ORIGA_162,train
glaucoma_fundus_imaging_bundle,ORIGA,163,data/external/kaggle/glaucoma_fundus_imaging_bundle/ORIGA/Images/163.jpg,data/external/kaggle/glaucoma_fundus_imaging_bundle/ORIGA/Masks/163.png,ORIGA_163,train
glaucoma_fundus_imaging_bundle,ORIGA,164,data/external/kaggle/glaucoma_fundus_imaging_bundle/ORIGA/Images/164.jpg,data/external/kaggle/glaucoma_fundus_imaging_bundle/ORIGA/Masks/164.png,ORIGA_164,test
glaucoma_fundus_imaging_bundle,ORIGA,165,data/external/kaggle/glaucoma_fundus_imaging_bundle/ORIGA/Images/165.jpg,data/external/kaggle/glaucoma_fundus_imaging_bundle/ORIGA/Masks/165.png,ORIGA_165,train
glaucoma_fundus_imaging_bundle,ORIGA,166,data/external/kaggle/glaucoma_fundus_imaging_bundle/ORIGA/Images/166.jpg,data/external/kaggle/glaucoma_fundus_imaging_bundle/ORIGA/Masks/166.png,ORIGA_166,val
glaucoma_fundus_imaging_bundle,ORIGA,167,data/external/kaggle/glaucoma_fundus_imaging_bundle/ORIGA/Images/167.jpg,data/external/kaggle/glaucoma_fundus_imaging_bundle/ORIGA/Masks/167.png,ORIGA_167,train
glaucoma_fundus_imaging_bundle,ORIGA,168,data/external/kaggle/glaucoma_fundus_imaging_bundle/ORIGA/Images/168.jpg,data/external/kaggle/glaucoma_fundus_imaging_bundle/ORIGA/Masks/168.png,ORIGA_168,test
glaucoma_fundus_imaging_bundle,ORIGA,169,data/external/kaggle/glaucoma_fundus_imaging_bundle/ORIGA/Images/169.jpg,data/external/kaggle/glaucoma_fundus_imaging_bundle/ORIGA/Masks/169.png,ORIGA_169,train
glaucoma_fundus_imaging_bundle,ORIGA,170,data/external/kaggle/glaucoma_fundus_imaging_bundle/ORIGA/Images/170.jpg,data/external/kaggle/glaucoma_fundus_imaging_bundle/ORIGA/Masks/170.png,ORIGA_170,train
glaucoma_fundus_imaging_bundle,ORIGA,171,data/external/kaggle/glaucoma_fundus_imaging_bundle/ORIGA/Images/171.jpg,data/external/kaggle/glaucoma_fundus_imaging_bundle/ORIGA/Masks/171.png,ORIGA_171,train
glaucoma_fundus_imaging_bundle,ORIGA,172,data/external/kaggle/glaucoma_fundus_imaging_bundle/ORIGA/Images/172.jpg,data/external/kaggle/glaucoma_fundus_imaging_bundle/ORIGA/Masks/172.png,ORIGA_172,train
glaucoma_fundus_imaging_bundle,ORIGA,173,data/external/kaggle/glaucoma_fundus_imaging_bundle/ORIGA/Images/173.jpg,data/external/kaggle/glaucoma_fundus_imaging_bundle/ORIGA/Masks/173.png,ORIGA_173,train
glaucoma_fundus_imaging_bundle,ORIGA,174,data/external/kaggle/glaucoma_fundus_imaging_bundle/ORIGA/Images/174.jpg,data/external/kaggle/glaucoma_fundus_imaging_bundle/ORIGA/Masks/174.png,ORIGA_174,train
glaucoma_fundus_imaging_bundle,ORIGA,175,data/external/kaggle/glaucoma_fundus_imaging_bundle/ORIGA/Images/175.jpg,data/external/kaggle/glaucoma_fundus_imaging_bundle/ORIGA/Masks/175.png,ORIGA_175,test
glaucoma_fundus_imaging_bundle,ORIGA,176,data/external/kaggle/glaucoma_fundus_imaging_bundle/ORIGA/Images/176.jpg,data/external/kaggle/glaucoma_fundus_imaging_bundle/ORIGA/Masks/176.png,ORIGA_176,train
glaucoma_fundus_imaging_bundle,ORIGA,177,data/external/kaggle/glaucoma_fundus_imaging_bundle/ORIGA/Images/177.jpg,data/external/kaggle/glaucoma_fundus_imaging_bundle/ORIGA/Masks/177.png,ORIGA_177,test
glaucoma_fundus_imaging_bundle,ORIGA,178,data/external/kaggle/glaucoma_fundus_imaging_bundle/ORIGA/Images/178.jpg,data/external/kaggle/glaucoma_fundus_imaging_bundle/ORIGA/Masks/178.png,ORIGA_178,test
glaucoma_fundus_imaging_bundle,ORIGA,179,data/external/kaggle/glaucoma_fundus_imaging_bundle/ORIGA/Images/179.jpg,data/external/kaggle/glaucoma_fundus_imaging_bundle/ORIGA/Masks/179.png,ORIGA_179,train
glaucoma_fundus_imaging_bundle,ORIGA,180,data/external/kaggle/glaucoma_fundus_imaging_bundle/ORIGA/Images/180.jpg,data/external/kaggle/glaucoma_fundus_imaging_bundle/ORIGA/Masks/180.png,ORIGA_180,train
glaucoma_fundus_imaging_bundle,ORIGA,181,data/external/kaggle/glaucoma_fundus_imaging_bundle/ORIGA/Images/181.jpg,data/external/kaggle/glaucoma_fundus_imaging_bundle/ORIGA/Masks/181.png,ORIGA_181,train
glaucoma_fundus_imaging_bundle,ORIGA,182,data/external/kaggle/glaucoma_fundus_imaging_bundle/ORIGA/Images/182.jpg,data/external/kaggle/glaucoma_fundus_imaging_bundle/ORIGA/Masks/182.png,ORIGA_182,test
glaucoma_fundus_imaging_bundle,ORIGA,183,data/external/kaggle/glaucoma_fundus_imaging_bundle/ORIGA/Images/183.jpg,data/external/kaggle/glaucoma_fundus_imaging_bundle/ORIGA/Masks/183.png,ORIGA_183,train
glaucoma_fundus_imaging_bundle,ORIGA,184,data/external/kaggle/glaucoma_fundus_imaging_bundle/ORIGA/Images/184.jpg,data/external/kaggle/glaucoma_fundus_imaging_bundle/ORIGA/Masks/184.png,ORIGA_184,train
glaucoma_fundus_imaging_bundle,ORIGA,185,data/external/kaggle/glaucoma_fundus_imaging_bundle/ORIGA/Images/185.jpg,data/external/kaggle/glaucoma_fundus_imaging_bundle/ORIGA/Masks/185.png,ORIGA_185,train
glaucoma_fundus_imaging_bundle,ORIGA,186,data/external/kaggle/glaucoma_fundus_imaging_bundle/ORIGA/Images/186.jpg,data/external/kaggle/glaucoma_fundus_imaging_bundle/ORIGA/Masks/186.png,ORIGA_186,train
glaucoma_fundus_imaging_bundle,ORIGA,187,data/external/kaggle/glaucoma_fundus_imaging_bundle/ORIGA/Images/187.jpg,data/external/kaggle/glaucoma_fundus_imaging_bundle/ORIGA/Masks/187.png,ORIGA_187,train
glaucoma_fundus_imaging_bundle,ORIGA,188,data/external/kaggle/glaucoma_fundus_imaging_bundle/ORIGA/Images/188.jpg,data/external/kaggle/glaucoma_fundus_imaging_bundle/ORIGA/Masks/188.png,ORIGA_188,train
glaucoma_fundus_imaging_bundle,ORIGA,189,data/external/kaggle/glaucoma_fundus_imaging_bundle/ORIGA/Images/189.jpg,data/external/kaggle/glaucoma_fundus_imaging_bundle/ORIGA/Masks/189.png,ORIGA_189,train
glaucoma_fundus_imaging_bundle,ORIGA,190,data/external/kaggle/glaucoma_fundus_imaging_bundle/ORIGA/Images/190.jpg,data/external/kaggle/glaucoma_fundus_imaging_bundle/ORIGA/Masks/190.png,ORIGA_190,train
glaucoma_fundus_imaging_bundle,ORIGA,191,data/external/kaggle/glaucoma_fundus_imaging_bundle/ORIGA/Images/191.jpg,data/external/kaggle/glaucoma_fundus_imaging_bundle/ORIGA/Masks/191.png,ORIGA_191,train
glaucoma_fundus_imaging_bundle,ORIGA,192,data/external/kaggle/glaucoma_fundus_imaging_bundle/ORIGA/Images/192.jpg,data/external/kaggle/glaucoma_fundus_imaging_bundle/ORIGA/Masks/192.png,ORIGA_192,train
glaucoma_fundus_imaging_bundle,ORIGA,193,data/external/kaggle/glaucoma_fundus_imaging_bundle/ORIGA/Images/193.jpg,data/external/kaggle/glaucoma_fundus_imaging_bundle/ORIGA/Masks/193.png,ORIGA_193,test
glaucoma_fundus_imaging_bundle,ORIGA,194,data/external/kaggle/glaucoma_fundus_imaging_bundle/ORIGA/Images/194.jpg,data/external/kaggle/glaucoma_fundus_imaging_bundle/ORIGA/Masks/194.png,ORIGA_194,train
glaucoma_fundus_imaging_bundle,ORIGA,195,data/external/kaggle/glaucoma_fundus_imaging_bundle/ORIGA/Images/195.jpg,data/external/kaggle/glaucoma_fundus_imaging_bundle/ORIGA/Masks/195.png,ORIGA_195,train
glaucoma_fundus_imaging_bundle,ORIGA,196,data/external/kaggle/glaucoma_fundus_imaging_bundle/ORIGA/Images/196.jpg,data/external/kaggle/glaucoma_fundus_imaging_bundle/ORIGA/Masks/196.png,ORIGA_196,train
glaucoma_fundus_imaging_bundle,ORIGA,197,data/external/kaggle/glaucoma_fundus_imaging_bundle/ORIGA/Images/197.jpg,data/external/kaggle/glaucoma_fundus_imaging_bundle/ORIGA/Masks/197.png,ORIGA_197,train
glaucoma_fundus_imaging_bundle,ORIGA,198,data/external/kaggle/glaucoma_fundus_imaging_bundle/ORIGA/Images/198.jpg,data/external/kaggle/glaucoma_fundus_imaging_bundle/ORIGA/Masks/198.png,ORIGA_198,train
glaucoma_fundus_imaging_bundle,ORIGA,199,data/external/kaggle/glaucoma_fundus_imaging_bundle/ORIGA/Images/199.jpg,data/external/kaggle/glaucoma_fundus_imaging_bundle/ORIGA/Masks/199.png,ORIGA_199,train
glaucoma_fundus_imaging_bundle,ORIGA,200,data/external/kaggle/glaucoma_fundus_imaging_bundle/ORIGA/Images/200.jpg,data/external/kaggle/glaucoma_fundus_imaging_bundle/ORIGA/Masks/200.png,ORIGA_200,val
glaucoma_fundus_imaging_bundle,ORIGA,201,data/external/kaggle/glaucoma_fundus_imaging_bundle/ORIGA/Images/201.jpg,data/external/kaggle/glaucoma_fundus_imaging_bundle/ORIGA/Masks/201.png,ORIGA_201,train
glaucoma_fundus_imaging_bundle,ORIGA,202,data/external/kaggle/glaucoma_fundus_imaging_bundle/ORIGA/Images/202.jpg,data/external/kaggle/glaucoma_fundus_imaging_bundle/ORIGA/Masks/202.png,ORIGA_202,train
glaucoma_fundus_imaging_bundle,ORIGA,203,data/external/kaggle/glaucoma_fundus_imaging_bundle/ORIGA/Images/203.jpg,data/external/kaggle/glaucoma_fundus_imaging_bundle/ORIGA/Masks/203.png,ORIGA_203,train
glaucoma_fundus_imaging_bundle,ORIGA,204,data/external/kaggle/glaucoma_fundus_imaging_bundle/ORIGA/Images/204.jpg,data/external/kaggle/glaucoma_fundus_imaging_bundle/ORIGA/Masks/204.png,ORIGA_204,train
glaucoma_fundus_imaging_bundle,ORIGA,205,data/external/kaggle/glaucoma_fundus_imaging_bundle/ORIGA/Images/205.jpg,data/external/kaggle/glaucoma_fundus_imaging_bundle/ORIGA/Masks/205.png,ORIGA_205,test
glaucoma_fundus_imaging_bundle,ORIGA,206,data/external/kaggle/glaucoma_fundus_imaging_bundle/ORIGA/Images/206.jpg,data/external/kaggle/glaucoma_fundus_imaging_bundle/ORIGA/Masks/206.png,ORIGA_206,train
glaucoma_fundus_imaging_bundle,ORIGA,207,data/external/kaggle/glaucoma_fundus_imaging_bundle/ORIGA/Images/207.jpg,data/external/kaggle/glaucoma_fundus_imaging_bundle/ORIGA/Masks/207.png,ORIGA_207,train
glaucoma_fundus_imaging_bundle,ORIGA,208,data/external/kaggle/glaucoma_fundus_imaging_bundle/ORIGA/Images/208.jpg,data/external/kaggle/glaucoma_fundus_imaging_bundle/ORIGA/Masks/208.png,ORIGA_208,train
glaucoma_fundus_imaging_bundle,ORIGA,209,data/external/kaggle/glaucoma_fundus_imaging_bundle/ORIGA/Images/209.jpg,data/external/kaggle/glaucoma_fundus_imaging_bundle/ORIGA/Masks/209.png,ORIGA_209,test
glaucoma_fundus_imaging_bundle,ORIGA,210,data/external/kaggle/glaucoma_fundus_imaging_bundle/ORIGA/Images/210.jpg,data/external/kaggle/glaucoma_fundus_imaging_bundle/ORIGA/Masks/210.png,ORIGA_210,test
glaucoma_fundus_imaging_bundle,ORIGA,211,data/external/kaggle/glaucoma_fundus_imaging_bundle/ORIGA/Images/211.jpg,data/external/kaggle/glaucoma_fundus_imaging_bundle/ORIGA/Masks/211.png,ORIGA_211,test
glaucoma_fundus_imaging_bundle,ORIGA,212,data/external/kaggle/glaucoma_fundus_imaging_bundle/ORIGA/Images/212.jpg,data/external/kaggle/glaucoma_fundus_imaging_bundle/ORIGA/Masks/212.png,ORIGA_212,train
glaucoma_fundus_imaging_bundle,ORIGA,213,data/external/kaggle/glaucoma_fundus_imaging_bundle/ORIGA/Images/213.jpg,data/external/kaggle/glaucoma_fundus_imaging_bundle/ORIGA/Masks/213.png,ORIGA_213,test
glaucoma_fundus_imaging_bundle,ORIGA,214,data/external/kaggle/glaucoma_fundus_imaging_bundle/ORIGA/Images/214.jpg,data/external/kaggle/glaucoma_fundus_imaging_bundle/ORIGA/Masks/214.png,ORIGA_214,val
glaucoma_fundus_imaging_bundle,ORIGA,215,data/external/kaggle/glaucoma_fundus_imaging_bundle/ORIGA/Images/215.jpg,data/external/kaggle/glaucoma_fundus_imaging_bundle/ORIGA/Masks/215.png,ORIGA_215,train
glaucoma_fundus_imaging_bundle,ORIGA,216,data/external/kaggle/glaucoma_fundus_imaging_bundle/ORIGA/Images/216.jpg,data/external/kaggle/glaucoma_fundus_imaging_bundle/ORIGA/Masks/216.png,ORIGA_216,test
glaucoma_fundus_imaging_bundle,ORIGA,217,data/external/kaggle/glaucoma_fundus_imaging_bundle/ORIGA/Images/217.jpg,data/external/kaggle/glaucoma_fundus_imaging_bundle/ORIGA/Masks/217.png,ORIGA_217,train
glaucoma_fundus_imaging_bundle,ORIGA,218,data/external/kaggle/glaucoma_fundus_imaging_bundle/ORIGA/Images/218.jpg,data/external/kaggle/glaucoma_fundus_imaging_bundle/ORIGA/Masks/218.png,ORIGA_218,train
glaucoma_fundus_imaging_bundle,ORIGA,219,data/external/kaggle/glaucoma_fundus_imaging_bundle/ORIGA/Images/219.jpg,data/external/kaggle/glaucoma_fundus_imaging_bundle/ORIGA/Masks/219.png,ORIGA_219,val
glaucoma_fundus_imaging_bundle,ORIGA,220,data/external/kaggle/glaucoma_fundus_imaging_bundle/ORIGA/Images/220.jpg,data/external/kaggle/glaucoma_fundus_imaging_bundle/ORIGA/Masks/220.png,ORIGA_220,train
glaucoma_fundus_imaging_bundle,ORIGA,221,data/external/kaggle/glaucoma_fundus_imaging_bundle/ORIGA/Images/221.jpg,data/external/kaggle/glaucoma_fundus_imaging_bundle/ORIGA/Masks/221.png,ORIGA_221,val
glaucoma_fundus_imaging_bundle,ORIGA,222,data/external/kaggle/glaucoma_fundus_imaging_bundle/ORIGA/Images/222.jpg,data/external/kaggle/glaucoma_fundus_imaging_bundle/ORIGA/Masks/222.png,ORIGA_222,test
glaucoma_fundus_imaging_bundle,ORIGA,223,data/external/kaggle/glaucoma_fundus_imaging_bundle/ORIGA/Images/223.jpg,data/external/kaggle/glaucoma_fundus_imaging_bundle/ORIGA/Masks/223.png,ORIGA_223,train
glaucoma_fundus_imaging_bundle,ORIGA,224,data/external/kaggle/glaucoma_fundus_imaging_bundle/ORIGA/Images/224.jpg,data/external/kaggle/glaucoma_fundus_imaging_bundle/ORIGA/Masks/224.png,ORIGA_224,train
glaucoma_fundus_imaging_bundle,ORIGA,225,data/external/kaggle/glaucoma_fundus_imaging_bundle/ORIGA/Images/225.jpg,data/external/kaggle/glaucoma_fundus_imaging_bundle/ORIGA/Masks/225.png,ORIGA_225,train
glaucoma_fundus_imaging_bundle,ORIGA,226,data/external/kaggle/glaucoma_fundus_imaging_bundle/ORIGA/Images/226.jpg,data/external/kaggle/glaucoma_fundus_imaging_bundle/ORIGA/Masks/226.png,ORIGA_226,train
glaucoma_fundus_imaging_bundle,ORIGA,227,data/external/kaggle/glaucoma_fundus_imaging_bundle/ORIGA/Images/227.jpg,data/external/kaggle/glaucoma_fundus_imaging_bundle/ORIGA/Masks/227.png,ORIGA_227,train
glaucoma_fundus_imaging_bundle,ORIGA,228,data/external/kaggle/glaucoma_fundus_imaging_bundle/ORIGA/Images/228.jpg,data/external/kaggle/glaucoma_fundus_imaging_bundle/ORIGA/Masks/228.png,ORIGA_228,test
glaucoma_fundus_imaging_bundle,ORIGA,229,data/external/kaggle/glaucoma_fundus_imaging_bundle/ORIGA/Images/229.jpg,data/external/kaggle/glaucoma_fundus_imaging_bundle/ORIGA/Masks/229.png,ORIGA_229,train
glaucoma_fundus_imaging_bundle,ORIGA,230,data/external/kaggle/glaucoma_fundus_imaging_bundle/ORIGA/Images/230.jpg,data/external/kaggle/glaucoma_fundus_imaging_bundle/ORIGA/Masks/230.png,ORIGA_230,train
glaucoma_fundus_imaging_bundle,ORIGA,231,data/external/kaggle/glaucoma_fundus_imaging_bundle/ORIGA/Images/231.jpg,data/external/kaggle/glaucoma_fundus_imaging_bundle/ORIGA/Masks/231.png,ORIGA_231,train
glaucoma_fundus_imaging_bundle,ORIGA,232,data/external/kaggle/glaucoma_fundus_imaging_bundle/ORIGA/Images/232.jpg,data/external/kaggle/glaucoma_fundus_imaging_bundle/ORIGA/Masks/232.png,ORIGA_232,val
glaucoma_fundus_imaging_bundle,ORIGA,233,data/external/kaggle/glaucoma_fundus_imaging_bundle/ORIGA/Images/233.jpg,data/external/kaggle/glaucoma_fundus_imaging_bundle/ORIGA/Masks/233.png,ORIGA_233,train
glaucoma_fundus_imaging_bundle,ORIGA,234,data/external/kaggle/glaucoma_fundus_imaging_bundle/ORIGA/Images/234.jpg,data/external/kaggle/glaucoma_fundus_imaging_bundle/ORIGA/Masks/234.png,ORIGA_234,train
glaucoma_fundus_imaging_bundle,ORIGA,235,data/external/kaggle/glaucoma_fundus_imaging_bundle/ORIGA/Images/235.jpg,data/external/kaggle/glaucoma_fundus_imaging_bundle/ORIGA/Masks/235.png,ORIGA_235,val
glaucoma_fundus_imaging_bundle,ORIGA,236,data/external/kaggle/glaucoma_fundus_imaging_bundle/ORIGA/Images/236.jpg,data/external/kaggle/glaucoma_fundus_imaging_bundle/ORIGA/Masks/236.png,ORIGA_236,val
glaucoma_fundus_imaging_bundle,ORIGA,237,data/external/kaggle/glaucoma_fundus_imaging_bundle/ORIGA/Images/237.jpg,data/external/kaggle/glaucoma_fundus_imaging_bundle/ORIGA/Masks/237.png,ORIGA_237,val
glaucoma_fundus_imaging_bundle,ORIGA,238,data/external/kaggle/glaucoma_fundus_imaging_bundle/ORIGA/Images/238.jpg,data/external/kaggle/glaucoma_fundus_imaging_bundle/ORIGA/Masks/238.png,ORIGA_238,train
glaucoma_fundus_imaging_bundle,ORIGA,239,data/external/kaggle/glaucoma_fundus_imaging_bundle/ORIGA/Images/239.jpg,data/external/kaggle/glaucoma_fundus_imaging_bundle/ORIGA/Masks/239.png,ORIGA_239,val
glaucoma_fundus_imaging_bundle,ORIGA,240,data/external/kaggle/glaucoma_fundus_imaging_bundle/ORIGA/Images/240.jpg,data/external/kaggle/glaucoma_fundus_imaging_bundle/ORIGA/Masks/240.png,ORIGA_240,train
glaucoma_fundus_imaging_bundle,ORIGA,241,data/external/kaggle/glaucoma_fundus_imaging_bundle/ORIGA/Images/241.jpg,data/external/kaggle/glaucoma_fundus_imaging_bundle/ORIGA/Masks/241.png,ORIGA_241,train
glaucoma_fundus_imaging_bundle,ORIGA,242,data/external/kaggle/glaucoma_fundus_imaging_bundle/ORIGA/Images/242.jpg,data/external/kaggle/glaucoma_fundus_imaging_bundle/ORIGA/Masks/242.png,ORIGA_242,train
glaucoma_fundus_imaging_bundle,ORIGA,243,data/external/kaggle/glaucoma_fundus_imaging_bundle/ORIGA/Images/243.jpg,data/external/kaggle/glaucoma_fundus_imaging_bundle/ORIGA/Masks/243.png,ORIGA_243,train
glaucoma_fundus_imaging_bundle,ORIGA,244,data/external/kaggle/glaucoma_fundus_imaging_bundle/ORIGA/Images/244.jpg,data/external/kaggle/glaucoma_fundus_imaging_bundle/ORIGA/Masks/244.png,ORIGA_244,train
glaucoma_fundus_imaging_bundle,ORIGA,245,data/external/kaggle/glaucoma_fundus_imaging_bundle/ORIGA/Images/245.jpg,data/external/kaggle/glaucoma_fundus_imaging_bundle/ORIGA/Masks/245.png,ORIGA_245,test
glaucoma_fundus_imaging_bundle,ORIGA,246,data/external/kaggle/glaucoma_fundus_imaging_bundle/ORIGA/Images/246.jpg,data/external/kaggle/glaucoma_fundus_imaging_bundle/ORIGA/Masks/246.png,ORIGA_246,train
glaucoma_fundus_imaging_bundle,ORIGA,247,data/external/kaggle/glaucoma_fundus_imaging_bundle/ORIGA/Images/247.jpg,data/external/kaggle/glaucoma_fundus_imaging_bundle/ORIGA/Masks/247.png,ORIGA_247,train
glaucoma_fundus_imaging_bundle,ORIGA,248,data/external/kaggle/glaucoma_fundus_imaging_bundle/ORIGA/Images/248.jpg,data/external/kaggle/glaucoma_fundus_imaging_bundle/ORIGA/Masks/248.png,ORIGA_248,test
glaucoma_fundus_imaging_bundle,ORIGA,249,data/external/kaggle/glaucoma_fundus_imaging_bundle/ORIGA/Images/249.jpg,data/external/kaggle/glaucoma_fundus_imaging_bundle/ORIGA/Masks/249.png,ORIGA_249,test
glaucoma_fundus_imaging_bundle,ORIGA,250,data/external/kaggle/glaucoma_fundus_imaging_bundle/ORIGA/Images/250.jpg,data/external/kaggle/glaucoma_fundus_imaging_bundle/ORIGA/Masks/250.png,ORIGA_250,test
glaucoma_fundus_imaging_bundle,ORIGA,251,data/external/kaggle/glaucoma_fundus_imaging_bundle/ORIGA/Images/251.jpg,data/external/kaggle/glaucoma_fundus_imaging_bundle/ORIGA/Masks/251.png,ORIGA_251,train
glaucoma_fundus_imaging_bundle,ORIGA,252,data/external/kaggle/glaucoma_fundus_imaging_bundle/ORIGA/Images/252.jpg,data/external/kaggle/glaucoma_fundus_imaging_bundle/ORIGA/Masks/252.png,ORIGA_252,train
glaucoma_fundus_imaging_bundle,ORIGA,253,data/external/kaggle/glaucoma_fundus_imaging_bundle/ORIGA/Images/253.jpg,data/external/kaggle/glaucoma_fundus_imaging_bundle/ORIGA/Masks/253.png,ORIGA_253,train
glaucoma_fundus_imaging_bundle,ORIGA,254,data/external/kaggle/glaucoma_fundus_imaging_bundle/ORIGA/Images/254.jpg,data/external/kaggle/glaucoma_fundus_imaging_bundle/ORIGA/Masks/254.png,ORIGA_254,train
glaucoma_fundus_imaging_bundle,ORIGA,255,data/external/kaggle/glaucoma_fundus_imaging_bundle/ORIGA/Images/255.jpg,data/external/kaggle/glaucoma_fundus_imaging_bundle/ORIGA/Masks/255.png,ORIGA_255,train
glaucoma_fundus_imaging_bundle,ORIGA,256,data/external/kaggle/glaucoma_fundus_imaging_bundle/ORIGA/Images/256.jpg,data/external/kaggle/glaucoma_fundus_imaging_bundle/ORIGA/Masks/256.png,ORIGA_256,train
glaucoma_fundus_imaging_bundle,ORIGA,257,data/external/kaggle/glaucoma_fundus_imaging_bundle/ORIGA/Images/257.jpg,data/external/kaggle/glaucoma_fundus_imaging_bundle/ORIGA/Masks/257.png,ORIGA_257,val
glaucoma_fundus_imaging_bundle,ORIGA,258,data/external/kaggle/glaucoma_fundus_imaging_bundle/ORIGA/Images/258.jpg,data/external/kaggle/glaucoma_fundus_imaging_bundle/ORIGA/Masks/258.png,ORIGA_258,val
glaucoma_fundus_imaging_bundle,ORIGA,259,data/external/kaggle/glaucoma_fundus_imaging_bundle/ORIGA/Images/259.jpg,data/external/kaggle/glaucoma_fundus_imaging_bundle/ORIGA/Masks/259.png,ORIGA_259,train
glaucoma_fundus_imaging_bundle,ORIGA,260,data/external/kaggle/glaucoma_fundus_imaging_bundle/ORIGA/Images/260.jpg,data/external/kaggle/glaucoma_fundus_imaging_bundle/ORIGA/Masks/260.png,ORIGA_260,val
glaucoma_fundus_imaging_bundle,ORIGA,261,data/external/kaggle/glaucoma_fundus_imaging_bundle/ORIGA/Images/261.jpg,data/external/kaggle/glaucoma_fundus_imaging_bundle/ORIGA/Masks/261.png,ORIGA_261,train
glaucoma_fundus_imaging_bundle,ORIGA,262,data/external/kaggle/glaucoma_fundus_imaging_bundle/ORIGA/Images/262.jpg,data/external/kaggle/glaucoma_fundus_imaging_bundle/ORIGA/Masks/262.png,ORIGA_262,train
glaucoma_fundus_imaging_bundle,ORIGA,263,data/external/kaggle/glaucoma_fundus_imaging_bundle/ORIGA/Images/263.jpg,data/external/kaggle/glaucoma_fundus_imaging_bundle/ORIGA/Masks/263.png,ORIGA_263,train
glaucoma_fundus_imaging_bundle,ORIGA,264,data/external/kaggle/glaucoma_fundus_imaging_bundle/ORIGA/Images/264.jpg,data/external/kaggle/glaucoma_fundus_imaging_bundle/ORIGA/Masks/264.png,ORIGA_264,train
glaucoma_fundus_imaging_bundle,ORIGA,265,data/external/kaggle/glaucoma_fundus_imaging_bundle/ORIGA/Images/265.jpg,data/external/kaggle/glaucoma_fundus_imaging_bundle/ORIGA/Masks/265.png,ORIGA_265,val
glaucoma_fundus_imaging_bundle,ORIGA,266,data/external/kaggle/glaucoma_fundus_imaging_bundle/ORIGA/Images/266.jpg,data/external/kaggle/glaucoma_fundus_imaging_bundle/ORIGA/Masks/266.png,ORIGA_266,val
glaucoma_fundus_imaging_bundle,ORIGA,267,data/external/kaggle/glaucoma_fundus_imaging_bundle/ORIGA/Images/267.jpg,data/external/kaggle/glaucoma_fundus_imaging_bundle/ORIGA/Masks/267.png,ORIGA_267,train
glaucoma_fundus_imaging_bundle,ORIGA,268,data/external/kaggle/glaucoma_fundus_imaging_bundle/ORIGA/Images/268.jpg,data/external/kaggle/glaucoma_fundus_imaging_bundle/ORIGA/Masks/268.png,ORIGA_268,train
glaucoma_fundus_imaging_bundle,ORIGA,269,data/external/kaggle/glaucoma_fundus_imaging_bundle/ORIGA/Images/269.jpg,data/external/kaggle/glaucoma_fundus_imaging_bundle/ORIGA/Masks/269.png,ORIGA_269,test
glaucoma_fundus_imaging_bundle,ORIGA,270,data/external/kaggle/glaucoma_fundus_imaging_bundle/ORIGA/Images/270.jpg,data/external/kaggle/glaucoma_fundus_imaging_bundle/ORIGA/Masks/270.png,ORIGA_270,train
glaucoma_fundus_imaging_bundle,ORIGA,271,data/external/kaggle/glaucoma_fundus_imaging_bundle/ORIGA/Images/271.jpg,data/external/kaggle/glaucoma_fundus_imaging_bundle/ORIGA/Masks/271.png,ORIGA_271,train
glaucoma_fundus_imaging_bundle,ORIGA,272,data/external/kaggle/glaucoma_fundus_imaging_bundle/ORIGA/Images/272.jpg,data/external/kaggle/glaucoma_fundus_imaging_bundle/ORIGA/Masks/272.png,ORIGA_272,val
glaucoma_fundus_imaging_bundle,ORIGA,273,data/external/kaggle/glaucoma_fundus_imaging_bundle/ORIGA/Images/273.jpg,data/external/kaggle/glaucoma_fundus_imaging_bundle/ORIGA/Masks/273.png,ORIGA_273,train
glaucoma_fundus_imaging_bundle,ORIGA,274,data/external/kaggle/glaucoma_fundus_imaging_bundle/ORIGA/Images/274.jpg,data/external/kaggle/glaucoma_fundus_imaging_bundle/ORIGA/Masks/274.png,ORIGA_274,train
glaucoma_fundus_imaging_bundle,ORIGA,275,data/external/kaggle/glaucoma_fundus_imaging_bundle/ORIGA/Images/275.jpg,data/external/kaggle/glaucoma_fundus_imaging_bundle/ORIGA/Masks/275.png,ORIGA_275,val
glaucoma_fundus_imaging_bundle,ORIGA,276,data/external/kaggle/glaucoma_fundus_imaging_bundle/ORIGA/Images/276.jpg,data/external/kaggle/glaucoma_fundus_imaging_bundle/ORIGA/Masks/276.png,ORIGA_276,train
glaucoma_fundus_imaging_bundle,ORIGA,277,data/external/kaggle/glaucoma_fundus_imaging_bundle/ORIGA/Images/277.jpg,data/external/kaggle/glaucoma_fundus_imaging_bundle/ORIGA/Masks/277.png,ORIGA_277,train
glaucoma_fundus_imaging_bundle,ORIGA,278,data/external/kaggle/glaucoma_fundus_imaging_bundle/ORIGA/Images/278.jpg,data/external/kaggle/glaucoma_fundus_imaging_bundle/ORIGA/Masks/278.png,ORIGA_278,test
glaucoma_fundus_imaging_bundle,ORIGA,279,data/external/kaggle/glaucoma_fundus_imaging_bundle/ORIGA/Images/279.jpg,data/external/kaggle/glaucoma_fundus_imaging_bundle/ORIGA/Masks/279.png,ORIGA_279,train
glaucoma_fundus_imaging_bundle,ORIGA,280,data/external/kaggle/glaucoma_fundus_imaging_bundle/ORIGA/Images/280.jpg,data/external/kaggle/glaucoma_fundus_imaging_bundle/ORIGA/Masks/280.png,ORIGA_280,train
glaucoma_fundus_imaging_bundle,ORIGA,281,data/external/kaggle/glaucoma_fundus_imaging_bundle/ORIGA/Images/281.jpg,data/external/kaggle/glaucoma_fundus_imaging_bundle/ORIGA/Masks/281.png,ORIGA_281,train
glaucoma_fundus_imaging_bundle,ORIGA,282,data/external/kaggle/glaucoma_fundus_imaging_bundle/ORIGA/Images/282.jpg,data/external/kaggle/glaucoma_fundus_imaging_bundle/ORIGA/Masks/282.png,ORIGA_282,test
glaucoma_fundus_imaging_bundle,ORIGA,283,data/external/kaggle/glaucoma_fundus_imaging_bundle/ORIGA/Images/283.jpg,data/external/kaggle/glaucoma_fundus_imaging_bundle/ORIGA/Masks/283.png,ORIGA_283,train
glaucoma_fundus_imaging_bundle,ORIGA,284,data/external/kaggle/glaucoma_fundus_imaging_bundle/ORIGA/Images/284.jpg,data/external/kaggle/glaucoma_fundus_imaging_bundle/ORIGA/Masks/284.png,ORIGA_284,train
glaucoma_fundus_imaging_bundle,ORIGA,285,data/external/kaggle/glaucoma_fundus_imaging_bundle/ORIGA/Images/285.jpg,data/external/kaggle/glaucoma_fundus_imaging_bundle/ORIGA/Masks/285.png,ORIGA_285,train
glaucoma_fundus_imaging_bundle,ORIGA,286,data/external/kaggle/glaucoma_fundus_imaging_bundle/ORIGA/Images/286.jpg,data/external/kaggle/glaucoma_fundus_imaging_bundle/ORIGA/Masks/286.png,ORIGA_286,train
glaucoma_fundus_imaging_bundle,ORIGA,287,data/external/kaggle/glaucoma_fundus_imaging_bundle/ORIGA/Images/287.jpg,data/external/kaggle/glaucoma_fundus_imaging_bundle/ORIGA/Masks/287.png,ORIGA_287,val
glaucoma_fundus_imaging_bundle,ORIGA,288,data/external/kaggle/glaucoma_fundus_imaging_bundle/ORIGA/Images/288.jpg,data/external/kaggle/glaucoma_fundus_imaging_bundle/ORIGA/Masks/288.png,ORIGA_288,train
glaucoma_fundus_imaging_bundle,ORIGA,289,data/external/kaggle/glaucoma_fundus_imaging_bundle/ORIGA/Images/289.jpg,data/external/kaggle/glaucoma_fundus_imaging_bundle/ORIGA/Masks/289.png,ORIGA_289,train
glaucoma_fundus_imaging_bundle,ORIGA,290,data/external/kaggle/glaucoma_fundus_imaging_bundle/ORIGA/Images/290.jpg,data/external/kaggle/glaucoma_fundus_imaging_bundle/ORIGA/Masks/290.png,ORIGA_290,test
glaucoma_fundus_imaging_bundle,ORIGA,291,data/external/kaggle/glaucoma_fundus_imaging_bundle/ORIGA/Images/291.jpg,data/external/kaggle/glaucoma_fundus_imaging_bundle/ORIGA/Masks/291.png,ORIGA_291,test
glaucoma_fundus_imaging_bundle,ORIGA,292,data/external/kaggle/glaucoma_fundus_imaging_bundle/ORIGA/Images/292.jpg,data/external/kaggle/glaucoma_fundus_imaging_bundle/ORIGA/Masks/292.png,ORIGA_292,test
glaucoma_fundus_imaging_bundle,ORIGA,293,data/external/kaggle/glaucoma_fundus_imaging_bundle/ORIGA/Images/293.jpg,data/external/kaggle/glaucoma_fundus_imaging_bundle/ORIGA/Masks/293.png,ORIGA_293,val
glaucoma_fundus_imaging_bundle,ORIGA,294,data/external/kaggle/glaucoma_fundus_imaging_bundle/ORIGA/Images/294.jpg,data/external/kaggle/glaucoma_fundus_imaging_bundle/ORIGA/Masks/294.png,ORIGA_294,train
glaucoma_fundus_imaging_bundle,ORIGA,295,data/external/kaggle/glaucoma_fundus_imaging_bundle/ORIGA/Images/295.jpg,data/external/kaggle/glaucoma_fundus_imaging_bundle/ORIGA/Masks/295.png,ORIGA_295,train
glaucoma_fundus_imaging_bundle,ORIGA,296,data/external/kaggle/glaucoma_fundus_imaging_bundle/ORIGA/Images/296.jpg,data/external/kaggle/glaucoma_fundus_imaging_bundle/ORIGA/Masks/296.png,ORIGA_296,train
glaucoma_fundus_imaging_bundle,ORIGA,297,data/external/kaggle/glaucoma_fundus_imaging_bundle/ORIGA/Images/297.jpg,data/external/kaggle/glaucoma_fundus_imaging_bundle/ORIGA/Masks/297.png,ORIGA_297,train
glaucoma_fundus_imaging_bundle,ORIGA,298,data/external/kaggle/glaucoma_fundus_imaging_bundle/ORIGA/Images/298.jpg,data/external/kaggle/glaucoma_fundus_imaging_bundle/ORIGA/Masks/298.png,ORIGA_298,train
glaucoma_fundus_imaging_bundle,ORIGA,299,data/external/kaggle/glaucoma_fundus_imaging_bundle/ORIGA/Images/299.jpg,data/external/kaggle/glaucoma_fundus_imaging_bundle/ORIGA/Masks/299.png,ORIGA_299,train
glaucoma_fundus_imaging_bundle,ORIGA,300,data/external/kaggle/glaucoma_fundus_imaging_bundle/ORIGA/Images/300.jpg,data/external/kaggle/glaucoma_fundus_imaging_bundle/ORIGA/Masks/300.png,ORIGA_300,test
glaucoma_fundus_imaging_bundle,ORIGA,301,data/external/kaggle/glaucoma_fundus_imaging_bundle/ORIGA/Images/301.jpg,data/external/kaggle/glaucoma_fundus_imaging_bundle/ORIGA/Masks/301.png,ORIGA_301,train
glaucoma_fundus_imaging_bundle,ORIGA,302,data/external/kaggle/glaucoma_fundus_imaging_bundle/ORIGA/Images/302.jpg,data/external/kaggle/glaucoma_fundus_imaging_bundle/ORIGA/Masks/302.png,ORIGA_302,train
glaucoma_fundus_imaging_bundle,ORIGA,303,data/external/kaggle/glaucoma_fundus_imaging_bundle/ORIGA/Images/303.jpg,data/external/kaggle/glaucoma_fundus_imaging_bundle/ORIGA/Masks/303.png,ORIGA_303,train
glaucoma_fundus_imaging_bundle,ORIGA,304,data/external/kaggle/glaucoma_fundus_imaging_bundle/ORIGA/Images/304.jpg,data/external/kaggle/glaucoma_fundus_imaging_bundle/ORIGA/Masks/304.png,ORIGA_304,train
glaucoma_fundus_imaging_bundle,ORIGA,305,data/external/kaggle/glaucoma_fundus_imaging_bundle/ORIGA/Images/305.jpg,data/external/kaggle/glaucoma_fundus_imaging_bundle/ORIGA/Masks/305.png,ORIGA_305,train
glaucoma_fundus_imaging_bundle,ORIGA,306,data/external/kaggle/glaucoma_fundus_imaging_bundle/ORIGA/Images/306.jpg,data/external/kaggle/glaucoma_fundus_imaging_bundle/ORIGA/Masks/306.png,ORIGA_306,test
glaucoma_fundus_imaging_bundle,ORIGA,307,data/external/kaggle/glaucoma_fundus_imaging_bundle/ORIGA/Images/307.jpg,data/external/kaggle/glaucoma_fundus_imaging_bundle/ORIGA/Masks/307.png,ORIGA_307,train
glaucoma_fundus_imaging_bundle,ORIGA,308,data/external/kaggle/glaucoma_fundus_imaging_bundle/ORIGA/Images/308.jpg,data/external/kaggle/glaucoma_fundus_imaging_bundle/ORIGA/Masks/308.png,ORIGA_308,train
glaucoma_fundus_imaging_bundle,ORIGA,309,data/external/kaggle/glaucoma_fundus_imaging_bundle/ORIGA/Images/309.jpg,data/external/kaggle/glaucoma_fundus_imaging_bundle/ORIGA/Masks/309.png,ORIGA_309,train
glaucoma_fundus_imaging_bundle,ORIGA,310,data/external/kaggle/glaucoma_fundus_imaging_bundle/ORIGA/Images/310.jpg,data/external/kaggle/glaucoma_fundus_imaging_bundle/ORIGA/Masks/310.png,ORIGA_310,train
glaucoma_fundus_imaging_bundle,ORIGA,311,data/external/kaggle/glaucoma_fundus_imaging_bundle/ORIGA/Images/311.jpg,data/external/kaggle/glaucoma_fundus_imaging_bundle/ORIGA/Masks/311.png,ORIGA_311,val
glaucoma_fundus_imaging_bundle,ORIGA,312,data/external/kaggle/glaucoma_fundus_imaging_bundle/ORIGA/Images/312.jpg,data/external/kaggle/glaucoma_fundus_imaging_bundle/ORIGA/Masks/312.png,ORIGA_312,test
glaucoma_fundus_imaging_bundle,ORIGA,313,data/external/kaggle/glaucoma_fundus_imaging_bundle/ORIGA/Images/313.jpg,data/external/kaggle/glaucoma_fundus_imaging_bundle/ORIGA/Masks/313.png,ORIGA_313,val
glaucoma_fundus_imaging_bundle,ORIGA,314,data/external/kaggle/glaucoma_fundus_imaging_bundle/ORIGA/Images/314.jpg,data/external/kaggle/glaucoma_fundus_imaging_bundle/ORIGA/Masks/314.png,ORIGA_314,train
glaucoma_fundus_imaging_bundle,ORIGA,315,data/external/kaggle/glaucoma_fundus_imaging_bundle/ORIGA/Images/315.jpg,data/external/kaggle/glaucoma_fundus_imaging_bundle/ORIGA/Masks/315.png,ORIGA_315,train
glaucoma_fundus_imaging_bundle,ORIGA,316,data/external/kaggle/glaucoma_fundus_imaging_bundle/ORIGA/Images/316.jpg,data/external/kaggle/glaucoma_fundus_imaging_bundle/ORIGA/Masks/316.png,ORIGA_316,train
glaucoma_fundus_imaging_bundle,ORIGA,317,data/external/kaggle/glaucoma_fundus_imaging_bundle/ORIGA/Images/317.jpg,data/external/kaggle/glaucoma_fundus_imaging_bundle/ORIGA/Masks/317.png,ORIGA_317,train
glaucoma_fundus_imaging_bundle,ORIGA,318,data/external/kaggle/glaucoma_fundus_imaging_bundle/ORIGA/Images/318.jpg,data/external/kaggle/glaucoma_fundus_imaging_bundle/ORIGA/Masks/318.png,ORIGA_318,train
glaucoma_fundus_imaging_bundle,ORIGA,319,data/external/kaggle/glaucoma_fundus_imaging_bundle/ORIGA/Images/319.jpg,data/external/kaggle/glaucoma_fundus_imaging_bundle/ORIGA/Masks/319.png,ORIGA_319,val
glaucoma_fundus_imaging_bundle,ORIGA,320,data/external/kaggle/glaucoma_fundus_imaging_bundle/ORIGA/Images/320.jpg,data/external/kaggle/glaucoma_fundus_imaging_bundle/ORIGA/Masks/320.png,ORIGA_320,val
glaucoma_fundus_imaging_bundle,ORIGA,321,data/external/kaggle/glaucoma_fundus_imaging_bundle/ORIGA/Images/321.jpg,data/external/kaggle/glaucoma_fundus_imaging_bundle/ORIGA/Masks/321.png,ORIGA_321,test
glaucoma_fundus_imaging_bundle,ORIGA,322,data/external/kaggle/glaucoma_fundus_imaging_bundle/ORIGA/Images/322.jpg,data/external/kaggle/glaucoma_fundus_imaging_bundle/ORIGA/Masks/322.png,ORIGA_322,val
glaucoma_fundus_imaging_bundle,ORIGA,323,data/external/kaggle/glaucoma_fundus_imaging_bundle/ORIGA/Images/323.jpg,data/external/kaggle/glaucoma_fundus_imaging_bundle/ORIGA/Masks/323.png,ORIGA_323,val
glaucoma_fundus_imaging_bundle,ORIGA,324,data/external/kaggle/glaucoma_fundus_imaging_bundle/ORIGA/Images/324.jpg,data/external/kaggle/glaucoma_fundus_imaging_bundle/ORIGA/Masks/324.png,ORIGA_324,train
glaucoma_fundus_imaging_bundle,ORIGA,325,data/external/kaggle/glaucoma_fundus_imaging_bundle/ORIGA/Images/325.jpg,data/external/kaggle/glaucoma_fundus_imaging_bundle/ORIGA/Masks/325.png,ORIGA_325,train
glaucoma_fundus_imaging_bundle,ORIGA,326,data/external/kaggle/glaucoma_fundus_imaging_bundle/ORIGA/Images/326.jpg,data/external/kaggle/glaucoma_fundus_imaging_bundle/ORIGA/Masks/326.png,ORIGA_326,train
glaucoma_fundus_imaging_bundle,ORIGA,327,data/external/kaggle/glaucoma_fundus_imaging_bundle/ORIGA/Images/327.jpg,data/external/kaggle/glaucoma_fundus_imaging_bundle/ORIGA/Masks/327.png,ORIGA_327,val
glaucoma_fundus_imaging_bundle,ORIGA,328,data/external/kaggle/glaucoma_fundus_imaging_bundle/ORIGA/Images/328.jpg,data/external/kaggle/glaucoma_fundus_imaging_bundle/ORIGA/Masks/328.png,ORIGA_328,train
glaucoma_fundus_imaging_bundle,ORIGA,329,data/external/kaggle/glaucoma_fundus_imaging_bundle/ORIGA/Images/329.jpg,data/external/kaggle/glaucoma_fundus_imaging_bundle/ORIGA/Masks/329.png,ORIGA_329,test
glaucoma_fundus_imaging_bundle,ORIGA,330,data/external/kaggle/glaucoma_fundus_imaging_bundle/ORIGA/Images/330.jpg,data/external/kaggle/glaucoma_fundus_imaging_bundle/ORIGA/Masks/330.png,ORIGA_330,test
glaucoma_fundus_imaging_bundle,ORIGA,331,data/external/kaggle/glaucoma_fundus_imaging_bundle/ORIGA/Images/331.jpg,data/external/kaggle/glaucoma_fundus_imaging_bundle/ORIGA/Masks/331.png,ORIGA_331,train
glaucoma_fundus_imaging_bundle,ORIGA,332,data/external/kaggle/glaucoma_fundus_imaging_bundle/ORIGA/Images/332.jpg,data/external/kaggle/glaucoma_fundus_imaging_bundle/ORIGA/Masks/332.png,ORIGA_332,val
glaucoma_fundus_imaging_bundle,ORIGA,333,data/external/kaggle/glaucoma_fundus_imaging_bundle/ORIGA/Images/333.jpg,data/external/kaggle/glaucoma_fundus_imaging_bundle/ORIGA/Masks/333.png,ORIGA_333,val
glaucoma_fundus_imaging_bundle,ORIGA,334,data/external/kaggle/glaucoma_fundus_imaging_bundle/ORIGA/Images/334.jpg,data/external/kaggle/glaucoma_fundus_imaging_bundle/ORIGA/Masks/334.png,ORIGA_334,val
glaucoma_fundus_imaging_bundle,ORIGA,335,data/external/kaggle/glaucoma_fundus_imaging_bundle/ORIGA/Images/335.jpg,data/external/kaggle/glaucoma_fundus_imaging_bundle/ORIGA/Masks/335.png,ORIGA_335,val
glaucoma_fundus_imaging_bundle,ORIGA,336,data/external/kaggle/glaucoma_fundus_imaging_bundle/ORIGA/Images/336.jpg,data/external/kaggle/glaucoma_fundus_imaging_bundle/ORIGA/Masks/336.png,ORIGA_336,train
glaucoma_fundus_imaging_bundle,ORIGA,337,data/external/kaggle/glaucoma_fundus_imaging_bundle/ORIGA/Images/337.jpg,data/external/kaggle/glaucoma_fundus_imaging_bundle/ORIGA/Masks/337.png,ORIGA_337,val
glaucoma_fundus_imaging_bundle,ORIGA,338,data/external/kaggle/glaucoma_fundus_imaging_bundle/ORIGA/Images/338.jpg,data/external/kaggle/glaucoma_fundus_imaging_bundle/ORIGA/Masks/338.png,ORIGA_338,train
glaucoma_fundus_imaging_bundle,ORIGA,339,data/external/kaggle/glaucoma_fundus_imaging_bundle/ORIGA/Images/339.jpg,data/external/kaggle/glaucoma_fundus_imaging_bundle/ORIGA/Masks/339.png,ORIGA_339,train
glaucoma_fundus_imaging_bundle,ORIGA,340,data/external/kaggle/glaucoma_fundus_imaging_bundle/ORIGA/Images/340.jpg,data/external/kaggle/glaucoma_fundus_imaging_bundle/ORIGA/Masks/340.png,ORIGA_340,train
glaucoma_fundus_imaging_bundle,ORIGA,341,data/external/kaggle/glaucoma_fundus_imaging_bundle/ORIGA/Images/341.jpg,data/external/kaggle/glaucoma_fundus_imaging_bundle/ORIGA/Masks/341.png,ORIGA_341,val
glaucoma_fundus_imaging_bundle,ORIGA,342,data/external/kaggle/glaucoma_fundus_imaging_bundle/ORIGA/Images/342.jpg,data/external/kaggle/glaucoma_fundus_imaging_bundle/ORIGA/Masks/342.png,ORIGA_342,val
glaucoma_fundus_imaging_bundle,ORIGA,343,data/external/kaggle/glaucoma_fundus_imaging_bundle/ORIGA/Images/343.jpg,data/external/kaggle/glaucoma_fundus_imaging_bundle/ORIGA/Masks/343.png,ORIGA_343,train
glaucoma_fundus_imaging_bundle,ORIGA,344,data/external/kaggle/glaucoma_fundus_imaging_bundle/ORIGA/Images/344.jpg,data/external/kaggle/glaucoma_fundus_imaging_bundle/ORIGA/Masks/344.png,ORIGA_344,train
glaucoma_fundus_imaging_bundle,ORIGA,345,data/external/kaggle/glaucoma_fundus_imaging_bundle/ORIGA/Images/345.jpg,data/external/kaggle/glaucoma_fundus_imaging_bundle/ORIGA/Masks/345.png,ORIGA_345,test
glaucoma_fundus_imaging_bundle,ORIGA,346,data/external/kaggle/glaucoma_fundus_imaging_bundle/ORIGA/Images/346.jpg,data/external/kaggle/glaucoma_fundus_imaging_bundle/ORIGA/Masks/346.png,ORIGA_346,train
glaucoma_fundus_imaging_bundle,ORIGA,347,data/external/kaggle/glaucoma_fundus_imaging_bundle/ORIGA/Images/347.jpg,data/external/kaggle/glaucoma_fundus_imaging_bundle/ORIGA/Masks/347.png,ORIGA_347,val
glaucoma_fundus_imaging_bundle,ORIGA,348,data/external/kaggle/glaucoma_fundus_imaging_bundle/ORIGA/Images/348.jpg,data/external/kaggle/glaucoma_fundus_imaging_bundle/ORIGA/Masks/348.png,ORIGA_348,train
glaucoma_fundus_imaging_bundle,ORIGA,349,data/external/kaggle/glaucoma_fundus_imaging_bundle/ORIGA/Images/349.jpg,data/external/kaggle/glaucoma_fundus_imaging_bundle/ORIGA/Masks/349.png,ORIGA_349,train
glaucoma_fundus_imaging_bundle,ORIGA,350,data/external/kaggle/glaucoma_fundus_imaging_bundle/ORIGA/Images/350.jpg,data/external/kaggle/glaucoma_fundus_imaging_bundle/ORIGA/Masks/350.png,ORIGA_350,train
glaucoma_fundus_imaging_bundle,ORIGA,351,data/external/kaggle/glaucoma_fundus_imaging_bundle/ORIGA/Images/351.jpg,data/external/kaggle/glaucoma_fundus_imaging_bundle/ORIGA/Masks/351.png,ORIGA_351,test
glaucoma_fundus_imaging_bundle,ORIGA,352,data/external/kaggle/glaucoma_fundus_imaging_bundle/ORIGA/Images/352.jpg,data/external/kaggle/glaucoma_fundus_imaging_bundle/ORIGA/Masks/352.png,ORIGA_352,train
glaucoma_fundus_imaging_bundle,ORIGA,353,data/external/kaggle/glaucoma_fundus_imaging_bundle/ORIGA/Images/353.jpg,data/external/kaggle/glaucoma_fundus_imaging_bundle/ORIGA/Masks/353.png,ORIGA_353,train
glaucoma_fundus_imaging_bundle,ORIGA,354,data/external/kaggle/glaucoma_fundus_imaging_bundle/ORIGA/Images/354.jpg,data/external/kaggle/glaucoma_fundus_imaging_bundle/ORIGA/Masks/354.png,ORIGA_354,test
glaucoma_fundus_imaging_bundle,ORIGA,355,data/external/kaggle/glaucoma_fundus_imaging_bundle/ORIGA/Images/355.jpg,data/external/kaggle/glaucoma_fundus_imaging_bundle/ORIGA/Masks/355.png,ORIGA_355,train
glaucoma_fundus_imaging_bundle,ORIGA,356,data/external/kaggle/glaucoma_fundus_imaging_bundle/ORIGA/Images/356.jpg,data/external/kaggle/glaucoma_fundus_imaging_bundle/ORIGA/Masks/356.png,ORIGA_356,train
glaucoma_fundus_imaging_bundle,ORIGA,357,data/external/kaggle/glaucoma_fundus_imaging_bundle/ORIGA/Images/357.jpg,data/external/kaggle/glaucoma_fundus_imaging_bundle/ORIGA/Masks/357.png,ORIGA_357,train
glaucoma_fundus_imaging_bundle,ORIGA,358,data/external/kaggle/glaucoma_fundus_imaging_bundle/ORIGA/Images/358.jpg,data/external/kaggle/glaucoma_fundus_imaging_bundle/ORIGA/Masks/358.png,ORIGA_358,train
glaucoma_fundus_imaging_bundle,ORIGA,359,data/external/kaggle/glaucoma_fundus_imaging_bundle/ORIGA/Images/359.jpg,data/external/kaggle/glaucoma_fundus_imaging_bundle/ORIGA/Masks/359.png,ORIGA_359,train
glaucoma_fundus_imaging_bundle,ORIGA,360,data/external/kaggle/glaucoma_fundus_imaging_bundle/ORIGA/Images/360.jpg,data/external/kaggle/glaucoma_fundus_imaging_bundle/ORIGA/Masks/360.png,ORIGA_360,train
glaucoma_fundus_imaging_bundle,ORIGA,361,data/external/kaggle/glaucoma_fundus_imaging_bundle/ORIGA/Images/361.jpg,data/external/kaggle/glaucoma_fundus_imaging_bundle/ORIGA/Masks/361.png,ORIGA_361,train
glaucoma_fundus_imaging_bundle,ORIGA,362,data/external/kaggle/glaucoma_fundus_imaging_bundle/ORIGA/Images/362.jpg,data/external/kaggle/glaucoma_fundus_imaging_bundle/ORIGA/Masks/362.png,ORIGA_362,train
glaucoma_fundus_imaging_bundle,ORIGA,363,data/external/kaggle/glaucoma_fundus_imaging_bundle/ORIGA/Images/363.jpg,data/external/kaggle/glaucoma_fundus_imaging_bundle/ORIGA/Masks/363.png,ORIGA_363,test
glaucoma_fundus_imaging_bundle,ORIGA,364,data/external/kaggle/glaucoma_fundus_imaging_bundle/ORIGA/Images/364.jpg,data/external/kaggle/glaucoma_fundus_imaging_bundle/ORIGA/Masks/364.png,ORIGA_364,test
glaucoma_fundus_imaging_bundle,ORIGA,365,data/external/kaggle/glaucoma_fundus_imaging_bundle/ORIGA/Images/365.jpg,data/external/kaggle/glaucoma_fundus_imaging_bundle/ORIGA/Masks/365.png,ORIGA_365,train
glaucoma_fundus_imaging_bundle,ORIGA,366,data/external/kaggle/glaucoma_fundus_imaging_bundle/ORIGA/Images/366.jpg,data/external/kaggle/glaucoma_fundus_imaging_bundle/ORIGA/Masks/366.png,ORIGA_366,train
glaucoma_fundus_imaging_bundle,ORIGA,367,data/external/kaggle/glaucoma_fundus_imaging_bundle/ORIGA/Images/367.jpg,data/external/kaggle/glaucoma_fundus_imaging_bundle/ORIGA/Masks/367.png,ORIGA_367,train
glaucoma_fundus_imaging_bundle,ORIGA,368,data/external/kaggle/glaucoma_fundus_imaging_bundle/ORIGA/Images/368.jpg,data/external/kaggle/glaucoma_fundus_imaging_bundle/ORIGA/Masks/368.png,ORIGA_368,val
glaucoma_fundus_imaging_bundle,ORIGA,369,data/external/kaggle/glaucoma_fundus_imaging_bundle/ORIGA/Images/369.jpg,data/external/kaggle/glaucoma_fundus_imaging_bundle/ORIGA/Masks/369.png,ORIGA_369,train
glaucoma_fundus_imaging_bundle,ORIGA,370,data/external/kaggle/glaucoma_fundus_imaging_bundle/ORIGA/Images/370.jpg,data/external/kaggle/glaucoma_fundus_imaging_bundle/ORIGA/Masks/370.png,ORIGA_370,test
glaucoma_fundus_imaging_bundle,ORIGA,371,data/external/kaggle/glaucoma_fundus_imaging_bundle/ORIGA/Images/371.jpg,data/external/kaggle/glaucoma_fundus_imaging_bundle/ORIGA/Masks/371.png,ORIGA_371,test
glaucoma_fundus_imaging_bundle,ORIGA,372,data/external/kaggle/glaucoma_fundus_imaging_bundle/ORIGA/Images/372.jpg,data/external/kaggle/glaucoma_fundus_imaging_bundle/ORIGA/Masks/372.png,ORIGA_372,train
glaucoma_fundus_imaging_bundle,ORIGA,373,data/external/kaggle/glaucoma_fundus_imaging_bundle/ORIGA/Images/373.jpg,data/external/kaggle/glaucoma_fundus_imaging_bundle/ORIGA/Masks/373.png,ORIGA_373,train
glaucoma_fundus_imaging_bundle,ORIGA,374,data/external/kaggle/glaucoma_fundus_imaging_bundle/ORIGA/Images/374.jpg,data/external/kaggle/glaucoma_fundus_imaging_bundle/ORIGA/Masks/374.png,ORIGA_374,train
glaucoma_fundus_imaging_bundle,ORIGA,375,data/external/kaggle/glaucoma_fundus_imaging_bundle/ORIGA/Images/375.jpg,data/external/kaggle/glaucoma_fundus_imaging_bundle/ORIGA/Masks/375.png,ORIGA_375,train
glaucoma_fundus_imaging_bundle,ORIGA,376,data/external/kaggle/glaucoma_fundus_imaging_bundle/ORIGA/Images/376.jpg,data/external/kaggle/glaucoma_fundus_imaging_bundle/ORIGA/Masks/376.png,ORIGA_376,test
glaucoma_fundus_imaging_bundle,ORIGA,377,data/external/kaggle/glaucoma_fundus_imaging_bundle/ORIGA/Images/377.jpg,data/external/kaggle/glaucoma_fundus_imaging_bundle/ORIGA/Masks/377.png,ORIGA_377,train
glaucoma_fundus_imaging_bundle,ORIGA,378,data/external/kaggle/glaucoma_fundus_imaging_bundle/ORIGA/Images/378.jpg,data/external/kaggle/glaucoma_fundus_imaging_bundle/ORIGA/Masks/378.png,ORIGA_378,test
glaucoma_fundus_imaging_bundle,ORIGA,379,data/external/kaggle/glaucoma_fundus_imaging_bundle/ORIGA/Images/379.jpg,data/external/kaggle/glaucoma_fundus_imaging_bundle/ORIGA/Masks/379.png,ORIGA_379,train
glaucoma_fundus_imaging_bundle,ORIGA,380,data/external/kaggle/glaucoma_fundus_imaging_bundle/ORIGA/Images/380.jpg,data/external/kaggle/glaucoma_fundus_imaging_bundle/ORIGA/Masks/380.png,ORIGA_380,train
glaucoma_fundus_imaging_bundle,ORIGA,381,data/external/kaggle/glaucoma_fundus_imaging_bundle/ORIGA/Images/381.jpg,data/external/kaggle/glaucoma_fundus_imaging_bundle/ORIGA/Masks/381.png,ORIGA_381,test
glaucoma_fundus_imaging_bundle,ORIGA,382,data/external/kaggle/glaucoma_fundus_imaging_bundle/ORIGA/Images/382.jpg,data/external/kaggle/glaucoma_fundus_imaging_bundle/ORIGA/Masks/382.png,ORIGA_382,val
glaucoma_fundus_imaging_bundle,ORIGA,383,data/external/kaggle/glaucoma_fundus_imaging_bundle/ORIGA/Images/383.jpg,data/external/kaggle/glaucoma_fundus_imaging_bundle/ORIGA/Masks/383.png,ORIGA_383,train
glaucoma_fundus_imaging_bundle,ORIGA,384,data/external/kaggle/glaucoma_fundus_imaging_bundle/ORIGA/Images/384.jpg,data/external/kaggle/glaucoma_fundus_imaging_bundle/ORIGA/Masks/384.png,ORIGA_384,train
glaucoma_fundus_imaging_bundle,ORIGA,385,data/external/kaggle/glaucoma_fundus_imaging_bundle/ORIGA/Images/385.jpg,data/external/kaggle/glaucoma_fundus_imaging_bundle/ORIGA/Masks/385.png,ORIGA_385,train
glaucoma_fundus_imaging_bundle,ORIGA,386,data/external/kaggle/glaucoma_fundus_imaging_bundle/ORIGA/Images/386.jpg,data/external/kaggle/glaucoma_fundus_imaging_bundle/ORIGA/Masks/386.png,ORIGA_386,train
glaucoma_fundus_imaging_bundle,ORIGA,387,data/external/kaggle/glaucoma_fundus_imaging_bundle/ORIGA/Images/387.jpg,data/external/kaggle/glaucoma_fundus_imaging_bundle/ORIGA/Masks/387.png,ORIGA_387,train
glaucoma_fundus_imaging_bundle,ORIGA,388,data/external/kaggle/glaucoma_fundus_imaging_bundle/ORIGA/Images/388.jpg,data/external/kaggle/glaucoma_fundus_imaging_bundle/ORIGA/Masks/388.png,ORIGA_388,train
glaucoma_fundus_imaging_bundle,ORIGA,389,data/external/kaggle/glaucoma_fundus_imaging_bundle/ORIGA/Images/389.jpg,data/external/kaggle/glaucoma_fundus_imaging_bundle/ORIGA/Masks/389.png,ORIGA_389,train
glaucoma_fundus_imaging_bundle,ORIGA,390,data/external/kaggle/glaucoma_fundus_imaging_bundle/ORIGA/Images/390.jpg,data/external/kaggle/glaucoma_fundus_imaging_bundle/ORIGA/Masks/390.png,ORIGA_390,train
glaucoma_fundus_imaging_bundle,ORIGA,391,data/external/kaggle/glaucoma_fundus_imaging_bundle/ORIGA/Images/391.jpg,data/external/kaggle/glaucoma_fundus_imaging_bundle/ORIGA/Masks/391.png,ORIGA_391,train
glaucoma_fundus_imaging_bundle,ORIGA,392,data/external/kaggle/glaucoma_fundus_imaging_bundle/ORIGA/Images/392.jpg,data/external/kaggle/glaucoma_fundus_imaging_bundle/ORIGA/Masks/392.png,ORIGA_392,train
glaucoma_fundus_imaging_bundle,ORIGA,393,data/external/kaggle/glaucoma_fundus_imaging_bundle/ORIGA/Images/393.jpg,data/external/kaggle/glaucoma_fundus_imaging_bundle/ORIGA/Masks/393.png,ORIGA_393,train
glaucoma_fundus_imaging_bundle,ORIGA,394,data/external/kaggle/glaucoma_fundus_imaging_bundle/ORIGA/Images/394.jpg,data/external/kaggle/glaucoma_fundus_imaging_bundle/ORIGA/Masks/394.png,ORIGA_394,test
glaucoma_fundus_imaging_bundle,ORIGA,395,data/external/kaggle/glaucoma_fundus_imaging_bundle/ORIGA/Images/395.jpg,data/external/kaggle/glaucoma_fundus_imaging_bundle/ORIGA/Masks/395.png,ORIGA_395,train
glaucoma_fundus_imaging_bundle,ORIGA,396,data/external/kaggle/glaucoma_fundus_imaging_bundle/ORIGA/Images/396.jpg,data/external/kaggle/glaucoma_fundus_imaging_bundle/ORIGA/Masks/396.png,ORIGA_396,train
glaucoma_fundus_imaging_bundle,ORIGA,397,data/external/kaggle/glaucoma_fundus_imaging_bundle/ORIGA/Images/397.jpg,data/external/kaggle/glaucoma_fundus_imaging_bundle/ORIGA/Masks/397.png,ORIGA_397,train
glaucoma_fundus_imaging_bundle,ORIGA,398,data/external/kaggle/glaucoma_fundus_imaging_bundle/ORIGA/Images/398.jpg,data/external/kaggle/glaucoma_fundus_imaging_bundle/ORIGA/Masks/398.png,ORIGA_398,train
glaucoma_fundus_imaging_bundle,ORIGA,399,data/external/kaggle/glaucoma_fundus_imaging_bundle/ORIGA/Images/399.jpg,data/external/kaggle/glaucoma_fundus_imaging_bundle/ORIGA/Masks/399.png,ORIGA_399,train
glaucoma_fundus_imaging_bundle,ORIGA,400,data/external/kaggle/glaucoma_fundus_imaging_bundle/ORIGA/Images/400.jpg,data/external/kaggle/glaucoma_fundus_imaging_bundle/ORIGA/Masks/400.png,ORIGA_400,train
glaucoma_fundus_imaging_bundle,ORIGA,401,data/external/kaggle/glaucoma_fundus_imaging_bundle/ORIGA/Images/401.jpg,data/external/kaggle/glaucoma_fundus_imaging_bundle/ORIGA/Masks/401.png,ORIGA_401,train
glaucoma_fundus_imaging_bundle,ORIGA,402,data/external/kaggle/glaucoma_fundus_imaging_bundle/ORIGA/Images/402.jpg,data/external/kaggle/glaucoma_fundus_imaging_bundle/ORIGA/Masks/402.png,ORIGA_402,train
glaucoma_fundus_imaging_bundle,ORIGA,403,data/external/kaggle/glaucoma_fundus_imaging_bundle/ORIGA/Images/403.jpg,data/external/kaggle/glaucoma_fundus_imaging_bundle/ORIGA/Masks/403.png,ORIGA_403,train
glaucoma_fundus_imaging_bundle,ORIGA,404,data/external/kaggle/glaucoma_fundus_imaging_bundle/ORIGA/Images/404.jpg,data/external/kaggle/glaucoma_fundus_imaging_bundle/ORIGA/Masks/404.png,ORIGA_404,train
glaucoma_fundus_imaging_bundle,ORIGA,405,data/external/kaggle/glaucoma_fundus_imaging_bundle/ORIGA/Images/405.jpg,data/external/kaggle/glaucoma_fundus_imaging_bundle/ORIGA/Masks/405.png,ORIGA_405,test
glaucoma_fundus_imaging_bundle,ORIGA,406,data/external/kaggle/glaucoma_fundus_imaging_bundle/ORIGA/Images/406.jpg,data/external/kaggle/glaucoma_fundus_imaging_bundle/ORIGA/Masks/406.png,ORIGA_406,train
glaucoma_fundus_imaging_bundle,ORIGA,407,data/external/kaggle/glaucoma_fundus_imaging_bundle/ORIGA/Images/407.jpg,data/external/kaggle/glaucoma_fundus_imaging_bundle/ORIGA/Masks/407.png,ORIGA_407,train
glaucoma_fundus_imaging_bundle,ORIGA,408,data/external/kaggle/glaucoma_fundus_imaging_bundle/ORIGA/Images/408.jpg,data/external/kaggle/glaucoma_fundus_imaging_bundle/ORIGA/Masks/408.png,ORIGA_408,train
glaucoma_fundus_imaging_bundle,ORIGA,409,data/external/kaggle/glaucoma_fundus_imaging_bundle/ORIGA/Images/409.jpg,data/external/kaggle/glaucoma_fundus_imaging_bundle/ORIGA/Masks/409.png,ORIGA_409,train
glaucoma_fundus_imaging_bundle,ORIGA,410,data/external/kaggle/glaucoma_fundus_imaging_bundle/ORIGA/Images/410.jpg,data/external/kaggle/glaucoma_fundus_imaging_bundle/ORIGA/Masks/410.png,ORIGA_410,train
glaucoma_fundus_imaging_bundle,ORIGA,411,data/external/kaggle/glaucoma_fundus_imaging_bundle/ORIGA/Images/411.jpg,data/external/kaggle/glaucoma_fundus_imaging_bundle/ORIGA/Masks/411.png,ORIGA_411,train
glaucoma_fundus_imaging_bundle,ORIGA,412,data/external/kaggle/glaucoma_fundus_imaging_bundle/ORIGA/Images/412.jpg,data/external/kaggle/glaucoma_fundus_imaging_bundle/ORIGA/Masks/412.png,ORIGA_412,test
glaucoma_fundus_imaging_bundle,ORIGA,413,data/external/kaggle/glaucoma_fundus_imaging_bundle/ORIGA/Images/413.jpg,data/external/kaggle/glaucoma_fundus_imaging_bundle/ORIGA/Masks/413.png,ORIGA_413,train
glaucoma_fundus_imaging_bundle,ORIGA,414,data/external/kaggle/glaucoma_fundus_imaging_bundle/ORIGA/Images/414.jpg,data/external/kaggle/glaucoma_fundus_imaging_bundle/ORIGA/Masks/414.png,ORIGA_414,train
glaucoma_fundus_imaging_bundle,ORIGA,415,data/external/kaggle/glaucoma_fundus_imaging_bundle/ORIGA/Images/415.jpg,data/external/kaggle/glaucoma_fundus_imaging_bundle/ORIGA/Masks/415.png,ORIGA_415,train
glaucoma_fundus_imaging_bundle,ORIGA,416,data/external/kaggle/glaucoma_fundus_imaging_bundle/ORIGA/Images/416.jpg,data/external/kaggle/glaucoma_fundus_imaging_bundle/ORIGA/Masks/416.png,ORIGA_416,train
glaucoma_fundus_imaging_bundle,ORIGA,417,data/external/kaggle/glaucoma_fundus_imaging_bundle/ORIGA/Images/417.jpg,data/external/kaggle/glaucoma_fundus_imaging_bundle/ORIGA/Masks/417.png,ORIGA_417,train
glaucoma_fundus_imaging_bundle,ORIGA,418,data/external/kaggle/glaucoma_fundus_imaging_bundle/ORIGA/Images/418.jpg,data/external/kaggle/glaucoma_fundus_imaging_bundle/ORIGA/Masks/418.png,ORIGA_418,train
glaucoma_fundus_imaging_bundle,ORIGA,419,data/external/kaggle/glaucoma_fundus_imaging_bundle/ORIGA/Images/419.jpg,data/external/kaggle/glaucoma_fundus_imaging_bundle/ORIGA/Masks/419.png,ORIGA_419,train
glaucoma_fundus_imaging_bundle,ORIGA,420,data/external/kaggle/glaucoma_fundus_imaging_bundle/ORIGA/Images/420.jpg,data/external/kaggle/glaucoma_fundus_imaging_bundle/ORIGA/Masks/420.png,ORIGA_420,train
glaucoma_fundus_imaging_bundle,ORIGA,421,data/external/kaggle/glaucoma_fundus_imaging_bundle/ORIGA/Images/421.jpg,data/external/kaggle/glaucoma_fundus_imaging_bundle/ORIGA/Masks/421.png,ORIGA_421,test
glaucoma_fundus_imaging_bundle,ORIGA,422,data/external/kaggle/glaucoma_fundus_imaging_bundle/ORIGA/Images/422.jpg,data/external/kaggle/glaucoma_fundus_imaging_bundle/ORIGA/Masks/422.png,ORIGA_422,test
glaucoma_fundus_imaging_bundle,ORIGA,423,data/external/kaggle/glaucoma_fundus_imaging_bundle/ORIGA/Images/423.jpg,data/external/kaggle/glaucoma_fundus_imaging_bundle/ORIGA/Masks/423.png,ORIGA_423,train
glaucoma_fundus_imaging_bundle,ORIGA,424,data/external/kaggle/glaucoma_fundus_imaging_bundle/ORIGA/Images/424.jpg,data/external/kaggle/glaucoma_fundus_imaging_bundle/ORIGA/Masks/424.png,ORIGA_424,train
glaucoma_fundus_imaging_bundle,ORIGA,425,data/external/kaggle/glaucoma_fundus_imaging_bundle/ORIGA/Images/425.jpg,data/external/kaggle/glaucoma_fundus_imaging_bundle/ORIGA/Masks/425.png,ORIGA_425,train
glaucoma_fundus_imaging_bundle,ORIGA,426,data/external/kaggle/glaucoma_fundus_imaging_bundle/ORIGA/Images/426.jpg,data/external/kaggle/glaucoma_fundus_imaging_bundle/ORIGA/Masks/426.png,ORIGA_426,val
glaucoma_fundus_imaging_bundle,ORIGA,427,data/external/kaggle/glaucoma_fundus_imaging_bundle/ORIGA/Images/427.jpg,data/external/kaggle/glaucoma_fundus_imaging_bundle/ORIGA/Masks/427.png,ORIGA_427,train
glaucoma_fundus_imaging_bundle,ORIGA,428,data/external/kaggle/glaucoma_fundus_imaging_bundle/ORIGA/Images/428.jpg,data/external/kaggle/glaucoma_fundus_imaging_bundle/ORIGA/Masks/428.png,ORIGA_428,train
glaucoma_fundus_imaging_bundle,ORIGA,429,data/external/kaggle/glaucoma_fundus_imaging_bundle/ORIGA/Images/429.jpg,data/external/kaggle/glaucoma_fundus_imaging_bundle/ORIGA/Masks/429.png,ORIGA_429,test
glaucoma_fundus_imaging_bundle,ORIGA,430,data/external/kaggle/glaucoma_fundus_imaging_bundle/ORIGA/Images/430.jpg,data/external/kaggle/glaucoma_fundus_imaging_bundle/ORIGA/Masks/430.png,ORIGA_430,train
glaucoma_fundus_imaging_bundle,ORIGA,431,data/external/kaggle/glaucoma_fundus_imaging_bundle/ORIGA/Images/431.jpg,data/external/kaggle/glaucoma_fundus_imaging_bundle/ORIGA/Masks/431.png,ORIGA_431,test
glaucoma_fundus_imaging_bundle,ORIGA,432,data/external/kaggle/glaucoma_fundus_imaging_bundle/ORIGA/Images/432.jpg,data/external/kaggle/glaucoma_fundus_imaging_bundle/ORIGA/Masks/432.png,ORIGA_432,val
glaucoma_fundus_imaging_bundle,ORIGA,433,data/external/kaggle/glaucoma_fundus_imaging_bundle/ORIGA/Images/433.jpg,data/external/kaggle/glaucoma_fundus_imaging_bundle/ORIGA/Masks/433.png,ORIGA_433,train
glaucoma_fundus_imaging_bundle,ORIGA,434,data/external/kaggle/glaucoma_fundus_imaging_bundle/ORIGA/Images/434.jpg,data/external/kaggle/glaucoma_fundus_imaging_bundle/ORIGA/Masks/434.png,ORIGA_434,val
glaucoma_fundus_imaging_bundle,ORIGA,435,data/external/kaggle/glaucoma_fundus_imaging_bundle/ORIGA/Images/435.jpg,data/external/kaggle/glaucoma_fundus_imaging_bundle/ORIGA/Masks/435.png,ORIGA_435,train
glaucoma_fundus_imaging_bundle,ORIGA,436,data/external/kaggle/glaucoma_fundus_imaging_bundle/ORIGA/Images/436.jpg,data/external/kaggle/glaucoma_fundus_imaging_bundle/ORIGA/Masks/436.png,ORIGA_436,train
glaucoma_fundus_imaging_bundle,ORIGA,437,data/external/kaggle/glaucoma_fundus_imaging_bundle/ORIGA/Images/437.jpg,data/external/kaggle/glaucoma_fundus_imaging_bundle/ORIGA/Masks/437.png,ORIGA_437,train
glaucoma_fundus_imaging_bundle,ORIGA,438,data/external/kaggle/glaucoma_fundus_imaging_bundle/ORIGA/Images/438.jpg,data/external/kaggle/glaucoma_fundus_imaging_bundle/ORIGA/Masks/438.png,ORIGA_438,val
glaucoma_fundus_imaging_bundle,ORIGA,439,data/external/kaggle/glaucoma_fundus_imaging_bundle/ORIGA/Images/439.jpg,data/external/kaggle/glaucoma_fundus_imaging_bundle/ORIGA/Masks/439.png,ORIGA_439,train
glaucoma_fundus_imaging_bundle,ORIGA,440,data/external/kaggle/glaucoma_fundus_imaging_bundle/ORIGA/Images/440.jpg,data/external/kaggle/glaucoma_fundus_imaging_bundle/ORIGA/Masks/440.png,ORIGA_440,train
glaucoma_fundus_imaging_bundle,ORIGA,441,data/external/kaggle/glaucoma_fundus_imaging_bundle/ORIGA/Images/441.jpg,data/external/kaggle/glaucoma_fundus_imaging_bundle/ORIGA/Masks/441.png,ORIGA_441,val
glaucoma_fundus_imaging_bundle,ORIGA,442,data/external/kaggle/glaucoma_fundus_imaging_bundle/ORIGA/Images/442.jpg,data/external/kaggle/glaucoma_fundus_imaging_bundle/ORIGA/Masks/442.png,ORIGA_442,train
glaucoma_fundus_imaging_bundle,ORIGA,443,data/external/kaggle/glaucoma_fundus_imaging_bundle/ORIGA/Images/443.jpg,data/external/kaggle/glaucoma_fundus_imaging_bundle/ORIGA/Masks/443.png,ORIGA_443,train
glaucoma_fundus_imaging_bundle,ORIGA,444,data/external/kaggle/glaucoma_fundus_imaging_bundle/ORIGA/Images/444.jpg,data/external/kaggle/glaucoma_fundus_imaging_bundle/ORIGA/Masks/444.png,ORIGA_444,train
glaucoma_fundus_imaging_bundle,ORIGA,445,data/external/kaggle/glaucoma_fundus_imaging_bundle/ORIGA/Images/445.jpg,data/external/kaggle/glaucoma_fundus_imaging_bundle/ORIGA/Masks/445.png,ORIGA_445,test
glaucoma_fundus_imaging_bundle,ORIGA,446,data/external/kaggle/glaucoma_fundus_imaging_bundle/ORIGA/Images/446.jpg,data/external/kaggle/glaucoma_fundus_imaging_bundle/ORIGA/Masks/446.png,ORIGA_446,train
glaucoma_fundus_imaging_bundle,ORIGA,447,data/external/kaggle/glaucoma_fundus_imaging_bundle/ORIGA/Images/447.jpg,data/external/kaggle/glaucoma_fundus_imaging_bundle/ORIGA/Masks/447.png,ORIGA_447,val
glaucoma_fundus_imaging_bundle,ORIGA,448,data/external/kaggle/glaucoma_fundus_imaging_bundle/ORIGA/Images/448.jpg,data/external/kaggle/glaucoma_fundus_imaging_bundle/ORIGA/Masks/448.png,ORIGA_448,val
glaucoma_fundus_imaging_bundle,ORIGA,449,data/external/kaggle/glaucoma_fundus_imaging_bundle/ORIGA/Images/449.jpg,data/external/kaggle/glaucoma_fundus_imaging_bundle/ORIGA/Masks/449.png,ORIGA_449,val
glaucoma_fundus_imaging_bundle,ORIGA,450,data/external/kaggle/glaucoma_fundus_imaging_bundle/ORIGA/Images/450.jpg,data/external/kaggle/glaucoma_fundus_imaging_bundle/ORIGA/Masks/450.png,ORIGA_450,val
glaucoma_fundus_imaging_bundle,ORIGA,451,data/external/kaggle/glaucoma_fundus_imaging_bundle/ORIGA/Images/451.jpg,data/external/kaggle/glaucoma_fundus_imaging_bundle/ORIGA/Masks/451.png,ORIGA_451,test
glaucoma_fundus_imaging_bundle,ORIGA,452,data/external/kaggle/glaucoma_fundus_imaging_bundle/ORIGA/Images/452.jpg,data/external/kaggle/glaucoma_fundus_imaging_bundle/ORIGA/Masks/452.png,ORIGA_452,train
glaucoma_fundus_imaging_bundle,ORIGA,453,data/external/kaggle/glaucoma_fundus_imaging_bundle/ORIGA/Images/453.jpg,data/external/kaggle/glaucoma_fundus_imaging_bundle/ORIGA/Masks/453.png,ORIGA_453,train
glaucoma_fundus_imaging_bundle,ORIGA,454,data/external/kaggle/glaucoma_fundus_imaging_bundle/ORIGA/Images/454.jpg,data/external/kaggle/glaucoma_fundus_imaging_bundle/ORIGA/Masks/454.png,ORIGA_454,train
glaucoma_fundus_imaging_bundle,ORIGA,455,data/external/kaggle/glaucoma_fundus_imaging_bundle/ORIGA/Images/455.jpg,data/external/kaggle/glaucoma_fundus_imaging_bundle/ORIGA/Masks/455.png,ORIGA_455,train
glaucoma_fundus_imaging_bundle,ORIGA,456,data/external/kaggle/glaucoma_fundus_imaging_bundle/ORIGA/Images/456.jpg,data/external/kaggle/glaucoma_fundus_imaging_bundle/ORIGA/Masks/456.png,ORIGA_456,train
glaucoma_fundus_imaging_bundle,ORIGA,457,data/external/kaggle/glaucoma_fundus_imaging_bundle/ORIGA/Images/457.jpg,data/external/kaggle/glaucoma_fundus_imaging_bundle/ORIGA/Masks/457.png,ORIGA_457,train
glaucoma_fundus_imaging_bundle,ORIGA,458,data/external/kaggle/glaucoma_fundus_imaging_bundle/ORIGA/Images/458.jpg,data/external/kaggle/glaucoma_fundus_imaging_bundle/ORIGA/Masks/458.png,ORIGA_458,train
glaucoma_fundus_imaging_bundle,ORIGA,459,data/external/kaggle/glaucoma_fundus_imaging_bundle/ORIGA/Images/459.jpg,data/external/kaggle/glaucoma_fundus_imaging_bundle/ORIGA/Masks/459.png,ORIGA_459,train
glaucoma_fundus_imaging_bundle,ORIGA,460,data/external/kaggle/glaucoma_fundus_imaging_bundle/ORIGA/Images/460.jpg,data/external/kaggle/glaucoma_fundus_imaging_bundle/ORIGA/Masks/460.png,ORIGA_460,train
glaucoma_fundus_imaging_bundle,ORIGA,461,data/external/kaggle/glaucoma_fundus_imaging_bundle/ORIGA/Images/461.jpg,data/external/kaggle/glaucoma_fundus_imaging_bundle/ORIGA/Masks/461.png,ORIGA_461,train
glaucoma_fundus_imaging_bundle,ORIGA,462,data/external/kaggle/glaucoma_fundus_imaging_bundle/ORIGA/Images/462.jpg,data/external/kaggle/glaucoma_fundus_imaging_bundle/ORIGA/Masks/462.png,ORIGA_462,train
glaucoma_fundus_imaging_bundle,ORIGA,463,data/external/kaggle/glaucoma_fundus_imaging_bundle/ORIGA/Images/463.jpg,data/external/kaggle/glaucoma_fundus_imaging_bundle/ORIGA/Masks/463.png,ORIGA_463,train
glaucoma_fundus_imaging_bundle,ORIGA,464,data/external/kaggle/glaucoma_fundus_imaging_bundle/ORIGA/Images/464.jpg,data/external/kaggle/glaucoma_fundus_imaging_bundle/ORIGA/Masks/464.png,ORIGA_464,train
glaucoma_fundus_imaging_bundle,ORIGA,465,data/external/kaggle/glaucoma_fundus_imaging_bundle/ORIGA/Images/465.jpg,data/external/kaggle/glaucoma_fundus_imaging_bundle/ORIGA/Masks/465.png,ORIGA_465,test
glaucoma_fundus_imaging_bundle,ORIGA,466,data/external/kaggle/glaucoma_fundus_imaging_bundle/ORIGA/Images/466.jpg,data/external/kaggle/glaucoma_fundus_imaging_bundle/ORIGA/Masks/466.png,ORIGA_466,train
glaucoma_fundus_imaging_bundle,ORIGA,467,data/external/kaggle/glaucoma_fundus_imaging_bundle/ORIGA/Images/467.jpg,data/external/kaggle/glaucoma_fundus_imaging_bundle/ORIGA/Masks/467.png,ORIGA_467,train
glaucoma_fundus_imaging_bundle,ORIGA,468,data/external/kaggle/glaucoma_fundus_imaging_bundle/ORIGA/Images/468.jpg,data/external/kaggle/glaucoma_fundus_imaging_bundle/ORIGA/Masks/468.png,ORIGA_468,train
glaucoma_fundus_imaging_bundle,ORIGA,469,data/external/kaggle/glaucoma_fundus_imaging_bundle/ORIGA/Images/469.jpg,data/external/kaggle/glaucoma_fundus_imaging_bundle/ORIGA/Masks/469.png,ORIGA_469,train
glaucoma_fundus_imaging_bundle,ORIGA,470,data/external/kaggle/glaucoma_fundus_imaging_bundle/ORIGA/Images/470.jpg,data/external/kaggle/glaucoma_fundus_imaging_bundle/ORIGA/Masks/470.png,ORIGA_470,train
glaucoma_fundus_imaging_bundle,ORIGA,471,data/external/kaggle/glaucoma_fundus_imaging_bundle/ORIGA/Images/471.jpg,data/external/kaggle/glaucoma_fundus_imaging_bundle/ORIGA/Masks/471.png,ORIGA_471,train
glaucoma_fundus_imaging_bundle,ORIGA,472,data/external/kaggle/glaucoma_fundus_imaging_bundle/ORIGA/Images/472.jpg,data/external/kaggle/glaucoma_fundus_imaging_bundle/ORIGA/Masks/472.png,ORIGA_472,train
glaucoma_fundus_imaging_bundle,ORIGA,473,data/external/kaggle/glaucoma_fundus_imaging_bundle/ORIGA/Images/473.jpg,data/external/kaggle/glaucoma_fundus_imaging_bundle/ORIGA/Masks/473.png,ORIGA_473,train
glaucoma_fundus_imaging_bundle,ORIGA,474,data/external/kaggle/glaucoma_fundus_imaging_bundle/ORIGA/Images/474.jpg,data/external/kaggle/glaucoma_fundus_imaging_bundle/ORIGA/Masks/474.png,ORIGA_474,train
glaucoma_fundus_imaging_bundle,ORIGA,475,data/external/kaggle/glaucoma_fundus_imaging_bundle/ORIGA/Images/475.jpg,data/external/kaggle/glaucoma_fundus_imaging_bundle/ORIGA/Masks/475.png,ORIGA_475,train
glaucoma_fundus_imaging_bundle,ORIGA,476,data/external/kaggle/glaucoma_fundus_imaging_bundle/ORIGA/Images/476.jpg,data/external/kaggle/glaucoma_fundus_imaging_bundle/ORIGA/Masks/476.png,ORIGA_476,train
glaucoma_fundus_imaging_bundle,ORIGA,477,data/external/kaggle/glaucoma_fundus_imaging_bundle/ORIGA/Images/477.jpg,data/external/kaggle/glaucoma_fundus_imaging_bundle/ORIGA/Masks/477.png,ORIGA_477,train
glaucoma_fundus_imaging_bundle,ORIGA,478,data/external/kaggle/glaucoma_fundus_imaging_bundle/ORIGA/Images/478.jpg,data/external/kaggle/glaucoma_fundus_imaging_bundle/ORIGA/Masks/478.png,ORIGA_478,train
glaucoma_fundus_imaging_bundle,ORIGA,479,data/external/kaggle/glaucoma_fundus_imaging_bundle/ORIGA/Images/479.jpg,data/external/kaggle/glaucoma_fundus_imaging_bundle/ORIGA/Masks/479.png,ORIGA_479,train
glaucoma_fundus_imaging_bundle,ORIGA,480,data/external/kaggle/glaucoma_fundus_imaging_bundle/ORIGA/Images/480.jpg,data/external/kaggle/glaucoma_fundus_imaging_bundle/ORIGA/Masks/480.png,ORIGA_480,test
glaucoma_fundus_imaging_bundle,ORIGA,481,data/external/kaggle/glaucoma_fundus_imaging_bundle/ORIGA/Images/481.jpg,data/external/kaggle/glaucoma_fundus_imaging_bundle/ORIGA/Masks/481.png,ORIGA_481,val
glaucoma_fundus_imaging_bundle,ORIGA,482,data/external/kaggle/glaucoma_fundus_imaging_bundle/ORIGA/Images/482.jpg,data/external/kaggle/glaucoma_fundus_imaging_bundle/ORIGA/Masks/482.png,ORIGA_482,train
glaucoma_fundus_imaging_bundle,ORIGA,483,data/external/kaggle/glaucoma_fundus_imaging_bundle/ORIGA/Images/483.jpg,data/external/kaggle/glaucoma_fundus_imaging_bundle/ORIGA/Masks/483.png,ORIGA_483,train
glaucoma_fundus_imaging_bundle,ORIGA,484,data/external/kaggle/glaucoma_fundus_imaging_bundle/ORIGA/Images/484.jpg,data/external/kaggle/glaucoma_fundus_imaging_bundle/ORIGA/Masks/484.png,ORIGA_484,train
glaucoma_fundus_imaging_bundle,ORIGA,485,data/external/kaggle/glaucoma_fundus_imaging_bundle/ORIGA/Images/485.jpg,data/external/kaggle/glaucoma_fundus_imaging_bundle/ORIGA/Masks/485.png,ORIGA_485,train
glaucoma_fundus_imaging_bundle,ORIGA,486,data/external/kaggle/glaucoma_fundus_imaging_bundle/ORIGA/Images/486.jpg,data/external/kaggle/glaucoma_fundus_imaging_bundle/ORIGA/Masks/486.png,ORIGA_486,train
glaucoma_fundus_imaging_bundle,ORIGA,487,data/external/kaggle/glaucoma_fundus_imaging_bundle/ORIGA/Images/487.jpg,data/external/kaggle/glaucoma_fundus_imaging_bundle/ORIGA/Masks/487.png,ORIGA_487,val
glaucoma_fundus_imaging_bundle,ORIGA,488,data/external/kaggle/glaucoma_fundus_imaging_bundle/ORIGA/Images/488.jpg,data/external/kaggle/glaucoma_fundus_imaging_bundle/ORIGA/Masks/488.png,ORIGA_488,train
glaucoma_fundus_imaging_bundle,ORIGA,489,data/external/kaggle/glaucoma_fundus_imaging_bundle/ORIGA/Images/489.jpg,data/external/kaggle/glaucoma_fundus_imaging_bundle/ORIGA/Masks/489.png,ORIGA_489,train
glaucoma_fundus_imaging_bundle,ORIGA,490,data/external/kaggle/glaucoma_fundus_imaging_bundle/ORIGA/Images/490.jpg,data/external/kaggle/glaucoma_fundus_imaging_bundle/ORIGA/Masks/490.png,ORIGA_490,train
glaucoma_fundus_imaging_bundle,ORIGA,491,data/external/kaggle/glaucoma_fundus_imaging_bundle/ORIGA/Images/491.jpg,data/external/kaggle/glaucoma_fundus_imaging_bundle/ORIGA/Masks/491.png,ORIGA_491,test
glaucoma_fundus_imaging_bundle,ORIGA,492,data/external/kaggle/glaucoma_fundus_imaging_bundle/ORIGA/Images/492.jpg,data/external/kaggle/glaucoma_fundus_imaging_bundle/ORIGA/Masks/492.png,ORIGA_492,train
glaucoma_fundus_imaging_bundle,ORIGA,493,data/external/kaggle/glaucoma_fundus_imaging_bundle/ORIGA/Images/493.jpg,data/external/kaggle/glaucoma_fundus_imaging_bundle/ORIGA/Masks/493.png,ORIGA_493,train
glaucoma_fundus_imaging_bundle,ORIGA,494,data/external/kaggle/glaucoma_fundus_imaging_bundle/ORIGA/Images/494.jpg,data/external/kaggle/glaucoma_fundus_imaging_bundle/ORIGA/Masks/494.png,ORIGA_494,train
glaucoma_fundus_imaging_bundle,ORIGA,495,data/external/kaggle/glaucoma_fundus_imaging_bundle/ORIGA/Images/495.jpg,data/external/kaggle/glaucoma_fundus_imaging_bundle/ORIGA/Masks/495.png,ORIGA_495,test
glaucoma_fundus_imaging_bundle,ORIGA,496,data/external/kaggle/glaucoma_fundus_imaging_bundle/ORIGA/Images/496.jpg,data/external/kaggle/glaucoma_fundus_imaging_bundle/ORIGA/Masks/496.png,ORIGA_496,train
glaucoma_fundus_imaging_bundle,ORIGA,497,data/external/kaggle/glaucoma_fundus_imaging_bundle/ORIGA/Images/497.jpg,data/external/kaggle/glaucoma_fundus_imaging_bundle/ORIGA/Masks/497.png,ORIGA_497,train
glaucoma_fundus_imaging_bundle,ORIGA,498,data/external/kaggle/glaucoma_fundus_imaging_bundle/ORIGA/Images/498.jpg,data/external/kaggle/glaucoma_fundus_imaging_bundle/ORIGA/Masks/498.png,ORIGA_498,val
glaucoma_fundus_imaging_bundle,ORIGA,499,data/external/kaggle/glaucoma_fundus_imaging_bundle/ORIGA/Images/499.jpg,data/external/kaggle/glaucoma_fundus_imaging_bundle/ORIGA/Masks/499.png,ORIGA_499,train
glaucoma_fundus_imaging_bundle,ORIGA,500,data/external/kaggle/glaucoma_fundus_imaging_bundle/ORIGA/Images/500.jpg,data/external/kaggle/glaucoma_fundus_imaging_bundle/ORIGA/Masks/500.png,ORIGA_500,train
glaucoma_fundus_imaging_bundle,ORIGA,501,data/external/kaggle/glaucoma_fundus_imaging_bundle/ORIGA/Images/501.jpg,data/external/kaggle/glaucoma_fundus_imaging_bundle/ORIGA/Masks/501.png,ORIGA_501,train
glaucoma_fundus_imaging_bundle,ORIGA,502,data/external/kaggle/glaucoma_fundus_imaging_bundle/ORIGA/Images/502.jpg,data/external/kaggle/glaucoma_fundus_imaging_bundle/ORIGA/Masks/502.png,ORIGA_502,train
glaucoma_fundus_imaging_bundle,ORIGA,503,data/external/kaggle/glaucoma_fundus_imaging_bundle/ORIGA/Images/503.jpg,data/external/kaggle/glaucoma_fundus_imaging_bundle/ORIGA/Masks/503.png,ORIGA_503,train
glaucoma_fundus_imaging_bundle,ORIGA,504,data/external/kaggle/glaucoma_fundus_imaging_bundle/ORIGA/Images/504.jpg,data/external/kaggle/glaucoma_fundus_imaging_bundle/ORIGA/Masks/504.png,ORIGA_504,train
glaucoma_fundus_imaging_bundle,ORIGA,505,data/external/kaggle/glaucoma_fundus_imaging_bundle/ORIGA/Images/505.jpg,data/external/kaggle/glaucoma_fundus_imaging_bundle/ORIGA/Masks/505.png,ORIGA_505,train
glaucoma_fundus_imaging_bundle,ORIGA,506,data/external/kaggle/glaucoma_fundus_imaging_bundle/ORIGA/Images/506.jpg,data/external/kaggle/glaucoma_fundus_imaging_bundle/ORIGA/Masks/506.png,ORIGA_506,train
glaucoma_fundus_imaging_bundle,ORIGA,507,data/external/kaggle/glaucoma_fundus_imaging_bundle/ORIGA/Images/507.jpg,data/external/kaggle/glaucoma_fundus_imaging_bundle/ORIGA/Masks/507.png,ORIGA_507,train
glaucoma_fundus_imaging_bundle,ORIGA,508,data/external/kaggle/glaucoma_fundus_imaging_bundle/ORIGA/Images/508.jpg,data/external/kaggle/glaucoma_fundus_imaging_bundle/ORIGA/Masks/508.png,ORIGA_508,train
glaucoma_fundus_imaging_bundle,ORIGA,509,data/external/kaggle/glaucoma_fundus_imaging_bundle/ORIGA/Images/509.jpg,data/external/kaggle/glaucoma_fundus_imaging_bundle/ORIGA/Masks/509.png,ORIGA_509,train
glaucoma_fundus_imaging_bundle,ORIGA,510,data/external/kaggle/glaucoma_fundus_imaging_bundle/ORIGA/Images/510.jpg,data/external/kaggle/glaucoma_fundus_imaging_bundle/ORIGA/Masks/510.png,ORIGA_510,val
glaucoma_fundus_imaging_bundle,ORIGA,511,data/external/kaggle/glaucoma_fundus_imaging_bundle/ORIGA/Images/511.jpg,data/external/kaggle/glaucoma_fundus_imaging_bundle/ORIGA/Masks/511.png,ORIGA_511,train
glaucoma_fundus_imaging_bundle,ORIGA,512,data/external/kaggle/glaucoma_fundus_imaging_bundle/ORIGA/Images/512.jpg,data/external/kaggle/glaucoma_fundus_imaging_bundle/ORIGA/Masks/512.png,ORIGA_512,val
glaucoma_fundus_imaging_bundle,ORIGA,513,data/external/kaggle/glaucoma_fundus_imaging_bundle/ORIGA/Images/513.jpg,data/external/kaggle/glaucoma_fundus_imaging_bundle/ORIGA/Masks/513.png,ORIGA_513,train
glaucoma_fundus_imaging_bundle,ORIGA,514,data/external/kaggle/glaucoma_fundus_imaging_bundle/ORIGA/Images/514.jpg,data/external/kaggle/glaucoma_fundus_imaging_bundle/ORIGA/Masks/514.png,ORIGA_514,train
glaucoma_fundus_imaging_bundle,ORIGA,515,data/external/kaggle/glaucoma_fundus_imaging_bundle/ORIGA/Images/515.jpg,data/external/kaggle/glaucoma_fundus_imaging_bundle/ORIGA/Masks/515.png,ORIGA_515,train
glaucoma_fundus_imaging_bundle,ORIGA,516,data/external/kaggle/glaucoma_fundus_imaging_bundle/ORIGA/Images/516.jpg,data/external/kaggle/glaucoma_fundus_imaging_bundle/ORIGA/Masks/516.png,ORIGA_516,val
glaucoma_fundus_imaging_bundle,ORIGA,517,data/external/kaggle/glaucoma_fundus_imaging_bundle/ORIGA/Images/517.jpg,data/external/kaggle/glaucoma_fundus_imaging_bundle/ORIGA/Masks/517.png,ORIGA_517,test
glaucoma_fundus_imaging_bundle,ORIGA,518,data/external/kaggle/glaucoma_fundus_imaging_bundle/ORIGA/Images/518.jpg,data/external/kaggle/glaucoma_fundus_imaging_bundle/ORIGA/Masks/518.png,ORIGA_518,val
glaucoma_fundus_imaging_bundle,ORIGA,519,data/external/kaggle/glaucoma_fundus_imaging_bundle/ORIGA/Images/519.jpg,data/external/kaggle/glaucoma_fundus_imaging_bundle/ORIGA/Masks/519.png,ORIGA_519,train
glaucoma_fundus_imaging_bundle,ORIGA,520,data/external/kaggle/glaucoma_fundus_imaging_bundle/ORIGA/Images/520.jpg,data/external/kaggle/glaucoma_fundus_imaging_bundle/ORIGA/Masks/520.png,ORIGA_520,train
glaucoma_fundus_imaging_bundle,ORIGA,521,data/external/kaggle/glaucoma_fundus_imaging_bundle/ORIGA/Images/521.jpg,data/external/kaggle/glaucoma_fundus_imaging_bundle/ORIGA/Masks/521.png,ORIGA_521,train
glaucoma_fundus_imaging_bundle,ORIGA,522,data/external/kaggle/glaucoma_fundus_imaging_bundle/ORIGA/Images/522.jpg,data/external/kaggle/glaucoma_fundus_imaging_bundle/ORIGA/Masks/522.png,ORIGA_522,test
glaucoma_fundus_imaging_bundle,ORIGA,523,data/external/kaggle/glaucoma_fundus_imaging_bundle/ORIGA/Images/523.jpg,data/external/kaggle/glaucoma_fundus_imaging_bundle/ORIGA/Masks/523.png,ORIGA_523,train
glaucoma_fundus_imaging_bundle,ORIGA,524,data/external/kaggle/glaucoma_fundus_imaging_bundle/ORIGA/Images/524.jpg,data/external/kaggle/glaucoma_fundus_imaging_bundle/ORIGA/Masks/524.png,ORIGA_524,test
glaucoma_fundus_imaging_bundle,ORIGA,525,data/external/kaggle/glaucoma_fundus_imaging_bundle/ORIGA/Images/525.jpg,data/external/kaggle/glaucoma_fundus_imaging_bundle/ORIGA/Masks/525.png,ORIGA_525,train
glaucoma_fundus_imaging_bundle,ORIGA,526,data/external/kaggle/glaucoma_fundus_imaging_bundle/ORIGA/Images/526.jpg,data/external/kaggle/glaucoma_fundus_imaging_bundle/ORIGA/Masks/526.png,ORIGA_526,train
glaucoma_fundus_imaging_bundle,ORIGA,527,data/external/kaggle/glaucoma_fundus_imaging_bundle/ORIGA/Images/527.jpg,data/external/kaggle/glaucoma_fundus_imaging_bundle/ORIGA/Masks/527.png,ORIGA_527,train
glaucoma_fundus_imaging_bundle,ORIGA,528,data/external/kaggle/glaucoma_fundus_imaging_bundle/ORIGA/Images/528.jpg,data/external/kaggle/glaucoma_fundus_imaging_bundle/ORIGA/Masks/528.png,ORIGA_528,test
glaucoma_fundus_imaging_bundle,ORIGA,529,data/external/kaggle/glaucoma_fundus_imaging_bundle/ORIGA/Images/529.jpg,data/external/kaggle/glaucoma_fundus_imaging_bundle/ORIGA/Masks/529.png,ORIGA_529,train
glaucoma_fundus_imaging_bundle,ORIGA,530,data/external/kaggle/glaucoma_fundus_imaging_bundle/ORIGA/Images/530.jpg,data/external/kaggle/glaucoma_fundus_imaging_bundle/ORIGA/Masks/530.png,ORIGA_530,val
glaucoma_fundus_imaging_bundle,ORIGA,531,data/external/kaggle/glaucoma_fundus_imaging_bundle/ORIGA/Images/531.jpg,data/external/kaggle/glaucoma_fundus_imaging_bundle/ORIGA/Masks/531.png,ORIGA_531,train
glaucoma_fundus_imaging_bundle,ORIGA,532,data/external/kaggle/glaucoma_fundus_imaging_bundle/ORIGA/Images/532.jpg,data/external/kaggle/glaucoma_fundus_imaging_bundle/ORIGA/Masks/532.png,ORIGA_532,train
glaucoma_fundus_imaging_bundle,ORIGA,533,data/external/kaggle/glaucoma_fundus_imaging_bundle/ORIGA/Images/533.jpg,data/external/kaggle/glaucoma_fundus_imaging_bundle/ORIGA/Masks/533.png,ORIGA_533,val
glaucoma_fundus_imaging_bundle,ORIGA,534,data/external/kaggle/glaucoma_fundus_imaging_bundle/ORIGA/Images/534.jpg,data/external/kaggle/glaucoma_fundus_imaging_bundle/ORIGA/Masks/534.png,ORIGA_534,train
glaucoma_fundus_imaging_bundle,ORIGA,535,data/external/kaggle/glaucoma_fundus_imaging_bundle/ORIGA/Images/535.jpg,data/external/kaggle/glaucoma_fundus_imaging_bundle/ORIGA/Masks/535.png,ORIGA_535,test
glaucoma_fundus_imaging_bundle,ORIGA,536,data/external/kaggle/glaucoma_fundus_imaging_bundle/ORIGA/Images/536.jpg,data/external/kaggle/glaucoma_fundus_imaging_bundle/ORIGA/Masks/536.png,ORIGA_536,test
glaucoma_fundus_imaging_bundle,ORIGA,537,data/external/kaggle/glaucoma_fundus_imaging_bundle/ORIGA/Images/537.jpg,data/external/kaggle/glaucoma_fundus_imaging_bundle/ORIGA/Masks/537.png,ORIGA_537,train
glaucoma_fundus_imaging_bundle,ORIGA,538,data/external/kaggle/glaucoma_fundus_imaging_bundle/ORIGA/Images/538.jpg,data/external/kaggle/glaucoma_fundus_imaging_bundle/ORIGA/Masks/538.png,ORIGA_538,train
glaucoma_fundus_imaging_bundle,ORIGA,539,data/external/kaggle/glaucoma_fundus_imaging_bundle/ORIGA/Images/539.jpg,data/external/kaggle/glaucoma_fundus_imaging_bundle/ORIGA/Masks/539.png,ORIGA_539,train
glaucoma_fundus_imaging_bundle,ORIGA,540,data/external/kaggle/glaucoma_fundus_imaging_bundle/ORIGA/Images/540.jpg,data/external/kaggle/glaucoma_fundus_imaging_bundle/ORIGA/Masks/540.png,ORIGA_540,train
glaucoma_fundus_imaging_bundle,ORIGA,541,data/external/kaggle/glaucoma_fundus_imaging_bundle/ORIGA/Images/541.jpg,data/external/kaggle/glaucoma_fundus_imaging_bundle/ORIGA/Masks/541.png,ORIGA_541,train
glaucoma_fundus_imaging_bundle,ORIGA,542,data/external/kaggle/glaucoma_fundus_imaging_bundle/ORIGA/Images/542.jpg,data/external/kaggle/glaucoma_fundus_imaging_bundle/ORIGA/Masks/542.png,ORIGA_542,train
glaucoma_fundus_imaging_bundle,ORIGA,543,data/external/kaggle/glaucoma_fundus_imaging_bundle/ORIGA/Images/543.jpg,data/external/kaggle/glaucoma_fundus_imaging_bundle/ORIGA/Masks/543.png,ORIGA_543,train
glaucoma_fundus_imaging_bundle,ORIGA,544,data/external/kaggle/glaucoma_fundus_imaging_bundle/ORIGA/Images/544.jpg,data/external/kaggle/glaucoma_fundus_imaging_bundle/ORIGA/Masks/544.png,ORIGA_544,train
glaucoma_fundus_imaging_bundle,ORIGA,545,data/external/kaggle/glaucoma_fundus_imaging_bundle/ORIGA/Images/545.jpg,data/external/kaggle/glaucoma_fundus_imaging_bundle/ORIGA/Masks/545.png,ORIGA_545,train
glaucoma_fundus_imaging_bundle,ORIGA,546,data/external/kaggle/glaucoma_fundus_imaging_bundle/ORIGA/Images/546.jpg,data/external/kaggle/glaucoma_fundus_imaging_bundle/ORIGA/Masks/546.png,ORIGA_546,train
glaucoma_fundus_imaging_bundle,ORIGA,547,data/external/kaggle/glaucoma_fundus_imaging_bundle/ORIGA/Images/547.jpg,data/external/kaggle/glaucoma_fundus_imaging_bundle/ORIGA/Masks/547.png,ORIGA_547,train
glaucoma_fundus_imaging_bundle,ORIGA,548,data/external/kaggle/glaucoma_fundus_imaging_bundle/ORIGA/Images/548.jpg,data/external/kaggle/glaucoma_fundus_imaging_bundle/ORIGA/Masks/548.png,ORIGA_548,train
glaucoma_fundus_imaging_bundle,ORIGA,549,data/external/kaggle/glaucoma_fundus_imaging_bundle/ORIGA/Images/549.jpg,data/external/kaggle/glaucoma_fundus_imaging_bundle/ORIGA/Masks/549.png,ORIGA_549,train
glaucoma_fundus_imaging_bundle,ORIGA,550,data/external/kaggle/glaucoma_fundus_imaging_bundle/ORIGA/Images/550.jpg,data/external/kaggle/glaucoma_fundus_imaging_bundle/ORIGA/Masks/550.png,ORIGA_550,train
glaucoma_fundus_imaging_bundle,ORIGA,551,data/external/kaggle/glaucoma_fundus_imaging_bundle/ORIGA/Images/551.jpg,data/external/kaggle/glaucoma_fundus_imaging_bundle/ORIGA/Masks/551.png,ORIGA_551,val
glaucoma_fundus_imaging_bundle,ORIGA,552,data/external/kaggle/glaucoma_fundus_imaging_bundle/ORIGA/Images/552.jpg,data/external/kaggle/glaucoma_fundus_imaging_bundle/ORIGA/Masks/552.png,ORIGA_552,train
glaucoma_fundus_imaging_bundle,ORIGA,553,data/external/kaggle/glaucoma_fundus_imaging_bundle/ORIGA/Images/553.jpg,data/external/kaggle/glaucoma_fundus_imaging_bundle/ORIGA/Masks/553.png,ORIGA_553,train
glaucoma_fundus_imaging_bundle,ORIGA,554,data/external/kaggle/glaucoma_fundus_imaging_bundle/ORIGA/Images/554.jpg,data/external/kaggle/glaucoma_fundus_imaging_bundle/ORIGA/Masks/554.png,ORIGA_554,test
glaucoma_fundus_imaging_bundle,ORIGA,555,data/external/kaggle/glaucoma_fundus_imaging_bundle/ORIGA/Images/555.jpg,data/external/kaggle/glaucoma_fundus_imaging_bundle/ORIGA/Masks/555.png,ORIGA_555,train
glaucoma_fundus_imaging_bundle,ORIGA,556,data/external/kaggle/glaucoma_fundus_imaging_bundle/ORIGA/Images/556.jpg,data/external/kaggle/glaucoma_fundus_imaging_bundle/ORIGA/Masks/556.png,ORIGA_556,train
glaucoma_fundus_imaging_bundle,ORIGA,557,data/external/kaggle/glaucoma_fundus_imaging_bundle/ORIGA/Images/557.jpg,data/external/kaggle/glaucoma_fundus_imaging_bundle/ORIGA/Masks/557.png,ORIGA_557,train
glaucoma_fundus_imaging_bundle,ORIGA,558,data/external/kaggle/glaucoma_fundus_imaging_bundle/ORIGA/Images/558.jpg,data/external/kaggle/glaucoma_fundus_imaging_bundle/ORIGA/Masks/558.png,ORIGA_558,train
glaucoma_fundus_imaging_bundle,ORIGA,559,data/external/kaggle/glaucoma_fundus_imaging_bundle/ORIGA/Images/559.jpg,data/external/kaggle/glaucoma_fundus_imaging_bundle/ORIGA/Masks/559.png,ORIGA_559,test
glaucoma_fundus_imaging_bundle,ORIGA,560,data/external/kaggle/glaucoma_fundus_imaging_bundle/ORIGA/Images/560.jpg,data/external/kaggle/glaucoma_fundus_imaging_bundle/ORIGA/Masks/560.png,ORIGA_560,train
glaucoma_fundus_imaging_bundle,ORIGA,561,data/external/kaggle/glaucoma_fundus_imaging_bundle/ORIGA/Images/561.jpg,data/external/kaggle/glaucoma_fundus_imaging_bundle/ORIGA/Masks/561.png,ORIGA_561,train
glaucoma_fundus_imaging_bundle,ORIGA,562,data/external/kaggle/glaucoma_fundus_imaging_bundle/ORIGA/Images/562.jpg,data/external/kaggle/glaucoma_fundus_imaging_bundle/ORIGA/Masks/562.png,ORIGA_562,train
glaucoma_fundus_imaging_bundle,ORIGA,563,data/external/kaggle/glaucoma_fundus_imaging_bundle/ORIGA/Images/563.jpg,data/external/kaggle/glaucoma_fundus_imaging_bundle/ORIGA/Masks/563.png,ORIGA_563,train
glaucoma_fundus_imaging_bundle,ORIGA,564,data/external/kaggle/glaucoma_fundus_imaging_bundle/ORIGA/Images/564.jpg,data/external/kaggle/glaucoma_fundus_imaging_bundle/ORIGA/Masks/564.png,ORIGA_564,train
glaucoma_fundus_imaging_bundle,ORIGA,565,data/external/kaggle/glaucoma_fundus_imaging_bundle/ORIGA/Images/565.jpg,data/external/kaggle/glaucoma_fundus_imaging_bundle/ORIGA/Masks/565.png,ORIGA_565,train
glaucoma_fundus_imaging_bundle,ORIGA,566,data/external/kaggle/glaucoma_fundus_imaging_bundle/ORIGA/Images/566.jpg,data/external/kaggle/glaucoma_fundus_imaging_bundle/ORIGA/Masks/566.png,ORIGA_566,train
glaucoma_fundus_imaging_bundle,ORIGA,567,data/external/kaggle/glaucoma_fundus_imaging_bundle/ORIGA/Images/567.jpg,data/external/kaggle/glaucoma_fundus_imaging_bundle/ORIGA/Masks/567.png,ORIGA_567,train
glaucoma_fundus_imaging_bundle,ORIGA,568,data/external/kaggle/glaucoma_fundus_imaging_bundle/ORIGA/Images/568.jpg,data/external/kaggle/glaucoma_fundus_imaging_bundle/ORIGA/Masks/568.png,ORIGA_568,train
glaucoma_fundus_imaging_bundle,ORIGA,569,data/external/kaggle/glaucoma_fundus_imaging_bundle/ORIGA/Images/569.jpg,data/external/kaggle/glaucoma_fundus_imaging_bundle/ORIGA/Masks/569.png,ORIGA_569,train
glaucoma_fundus_imaging_bundle,ORIGA,570,data/external/kaggle/glaucoma_fundus_imaging_bundle/ORIGA/Images/570.jpg,data/external/kaggle/glaucoma_fundus_imaging_bundle/ORIGA/Masks/570.png,ORIGA_570,train
glaucoma_fundus_imaging_bundle,ORIGA,571,data/external/kaggle/glaucoma_fundus_imaging_bundle/ORIGA/Images/571.jpg,data/external/kaggle/glaucoma_fundus_imaging_bundle/ORIGA/Masks/571.png,ORIGA_571,train
glaucoma_fundus_imaging_bundle,ORIGA,572,data/external/kaggle/glaucoma_fundus_imaging_bundle/ORIGA/Images/572.jpg,data/external/kaggle/glaucoma_fundus_imaging_bundle/ORIGA/Masks/572.png,ORIGA_572,val
glaucoma_fundus_imaging_bundle,ORIGA,573,data/external/kaggle/glaucoma_fundus_imaging_bundle/ORIGA/Images/573.jpg,data/external/kaggle/glaucoma_fundus_imaging_bundle/ORIGA/Masks/573.png,ORIGA_573,train
glaucoma_fundus_imaging_bundle,ORIGA,574,data/external/kaggle/glaucoma_fundus_imaging_bundle/ORIGA/Images/574.jpg,data/external/kaggle/glaucoma_fundus_imaging_bundle/ORIGA/Masks/574.png,ORIGA_574,train
glaucoma_fundus_imaging_bundle,ORIGA,575,data/external/kaggle/glaucoma_fundus_imaging_bundle/ORIGA/Images/575.jpg,data/external/kaggle/glaucoma_fundus_imaging_bundle/ORIGA/Masks/575.png,ORIGA_575,train
glaucoma_fundus_imaging_bundle,ORIGA,576,data/external/kaggle/glaucoma_fundus_imaging_bundle/ORIGA/Images/576.jpg,data/external/kaggle/glaucoma_fundus_imaging_bundle/ORIGA/Masks/576.png,ORIGA_576,train
glaucoma_fundus_imaging_bundle,ORIGA,577,data/external/kaggle/glaucoma_fundus_imaging_bundle/ORIGA/Images/577.jpg,data/external/kaggle/glaucoma_fundus_imaging_bundle/ORIGA/Masks/577.png,ORIGA_577,train
glaucoma_fundus_imaging_bundle,ORIGA,578,data/external/kaggle/glaucoma_fundus_imaging_bundle/ORIGA/Images/578.jpg,data/external/kaggle/glaucoma_fundus_imaging_bundle/ORIGA/Masks/578.png,ORIGA_578,train
glaucoma_fundus_imaging_bundle,ORIGA,579,data/external/kaggle/glaucoma_fundus_imaging_bundle/ORIGA/Images/579.jpg,data/external/kaggle/glaucoma_fundus_imaging_bundle/ORIGA/Masks/579.png,ORIGA_579,train
glaucoma_fundus_imaging_bundle,ORIGA,580,data/external/kaggle/glaucoma_fundus_imaging_bundle/ORIGA/Images/580.jpg,data/external/kaggle/glaucoma_fundus_imaging_bundle/ORIGA/Masks/580.png,ORIGA_580,test
glaucoma_fundus_imaging_bundle,ORIGA,581,data/external/kaggle/glaucoma_fundus_imaging_bundle/ORIGA/Images/581.jpg,data/external/kaggle/glaucoma_fundus_imaging_bundle/ORIGA/Masks/581.png,ORIGA_581,train
glaucoma_fundus_imaging_bundle,ORIGA,582,data/external/kaggle/glaucoma_fundus_imaging_bundle/ORIGA/Images/582.jpg,data/external/kaggle/glaucoma_fundus_imaging_bundle/ORIGA/Masks/582.png,ORIGA_582,test
glaucoma_fundus_imaging_bundle,ORIGA,583,data/external/kaggle/glaucoma_fundus_imaging_bundle/ORIGA/Images/583.jpg,data/external/kaggle/glaucoma_fundus_imaging_bundle/ORIGA/Masks/583.png,ORIGA_583,test
glaucoma_fundus_imaging_bundle,ORIGA,584,data/external/kaggle/glaucoma_fundus_imaging_bundle/ORIGA/Images/584.jpg,data/external/kaggle/glaucoma_fundus_imaging_bundle/ORIGA/Masks/584.png,ORIGA_584,train
glaucoma_fundus_imaging_bundle,ORIGA,585,data/external/kaggle/glaucoma_fundus_imaging_bundle/ORIGA/Images/585.jpg,data/external/kaggle/glaucoma_fundus_imaging_bundle/ORIGA/Masks/585.png,ORIGA_585,val
glaucoma_fundus_imaging_bundle,ORIGA,586,data/external/kaggle/glaucoma_fundus_imaging_bundle/ORIGA/Images/586.jpg,data/external/kaggle/glaucoma_fundus_imaging_bundle/ORIGA/Masks/586.png,ORIGA_586,train
glaucoma_fundus_imaging_bundle,ORIGA,587,data/external/kaggle/glaucoma_fundus_imaging_bundle/ORIGA/Images/587.jpg,data/external/kaggle/glaucoma_fundus_imaging_bundle/ORIGA/Masks/587.png,ORIGA_587,train
glaucoma_fundus_imaging_bundle,ORIGA,588,data/external/kaggle/glaucoma_fundus_imaging_bundle/ORIGA/Images/588.jpg,data/external/kaggle/glaucoma_fundus_imaging_bundle/ORIGA/Masks/588.png,ORIGA_588,train
glaucoma_fundus_imaging_bundle,ORIGA,589,data/external/kaggle/glaucoma_fundus_imaging_bundle/ORIGA/Images/589.jpg,data/external/kaggle/glaucoma_fundus_imaging_bundle/ORIGA/Masks/589.png,ORIGA_589,train
glaucoma_fundus_imaging_bundle,ORIGA,590,data/external/kaggle/glaucoma_fundus_imaging_bundle/ORIGA/Images/590.jpg,data/external/kaggle/glaucoma_fundus_imaging_bundle/ORIGA/Masks/590.png,ORIGA_590,val
glaucoma_fundus_imaging_bundle,ORIGA,591,data/external/kaggle/glaucoma_fundus_imaging_bundle/ORIGA/Images/591.jpg,data/external/kaggle/glaucoma_fundus_imaging_bundle/ORIGA/Masks/591.png,ORIGA_591,train
glaucoma_fundus_imaging_bundle,ORIGA,592,data/external/kaggle/glaucoma_fundus_imaging_bundle/ORIGA/Images/592.jpg,data/external/kaggle/glaucoma_fundus_imaging_bundle/ORIGA/Masks/592.png,ORIGA_592,train
glaucoma_fundus_imaging_bundle,ORIGA,593,data/external/kaggle/glaucoma_fundus_imaging_bundle/ORIGA/Images/593.jpg,data/external/kaggle/glaucoma_fundus_imaging_bundle/ORIGA/Masks/593.png,ORIGA_593,train
glaucoma_fundus_imaging_bundle,ORIGA,594,data/external/kaggle/glaucoma_fundus_imaging_bundle/ORIGA/Images/594.jpg,data/external/kaggle/glaucoma_fundus_imaging_bundle/ORIGA/Masks/594.png,ORIGA_594,train
glaucoma_fundus_imaging_bundle,ORIGA,595,data/external/kaggle/glaucoma_fundus_imaging_bundle/ORIGA/Images/595.jpg,data/external/kaggle/glaucoma_fundus_imaging_bundle/ORIGA/Masks/595.png,ORIGA_595,val
glaucoma_fundus_imaging_bundle,ORIGA,596,data/external/kaggle/glaucoma_fundus_imaging_bundle/ORIGA/Images/596.jpg,data/external/kaggle/glaucoma_fundus_imaging_bundle/ORIGA/Masks/596.png,ORIGA_596,train
glaucoma_fundus_imaging_bundle,ORIGA,597,data/external/kaggle/glaucoma_fundus_imaging_bundle/ORIGA/Images/597.jpg,data/external/kaggle/glaucoma_fundus_imaging_bundle/ORIGA/Masks/597.png,ORIGA_597,train
glaucoma_fundus_imaging_bundle,ORIGA,598,data/external/kaggle/glaucoma_fundus_imaging_bundle/ORIGA/Images/598.jpg,data/external/kaggle/glaucoma_fundus_imaging_bundle/ORIGA/Masks/598.png,ORIGA_598,val
glaucoma_fundus_imaging_bundle,ORIGA,599,data/external/kaggle/glaucoma_fundus_imaging_bundle/ORIGA/Images/599.jpg,data/external/kaggle/glaucoma_fundus_imaging_bundle/ORIGA/Masks/599.png,ORIGA_599,train
glaucoma_fundus_imaging_bundle,ORIGA,600,data/external/kaggle/glaucoma_fundus_imaging_bundle/ORIGA/Images/600.jpg,data/external/kaggle/glaucoma_fundus_imaging_bundle/ORIGA/Masks/600.png,ORIGA_600,train
glaucoma_fundus_imaging_bundle,ORIGA,601,data/external/kaggle/glaucoma_fundus_imaging_bundle/ORIGA/Images/601.jpg,data/external/kaggle/glaucoma_fundus_imaging_bundle/ORIGA/Masks/601.png,ORIGA_601,train
glaucoma_fundus_imaging_bundle,ORIGA,602,data/external/kaggle/glaucoma_fundus_imaging_bundle/ORIGA/Images/602.jpg,data/external/kaggle/glaucoma_fundus_imaging_bundle/ORIGA/Masks/602.png,ORIGA_602,train
glaucoma_fundus_imaging_bundle,ORIGA,603,data/external/kaggle/glaucoma_fundus_imaging_bundle/ORIGA/Images/603.jpg,data/external/kaggle/glaucoma_fundus_imaging_bundle/ORIGA/Masks/603.png,ORIGA_603,val
glaucoma_fundus_imaging_bundle,ORIGA,604,data/external/kaggle/glaucoma_fundus_imaging_bundle/ORIGA/Images/604.jpg,data/external/kaggle/glaucoma_fundus_imaging_bundle/ORIGA/Masks/604.png,ORIGA_604,val
glaucoma_fundus_imaging_bundle,ORIGA,605,data/external/kaggle/glaucoma_fundus_imaging_bundle/ORIGA/Images/605.jpg,data/external/kaggle/glaucoma_fundus_imaging_bundle/ORIGA/Masks/605.png,ORIGA_605,test
glaucoma_fundus_imaging_bundle,ORIGA,606,data/external/kaggle/glaucoma_fundus_imaging_bundle/ORIGA/Images/606.jpg,data/external/kaggle/glaucoma_fundus_imaging_bundle/ORIGA/Masks/606.png,ORIGA_606,test
glaucoma_fundus_imaging_bundle,ORIGA,607,data/external/kaggle/glaucoma_fundus_imaging_bundle/ORIGA/Images/607.jpg,data/external/kaggle/glaucoma_fundus_imaging_bundle/ORIGA/Masks/607.png,ORIGA_607,train
glaucoma_fundus_imaging_bundle,ORIGA,608,data/external/kaggle/glaucoma_fundus_imaging_bundle/ORIGA/Images/608.jpg,data/external/kaggle/glaucoma_fundus_imaging_bundle/ORIGA/Masks/608.png,ORIGA_608,test
glaucoma_fundus_imaging_bundle,ORIGA,609,data/external/kaggle/glaucoma_fundus_imaging_bundle/ORIGA/Images/609.jpg,data/external/kaggle/glaucoma_fundus_imaging_bundle/ORIGA/Masks/609.png,ORIGA_609,val
glaucoma_fundus_imaging_bundle,ORIGA,610,data/external/kaggle/glaucoma_fundus_imaging_bundle/ORIGA/Images/610.jpg,data/external/kaggle/glaucoma_fundus_imaging_bundle/ORIGA/Masks/610.png,ORIGA_610,test
glaucoma_fundus_imaging_bundle,ORIGA,611,data/external/kaggle/glaucoma_fundus_imaging_bundle/ORIGA/Images/611.jpg,data/external/kaggle/glaucoma_fundus_imaging_bundle/ORIGA/Masks/611.png,ORIGA_611,train
glaucoma_fundus_imaging_bundle,ORIGA,612,data/external/kaggle/glaucoma_fundus_imaging_bundle/ORIGA/Images/612.jpg,data/external/kaggle/glaucoma_fundus_imaging_bundle/ORIGA/Masks/612.png,ORIGA_612,train
glaucoma_fundus_imaging_bundle,ORIGA,613,data/external/kaggle/glaucoma_fundus_imaging_bundle/ORIGA/Images/613.jpg,data/external/kaggle/glaucoma_fundus_imaging_bundle/ORIGA/Masks/613.png,ORIGA_613,train
glaucoma_fundus_imaging_bundle,ORIGA,614,data/external/kaggle/glaucoma_fundus_imaging_bundle/ORIGA/Images/614.jpg,data/external/kaggle/glaucoma_fundus_imaging_bundle/ORIGA/Masks/614.png,ORIGA_614,train
glaucoma_fundus_imaging_bundle,ORIGA,615,data/external/kaggle/glaucoma_fundus_imaging_bundle/ORIGA/Images/615.jpg,data/external/kaggle/glaucoma_fundus_imaging_bundle/ORIGA/Masks/615.png,ORIGA_615,train
glaucoma_fundus_imaging_bundle,ORIGA,616,data/external/kaggle/glaucoma_fundus_imaging_bundle/ORIGA/Images/616.jpg,data/external/kaggle/glaucoma_fundus_imaging_bundle/ORIGA/Masks/616.png,ORIGA_616,val
glaucoma_fundus_imaging_bundle,ORIGA,617,data/external/kaggle/glaucoma_fundus_imaging_bundle/ORIGA/Images/617.jpg,data/external/kaggle/glaucoma_fundus_imaging_bundle/ORIGA/Masks/617.png,ORIGA_617,train
glaucoma_fundus_imaging_bundle,ORIGA,618,data/external/kaggle/glaucoma_fundus_imaging_bundle/ORIGA/Images/618.jpg,data/external/kaggle/glaucoma_fundus_imaging_bundle/ORIGA/Masks/618.png,ORIGA_618,train
glaucoma_fundus_imaging_bundle,ORIGA,619,data/external/kaggle/glaucoma_fundus_imaging_bundle/ORIGA/Images/619.jpg,data/external/kaggle/glaucoma_fundus_imaging_bundle/ORIGA/Masks/619.png,ORIGA_619,train
glaucoma_fundus_imaging_bundle,ORIGA,620,data/external/kaggle/glaucoma_fundus_imaging_bundle/ORIGA/Images/620.jpg,data/external/kaggle/glaucoma_fundus_imaging_bundle/ORIGA/Masks/620.png,ORIGA_620,test
glaucoma_fundus_imaging_bundle,ORIGA,621,data/external/kaggle/glaucoma_fundus_imaging_bundle/ORIGA/Images/621.jpg,data/external/kaggle/glaucoma_fundus_imaging_bundle/ORIGA/Masks/621.png,ORIGA_621,train
glaucoma_fundus_imaging_bundle,ORIGA,622,data/external/kaggle/glaucoma_fundus_imaging_bundle/ORIGA/Images/622.jpg,data/external/kaggle/glaucoma_fundus_imaging_bundle/ORIGA/Masks/622.png,ORIGA_622,train
glaucoma_fundus_imaging_bundle,ORIGA,623,data/external/kaggle/glaucoma_fundus_imaging_bundle/ORIGA/Images/623.jpg,data/external/kaggle/glaucoma_fundus_imaging_bundle/ORIGA/Masks/623.png,ORIGA_623,train
glaucoma_fundus_imaging_bundle,ORIGA,624,data/external/kaggle/glaucoma_fundus_imaging_bundle/ORIGA/Images/624.jpg,data/external/kaggle/glaucoma_fundus_imaging_bundle/ORIGA/Masks/624.png,ORIGA_624,train
glaucoma_fundus_imaging_bundle,ORIGA,625,data/external/kaggle/glaucoma_fundus_imaging_bundle/ORIGA/Images/625.jpg,data/external/kaggle/glaucoma_fundus_imaging_bundle/ORIGA/Masks/625.png,ORIGA_625,test
glaucoma_fundus_imaging_bundle,ORIGA,626,data/external/kaggle/glaucoma_fundus_imaging_bundle/ORIGA/Images/626.jpg,data/external/kaggle/glaucoma_fundus_imaging_bundle/ORIGA/Masks/626.png,ORIGA_626,train
glaucoma_fundus_imaging_bundle,ORIGA,627,data/external/kaggle/glaucoma_fundus_imaging_bundle/ORIGA/Images/627.jpg,data/external/kaggle/glaucoma_fundus_imaging_bundle/ORIGA/Masks/627.png,ORIGA_627,train
glaucoma_fundus_imaging_bundle,ORIGA,628,data/external/kaggle/glaucoma_fundus_imaging_bundle/ORIGA/Images/628.jpg,data/external/kaggle/glaucoma_fundus_imaging_bundle/ORIGA/Masks/628.png,ORIGA_628,train
glaucoma_fundus_imaging_bundle,ORIGA,629,data/external/kaggle/glaucoma_fundus_imaging_bundle/ORIGA/Images/629.jpg,data/external/kaggle/glaucoma_fundus_imaging_bundle/ORIGA/Masks/629.png,ORIGA_629,train
glaucoma_fundus_imaging_bundle,ORIGA,630,data/external/kaggle/glaucoma_fundus_imaging_bundle/ORIGA/Images/630.jpg,data/external/kaggle/glaucoma_fundus_imaging_bundle/ORIGA/Masks/630.png,ORIGA_630,train
glaucoma_fundus_imaging_bundle,ORIGA,631,data/external/kaggle/glaucoma_fundus_imaging_bundle/ORIGA/Images/631.jpg,data/external/kaggle/glaucoma_fundus_imaging_bundle/ORIGA/Masks/631.png,ORIGA_631,val
glaucoma_fundus_imaging_bundle,ORIGA,632,data/external/kaggle/glaucoma_fundus_imaging_bundle/ORIGA/Images/632.jpg,data/external/kaggle/glaucoma_fundus_imaging_bundle/ORIGA/Masks/632.png,ORIGA_632,val
glaucoma_fundus_imaging_bundle,ORIGA,633,data/external/kaggle/glaucoma_fundus_imaging_bundle/ORIGA/Images/633.jpg,data/external/kaggle/glaucoma_fundus_imaging_bundle/ORIGA/Masks/633.png,ORIGA_633,train
glaucoma_fundus_imaging_bundle,ORIGA,634,data/external/kaggle/glaucoma_fundus_imaging_bundle/ORIGA/Images/634.jpg,data/external/kaggle/glaucoma_fundus_imaging_bundle/ORIGA/Masks/634.png,ORIGA_634,train
glaucoma_fundus_imaging_bundle,ORIGA,635,data/external/kaggle/glaucoma_fundus_imaging_bundle/ORIGA/Images/635.jpg,data/external/kaggle/glaucoma_fundus_imaging_bundle/ORIGA/Masks/635.png,ORIGA_635,train
glaucoma_fundus_imaging_bundle,ORIGA,636,data/external/kaggle/glaucoma_fundus_imaging_bundle/ORIGA/Images/636.jpg,data/external/kaggle/glaucoma_fundus_imaging_bundle/ORIGA/Masks/636.png,ORIGA_636,train
glaucoma_fundus_imaging_bundle,ORIGA,637,data/external/kaggle/glaucoma_fundus_imaging_bundle/ORIGA/Images/637.jpg,data/external/kaggle/glaucoma_fundus_imaging_bundle/ORIGA/Masks/637.png,ORIGA_637,train
glaucoma_fundus_imaging_bundle,ORIGA,638,data/external/kaggle/glaucoma_fundus_imaging_bundle/ORIGA/Images/638.jpg,data/external/kaggle/glaucoma_fundus_imaging_bundle/ORIGA/Masks/638.png,ORIGA_638,val
glaucoma_fundus_imaging_bundle,ORIGA,639,data/external/kaggle/glaucoma_fundus_imaging_bundle/ORIGA/Images/639.jpg,data/external/kaggle/glaucoma_fundus_imaging_bundle/ORIGA/Masks/639.png,ORIGA_639,test
glaucoma_fundus_imaging_bundle,ORIGA,640,data/external/kaggle/glaucoma_fundus_imaging_bundle/ORIGA/Images/640.jpg,data/external/kaggle/glaucoma_fundus_imaging_bundle/ORIGA/Masks/640.png,ORIGA_640,train
glaucoma_fundus_imaging_bundle,ORIGA,641,data/external/kaggle/glaucoma_fundus_imaging_bundle/ORIGA/Images/641.jpg,data/external/kaggle/glaucoma_fundus_imaging_bundle/ORIGA/Masks/641.png,ORIGA_641,train
glaucoma_fundus_imaging_bundle,ORIGA,642,data/external/kaggle/glaucoma_fundus_imaging_bundle/ORIGA/Images/642.jpg,data/external/kaggle/glaucoma_fundus_imaging_bundle/ORIGA/Masks/642.png,ORIGA_642,train
glaucoma_fundus_imaging_bundle,ORIGA,643,data/external/kaggle/glaucoma_fundus_imaging_bundle/ORIGA/Images/643.jpg,data/external/kaggle/glaucoma_fundus_imaging_bundle/ORIGA/Masks/643.png,ORIGA_643,train
glaucoma_fundus_imaging_bundle,ORIGA,644,data/external/kaggle/glaucoma_fundus_imaging_bundle/ORIGA/Images/644.jpg,data/external/kaggle/glaucoma_fundus_imaging_bundle/ORIGA/Masks/644.png,ORIGA_644,val
glaucoma_fundus_imaging_bundle,ORIGA,645,data/external/kaggle/glaucoma_fundus_imaging_bundle/ORIGA/Images/645.jpg,data/external/kaggle/glaucoma_fundus_imaging_bundle/ORIGA/Masks/645.png,ORIGA_645,train
glaucoma_fundus_imaging_bundle,ORIGA,646,data/external/kaggle/glaucoma_fundus_imaging_bundle/ORIGA/Images/646.jpg,data/external/kaggle/glaucoma_fundus_imaging_bundle/ORIGA/Masks/646.png,ORIGA_646,val
glaucoma_fundus_imaging_bundle,ORIGA,647,data/external/kaggle/glaucoma_fundus_imaging_bundle/ORIGA/Images/647.jpg,data/external/kaggle/glaucoma_fundus_imaging_bundle/ORIGA/Masks/647.png,ORIGA_647,test
glaucoma_fundus_imaging_bundle,ORIGA,648,data/external/kaggle/glaucoma_fundus_imaging_bundle/ORIGA/Images/648.jpg,data/external/kaggle/glaucoma_fundus_imaging_bundle/ORIGA/Masks/648.png,ORIGA_648,train
glaucoma_fundus_imaging_bundle,ORIGA,649,data/external/kaggle/glaucoma_fundus_imaging_bundle/ORIGA/Images/649.jpg,data/external/kaggle/glaucoma_fundus_imaging_bundle/ORIGA/Masks/649.png,ORIGA_649,train
glaucoma_fundus_imaging_bundle,ORIGA,650,data/external/kaggle/glaucoma_fundus_imaging_bundle/ORIGA/Images/650.jpg,data/external/kaggle/glaucoma_fundus_imaging_bundle/ORIGA/Masks/650.png,ORIGA_650,train
